3424A5DFA3A5EAA247DC216BCBBB1A45AA2B079154A6BBD40610F72D2A8771A7	C:\admirales\script_ver\script_ver\quarantine\under-review\17mov_CharacterSystem\bridge\esx\client.lua
FEF0240A3F601EBF0CDBF97BBC17FE16246C87DC46E62AF2B9136F177BA71BD5	C:\admirales\script_ver\script_ver\quarantine\under-review\17mov_CharacterSystem\bridge\esx\server.lua
97B6EFF9E56F6529882CB6179D0C5F413889B7D437BCA98FA1B94C3DD360FBD9	C:\admirales\script_ver\script_ver\quarantine\under-review\17mov_CharacterSystem\bridge\illenium.lua
1F22AABEC93E1D65A572C00DCE8EB80DD7533FC488D8A879C12CA3C93D4CF316	C:\admirales\script_ver\script_ver\quarantine\under-review\17mov_CharacterSystem\bridge\qb\client.lua
1F3FDA873C5B3972AF7554164C500F9D04CCC91C70FF58708C25B9FF9C6B3B47	C:\admirales\script_ver\script_ver\quarantine\under-review\17mov_CharacterSystem\bridge\qb\server.lua
BF277BD4F84F21FACBD5033D215FB9C44300FDBD75AAE7C925B9C204B22FD7E1	C:\admirales\script_ver\script_ver\quarantine\under-review\17mov_CharacterSystem\client\core.lua
F31B73FE13110385FDCD6EC1BC699529AF8595A404171776F3A41D482A815D2A	C:\admirales\script_ver\script_ver\quarantine\under-review\17mov_CharacterSystem\client\functions.lua
AA48A50F6764BD030A609CB8470BC6790615759B8EE6076DC4EDC6BE32B1A29D	C:\admirales\script_ver\script_ver\quarantine\under-review\17mov_CharacterSystem\client\loadingscreen.lua
8DBE3B1B21BA05C72C04E12B90891AE982D81A468C5ACF676785721DE512D582	C:\admirales\script_ver\script_ver\quarantine\under-review\17mov_CharacterSystem\client\location.lua
B1D93238199538B207D0E2D3439C9FE1F3DC442C12657AB50B6A0551D7322679	C:\admirales\script_ver\script_ver\quarantine\under-review\17mov_CharacterSystem\client\main.lua
D53B450435A95F32099AC3791B0804AC702D465F61D9C0EBC3EB2B8E3166ABF4	C:\admirales\script_ver\script_ver\quarantine\under-review\17mov_CharacterSystem\client\photos.lua
85E83AD78418153F05B1C123D450EE1DC094C60EF0D46EA3A51D1701ECAEEB4A	C:\admirales\script_ver\script_ver\quarantine\under-review\17mov_CharacterSystem\client\register.lua
18E0EEB1939C849BECC3703DAF1A45A0048E1D8BD361E5E92BF41B781847A9B5	C:\admirales\script_ver\script_ver\quarantine\under-review\17mov_CharacterSystem\client\selector.lua
2ED08F73BE8A298674FA306AECF515CFB7C6832222E7C08709890A47C3EB9B83	C:\admirales\script_ver\script_ver\quarantine\under-review\17mov_CharacterSystem\client\skin.lua
D67D86E7CBE3D790930306A12A8C9A2F11D1AFF76038D1910A537D8EEC4765B7	C:\admirales\script_ver\script_ver\quarantine\under-review\17mov_CharacterSystem\client\stores.lua
FAC28C303F49EF30B89BE65551F252774BB0C8038FB8364076BAFE51E0F1DF45	C:\admirales\script_ver\script_ver\quarantine\under-review\17mov_CharacterSystem\configs\Config.lua
421C93BD17D3605A68176D5F6825F4E38C5248C86DF2062447D88AA7417274D0	C:\admirales\script_ver\script_ver\quarantine\under-review\17mov_CharacterSystem\configs\Discord.lua
239A52AEB4AD0CBE89C04649DA11D313CC32120AB53A21DA9D27AAB11C587F98	C:\admirales\script_ver\script_ver\quarantine\under-review\17mov_CharacterSystem\configs\LoadingScreen.lua
A4CDE427058C775D2392DF158ED5E5D5708E3AA3F4AF6F43FDA4951AE6C32022	C:\admirales\script_ver\script_ver\quarantine\under-review\17mov_CharacterSystem\configs\Location.lua
F42EB0C16154E00DFC7342DD3484F9A07D782CBAA1A0111C05856C2070BFAB25	C:\admirales\script_ver\script_ver\quarantine\under-review\17mov_CharacterSystem\configs\Photos.lua
F18B9A88A3A40C039F9A2BEA2E97A78671B33A0EF489C8CA8A20995818E5E3FF	C:\admirales\script_ver\script_ver\quarantine\under-review\17mov_CharacterSystem\configs\Register.lua
A77BC8CF3363534F5449544BD4DBDECE21EEE3881493A6D70F6F349E4C08C8DA	C:\admirales\script_ver\script_ver\quarantine\under-review\17mov_CharacterSystem\configs\Selector.lua
0A30D653057AD921C1F623CEFB011F87390CA746C266B078D0753E2EF5E591B7	C:\admirales\script_ver\script_ver\quarantine\under-review\17mov_CharacterSystem\configs\Skin.lua
D77DA1B35CFEE7480F66827008BFC01C0DCE1D29217CB67566855CD690F43772	C:\admirales\script_ver\script_ver\quarantine\under-review\17mov_CharacterSystem\fxmanifest.lua
024BED2F319FB69BDB507E4CF5E0C83372340A82F801774C2DE99CFBF3DE6924	C:\admirales\script_ver\script_ver\quarantine\under-review\17mov_CharacterSystem\locale\en.lua
4051AF638EC7BCB5F8E036870AD4CAC96E36CA48447C9D39E351744A5731B9E9	C:\admirales\script_ver\script_ver\quarantine\under-review\17mov_CharacterSystem\locale\pl.lua
256BCE51558B8660D765E746A4B12725F8ECDB8C88FD99E8B590152A6406206E	C:\admirales\script_ver\script_ver\quarantine\under-review\17mov_CharacterSystem\readme.md
B970EF6E3A991AED9C9D5E90C9ECE2FC58FA4CED9E0DDB2CBE30AF7BF009C292	C:\admirales\script_ver\script_ver\quarantine\under-review\17mov_CharacterSystem\server\core.lua
FFCB7241B7C2802120BDB3B99330BB32EC8DBBCAB94C81C3EAA1AEAF87EAAD70	C:\admirales\script_ver\script_ver\quarantine\under-review\17mov_CharacterSystem\server\functions.lua
7F3C9B58C8535C6E14C7C0DCA94A890500F06DA479FBECBD3AD0EBCF5434802F	C:\admirales\script_ver\script_ver\quarantine\under-review\17mov_CharacterSystem\server\location.lua
B1D93238199538B207D0E2D3439C9FE1F3DC442C12657AB50B6A0551D7322679	C:\admirales\script_ver\script_ver\quarantine\under-review\17mov_CharacterSystem\server\main.lua
978C2090669570C35F9E4DF8EDFC15551DB97F79E1FAE6D3DADBA680D6131DB5	C:\admirales\script_ver\script_ver\quarantine\under-review\17mov_CharacterSystem\server\photos.lua
5F50838DB57E3D47E122A593DADC62733AA18B5172E1ECA316626B5069DE2CA2	C:\admirales\script_ver\script_ver\quarantine\under-review\17mov_CharacterSystem\server\register.lua
ECC2B2055ADE5514D22433D95F9A605A9E58CA6447CF008C015E3A0EBA066C24	C:\admirales\script_ver\script_ver\quarantine\under-review\17mov_CharacterSystem\server\selector.lua
A31EA8C3822166DAF44FA71B4A30AE0C9B1BA3E688BC8BC29B6E456FD9658033	C:\admirales\script_ver\script_ver\quarantine\under-review\17mov_CharacterSystem\server\skin.lua
5BE23403577529B33218C4FB1A77DB606EDE951A39BAAF836CB1A546C7E3E7C4	C:\admirales\script_ver\script_ver\quarantine\under-review\17mov_CharacterSystem\shared\core.lua
58D286E3BCA0D2BD24A58E6E9DCB9F2A6BC055E190678577CF317F9CA90074F3	C:\admirales\script_ver\script_ver\quarantine\under-review\17mov_CharacterSystem\shared\locale.lua
3A7E5259C4841C6A8C5558975113D0362FF942EC5B88842E8E584C72CB288171	C:\admirales\script_ver\script_ver\quarantine\under-review\17mov_CharacterSystem\shared\skingenerator.lua
8B724AB711A701F14A3B80952576805787C99EE3B6DDD11D0E08CCD611210093	C:\admirales\script_ver\script_ver\quarantine\under-review\17mov_CharacterSystem\shared\translator.lua
447373924D91BC87E88230896F7772BBC512213E1F4B473020D213C03EA25508	C:\admirales\script_ver\script_ver\quarantine\under-review\17mov_CharacterSystem\stream\_manifest_apartment_17mov.ymf
D4928929A82AE467D9951C911A529F59EE75E40B2D12AA10E744B104809E5688	C:\admirales\script_ver\script_ver\quarantine\under-review\17mov_CharacterSystem\stream\ybn\17mov_apartment_mlo.ybn
316F7EBD02745B756D5F18D03FB4E538047F82ED1E8FFD540654A9F1EDDF58A8	C:\admirales\script_ver\script_ver\quarantine\under-review\17mov_CharacterSystem\stream\ybn\17mov_dressing_room_mlo.ybn
86D9726C1B22E8411EBB9FE5E829F463B42A0F74BBD0E6E265B6A7A6A205C7BD	C:\admirales\script_ver\script_ver\quarantine\under-review\17mov_CharacterSystem\stream\ybn\hi@kt1_06_0.ybn
848A447D8E43B3CBA3569D5C3174B1E3A7213DFD3402B7C3027BF4244B0799BB	C:\admirales\script_ver\script_ver\quarantine\under-review\17mov_CharacterSystem\stream\ybn\kt1_06_0.ybn
D65CDBB96F1F5DD6C946EA64AFFC1922FE3D9070C7AB5545D86B1CE069E9A061	C:\admirales\script_ver\script_ver\quarantine\under-review\17mov_CharacterSystem\stream\ydr\17mov_apa_table.ydr
C8B6CC7F201D323E17DDE33168ED5C9FBD279A44E029ECE5D2D2A46263E97635	C:\admirales\script_ver\script_ver\quarantine\under-review\17mov_CharacterSystem\stream\ydr\17mov_apartment_ao.ydr
8AC97E3240D0D533DD88FA662C6BBBBDB0B3A527F86173DF6BAA223655CC3E70	C:\admirales\script_ver\script_ver\quarantine\under-review\17mov_CharacterSystem\stream\ydr\17mov_apartment_chair.ydr
507AAFFA0791623824C3450BC641D928E486D26F61B5E095848F1EC3251EAE96	C:\admirales\script_ver\script_ver\quarantine\under-review\17mov_CharacterSystem\stream\ydr\17mov_apartment_door_1.ydr
49CF917C77AB08F45E32364F8C4D15F1E17E3BD97F8120EDD941453D17306BC2	C:\admirales\script_ver\script_ver\quarantine\under-review\17mov_CharacterSystem\stream\ydr\17mov_apartment_door.ydr
AF68875D4F6F9794EE2729A3BAE6CE6400B4C8E417661BB47AD3344342369763	C:\admirales\script_ver\script_ver\quarantine\under-review\17mov_CharacterSystem\stream\ydr\17mov_apartment_kitchen_ao.ydr
80F4ADC8466CFD2B92927E08DD6677DB59159A6252EE6496FEF615C2468423DB	C:\admirales\script_ver\script_ver\quarantine\under-review\17mov_CharacterSystem\stream\ydr\17mov_apartment_kitchen.ydr
7C6C02A59D20B881C5B1CB30F6F6F0B1E9F2A5857CA485CB7B5E210E6DBD6D02	C:\admirales\script_ver\script_ver\quarantine\under-review\17mov_CharacterSystem\stream\ydr\17mov_apartment_shadowmap.ydr
D9B4DCE9A8C311AABD50776CBC4D03721899C9DD9D2F853411F0FC5FEAF914AF	C:\admirales\script_ver\script_ver\quarantine\under-review\17mov_CharacterSystem\stream\ydr\17mov_apartment_shell.ydr
41B9F1D9DD613811E881F603CFC05DA32BF3EE21FB4CC8A26026182802BCA308	C:\admirales\script_ver\script_ver\quarantine\under-review\17mov_CharacterSystem\stream\ydr\17mov_apartment_shower.ydr
0C6328C6855C8D802311F5AB5CBDC73166BFCF7E53FD5B3C2505C13C690F3293	C:\admirales\script_ver\script_ver\quarantine\under-review\17mov_CharacterSystem\stream\ydr\17mov_bath.ydr
9AE12E2D58A6E7A00EBEFD27BF456BE30553481AF735988446F36CC0A4BA07AE	C:\admirales\script_ver\script_ver\quarantine\under-review\17mov_CharacterSystem\stream\ydr\17mov_bathroom_radiator.ydr
B6B5A71C5CC1E155CA46088E80B0DCE35FEDAF96FBA72D9BE55D75AABE0C3B0A	C:\admirales\script_ver\script_ver\quarantine\under-review\17mov_CharacterSystem\stream\ydr\17mov_bathroom_shelf.ydr
8A4C603AA67A41382CDBB1586EFE1E849D366C20245772EE3BCD4514F5BF742B	C:\admirales\script_ver\script_ver\quarantine\under-review\17mov_CharacterSystem\stream\ydr\17mov_bathroom_sink.ydr
F484248C94F174ACE419DD32A20E65D9B9D66C710B24443629F2B808EF129D40	C:\admirales\script_ver\script_ver\quarantine\under-review\17mov_CharacterSystem\stream\ydr\17mov_bed_table.ydr
AD4229966F7536DC4BDA53F07B9294FFED4F73065050D0879080303B06E9C56C	C:\admirales\script_ver\script_ver\quarantine\under-review\17mov_CharacterSystem\stream\ydr\17mov_biker_barstool_04.ydr
F29B9470B7063C0FE9BEEE24D057216DEA72B7290629BCF95BE15B98226B1564	C:\admirales\script_ver\script_ver\quarantine\under-review\17mov_CharacterSystem\stream\ydr\17mov_cabinet_01b_ao.ydr
F107D6E5BBDA74A239DA65F043647391C94EFA293D1DAD64049802BED623B069	C:\admirales\script_ver\script_ver\quarantine\under-review\17mov_CharacterSystem\stream\ydr\17mov_cabinet_01b.ydr
0EC322D0D8F90F6E836952D07E6C433061B5D6091EACFB11FBB0576648859EA1	C:\admirales\script_ver\script_ver\quarantine\under-review\17mov_CharacterSystem\stream\ydr\17mov_chandelier_small.ydr
5C4BAAF3B533ABBB063D864CA122F56787ECF2CF7F379CD6B70AA3C81BA867D5	C:\admirales\script_ver\script_ver\quarantine\under-review\17mov_CharacterSystem\stream\ydr\17mov_chandelier.ydr
64ED8D9BBF8BDC3F93E8E8788D4B433F1D8A23CE43FB4B504D905255196D0E83	C:\admirales\script_ver\script_ver\quarantine\under-review\17mov_CharacterSystem\stream\ydr\17mov_clothes_greenscreen.ydr
8073EE75E64B9D9B0B3ABE4BDCE19323B08DFC551B4688232278DCF115B1D61B	C:\admirales\script_ver\script_ver\quarantine\under-review\17mov_CharacterSystem\stream\ydr\17mov_coffe_table.ydr
04DEC4B0013C2AB9E2E2E6ED76A7326F2F835E56E751FC2B180B8B697009AE6C	C:\admirales\script_ver\script_ver\quarantine\under-review\17mov_CharacterSystem\stream\ydr\17mov_corp_lidesk01.ydr
35E30B26D99385A04EBE3091C4623190B56064DFF4FD1879E0E47479E9D3AEBB	C:\admirales\script_ver\script_ver\quarantine\under-review\17mov_CharacterSystem\stream\ydr\17mov_curtain_1.ydr
647B0949A11E26811B7900C9F17C1899E3F5D0CE8B5A451613211CF3D13613BD	C:\admirales\script_ver\script_ver\quarantine\under-review\17mov_CharacterSystem\stream\ydr\17mov_curtain_2.ydr
29D8F07728A7CC23C1D314A5CC86BFE9DEC98BF01BD45CC78F971A5D9BCD1830	C:\admirales\script_ver\script_ver\quarantine\under-review\17mov_CharacterSystem\stream\ydr\17mov_curtain_3.ydr
34BF5C53070F58177349534AC528143F6F7B588038C5F7DF985F9AC8F9A2F51E	C:\admirales\script_ver\script_ver\quarantine\under-review\17mov_CharacterSystem\stream\ydr\17mov_curtain_4.ydr
BD97E88CACC970592684905E0AE42BABFA523E30536654DC96104087F6DB0574	C:\admirales\script_ver\script_ver\quarantine\under-review\17mov_CharacterSystem\stream\ydr\17mov_curtain_cover_1.ydr
F02EDFC2ECEDB2BBFDE91ABF5FAEBE4EC6EB58D2BB305CE0AB60B54AAE791017	C:\admirales\script_ver\script_ver\quarantine\under-review\17mov_CharacterSystem\stream\ydr\17mov_curtain_cover_2.ydr
C94B8C7402B84B085382BC767A8CF186B814CA37C3831CF2325E2816EFEACAE8	C:\admirales\script_ver\script_ver\quarantine\under-review\17mov_CharacterSystem\stream\ydr\17mov_curtain_cover_3.ydr
E97075012111AA6DC67789EAB82AD2960B4BFA1E33D43810C3DF6D793FD519DD	C:\admirales\script_ver\script_ver\quarantine\under-review\17mov_CharacterSystem\stream\ydr\17mov_curtain_cover_4.ydr
96659E3D4FD8FEEDE99B04646E7D75C5ABBED6DDE81DA4E35AE5CF19BD476BCD	C:\admirales\script_ver\script_ver\quarantine\under-review\17mov_CharacterSystem\stream\ydr\17mov_dressing_room_ao.ydr
9DA0C3F08FFB89D75CC00C669FF7EC7C51F8FE74D2CC17CF76EAAE113AC9D8B3	C:\admirales\script_ver\script_ver\quarantine\under-review\17mov_CharacterSystem\stream\ydr\17mov_dressing_room_shadowmap.ydr
011F229F3329A3EF413F30DB0368A01954005C91E7CADEE40B48D40DA50FCF3F	C:\admirales\script_ver\script_ver\quarantine\under-review\17mov_CharacterSystem\stream\ydr\17mov_dressing_room_shell.ydr
D1E44E55AA9394B316684A32481B4857012F65D055EBFEAA0AAD4A88FA739288	C:\admirales\script_ver\script_ver\quarantine\under-review\17mov_CharacterSystem\stream\ydr\17mov_dressing_room_wardrobe.ydr
378E2B2E439967A22C58C49069695D9036FDA7145C8CB6B1C49F0641E959FFE0	C:\admirales\script_ver\script_ver\quarantine\under-review\17mov_CharacterSystem\stream\ydr\17mov_gym_mat.ydr
8704ED0F25F7578EED33FACBAD9A696A37C33479A38591EBC39C27B8370358DD	C:\admirales\script_ver\script_ver\quarantine\under-review\17mov_CharacterSystem\stream\ydr\17mov_hanger.ydr
6E06ADCAA421A29F7B3C7DB93D0D3497E313E1D911DCDDEA47B4A4EE52AD4D9A	C:\admirales\script_ver\script_ver\quarantine\under-review\17mov_CharacterSystem\stream\ydr\17mov_mp_h_floorlamp_c.ydr
85129EB287129FBE15E5E583819216D393925D317D1F4EBAF71FB276EED1C9E4	C:\admirales\script_ver\script_ver\quarantine\under-review\17mov_CharacterSystem\stream\ydr\17mov_mplanttongue_small.ydr
72252976E9B3580D455BB8D61AB975AFD2A4A8B13D3000EFFA06F25EA3927CE8	C:\admirales\script_ver\script_ver\quarantine\under-review\17mov_CharacterSystem\stream\ydr\17mov_mplanttongue.ydr
CDCE44C6AC60AEB4E26CC6447159BBFA44D6E5965B6E0F7A219DF9C5A1FFE0E9	C:\admirales\script_ver\script_ver\quarantine\under-review\17mov_CharacterSystem\stream\ydr\17mov_muscle_bench_01.ydr
88FA4CFAB692208FED55F5A410F6ACE0C60E385ECE1399D7C2363A1D3E80D9D0	C:\admirales\script_ver\script_ver\quarantine\under-review\17mov_CharacterSystem\stream\ydr\17mov_muscle_bench_02.ydr
A9D5F16AAEF26561EAD0A030279F009882409CB7EE5046DBE55213A867B747AC	C:\admirales\script_ver\script_ver\quarantine\under-review\17mov_CharacterSystem\stream\ydr\17mov_muscle_bench_04.ydr
E5448D577964D2301C47D650B60B693BF2CEAAC3E72636663E2D45943429AAC6	C:\admirales\script_ver\script_ver\quarantine\under-review\17mov_CharacterSystem\stream\ydr\17mov_muscle_bench_05.ydr
1EA1E446820EA36907BABE8313B02866D8D13356C6148C074046629A73A34B62	C:\admirales\script_ver\script_ver\quarantine\under-review\17mov_CharacterSystem\stream\ydr\17mov_muscle_bench_06.ydr
9885307318BEF57C1745C2829F353CA57A5E7E806F7D3DD6B9660CA18AA074E4	C:\admirales\script_ver\script_ver\quarantine\under-review\17mov_CharacterSystem\stream\ydr\17mov_office_shelf.ydr
F40E2A829BC1AB4782B6B28D7EA17D80CCB2688F26CB42ACE880766D697595A2	C:\admirales\script_ver\script_ver\quarantine\under-review\17mov_CharacterSystem\stream\ydr\17mov_outlet_1.ydr
22D3BB417B5BFF9A8B9669D6B6320C2079BC2DD2ED5A6676CD31539A471E055B	C:\admirales\script_ver\script_ver\quarantine\under-review\17mov_CharacterSystem\stream\ydr\17mov_outlet_2.ydr
44B806C8BD9CDC8933CDC79317E17940F7A32B591BB2BC47DA5A928E8512CF4F	C:\admirales\script_ver\script_ver\quarantine\under-review\17mov_CharacterSystem\stream\ydr\17mov_oven.ydr
A732D90A8C2F08740F850B1E051F159B8F8F96CA142FB75111C6E3001681C5D9	C:\admirales\script_ver\script_ver\quarantine\under-review\17mov_CharacterSystem\stream\ydr\17mov_painting_1.ydr
C9A9A83B84EE1CAA90414A56788B34E01227BD6D0C8358242672F55BD3DD518F	C:\admirales\script_ver\script_ver\quarantine\under-review\17mov_CharacterSystem\stream\ydr\17mov_painting_2.ydr
78EF883326061A9EA2839A861926F3C07B95CE75F3A63A75F2CF7ACEF7DBF5D1	C:\admirales\script_ver\script_ver\quarantine\under-review\17mov_CharacterSystem\stream\ydr\17mov_painting_3.ydr
636B315F1FEBC20ABFE43B6C79918FF49762BDB1947160E3B7103E4C8858C3DA	C:\admirales\script_ver\script_ver\quarantine\under-review\17mov_CharacterSystem\stream\ydr\17mov_painting_4.ydr
30DE3A6826C8028D5D28D33CED30F1D04A64DD0E6404F6D1E5A28F6ABDC58841	C:\admirales\script_ver\script_ver\quarantine\under-review\17mov_CharacterSystem\stream\ydr\17mov_roof_lamp.ydr
C7113357655E225791C7337083487770AEC8EFE1B30210723D657A73EF7DACCE	C:\admirales\script_ver\script_ver\quarantine\under-review\17mov_CharacterSystem\stream\ydr\17mov_roof_lamps.ydr
C712B77A7A110323109749846ED745F352A7D8479FF97E22E3FE7B023E9FA322	C:\admirales\script_ver\script_ver\quarantine\under-review\17mov_CharacterSystem\stream\ydr\17mov_rug.ydr
E8BDC5363EE870B32C94677A74285DE97C2B59827D4955DE5F39351CDFC7FA18	C:\admirales\script_ver\script_ver\quarantine\under-review\17mov_CharacterSystem\stream\ydr\17mov_shelfs.ydr
D2269A04FBE93428C4EDE1D833EE5F692624966FF5C309E4D8EF30D2DB2F8A89	C:\admirales\script_ver\script_ver\quarantine\under-review\17mov_CharacterSystem\stream\ydr\17mov_switch.ydr
522A57C95ACD59AFDB93421C181738457D0E992A6A81DE654E6419989392E65F	C:\admirales\script_ver\script_ver\quarantine\under-review\17mov_CharacterSystem\stream\ydr\17mov_toilet.ydr
1DEC5834C335FF4714A176E29E46EFD04ED4B6FD2B9D0779EAD7B8A6984781A2	C:\admirales\script_ver\script_ver\quarantine\under-review\17mov_CharacterSystem\stream\ydr\17mov_trash_bin.ydr
8468CCDA4F98B3C91C173D9D797DDE600FC63033CAA8792F834D139C5CECED79	C:\admirales\script_ver\script_ver\quarantine\under-review\17mov_CharacterSystem\stream\ydr\17mov_tre_talllamp.ydr
9605FFDD6D55085A18F90E8317B7E387FFA2A9E5DA693994D99759CCB160F0D6	C:\admirales\script_ver\script_ver\quarantine\under-review\17mov_CharacterSystem\stream\ydr\17mov_wait_bench_01.ydr
F35B401C03BDA716B3774029AD5BB20895BE5E916CCCCA0EE7710966D7AC0908	C:\admirales\script_ver\script_ver\quarantine\under-review\17mov_CharacterSystem\stream\ydr\17mov_wall_lamp_2.ydr
406862E915294121DDA524C30F6EC2FFC4DB9B072327FD56CB9ADAB151BD066B	C:\admirales\script_ver\script_ver\quarantine\under-review\17mov_CharacterSystem\stream\ydr\17mov_wall_lamp.ydr
22A25CE83F63A3DB134985453919DEB746AB62D0F34993ED706F9D65A07BA769	C:\admirales\script_ver\script_ver\quarantine\under-review\17mov_CharacterSystem\stream\ydr\17mov_wardrobe_1.ydr
BA13234E41D0C6DC7740CE456061E8494A0F950501D9EBBF763C8C9A392EB76A	C:\admirales\script_ver\script_ver\quarantine\under-review\17mov_CharacterSystem\stream\ydr\17mov_wardrobe_2_ao.ydr
9553E49109EB7969F7E7D76C8D70430E09D460909BBB7DC39382AE777C79F3AD	C:\admirales\script_ver\script_ver\quarantine\under-review\17mov_CharacterSystem\stream\ydr\17mov_wardrobe_2.ydr
ADDAF534D6477FAA5DEACD1106F5268242847AD7B59CACC216AAB10FF0ED1598	C:\admirales\script_ver\script_ver\quarantine\under-review\17mov_CharacterSystem\stream\ydr\17mov_wardrobe_3_ao.ydr
EC67DC758BDD17E4641683623886398BA1CC0D4A8F03323ECBC1A8DACC65B885	C:\admirales\script_ver\script_ver\quarantine\under-review\17mov_CharacterSystem\stream\ydr\17mov_wardrobe_3.ydr
9CE5205FF6127048392EF2A45FC2B7625997E6890DB8C29625FCB0BA3FDE1028	C:\admirales\script_ver\script_ver\quarantine\under-review\17mov_CharacterSystem\stream\ydr\17mov_weight_rack_01.ydr
E3986E1FCB1B1DA673AC9AFFEA6B2AE00CD05E92BE90776FF08B15736567AD99	C:\admirales\script_ver\script_ver\quarantine\under-review\17mov_CharacterSystem\stream\ydr\17mov_weight_rack_02.ydr
4DA07E2B1D959518AE4F2C90CA75F7A46DD0CEFD441F9EC79312EC6926C34A2C	C:\admirales\script_ver\script_ver\quarantine\under-review\17mov_CharacterSystem\stream\ydr\17mov_yacht_table_lamp.ydr
9FDD0DF3770A71CAE3EBE412EB2A4E1C84ABC4CF8D3EC6CEBCA951D5E9D11CE1	C:\admirales\script_ver\script_ver\quarantine\under-review\17mov_CharacterSystem\stream\ydr\kt1_06_plazabld.ydr
0F02BFB5AAA85777E5855B96CCE3ED0BD1E375045B5438DC10C391265E43F562	C:\admirales\script_ver\script_ver\quarantine\under-review\17mov_CharacterSystem\stream\ymap\17mov_apartment_mlo_location.ymap
CFCA47DBB9B848B80C5F0BBF68AEA2C1AE16355A1A820899D296F9B883B3CFF7	C:\admirales\script_ver\script_ver\quarantine\under-review\17mov_CharacterSystem\stream\ymap\17mov_dressing_room_mlo_location.ymap
0791A7E26639BA503B52F66E0BB177092292BE9FEE65E6E1654F3D31463E1E4D	C:\admirales\script_ver\script_ver\quarantine\under-review\17mov_CharacterSystem\stream\ymap\hei_kt1_occl_02.ymap
25FA9524651863E4E3060AC37C07AC33B3B9B84C8F5C6E8B3615146268D4BAB0	C:\admirales\script_ver\script_ver\quarantine\under-review\17mov_CharacterSystem\stream\ytd\17mov_apartment_2_txd.ytd
946AA581D5841AF2FEF2EF3F009113EDE0140FB545331104E0786C964F94ADB0	C:\admirales\script_ver\script_ver\quarantine\under-review\17mov_CharacterSystem\stream\ytd\17mov_apartment_3_txd.ytd
DC2BBB1A6C196B48E84F7E129CB7BF97558986942A3AD8D3D0C56FB98A6B1844	C:\admirales\script_ver\script_ver\quarantine\under-review\17mov_CharacterSystem\stream\ytd\17mov_apartment_txd.ytd
B6E8C79569383F5455C536DEDC2216FCAC37DA066041AAB64308BF01D04B7DE4	C:\admirales\script_ver\script_ver\quarantine\under-review\17mov_CharacterSystem\stream\ytyp\17mov_apartment_items.ytyp
BD5E11BDF3A9CF2A2EA2033C6307C48F33AE3191D56E81CAF61FF44B1CE0C8C3	C:\admirales\script_ver\script_ver\quarantine\under-review\17mov_CharacterSystem\stream\ytyp\17mov_apartment_ytyp.ytyp
20CE060FD555642C4847C51D0744D28FFFF15CF09ABB7B1E7FC913FD2539103E	C:\admirales\script_ver\script_ver\quarantine\under-review\17mov_CharacterSystem\stream\ytyp\17mov_clothes_greenscreen.ytyp
1A0DD9EAD87DFDEC485B51623BAB76340E39CEA4C62557208E3B45DAB4113170	C:\admirales\script_ver\script_ver\quarantine\under-review\17mov_CharacterSystem\stream\ytyp\17mov_dressing_room_ytyp.ytyp
44F13D4E105FED297E8267CADB369F6C6F90D19369FF5166FAC2137B5DB866A2	C:\admirales\script_ver\script_ver\quarantine\under-review\17mov_CharacterSystem\web\assets\AgencyFB-Bold-BzjPAdkr.ttf
99314EC86A9B560B710400C060C98E02AD91AA5CC502B5352F4C0DB24F969D1B	C:\admirales\script_ver\script_ver\quarantine\under-review\17mov_CharacterSystem\web\assets\Akrobat-Black-vauZtut9.ttf
4433539F13F44DDB02725C06C20124859780DBE36B6B65F678D6AB82B80611F4	C:\admirales\script_ver\script_ver\quarantine\under-review\17mov_CharacterSystem\web\assets\Akrobat-Bold-yH3JJFuY.ttf
8CEB624E00622E6DCBABEF208603C09F9FAE3EFBDF601298FA03A2AABCE03B3A	C:\admirales\script_ver\script_ver\quarantine\under-review\17mov_CharacterSystem\web\assets\Akrobat-ExtraLight-CsMRAUrH.ttf
E520ACE81E55520F3467BEE9EC96F8B9C7AE842F04CACE9F738A798E576DF446	C:\admirales\script_ver\script_ver\quarantine\under-review\17mov_CharacterSystem\web\assets\Akrobat-Light-D4Xkb5zu.ttf
9E35E6CD05F46F33D0C795FB6F272A290BA80FB0CEE749FE278E0845B45EF2C3	C:\admirales\script_ver\script_ver\quarantine\under-review\17mov_CharacterSystem\web\assets\Akrobat-Regular-By2pXUBQ.ttf
3061B78A6A5F84208789538DA8C5F2A7DB7997EDF9FE79D2DB65422951974C88	C:\admirales\script_ver\script_ver\quarantine\under-review\17mov_CharacterSystem\web\assets\Akrobat-SemiBold-lEf_vMEA.ttf
1B1526134775A7D2B3FF38B900AA576E970D8CC5C3CBB79A036F3B7C36F898A9	C:\admirales\script_ver\script_ver\quarantine\under-review\17mov_CharacterSystem\web\assets\Akrobat-Thin-DRvBZ_jB.ttf
35EEF91F82BF481C2A179572A98F7954A91D16B192E7870EFA841C0044E7B2AA	C:\admirales\script_ver\script_ver\quarantine\under-review\17mov_CharacterSystem\web\assets\background1-Cy8WezO-.png
B1FF9AB3265091A4345ADB3CCD06051E20F638545828C5DEB2C512ACFEE5E02F	C:\admirales\script_ver\script_ver\quarantine\under-review\17mov_CharacterSystem\web\assets\background2-BSYZCEFA.jpg
1C839CB27A3C928BAB3C6670417766B35768E74E78B128A165E3FE0F71DC2A26	C:\admirales\script_ver\script_ver\quarantine\under-review\17mov_CharacterSystem\web\assets\Gilroy-Black-CUfVRAQt.ttf
71ADAE15F0EB1E930A87B47843F0DDFBF179A7EB3624AEA7FD01F63A587ADEB7	C:\admirales\script_ver\script_ver\quarantine\under-review\17mov_CharacterSystem\web\assets\Gilroy-BlackItalic-cjNLRx1R.ttf
7083C93170C7B949D1DD453F0C8692385215943D076A5DC6C49E5DB1D73F28B9	C:\admirales\script_ver\script_ver\quarantine\under-review\17mov_CharacterSystem\web\assets\Gilroy-Bold-yXpx-Icw.ttf
B807D1F9DB9CA6C69D3C25329CB6B7563F565E304EDAFD2A679DD9235B96E640	C:\admirales\script_ver\script_ver\quarantine\under-review\17mov_CharacterSystem\web\assets\Gilroy-BoldItalic-Coca13HG.ttf
61FC7ED265000892C743CB4FC7B1E154ECE3698476145F93E6C2BE125BA692A3	C:\admirales\script_ver\script_ver\quarantine\under-review\17mov_CharacterSystem\web\assets\Gilroy-ExtraBold-C3mOj7sV.ttf
AFD7DF2854102F5F2E2627A536F7887DBD2BF575A790B111CB92A2807C64103C	C:\admirales\script_ver\script_ver\quarantine\under-review\17mov_CharacterSystem\web\assets\Gilroy-ExtraBoldItalic-BlFqS295.ttf
A8862202D8BD95B61E3945093F2D68017D8D5344C6700E22F7604AC0B7275D7F	C:\admirales\script_ver\script_ver\quarantine\under-review\17mov_CharacterSystem\web\assets\Gilroy-Light-DVwvzZ-0.ttf
5DF44766125F601C1FBC983DB7DC4A2717797524F477F6CC0807ADB864ED5506	C:\admirales\script_ver\script_ver\quarantine\under-review\17mov_CharacterSystem\web\assets\Gilroy-LightItalic-DtyHPyQI.ttf
7B3C84352C6A0D8A3479B528B8D8336DDB1CEF0DA8B81DEA0E41A930D56523FE	C:\admirales\script_ver\script_ver\quarantine\under-review\17mov_CharacterSystem\web\assets\Gilroy-Medium-D7PbV1sv.ttf
752F3C459B2595AF90AC07FB1E67C1B9CA65EF106BB52EA823B2B96C9C0B89A3	C:\admirales\script_ver\script_ver\quarantine\under-review\17mov_CharacterSystem\web\assets\Gilroy-MediumItalic-Dn3kP8D5.ttf
29D02F71307E5F9B4C1A0117D2716E810E411C3083DAA7322D2CAAF0536A0E87	C:\admirales\script_ver\script_ver\quarantine\under-review\17mov_CharacterSystem\web\assets\Gilroy-Regular-D-tpQJef.ttf
5DF0F09EDAB6675F3A822F6DC0C6663FEFB4035854D65D3C3D1033D035786912	C:\admirales\script_ver\script_ver\quarantine\under-review\17mov_CharacterSystem\web\assets\Gilroy-RegularItalic-hORoWKIa.ttf
8B4F5562DE072AA2884798B9FDB2329AD4122D972A1BF2F58FE645B9623B0590	C:\admirales\script_ver\script_ver\quarantine\under-review\17mov_CharacterSystem\web\assets\Gilroy-SemiBold-Rj2UL15y.ttf
20BF570FDDEB0C7E4AC73BAA54C65B8B6D9B6212CFD9B1319F7918C215C7084A	C:\admirales\script_ver\script_ver\quarantine\under-review\17mov_CharacterSystem\web\assets\Gilroy-SemiBoldItalic-CFg7est1.ttf
092DB2B7EA1722280A44754518C3AC6E651697A5EEC902C05A48E21AC1241721	C:\admirales\script_ver\script_ver\quarantine\under-review\17mov_CharacterSystem\web\assets\Gilroy-Thin-DG3iQGn8.ttf
3E976705B1323432963CF29995A80898F4A0649254D1F11AEF3F82AAB90C7288	C:\admirales\script_ver\script_ver\quarantine\under-review\17mov_CharacterSystem\web\assets\Gilroy-ThinItalic-gF9dk6JJ.ttf
942562D4D8B06C25B2C6E49E142D59B8D7BBD7798D811F55699CB9BFF9F22878	C:\admirales\script_ver\script_ver\quarantine\under-review\17mov_CharacterSystem\web\assets\Gilroy-UltraLight-CIPbampK.ttf
7F7CB85DE93521879E0FDAEB728B476A1AF9320DC3BEB898B6896FCB95D9D9C5	C:\admirales\script_ver\script_ver\quarantine\under-review\17mov_CharacterSystem\web\assets\Gilroy-UltraLightItalic-C7djAx-E.ttf
385B16213050D0084ED2C8F7BC8E51C52EF702E5B80AB9D51901840DF22118A3	C:\admirales\script_ver\script_ver\quarantine\under-review\17mov_CharacterSystem\web\assets\index-DmYTjsZA.css
32362D40248D8FF443C7968C78B38F6F85F70412E017BC131F375B43CFD08BA0	C:\admirales\script_ver\script_ver\quarantine\under-review\17mov_CharacterSystem\web\assets\index-DnAepNzs.js
30A90C322E58BC5F2ABCCBD10C17E018E664BA832717136C7796662DBC8B5887	C:\admirales\script_ver\script_ver\quarantine\under-review\17mov_CharacterSystem\web\assets\map-P8V5abhJ.png
BDE4F90ACF5A418D2A4FAA34F9B2310E893F62719BD181777B79DAA5D97736F2	C:\admirales\script_ver\script_ver\quarantine\under-review\17mov_CharacterSystem\web\assets\Morganite-Black-YaGpgsEO.woff
49AE4F5AF23CFAACF2B76003D13826CFCE215261C0B9578DD464C5B2B7DF379A	C:\admirales\script_ver\script_ver\quarantine\under-review\17mov_CharacterSystem\web\assets\Morganite-BlackItalic-DCkg71mh.woff
5DE574FEEF63FD0900F3FB7ECB1F2ED18236F429FD0CC9D565B76F8287A92CF9	C:\admirales\script_ver\script_ver\quarantine\under-review\17mov_CharacterSystem\web\assets\Morganite-Bold-BLtegPUl.woff
2C2CF40830D50973C59FD90102C4B8A410EF4A4859FD0AECAF0DBF6671E81CCA	C:\admirales\script_ver\script_ver\quarantine\under-review\17mov_CharacterSystem\web\assets\Morganite-BoldItalic-K-NUd_Rr.woff
93C8BC85830FE908083924D0BBCBF8F7DD497468E3E9CC5E131B2D49CE1CA807	C:\admirales\script_ver\script_ver\quarantine\under-review\17mov_CharacterSystem\web\assets\Morganite-ExtraBold-CSio34JE.woff
DE60D885C018FB0C8F0392B996A9F99DC376575C904210A8E3449B80C00AE679	C:\admirales\script_ver\script_ver\quarantine\under-review\17mov_CharacterSystem\web\assets\Morganite-ExtraBoldItalic-DTjtTka5.woff
47AFC85D6BBAA3598B60F06E64507B01976B62DA82C50C75771803C7BF3E50D2	C:\admirales\script_ver\script_ver\quarantine\under-review\17mov_CharacterSystem\web\assets\Morganite-ExtraLight-Db7Mi1T_.woff
1D90154C4404B0A5CE13DE0ECE67E14253630DCBCF3EC0E3549536F7DBC7855A	C:\admirales\script_ver\script_ver\quarantine\under-review\17mov_CharacterSystem\web\assets\Morganite-ExtraLightItalic-DrynbDQd.woff
8B20C18D6F71A9AC86CE562FF900FED50E5E11CBF1F4EDECE408F2A2508CA1C6	C:\admirales\script_ver\script_ver\quarantine\under-review\17mov_CharacterSystem\web\assets\Morganite-Light-C01nSzro.woff
59F91825F95C38B42C2B27991F61316EB7ADEEF5608C45ED88B60E2A65B94C7C	C:\admirales\script_ver\script_ver\quarantine\under-review\17mov_CharacterSystem\web\assets\Morganite-LightItalic-ChmJWhnj.woff
50065210E7FA39528340B06E5CF7772A48D940B2A5177FFA16680032A6C149E4	C:\admirales\script_ver\script_ver\quarantine\under-review\17mov_CharacterSystem\web\assets\Morganite-Medium-D5BTPMap.woff
5FC23FCEAE739F22990D5190F2519AA7FA7BA5B8286E06E56F11405F5B4BF7FB	C:\admirales\script_ver\script_ver\quarantine\under-review\17mov_CharacterSystem\web\assets\Morganite-MediumItalic-_75JgR3-.woff
DBB6E8A061E313E70CC137A740095C8650F3CE112755CCAEAB9D6964492E0C78	C:\admirales\script_ver\script_ver\quarantine\under-review\17mov_CharacterSystem\web\assets\Morganite-SemiBold-FEayMBfw.woff
0961B1D1E3ACD6771C32DB355BB9EF7E4F617C40D80D1F2837D92FB792B23EAA	C:\admirales\script_ver\script_ver\quarantine\under-review\17mov_CharacterSystem\web\assets\Morganite-SemiBoldItalic-BP4fLRIF.woff
55DFF8E8B6BDAA2C914ABBC4CF6EC3EADF3DE339E6CF421F3D2B269D333C87A2	C:\admirales\script_ver\script_ver\quarantine\under-review\17mov_CharacterSystem\web\assets\Morganite-Thin-Dn6K-91b.woff
395B3435E44086014BE44F5EA6AD6DB595CC36AEB0F160ACBB8BB1B301CF5B7B	C:\admirales\script_ver\script_ver\quarantine\under-review\17mov_CharacterSystem\web\assets\Morganite-ThinItalic-CgqR-PcC.woff
F828A73688C25DE5B38FCDE1A7F6FEDD04A0D75E9F5D1E55F670EAA788734540	C:\admirales\script_ver\script_ver\quarantine\under-review\17mov_CharacterSystem\web\colors.css
8A1B8176BE270928B083503BFA3F4A1837393429D91A9707D5E9AC9461F9647E	C:\admirales\script_ver\script_ver\quarantine\under-review\17mov_CharacterSystem\web\images\AccessoriesIcon.svg
96620DEB80529231224259784077ECFE9E435CCFD898AF47D773BBE480D918D1	C:\admirales\script_ver\script_ver\quarantine\under-review\17mov_CharacterSystem\web\images\BodyIcon.svg
A89E3F3033C8FD21B42D48E0D38237D299626871DDC529AB1D132AE0A3D4D198	C:\admirales\script_ver\script_ver\quarantine\under-review\17mov_CharacterSystem\web\images\ClothesIcon.svg
F07CD1E8F83D2468CC22EAA8A9AA4814DB3A9B6622512B5FDFEC9F650D4392AF	C:\admirales\script_ver\script_ver\quarantine\under-review\17mov_CharacterSystem\web\images\DnaIcon.svg
1F87C5250C463B096CBA8CF6032213BFB6FCE5CEE4BDEB34DE11E4918AD76FF9	C:\admirales\script_ver\script_ver\quarantine\under-review\17mov_CharacterSystem\web\index.html
91B979497975F21559AB9BBF117C2E8854F4B3B54AF5B3108C6DDACEC5D5A5AF	C:\admirales\script_ver\script_ver\quarantine\under-review\17mov_CharacterSystem\web\loadingscreen\config.json
5E4B0298807C1734520A81F091EF65B8A0DE202FBE49C9AEA0648A24D681D3EA	C:\admirales\script_ver\script_ver\quarantine\under-review\17mov_CharacterSystem\web\loadingscreen\images\background1.webp
FA5537BA189D18666C40ACBC6ABECC76BBE3D44F0B794D327FD6A42F1776C325	C:\admirales\script_ver\script_ver\quarantine\under-review\17mov_CharacterSystem\web\loadingscreen\images\background2.webp
A3C94CF606509082679070039D710D67647D75EB9241FB2CEE83FC860F856898	C:\admirales\script_ver\script_ver\quarantine\under-review\17mov_CharacterSystem\web\loadingscreen\images\background3.webp
35393643B466C6456CF3BAAB30FDB81616DC36A959F57916878052A9E400A875	C:\admirales\script_ver\script_ver\quarantine\under-review\17mov_CharacterSystem\web\loadingscreen\images\background4.webp
267711F3609F83FA571487C28FCAF10ECE61F34E9A1016F68614D2C5B93F92B9	C:\admirales\script_ver\script_ver\quarantine\under-review\17mov_CharacterSystem\web\loadingscreen\images\background5.webp
1A5D3024B05257A4F1034888A56BBDB3BA627D59979A14835FEF2D0A5EFC0D37	C:\admirales\script_ver\script_ver\quarantine\under-review\17mov_CharacterSystem\web\loadingscreen\images\logo.webp
D9D279DCBFA2A5DC0D09E67C5D3A3E4AC2AE2D0EB7F5246100A7C13B727685DA	C:\admirales\script_ver\script_ver\quarantine\under-review\17mov_CharacterSystem\web\loadingscreen\loading.mp4
35969E331C8A7C98F4B1DF299753AFE1020A0A7EB00BD6FDA9462E94047D7C00	C:\admirales\script_ver\script_ver\quarantine\under-review\17mov_CharacterSystem\web\loadingscreen\songs\fun_fun_fun.jpg
3EDB6AEFF743C31F6DD3988B476A6AAC0EEFE3C0154C5C4F53473AEA98429292	C:\admirales\script_ver\script_ver\quarantine\under-review\17mov_CharacterSystem\web\loadingscreen\songs\fun_fun_fun.mp3
256D225F680231FF4DF604C7305BFD8DB4D31366777890385012EA71AE66B66D	C:\admirales\script_ver\script_ver\quarantine\under-review\17mov_CharacterSystem\web\loadingscreen\songs\hot_for_a_min.jpg
54CC4DD1CA7AD7E66376333BC9EED1AFEF5CC9BC455B2855EDBA8E5A706D366D	C:\admirales\script_ver\script_ver\quarantine\under-review\17mov_CharacterSystem\web\loadingscreen\songs\hot_for_a_min.mp3
4C1FBEF398B355F4D45D4235EAF8F053015E78438693006497159E8632C29B02	C:\admirales\script_ver\script_ver\quarantine\under-review\17mov_CharacterSystem\web\loadingscreen\songs\look_at_that.jpg
6FABDAE714352CB9A1CF71B1EFFC32336DE56C53AE1D0246566C8A55A225D194	C:\admirales\script_ver\script_ver\quarantine\under-review\17mov_CharacterSystem\web\loadingscreen\songs\look_at_that.mp3
80DF0171FBE4639E70EA60E7202FE38C3E54FCBA45FA742D7AD92BAABE7A70D2	C:\admirales\script_ver\script_ver\quarantine\under-review\17mov_CharacterSystem\web\loadingscreen\songs\OMG.jpg
0533A36E9BFD33569E35EF8821DEDC6D7CC44D02355ABC0A2EC1F034CEA83833	C:\admirales\script_ver\script_ver\quarantine\under-review\17mov_CharacterSystem\web\loadingscreen\songs\OMG.mp3
8A7EA906A40B56E496979BA30983DC6D260E40871F4BE75F9DCC69C97595E61A	C:\admirales\script_ver\script_ver\quarantine\under-review\17mov_CharacterSystem\web\loadingscreen\songs\Pilot.jpg
B89829EAB7126BFFA8B303ECE405A831783C60CE61289D24C23AC95D91F74847	C:\admirales\script_ver\script_ver\quarantine\under-review\17mov_CharacterSystem\web\loadingscreen\songs\Pilot.mp3
6C269B06F3B008866D68A6DAF67D2E03413111FC13094FE4245C8B6E1B330850	C:\admirales\script_ver\script_ver\quarantine\under-review\17mov_CharacterSystem\web\photos\mp_f_freemode_01-arms-0.webp
6F0A1094771294A4E218A37FB1810A20A1C6B250C9F9BA6EB5F725C046C2C0C7	C:\admirales\script_ver\script_ver\quarantine\under-review\17mov_CharacterSystem\web\photos\mp_f_freemode_01-arms-1.webp
025B3C1466710CBB1E245A012FE702B52ACCC784F84866E589899BFEE9615719	C:\admirales\script_ver\script_ver\quarantine\under-review\17mov_CharacterSystem\web\photos\mp_f_freemode_01-arms-10.webp
0481B78786214AB9FA0B7C35448C9B9C2CEE061AA3E0E9520A989A159A0B8F5E	C:\admirales\script_ver\script_ver\quarantine\under-review\17mov_CharacterSystem\web\photos\mp_f_freemode_01-arms-100.webp
B06C729D73DB457E0044E67BDDDC09386F73AD19667606FBAB171D222F747C67	C:\admirales\script_ver\script_ver\quarantine\under-review\17mov_CharacterSystem\web\photos\mp_f_freemode_01-arms-101.webp
44A4E8D7EAFA503235D9383BA504B4F2B2E4A42F637A664327F1BDE402B133C3	C:\admirales\script_ver\script_ver\quarantine\under-review\17mov_CharacterSystem\web\photos\mp_f_freemode_01-arms-102.webp
B1D5743944926F59CCC1BD60D36BBB4594CA6FEB6D69F2F4D9E3A5AED9E117E0	C:\admirales\script_ver\script_ver\quarantine\under-review\17mov_CharacterSystem\web\photos\mp_f_freemode_01-arms-103.webp
8A997A26E5D8C78077FB3862F8B791E88E9BBCDEA3CAC522C7D8F7520A7C3164	C:\admirales\script_ver\script_ver\quarantine\under-review\17mov_CharacterSystem\web\photos\mp_f_freemode_01-arms-104.webp
8A4888EE3A359F8E8391D6D10F97B0A9F6A966ECA281B88C9940670624BB6FAE	C:\admirales\script_ver\script_ver\quarantine\under-review\17mov_CharacterSystem\web\photos\mp_f_freemode_01-arms-105.webp
71D72A3386A56623B9846D30778ED3B84F6CF60DFA5C47CF89D9E7AC9F94D5A4	C:\admirales\script_ver\script_ver\quarantine\under-review\17mov_CharacterSystem\web\photos\mp_f_freemode_01-arms-106.webp
4DE5E1C6A184D1B8F00BAD748EA1316465465B1CA9264CBDA36072A1E9329ACD	C:\admirales\script_ver\script_ver\quarantine\under-review\17mov_CharacterSystem\web\photos\mp_f_freemode_01-arms-107.webp
BC8A7C5E5D20832108BB906E511EB0060D8530306EE4DF1C1AC7434D51D1108D	C:\admirales\script_ver\script_ver\quarantine\under-review\17mov_CharacterSystem\web\photos\mp_f_freemode_01-arms-108.webp
AB9841590C8C12173B5A75C2D07E5D78E07D88CC1537AD9DC994A11D51B299D8	C:\admirales\script_ver\script_ver\quarantine\under-review\17mov_CharacterSystem\web\photos\mp_f_freemode_01-arms-109.webp
7F9DC977573C82BB88A8026939436A324CE73906139C09A2342C3FE5DCB27E35	C:\admirales\script_ver\script_ver\quarantine\under-review\17mov_CharacterSystem\web\photos\mp_f_freemode_01-arms-11.webp
2FF4E5C9048C5D8A1075F15866A78E93D3E56335C8369237DCECF92E1F0E5FE4	C:\admirales\script_ver\script_ver\quarantine\under-review\17mov_CharacterSystem\web\photos\mp_f_freemode_01-arms-110.webp
AD5DA432A2E5F8450CD528DDF7F5D5A9048FE335B2831C4458808965E8BF4A87	C:\admirales\script_ver\script_ver\quarantine\under-review\17mov_CharacterSystem\web\photos\mp_f_freemode_01-arms-111.webp
3AD1BF0CD468D2BB3695E193647D3D96979ABAB75AD2F7A92F4B56C0378DE367	C:\admirales\script_ver\script_ver\quarantine\under-review\17mov_CharacterSystem\web\photos\mp_f_freemode_01-arms-112.webp
024BC333C59646982F32F4FBEA9F45E11ECEBEEBEB64D298EE92EAEED79B2A36	C:\admirales\script_ver\script_ver\quarantine\under-review\17mov_CharacterSystem\web\photos\mp_f_freemode_01-arms-113.webp
5D85E24B15192E7625EADD37B202BFF34766BF4CB194333BBA38B6A098AB3C3E	C:\admirales\script_ver\script_ver\quarantine\under-review\17mov_CharacterSystem\web\photos\mp_f_freemode_01-arms-114.webp
5555481AF23DDCA927A9E625318CF6A3AF0C2FB2DF765D63E9BE5F34EC4CFDEF	C:\admirales\script_ver\script_ver\quarantine\under-review\17mov_CharacterSystem\web\photos\mp_f_freemode_01-arms-115.webp
1F3477E32EC1193037994BF4CE83DEDFC44CFBCF513588E912D8BB02A3E00FBB	C:\admirales\script_ver\script_ver\quarantine\under-review\17mov_CharacterSystem\web\photos\mp_f_freemode_01-arms-116.webp
A8D46E6393DEF003D8F59CC13CEB8B059041B88F11DBC1F6A3F1E5A312DC468D	C:\admirales\script_ver\script_ver\quarantine\under-review\17mov_CharacterSystem\web\photos\mp_f_freemode_01-arms-117.webp
F4C5F5182CAACEB49D006396C96C6E8024AA34A543FDEA5348E01B11CDAC3553	C:\admirales\script_ver\script_ver\quarantine\under-review\17mov_CharacterSystem\web\photos\mp_f_freemode_01-arms-118.webp
273727896F63A5A952C595D97EF79A7165E0D75C8E7B36E82A4A6E708F87C3BB	C:\admirales\script_ver\script_ver\quarantine\under-review\17mov_CharacterSystem\web\photos\mp_f_freemode_01-arms-119.webp
0DD89E1BF81512EE20B7BA19F2DAA8ABE42A8EE7CBF9C86F812DB773851EEFA0	C:\admirales\script_ver\script_ver\quarantine\under-review\17mov_CharacterSystem\web\photos\mp_f_freemode_01-arms-12.webp
1DD8C82D383B390976A3D73B595FF58C3D83F6CE13A47DE04CCEE12D06B34998	C:\admirales\script_ver\script_ver\quarantine\under-review\17mov_CharacterSystem\web\photos\mp_f_freemode_01-arms-120.webp
ACD83B5418756EB9E0F81F9E0E1575F5251046ACDBA82C0DB3AF23ECEDA69C5B	C:\admirales\script_ver\script_ver\quarantine\under-review\17mov_CharacterSystem\web\photos\mp_f_freemode_01-arms-121.webp
30B45D736C52B2D50F422267132B9DA1FA95CF8236C614071A08EE42952F566B	C:\admirales\script_ver\script_ver\quarantine\under-review\17mov_CharacterSystem\web\photos\mp_f_freemode_01-arms-122.webp
7FE79A41010AF3EEA380B4887093C808BBABF05AC7579400742E3BA5851DF34D	C:\admirales\script_ver\script_ver\quarantine\under-review\17mov_CharacterSystem\web\photos\mp_f_freemode_01-arms-123.webp
F166ED13F4B97B3B12A02D441296A4598042F8BB14B7592DFCB1216B989F8A87	C:\admirales\script_ver\script_ver\quarantine\under-review\17mov_CharacterSystem\web\photos\mp_f_freemode_01-arms-124.webp
C50C2BDF64C5FEE59C887BC0789993677508797B6964B7F646E2EA3879E22568	C:\admirales\script_ver\script_ver\quarantine\under-review\17mov_CharacterSystem\web\photos\mp_f_freemode_01-arms-125.webp
FB821E42E74099EA15B9E8B79EBBC250241F98C51A4D15F8C0A71508868575A9	C:\admirales\script_ver\script_ver\quarantine\under-review\17mov_CharacterSystem\web\photos\mp_f_freemode_01-arms-126.webp
7AD49433974B209370701AA5714E4C51EE8438A6A1F3DFC56890513F4497DD3A	C:\admirales\script_ver\script_ver\quarantine\under-review\17mov_CharacterSystem\web\photos\mp_f_freemode_01-arms-127.webp
18000BCE1D6558F0A0D2C172D70053DEFF964B6BF572ACF710F0A0519422312A	C:\admirales\script_ver\script_ver\quarantine\under-review\17mov_CharacterSystem\web\photos\mp_f_freemode_01-arms-128.webp
B45CDE725C7A9D375675D9DAC80EA49E0D43F2880F45112B978D31CF952AA9EC	C:\admirales\script_ver\script_ver\quarantine\under-review\17mov_CharacterSystem\web\photos\mp_f_freemode_01-arms-129.webp
025B3C1466710CBB1E245A012FE702B52ACCC784F84866E589899BFEE9615719	C:\admirales\script_ver\script_ver\quarantine\under-review\17mov_CharacterSystem\web\photos\mp_f_freemode_01-arms-13.webp
7F3A62FD3CE15B9392288EEAA26D6E40E9851CCC3ECAD089E301F2556678D368	C:\admirales\script_ver\script_ver\quarantine\under-review\17mov_CharacterSystem\web\photos\mp_f_freemode_01-arms-130.webp
1F120F768B66A97A7ED56FC1EB78CDAE568987274A355C777F797287032B0C09	C:\admirales\script_ver\script_ver\quarantine\under-review\17mov_CharacterSystem\web\photos\mp_f_freemode_01-arms-131.webp
E3B7DC91E610457FFA868278B2E7A9C46310A5DBCFB860F0B9279CF2848C901C	C:\admirales\script_ver\script_ver\quarantine\under-review\17mov_CharacterSystem\web\photos\mp_f_freemode_01-arms-132.webp
2769D55BE529370D91014E6E7B7AAF29E5C29F1542C7E2433D2C6256DAF88DE8	C:\admirales\script_ver\script_ver\quarantine\under-review\17mov_CharacterSystem\web\photos\mp_f_freemode_01-arms-133.webp
A9984BAB3D193240FFBC55EBFC890BA57DE80F6145002518CCFF0C1524FE9167	C:\admirales\script_ver\script_ver\quarantine\under-review\17mov_CharacterSystem\web\photos\mp_f_freemode_01-arms-134.webp
F8F014B0A75791E4B1851C489AF5203EC8EFB5C644983CDBA36FDF6809BCE476	C:\admirales\script_ver\script_ver\quarantine\under-review\17mov_CharacterSystem\web\photos\mp_f_freemode_01-arms-135.webp
E4F98016F8C51F749540F1F46A6848EBA82BEFC398376B3FAB16114099925D4F	C:\admirales\script_ver\script_ver\quarantine\under-review\17mov_CharacterSystem\web\photos\mp_f_freemode_01-arms-136.webp
5DD72077348EC595D45E3630861C562E395E3613C445E237E224B31A48FDCD46	C:\admirales\script_ver\script_ver\quarantine\under-review\17mov_CharacterSystem\web\photos\mp_f_freemode_01-arms-137.webp
9D9D2F08396EC1E81888C592D5738739DD43ABFF4CADCBF2762CF5C169E98A0F	C:\admirales\script_ver\script_ver\quarantine\under-review\17mov_CharacterSystem\web\photos\mp_f_freemode_01-arms-138.webp
8E0A53B08CADBD5D0012EE9AC350046442ECE1B49877D44D6F73A3981E46EBC0	C:\admirales\script_ver\script_ver\quarantine\under-review\17mov_CharacterSystem\web\photos\mp_f_freemode_01-arms-139.webp
5B9E2090BA77C52AFEE87C41DB0A7F21B3A5B07FB1D40FF815A6E4C9D186AFB3	C:\admirales\script_ver\script_ver\quarantine\under-review\17mov_CharacterSystem\web\photos\mp_f_freemode_01-arms-14.webp
B6E1178B5E0D8DE2F07AEB0E092BB33B15C308DB96CEE6E4AD25F7A8278B42B1	C:\admirales\script_ver\script_ver\quarantine\under-review\17mov_CharacterSystem\web\photos\mp_f_freemode_01-arms-140.webp
F7BDED55E14CB7F723A97F7F478C5D01BD06D6573EC07A996B574588DFBC0F86	C:\admirales\script_ver\script_ver\quarantine\under-review\17mov_CharacterSystem\web\photos\mp_f_freemode_01-arms-141.webp
017FDCC6A082A6DAF45659F99D1BE92C080D34CFE02D90B4909C42B9CCB0472D	C:\admirales\script_ver\script_ver\quarantine\under-review\17mov_CharacterSystem\web\photos\mp_f_freemode_01-arms-142.webp
3F412F4BE0A76ABB52A3DAB7944BBAB0A838A68DB95C06ACC131135CFF9AB954	C:\admirales\script_ver\script_ver\quarantine\under-review\17mov_CharacterSystem\web\photos\mp_f_freemode_01-arms-143.webp
B383562A99A7A70FF2D7B5B4075B6299183CED9FF59F65AB29A43D956728B589	C:\admirales\script_ver\script_ver\quarantine\under-review\17mov_CharacterSystem\web\photos\mp_f_freemode_01-arms-144.webp
8F5B99516984A58CD9D595328C3B71D259BA87485995C9C838FB04C82C282CAE	C:\admirales\script_ver\script_ver\quarantine\under-review\17mov_CharacterSystem\web\photos\mp_f_freemode_01-arms-145.webp
57F3D4BD963C9012146C6638F69F65F145C9DB1B621373ED832A2D4D2453A002	C:\admirales\script_ver\script_ver\quarantine\under-review\17mov_CharacterSystem\web\photos\mp_f_freemode_01-arms-146.webp
86DAD8622F3BA5AEAD97F059C2228D4E51EE209534DFFEC485303F17B05B59FF	C:\admirales\script_ver\script_ver\quarantine\under-review\17mov_CharacterSystem\web\photos\mp_f_freemode_01-arms-147.webp
5C111BB152EF4161A115771C9F0222B6FFA54A4A992C942AFF3DA24E849C15C4	C:\admirales\script_ver\script_ver\quarantine\under-review\17mov_CharacterSystem\web\photos\mp_f_freemode_01-arms-148.webp
6207FE23D3B0A5F39EEE8B0B7189D35BF7CD2554F98EA20F8F0122BC93F53915	C:\admirales\script_ver\script_ver\quarantine\under-review\17mov_CharacterSystem\web\photos\mp_f_freemode_01-arms-149.webp
52B35528346D6A4C6D660B119F6B1BC93804654267F0F1062D01EECF7475077B	C:\admirales\script_ver\script_ver\quarantine\under-review\17mov_CharacterSystem\web\photos\mp_f_freemode_01-arms-15.webp
775141BB14C606D69F903EC94093378B8C6AE91A9E666D8DCB50BCC300FC8C6A	C:\admirales\script_ver\script_ver\quarantine\under-review\17mov_CharacterSystem\web\photos\mp_f_freemode_01-arms-150.webp
EABCA2DC4C4120690086CB32C87C475DC730705F3067BBD346C11F7640CE7478	C:\admirales\script_ver\script_ver\quarantine\under-review\17mov_CharacterSystem\web\photos\mp_f_freemode_01-arms-151.webp
2B0A3E003421E40CE881215BCA27467A977CDD8FC5AD2285B1CE0B6367EF3F2B	C:\admirales\script_ver\script_ver\quarantine\under-review\17mov_CharacterSystem\web\photos\mp_f_freemode_01-arms-152.webp
F981C83C90DBAF1E62D6F37ECA42EC89356216E29CBE6771758CCE16E234FBE5	C:\admirales\script_ver\script_ver\quarantine\under-review\17mov_CharacterSystem\web\photos\mp_f_freemode_01-arms-153.webp
4C97B53FFC63AA2E1B3AAF27AD387CB0E794647863E72AB41F1FDDE5EC89C8F9	C:\admirales\script_ver\script_ver\quarantine\under-review\17mov_CharacterSystem\web\photos\mp_f_freemode_01-arms-154.webp
C88F470CF7FD53FF84579BD109C726A559BA7F789F19C22B62234EA686C8D331	C:\admirales\script_ver\script_ver\quarantine\under-review\17mov_CharacterSystem\web\photos\mp_f_freemode_01-arms-155.webp
10E0CBD6846E7D535F4473343260E73B2137502736DF8FB8D4CABBF9A313E2A1	C:\admirales\script_ver\script_ver\quarantine\under-review\17mov_CharacterSystem\web\photos\mp_f_freemode_01-arms-156.webp
CEA990EC018910F954BB2677A8D38A9245E4ECF3FBE361C4F0C8D8EA289F8EC0	C:\admirales\script_ver\script_ver\quarantine\under-review\17mov_CharacterSystem\web\photos\mp_f_freemode_01-arms-157.webp
AB2F2179008CF60A1BE9F709BE73CD1E140E6B1BD4060E1F22401EBC95262002	C:\admirales\script_ver\script_ver\quarantine\under-review\17mov_CharacterSystem\web\photos\mp_f_freemode_01-arms-158.webp
E1C8039ACF1D9E04D109A34CF15AAD3E7A3B05932414A22628176C1A2067B697	C:\admirales\script_ver\script_ver\quarantine\under-review\17mov_CharacterSystem\web\photos\mp_f_freemode_01-arms-159.webp
1C63EF0764F36EA21038BA0AA17D568AB7794E00939588DBBD78A5A9262EB509	C:\admirales\script_ver\script_ver\quarantine\under-review\17mov_CharacterSystem\web\photos\mp_f_freemode_01-arms-16.webp
B3B4B9DB1CEEFF5A29DD3EDFBEE25586660DACE338EAD8E1271D5622E7D32A7C	C:\admirales\script_ver\script_ver\quarantine\under-review\17mov_CharacterSystem\web\photos\mp_f_freemode_01-arms-160.webp
87C97103DC3B102D73E175B3EF6FBCB6F4CAF91EDB9AA4927B2F1BADD781C16B	C:\admirales\script_ver\script_ver\quarantine\under-review\17mov_CharacterSystem\web\photos\mp_f_freemode_01-arms-161.webp
F99C9DDCE2ACD77AD15006228168FD9B0E17174F6DD93601D0362DBE28008839	C:\admirales\script_ver\script_ver\quarantine\under-review\17mov_CharacterSystem\web\photos\mp_f_freemode_01-arms-162.webp
ADEC4815FEB498AE13B2A02BA15DCD54564774178CD688375B94EACA8427DC19	C:\admirales\script_ver\script_ver\quarantine\under-review\17mov_CharacterSystem\web\photos\mp_f_freemode_01-arms-163.webp
1CDA9BEFD16179B1E4E8881D0F5906CDB95EA648508CD38B34AE5824BC2BC1FA	C:\admirales\script_ver\script_ver\quarantine\under-review\17mov_CharacterSystem\web\photos\mp_f_freemode_01-arms-164.webp
040BF1E98D1C2AF82777F0B6B081045136DDFE83067CF63DA118E2F91E24239D	C:\admirales\script_ver\script_ver\quarantine\under-review\17mov_CharacterSystem\web\photos\mp_f_freemode_01-arms-165.webp
126C69C2C48E4E5B3D406D1534BA597FAF292A07BA0394E1026F232FEBB2060B	C:\admirales\script_ver\script_ver\quarantine\under-review\17mov_CharacterSystem\web\photos\mp_f_freemode_01-arms-166.webp
01B05CCC1E5F9B4DA110A5410E9DED3AEF8ECE2231254DB6AA807324D4C9BD73	C:\admirales\script_ver\script_ver\quarantine\under-review\17mov_CharacterSystem\web\photos\mp_f_freemode_01-arms-167.webp
998C91A661F71A4C3B1170C76344087804B392B63FCEA9EC4527AF4131201549	C:\admirales\script_ver\script_ver\quarantine\under-review\17mov_CharacterSystem\web\photos\mp_f_freemode_01-arms-168.webp
F771308A5EEF9811B0A1BE3B846E959C616F8FDB510FA138E6E8A7AAC175B975	C:\admirales\script_ver\script_ver\quarantine\under-review\17mov_CharacterSystem\web\photos\mp_f_freemode_01-arms-169.webp
6EF33FFB5B61A5CADF7070FF00883D95FBDC3EB27C842D0594FF15AF59145644	C:\admirales\script_ver\script_ver\quarantine\under-review\17mov_CharacterSystem\web\photos\mp_f_freemode_01-arms-17.webp
0E5B60CE8A1E3FBFD1EAEA5CEEA5C5C92B56F9769EF4802824D47767E5F1A9C9	C:\admirales\script_ver\script_ver\quarantine\under-review\17mov_CharacterSystem\web\photos\mp_f_freemode_01-arms-170.webp
C5A8DF6843E9E70721159B0AB1989624C8019B48DF9D3B60EC9D6326FA54FA40	C:\admirales\script_ver\script_ver\quarantine\under-review\17mov_CharacterSystem\web\photos\mp_f_freemode_01-arms-171.webp
341BCA1EA7E48EFA0E7F5F0A163A184D908BFA6B58932B23C610D564AA299B9A	C:\admirales\script_ver\script_ver\quarantine\under-review\17mov_CharacterSystem\web\photos\mp_f_freemode_01-arms-172.webp
C882CF128ACD9C78B6510D4AA779AEAC7A292E298A7FE52AC076A43EE610CDEE	C:\admirales\script_ver\script_ver\quarantine\under-review\17mov_CharacterSystem\web\photos\mp_f_freemode_01-arms-173.webp
944FFE0EEBDA150F0FFD8797B8A5FCFA55CC2F8556FF4F2939D3002E0E6DBA39	C:\admirales\script_ver\script_ver\quarantine\under-review\17mov_CharacterSystem\web\photos\mp_f_freemode_01-arms-174.webp
BD45B59A0A001D0028A9FBE98A15BCF86D26C53A6BBC737A30E372DFEC23BAA5	C:\admirales\script_ver\script_ver\quarantine\under-review\17mov_CharacterSystem\web\photos\mp_f_freemode_01-arms-175.webp
B4A502539E57D7A1695DFE95E24E44853829E4E74FB876BE04CE03D15BEDCE37	C:\admirales\script_ver\script_ver\quarantine\under-review\17mov_CharacterSystem\web\photos\mp_f_freemode_01-arms-176.webp
8021270F1DAADE8E001A4C3F71F7368C61AFD927D145C70AFEA42E6BA4D65ABA	C:\admirales\script_ver\script_ver\quarantine\under-review\17mov_CharacterSystem\web\photos\mp_f_freemode_01-arms-177.webp
9C2209B19E7CCA8E3130CEAE4B270F9B0F109EB7F805F946890776A938987729	C:\admirales\script_ver\script_ver\quarantine\under-review\17mov_CharacterSystem\web\photos\mp_f_freemode_01-arms-178.webp
04EE05BCBC344CF3E24857BCC177E669685ECE87842E4AF93C4C630C7B50DD14	C:\admirales\script_ver\script_ver\quarantine\under-review\17mov_CharacterSystem\web\photos\mp_f_freemode_01-arms-179.webp
FD2C432F0202FAC55534359873CCFE47AC9B3FE62B148009B08B6D5FC1CAD5D2	C:\admirales\script_ver\script_ver\quarantine\under-review\17mov_CharacterSystem\web\photos\mp_f_freemode_01-arms-18.webp
F28686D5870BA64B31EB1212AC0FB7244D89087A265470EDD6493216C56ED87E	C:\admirales\script_ver\script_ver\quarantine\under-review\17mov_CharacterSystem\web\photos\mp_f_freemode_01-arms-180.webp
6D62345DEF26E2B9DFF9D5CC3121F38FBF024521E27DB0765914E611EFE3983B	C:\admirales\script_ver\script_ver\quarantine\under-review\17mov_CharacterSystem\web\photos\mp_f_freemode_01-arms-181.webp
3FE7E24DDF8528493898FF4D4F24F58308C1CD1C7B828AC2391D1A12A030ECC9	C:\admirales\script_ver\script_ver\quarantine\under-review\17mov_CharacterSystem\web\photos\mp_f_freemode_01-arms-182.webp
650D4F7C831A31779E78C491D98503B07990697558C6750BB6EB96F4286C6E46	C:\admirales\script_ver\script_ver\quarantine\under-review\17mov_CharacterSystem\web\photos\mp_f_freemode_01-arms-183.webp
41E2AE9834B1F6BD133F4AE0DC110F763C2F3734EFB2AD2D980550E32E02907E	C:\admirales\script_ver\script_ver\quarantine\under-review\17mov_CharacterSystem\web\photos\mp_f_freemode_01-arms-184.webp
832892D5D51641AB636D0D51965F390DCBD2AF9C043795B236A7B13D844C8AEC	C:\admirales\script_ver\script_ver\quarantine\under-review\17mov_CharacterSystem\web\photos\mp_f_freemode_01-arms-185.webp
D2A63EEC8369FCFC0434B0AF5C0110A23A9E82A06E4435B5C650B999CE255A95	C:\admirales\script_ver\script_ver\quarantine\under-review\17mov_CharacterSystem\web\photos\mp_f_freemode_01-arms-186.webp
8D0AC0278FBD68FD3EA35F2AFFF40C4AA55BEE2AE6849C83BBB6C2E33CBAAE37	C:\admirales\script_ver\script_ver\quarantine\under-review\17mov_CharacterSystem\web\photos\mp_f_freemode_01-arms-187.webp
E25E6E639662EBDF6AE16CD0AD0FBB9FC683D90E20FDEEC694D7C8A689BD14EB	C:\admirales\script_ver\script_ver\quarantine\under-review\17mov_CharacterSystem\web\photos\mp_f_freemode_01-arms-188.webp
6F3C980BA88A6AFCA830433EB5654CBC9BA0B6048942454443D2DAFFC5263F4A	C:\admirales\script_ver\script_ver\quarantine\under-review\17mov_CharacterSystem\web\photos\mp_f_freemode_01-arms-189.webp
4275E94ACE0B82D267591118E22D9E6F844494F484747B1D13B6EF23A0406E81	C:\admirales\script_ver\script_ver\quarantine\under-review\17mov_CharacterSystem\web\photos\mp_f_freemode_01-arms-19.webp
2D468F27F4B79FADE3D2BDC16656AD798314B90BFE76BA24351166EF8D304C51	C:\admirales\script_ver\script_ver\quarantine\under-review\17mov_CharacterSystem\web\photos\mp_f_freemode_01-arms-190.webp
40E2DE244CB2CF09A50DE4B9A10CF2B1366652596C0E5F7958758E5C08E1921B	C:\admirales\script_ver\script_ver\quarantine\under-review\17mov_CharacterSystem\web\photos\mp_f_freemode_01-arms-191.webp
0C8DA6249C7705E384A0CA2363BA4A91E97303CCEE5D1B3B2DE033F33748CD71	C:\admirales\script_ver\script_ver\quarantine\under-review\17mov_CharacterSystem\web\photos\mp_f_freemode_01-arms-192.webp
1EE5C2274720471BD382FD4C329F5EC1977B9F1B8050A1958DE131449E980B86	C:\admirales\script_ver\script_ver\quarantine\under-review\17mov_CharacterSystem\web\photos\mp_f_freemode_01-arms-193.webp
F21CA179154C61E942DF04540BF8D78A6F59AEBC363525F09E31CA20EEEED116	C:\admirales\script_ver\script_ver\quarantine\under-review\17mov_CharacterSystem\web\photos\mp_f_freemode_01-arms-194.webp
3B1482392111F49960B7D82CB662F570E5EFA414DD7B650B2D1111E31CB63A57	C:\admirales\script_ver\script_ver\quarantine\under-review\17mov_CharacterSystem\web\photos\mp_f_freemode_01-arms-195.webp
029AF0FDF3752C9DC81EC6915F2B16BA276F85E8DF4C31F73C8FF55E1C5018D5	C:\admirales\script_ver\script_ver\quarantine\under-review\17mov_CharacterSystem\web\photos\mp_f_freemode_01-arms-196.webp
C2DD3798D2F222CACB95E17E862EC47F6748EC3494F027B26D94379D09BC86C0	C:\admirales\script_ver\script_ver\quarantine\under-review\17mov_CharacterSystem\web\photos\mp_f_freemode_01-arms-197.webp
218E2E141CDC6A17B9A71202C5D04314920CE8432CC69A17784F32B11964C9BC	C:\admirales\script_ver\script_ver\quarantine\under-review\17mov_CharacterSystem\web\photos\mp_f_freemode_01-arms-198.webp
D4CA150851FCA768A266847257BF925879DA0F624CB6366AAA85993C4408E5A1	C:\admirales\script_ver\script_ver\quarantine\under-review\17mov_CharacterSystem\web\photos\mp_f_freemode_01-arms-199.webp
DB32FC4DE768B323FD358578871FF04D18E6AD6A92DDCF5F7D329D13C92154E4	C:\admirales\script_ver\script_ver\quarantine\under-review\17mov_CharacterSystem\web\photos\mp_f_freemode_01-arms-2.webp
9ADCDB2E8E4B975A5669D87811E39E55C42438DBBCD83AF018E725A24355A513	C:\admirales\script_ver\script_ver\quarantine\under-review\17mov_CharacterSystem\web\photos\mp_f_freemode_01-arms-20.webp
0AB8092FD1AC6D4CE0843DE72194BF343D3BB60A9DD63AE73DF6896D0D12D297	C:\admirales\script_ver\script_ver\quarantine\under-review\17mov_CharacterSystem\web\photos\mp_f_freemode_01-arms-200.webp
3F2855D397F7D8CDF67EE4B4B934130040F85A35793CF6CF5CDFDF3AA5555CEC	C:\admirales\script_ver\script_ver\quarantine\under-review\17mov_CharacterSystem\web\photos\mp_f_freemode_01-arms-201.webp
FA0B89E1A6D49182F449B29F42A33116FB8275DD6A1E9461B7F9E725231AAE1A	C:\admirales\script_ver\script_ver\quarantine\under-review\17mov_CharacterSystem\web\photos\mp_f_freemode_01-arms-202.webp
CF2DE72790C42F04C7B14652C985A9FC92F17A5940D02EE525C32B70EAA9F979	C:\admirales\script_ver\script_ver\quarantine\under-review\17mov_CharacterSystem\web\photos\mp_f_freemode_01-arms-203.webp
A0F0E5A7CD6011E3C2E04826A2EF9DEEE780B9B8096D2B70FFF47442F3BC56C3	C:\admirales\script_ver\script_ver\quarantine\under-review\17mov_CharacterSystem\web\photos\mp_f_freemode_01-arms-204.webp
F500A9A162924E8CC23D342168A5B17278C22C51281CE52AE86A2B8FB208F8C9	C:\admirales\script_ver\script_ver\quarantine\under-review\17mov_CharacterSystem\web\photos\mp_f_freemode_01-arms-205.webp
0EC7C68A05205E8B85B3D8897F253441BCD9D72463BAA2105C180A50153B0CBA	C:\admirales\script_ver\script_ver\quarantine\under-review\17mov_CharacterSystem\web\photos\mp_f_freemode_01-arms-206.webp
4D07BDDAB0F9B0ADFC609953D2E99D007E0DD2DECCD72BDD83EB816CA363CD48	C:\admirales\script_ver\script_ver\quarantine\under-review\17mov_CharacterSystem\web\photos\mp_f_freemode_01-arms-207.webp
F1D1337114D3A59EC33D25D89C0F8DD83B7F100D8A5A2E6B43A3D2E167869D71	C:\admirales\script_ver\script_ver\quarantine\under-review\17mov_CharacterSystem\web\photos\mp_f_freemode_01-arms-208.webp
F8322D7FFD1B23F441ED16794BDAA0E12EA76F95F4D99F98D79CA79D80968C86	C:\admirales\script_ver\script_ver\quarantine\under-review\17mov_CharacterSystem\web\photos\mp_f_freemode_01-arms-209.webp
AC11084F658C1A98B7D5FB4A23D69CF3F9C78FA5F0FEA3CDCCAEFCB904DB369E	C:\admirales\script_ver\script_ver\quarantine\under-review\17mov_CharacterSystem\web\photos\mp_f_freemode_01-arms-21.webp
A10610B3A12C63E542EC4AF17295956BB3B5EDDB2A356621E321182AEF12A9E6	C:\admirales\script_ver\script_ver\quarantine\under-review\17mov_CharacterSystem\web\photos\mp_f_freemode_01-arms-210.webp
40F8ABA565E79AA3719A45B12474C67A381460FC6850861C1EB90C421585F438	C:\admirales\script_ver\script_ver\quarantine\under-review\17mov_CharacterSystem\web\photos\mp_f_freemode_01-arms-211.webp
CF924E9F3C52F1B633093FC713963E8708D9DEDE60335E8CBA01C302DF78F56F	C:\admirales\script_ver\script_ver\quarantine\under-review\17mov_CharacterSystem\web\photos\mp_f_freemode_01-arms-212.webp
A0C125EC9E20C742DBF0B8500C4758E8734420A07E72CC83FE69AC25A0694B65	C:\admirales\script_ver\script_ver\quarantine\under-review\17mov_CharacterSystem\web\photos\mp_f_freemode_01-arms-213.webp
D7FAB4D116B6A64916A3F56D9E8EC411E2E6560954D838D15224FEBE1394DE1C	C:\admirales\script_ver\script_ver\quarantine\under-review\17mov_CharacterSystem\web\photos\mp_f_freemode_01-arms-214.webp
EF6ECDB6152FB5EC6EC4033BBC58487B0FE9A83DDF704597E8E2CF45BA497532	C:\admirales\script_ver\script_ver\quarantine\under-review\17mov_CharacterSystem\web\photos\mp_f_freemode_01-arms-215.webp
256867BB81B42E4170A699EDE5F5F6F2758218960C0DA7BF47B972CE12D08308	C:\admirales\script_ver\script_ver\quarantine\under-review\17mov_CharacterSystem\web\photos\mp_f_freemode_01-arms-216.webp
125904F0C7DBBD75220A11E15A92A0325A4A72EBBC4684AE9A5693CA19B74232	C:\admirales\script_ver\script_ver\quarantine\under-review\17mov_CharacterSystem\web\photos\mp_f_freemode_01-arms-217.webp
9A8A0557CF47ACA85411D7FE82F9C429E1826FD3759028AF8F1644C2D373BADE	C:\admirales\script_ver\script_ver\quarantine\under-review\17mov_CharacterSystem\web\photos\mp_f_freemode_01-arms-218.webp
341AB9458C5B4869E700513D850412227167E9A5BF506A4047CC0F8654EAAFE8	C:\admirales\script_ver\script_ver\quarantine\under-review\17mov_CharacterSystem\web\photos\mp_f_freemode_01-arms-219.webp
FCE89969F57094D7624C308207B519A4F68E260C9CD2772D38A1DCC2147EF068	C:\admirales\script_ver\script_ver\quarantine\under-review\17mov_CharacterSystem\web\photos\mp_f_freemode_01-arms-22.webp
5D85373B05DB7051F3D9937EA1332A035391F2D81D3DB021AFB6D6F69DF65D18	C:\admirales\script_ver\script_ver\quarantine\under-review\17mov_CharacterSystem\web\photos\mp_f_freemode_01-arms-220.webp
55E3F8BCF2DBCD992AD44165BC67E4890D894A3EE0B1090ACA57672A8FDD881F	C:\admirales\script_ver\script_ver\quarantine\under-review\17mov_CharacterSystem\web\photos\mp_f_freemode_01-arms-221.webp
8A67DF93D3A5553C9E430CDAC10538E8D799BB749BF16F15633F16A223B1129E	C:\admirales\script_ver\script_ver\quarantine\under-review\17mov_CharacterSystem\web\photos\mp_f_freemode_01-arms-222.webp
41F40EB3C3B9106CF661BDA4E33EEAC2C3F9A8DD2F07FF36C5C1209A5E74D65A	C:\admirales\script_ver\script_ver\quarantine\under-review\17mov_CharacterSystem\web\photos\mp_f_freemode_01-arms-223.webp
E5061D308179FEFB34DC4434DC4D8728DAEB140272966AE73B39536B6D32E93A	C:\admirales\script_ver\script_ver\quarantine\under-review\17mov_CharacterSystem\web\photos\mp_f_freemode_01-arms-224.webp
401D4CADD29A65C0EA4BC4AD4F8ECBBA28D4D440ED180CCB90DF13982E4686F2	C:\admirales\script_ver\script_ver\quarantine\under-review\17mov_CharacterSystem\web\photos\mp_f_freemode_01-arms-225.webp
156EDB63BA4256F900363CD5ADF0CAC2A706BCF4A7D6AFE82A0E06986B2D2378	C:\admirales\script_ver\script_ver\quarantine\under-review\17mov_CharacterSystem\web\photos\mp_f_freemode_01-arms-226.webp
1695BA124BE1F0AF620E497199F189703F66FE025AD5930B10588F4B8601A84F	C:\admirales\script_ver\script_ver\quarantine\under-review\17mov_CharacterSystem\web\photos\mp_f_freemode_01-arms-227.webp
8C87BCA86A96A134F48F5599C2F236C58E3F9CEE199CCBEBEEE9AF5B09A5017A	C:\admirales\script_ver\script_ver\quarantine\under-review\17mov_CharacterSystem\web\photos\mp_f_freemode_01-arms-228.webp
3A18A11CF5187721775D20CC47482A5BA7C8AA341DE7256C986864A29AC660A9	C:\admirales\script_ver\script_ver\quarantine\under-review\17mov_CharacterSystem\web\photos\mp_f_freemode_01-arms-229.webp
FCCD1E0EE5ABFFE0FF3561CB864A4F0ACA866825A06C6807B3D40B3A9975434D	C:\admirales\script_ver\script_ver\quarantine\under-review\17mov_CharacterSystem\web\photos\mp_f_freemode_01-arms-23.webp
8AD19F7E76C8869A1AC38231E2940E10EA714FFBACB37DB74C66CB75E973B506	C:\admirales\script_ver\script_ver\quarantine\under-review\17mov_CharacterSystem\web\photos\mp_f_freemode_01-arms-230.webp
C5935FAB7E83BFA3A9B17C46FCD88AF400032435874C62CCF5772C6DEABCC80C	C:\admirales\script_ver\script_ver\quarantine\under-review\17mov_CharacterSystem\web\photos\mp_f_freemode_01-arms-231.webp
574524356351E6F439235CFE3AF4F8958F5E5933DD0CDEB12CF2E79E4E508499	C:\admirales\script_ver\script_ver\quarantine\under-review\17mov_CharacterSystem\web\photos\mp_f_freemode_01-arms-232.webp
05EFDCC4196257670713B5F28A07B0149F5B3DD66EEC82722AE4D511250BC07A	C:\admirales\script_ver\script_ver\quarantine\under-review\17mov_CharacterSystem\web\photos\mp_f_freemode_01-arms-233.webp
724F8C7504A1E586B01D09ACA5AFA780B0AB0461F3C52405B1F04EB8078B32AB	C:\admirales\script_ver\script_ver\quarantine\under-review\17mov_CharacterSystem\web\photos\mp_f_freemode_01-arms-234.webp
A1FAB62B19C833B399A26732EBD03BE7C5639D65D64E03FBBFBC7DB5038B7D77	C:\admirales\script_ver\script_ver\quarantine\under-review\17mov_CharacterSystem\web\photos\mp_f_freemode_01-arms-235.webp
89A2254FADBC89B8ABAF214F208BB6E62DBAF3BC03DBF2D74E32BA09A511AEEA	C:\admirales\script_ver\script_ver\quarantine\under-review\17mov_CharacterSystem\web\photos\mp_f_freemode_01-arms-236.webp
D2F551E5868D976AEF6728033F3907778F542A2C1C6D2E50FBC7750C856EA379	C:\admirales\script_ver\script_ver\quarantine\under-review\17mov_CharacterSystem\web\photos\mp_f_freemode_01-arms-237.webp
83AB13A774326313D93A69DFAC40A8EAFDD5FDF7C45EDBACEE541BD6373F3C59	C:\admirales\script_ver\script_ver\quarantine\under-review\17mov_CharacterSystem\web\photos\mp_f_freemode_01-arms-238.webp
3F3C9BE67BA7BDC39F96E7773BBA227CE710F5CD9CB4D7B547ABBDCE98A16C6A	C:\admirales\script_ver\script_ver\quarantine\under-review\17mov_CharacterSystem\web\photos\mp_f_freemode_01-arms-239.webp
3B4842E8B48C1D32C03D1E581CF9F32C495A456BCB1026D2C50BAD1E12684192	C:\admirales\script_ver\script_ver\quarantine\under-review\17mov_CharacterSystem\web\photos\mp_f_freemode_01-arms-24.webp
424B68639058F916BDF0E9F1E9074900B1C4589AA39CD7EC3A4BDB501831C8BF	C:\admirales\script_ver\script_ver\quarantine\under-review\17mov_CharacterSystem\web\photos\mp_f_freemode_01-arms-240.webp
E79F987BFD9F7D41523317FCE5C37E10F45659EB6C911C6B3CEB6670A7729980	C:\admirales\script_ver\script_ver\quarantine\under-review\17mov_CharacterSystem\web\photos\mp_f_freemode_01-arms-241.webp
483B74B590988DCFE57BF6FCB15A0172EABE741B95FB7E7C2935B3BC0251D495	C:\admirales\script_ver\script_ver\quarantine\under-review\17mov_CharacterSystem\web\photos\mp_f_freemode_01-arms-242.webp
0A014178770BF5944F9B4B89ED06B5AEF78895AB018A5A68A19482FAD75B5000	C:\admirales\script_ver\script_ver\quarantine\under-review\17mov_CharacterSystem\web\photos\mp_f_freemode_01-arms-243.webp
6A10A45AB21CE7B229DED47A18A13AA6540871BAEC206BC314B747F229C5BB71	C:\admirales\script_ver\script_ver\quarantine\under-review\17mov_CharacterSystem\web\photos\mp_f_freemode_01-arms-244.webp
492FE52FC10492568887CEC6DC631FD7FB9105F4B042A9CC21EEB680C54BDD74	C:\admirales\script_ver\script_ver\quarantine\under-review\17mov_CharacterSystem\web\photos\mp_f_freemode_01-arms-245.webp
047BEAA560603FA008341C5ECCD1437079AEB8F491BED6843F6B165BD7CDB23B	C:\admirales\script_ver\script_ver\quarantine\under-review\17mov_CharacterSystem\web\photos\mp_f_freemode_01-arms-246.webp
96D5989AC7E21272AB929F4F4326629AC5F61386F8E7AAE2CED77512C6030E4D	C:\admirales\script_ver\script_ver\quarantine\under-review\17mov_CharacterSystem\web\photos\mp_f_freemode_01-arms-247.webp
B2FACFB6051F6C1B036D2DFDEF17FAC677A4AC09B36C35FC0C0923280AB95730	C:\admirales\script_ver\script_ver\quarantine\under-review\17mov_CharacterSystem\web\photos\mp_f_freemode_01-arms-248.webp
707DEDE415C6C056AF7472E4BC6B009BA5337B78148F5C04DD8B754A51F372D8	C:\admirales\script_ver\script_ver\quarantine\under-review\17mov_CharacterSystem\web\photos\mp_f_freemode_01-arms-25.webp
97E786937B714CD507B649C7532DC4FABE94323A5B36EE5B6F063A1AF9093A17	C:\admirales\script_ver\script_ver\quarantine\under-review\17mov_CharacterSystem\web\photos\mp_f_freemode_01-arms-26.webp
4A060A9895E89E40C37CF6125FD292CCC362C2B85619D53F32BE37522CD4B257	C:\admirales\script_ver\script_ver\quarantine\under-review\17mov_CharacterSystem\web\photos\mp_f_freemode_01-arms-27.webp
37CA6A387473BDB10D3431C9666AD19378873F483F5785C863A10948D9C3F21A	C:\admirales\script_ver\script_ver\quarantine\under-review\17mov_CharacterSystem\web\photos\mp_f_freemode_01-arms-28.webp
C8BF34739504C428CBC0EB880EAB24886CD4D9E41B2D316EB45433AF4571C2CB	C:\admirales\script_ver\script_ver\quarantine\under-review\17mov_CharacterSystem\web\photos\mp_f_freemode_01-arms-29.webp
AEB80001C26D372805A69A16CAC7FA9E632E16EF0CDE05B1133E3E78970E3337	C:\admirales\script_ver\script_ver\quarantine\under-review\17mov_CharacterSystem\web\photos\mp_f_freemode_01-arms-3.webp
D4141F4E59045C370775344293930E3FB8BEBB8A31FF058180D7692FF411E8E3	C:\admirales\script_ver\script_ver\quarantine\under-review\17mov_CharacterSystem\web\photos\mp_f_freemode_01-arms-30.webp
03B02F26BD644B96E7428AE8C2F055B9812F65143535AD15501EC109E2E28C30	C:\admirales\script_ver\script_ver\quarantine\under-review\17mov_CharacterSystem\web\photos\mp_f_freemode_01-arms-31.webp
5547A8B471C945F3B73AA947D3FC93880D66A2BA7896D92DBB4083DAC87BF5C6	C:\admirales\script_ver\script_ver\quarantine\under-review\17mov_CharacterSystem\web\photos\mp_f_freemode_01-arms-32.webp
49158B761FFD60C00F145D4297665D4230E88311200FE3B483B5151233598CB7	C:\admirales\script_ver\script_ver\quarantine\under-review\17mov_CharacterSystem\web\photos\mp_f_freemode_01-arms-33.webp
B27F797C5C0942CBE83A90E41DFBD7DCE36C852BCE6CCA59C1A659F5983820E9	C:\admirales\script_ver\script_ver\quarantine\under-review\17mov_CharacterSystem\web\photos\mp_f_freemode_01-arms-34.webp
216FE87F00E779E206D74B1C9EC010CB668B58DC781C31F8DFFBC44BB481F0C4	C:\admirales\script_ver\script_ver\quarantine\under-review\17mov_CharacterSystem\web\photos\mp_f_freemode_01-arms-35.webp
026BD78924DAD8510904D972CF30D47CFD5A5A5A0C1D6ABE70C56828F7FDA41A	C:\admirales\script_ver\script_ver\quarantine\under-review\17mov_CharacterSystem\web\photos\mp_f_freemode_01-arms-36.webp
E06AEEF07FFD838F1F5DB582DE82718FC014F8FD4537FEBB5F1BFABC3DA98CF0	C:\admirales\script_ver\script_ver\quarantine\under-review\17mov_CharacterSystem\web\photos\mp_f_freemode_01-arms-37.webp
E3E1021C03DB0958D60D457C5336628FC8ADB1682747221751F05F1B7F5A56F3	C:\admirales\script_ver\script_ver\quarantine\under-review\17mov_CharacterSystem\web\photos\mp_f_freemode_01-arms-38.webp
F3A3C3F773310EDA7C099DF40B90C28C6846C544CA600F48C542A1261C13DAEF	C:\admirales\script_ver\script_ver\quarantine\under-review\17mov_CharacterSystem\web\photos\mp_f_freemode_01-arms-39.webp
080004ED7D20D6B22ED7902E12362912AF9099515575974DD642BDFB32362DC7	C:\admirales\script_ver\script_ver\quarantine\under-review\17mov_CharacterSystem\web\photos\mp_f_freemode_01-arms-4.webp
5469AEEC32F395C4D99337B00155DF400F4C20FC6C5139181629C81A23EEB71E	C:\admirales\script_ver\script_ver\quarantine\under-review\17mov_CharacterSystem\web\photos\mp_f_freemode_01-arms-40.webp
4D9F03B0C123DAEEC2F5546D56A3E51565B052E23BF0ED903E5D22F5A8EFC763	C:\admirales\script_ver\script_ver\quarantine\under-review\17mov_CharacterSystem\web\photos\mp_f_freemode_01-arms-41.webp
C8B4D2CECCB24081CBE03B4169B153AF12C51990452D16C1D6FE65224BBC06BE	C:\admirales\script_ver\script_ver\quarantine\under-review\17mov_CharacterSystem\web\photos\mp_f_freemode_01-arms-42.webp
598701AC68CA33DFB40463EA5AA284C5610420769E3CA65E1D5661F8E68EB21C	C:\admirales\script_ver\script_ver\quarantine\under-review\17mov_CharacterSystem\web\photos\mp_f_freemode_01-arms-43.webp
0D60B046FD26630B4A46171393239196A21FDD25D0EBB571242C93D6CF92D9CB	C:\admirales\script_ver\script_ver\quarantine\under-review\17mov_CharacterSystem\web\photos\mp_f_freemode_01-arms-44.webp
9A98D914C4574F816BEB1DC592AC4C786344EC26583028A0F343CCC57ABE4AF9	C:\admirales\script_ver\script_ver\quarantine\under-review\17mov_CharacterSystem\web\photos\mp_f_freemode_01-arms-45.webp
4840C664E5BA6D4AF080BD1244E7FB8A6E028B2480C76399412B5C648885B6F4	C:\admirales\script_ver\script_ver\quarantine\under-review\17mov_CharacterSystem\web\photos\mp_f_freemode_01-arms-46.webp
6D56340148B6009294F938B7E642194F79D88C63CCDD2A29C96EC23877CEA170	C:\admirales\script_ver\script_ver\quarantine\under-review\17mov_CharacterSystem\web\photos\mp_f_freemode_01-arms-47.webp
0DB0F3F3200BAA7C27E57ED76A2A0A848D3A9B6CD78FE1782A536F599B1F61A7	C:\admirales\script_ver\script_ver\quarantine\under-review\17mov_CharacterSystem\web\photos\mp_f_freemode_01-arms-48.webp
3942C6E889F2D36F2B1FC7FFA637B9950518C7D5B92419AEFFDC46762FE9886F	C:\admirales\script_ver\script_ver\quarantine\under-review\17mov_CharacterSystem\web\photos\mp_f_freemode_01-arms-49.webp
6E95B9BFE8DED297A604B6C201DFE08E4EA97D22BD347BE7B2D1FA6562B4A8C6	C:\admirales\script_ver\script_ver\quarantine\under-review\17mov_CharacterSystem\web\photos\mp_f_freemode_01-arms-5.webp
22ED28F927BF3E4A9425796A5F0064A12B60746BCA16F6C1D9D96C3B23EDBE2B	C:\admirales\script_ver\script_ver\quarantine\under-review\17mov_CharacterSystem\web\photos\mp_f_freemode_01-arms-50.webp
F4093135103D9D381192DE15BB5ACDFA2330771CC50225876399D96E4E37A03F	C:\admirales\script_ver\script_ver\quarantine\under-review\17mov_CharacterSystem\web\photos\mp_f_freemode_01-arms-51.webp
01A1FA8001C085EECA510AAF16DE100B75634A136024BD62E78CD9E95609680A	C:\admirales\script_ver\script_ver\quarantine\under-review\17mov_CharacterSystem\web\photos\mp_f_freemode_01-arms-52.webp
483A2D907B8C65288951F649E1791B9F33CFFD7987FDCBB7F2332DD7A3A0FA10	C:\admirales\script_ver\script_ver\quarantine\under-review\17mov_CharacterSystem\web\photos\mp_f_freemode_01-arms-53.webp
E486B264BEB4E34E1849B5F1A9ADCFCD91ECCF396FACFF39062BB52689823CD2	C:\admirales\script_ver\script_ver\quarantine\under-review\17mov_CharacterSystem\web\photos\mp_f_freemode_01-arms-54.webp
10BF9D42A996E2EA5E17C21EA16D96B7D8269EC5410B22494CDCD0BEF7BCC59C	C:\admirales\script_ver\script_ver\quarantine\under-review\17mov_CharacterSystem\web\photos\mp_f_freemode_01-arms-55.webp
738B45506EBD709E8650513C5851B4A405BB1C8A38B9DE25127D83CB3C07DECA	C:\admirales\script_ver\script_ver\quarantine\under-review\17mov_CharacterSystem\web\photos\mp_f_freemode_01-arms-56.webp
82E985B8B07AEBF7BDDCBE4A430CBD69AC1CB539701CD56B49056197EB77E234	C:\admirales\script_ver\script_ver\quarantine\under-review\17mov_CharacterSystem\web\photos\mp_f_freemode_01-arms-57.webp
FF509761D194D7EB360489A4279541846CF076392DA9EC94FA308757CDBC9044	C:\admirales\script_ver\script_ver\quarantine\under-review\17mov_CharacterSystem\web\photos\mp_f_freemode_01-arms-58.webp
7453E64D39CC09F1B018737C8D0DA2B37358C8CE1D553913E95E4D50B2FDB066	C:\admirales\script_ver\script_ver\quarantine\under-review\17mov_CharacterSystem\web\photos\mp_f_freemode_01-arms-59.webp
190CC69D4A06CDDA4E0FF450E30A83C2BB16F7943B89E4945BB6D43B3BDC153A	C:\admirales\script_ver\script_ver\quarantine\under-review\17mov_CharacterSystem\web\photos\mp_f_freemode_01-arms-6.webp
33D0407029DB9747745CF133A9E18183BF8590F8287BA6495C088A5F44DEAF72	C:\admirales\script_ver\script_ver\quarantine\under-review\17mov_CharacterSystem\web\photos\mp_f_freemode_01-arms-60.webp
23CB41A43135412D15D3E1935CAAAEB8B9CBA400BFE044642DCFD89E29DC9669	C:\admirales\script_ver\script_ver\quarantine\under-review\17mov_CharacterSystem\web\photos\mp_f_freemode_01-arms-61.webp
7A681DF6D0206D9D2865D9D8BA3CE1DA91B76A3E6AB864F8D87DE937C2C9A82B	C:\admirales\script_ver\script_ver\quarantine\under-review\17mov_CharacterSystem\web\photos\mp_f_freemode_01-arms-62.webp
7F93914AA9B04859E701B4B698C980A31AFF04A1D3D09EEE69DD7CA13F37600A	C:\admirales\script_ver\script_ver\quarantine\under-review\17mov_CharacterSystem\web\photos\mp_f_freemode_01-arms-63.webp
744863012BE4403553A580D39C21222EA945BEF1CCE3BD15FE8A65D0E87E38B5	C:\admirales\script_ver\script_ver\quarantine\under-review\17mov_CharacterSystem\web\photos\mp_f_freemode_01-arms-64.webp
A6823DFC93F1F5B7E1FF458D295A8D0339F78C6D2C8D5E46F4103D5B545590F8	C:\admirales\script_ver\script_ver\quarantine\under-review\17mov_CharacterSystem\web\photos\mp_f_freemode_01-arms-65.webp
1DB0E82A3F955397C5DF56B93C6B56238192290BE75450BBC7EAF35EB97B84C3	C:\admirales\script_ver\script_ver\quarantine\under-review\17mov_CharacterSystem\web\photos\mp_f_freemode_01-arms-66.webp
96430661B8B1AE94992B3C962A6E5837B605F4685811DAA13592558A019D520D	C:\admirales\script_ver\script_ver\quarantine\under-review\17mov_CharacterSystem\web\photos\mp_f_freemode_01-arms-67.webp
30E62B5674BA56C20E560043A9D8B559B938492B92B17E7DF591547680F7257C	C:\admirales\script_ver\script_ver\quarantine\under-review\17mov_CharacterSystem\web\photos\mp_f_freemode_01-arms-68.webp
C7CD7A44E702204CFDA39D3AB8630ABD6867139113C8B69F8E14201229E5FE4E	C:\admirales\script_ver\script_ver\quarantine\under-review\17mov_CharacterSystem\web\photos\mp_f_freemode_01-arms-69.webp
F3CF45ED406E24D99D168B53D83EEB8E25EEF0E209612CDA2C47B1850C797EA2	C:\admirales\script_ver\script_ver\quarantine\under-review\17mov_CharacterSystem\web\photos\mp_f_freemode_01-arms-7.webp
AE9AEAB1EDC3F5A4191E64202CB3055C373585A6A3403F82B7CF92559215FF68	C:\admirales\script_ver\script_ver\quarantine\under-review\17mov_CharacterSystem\web\photos\mp_f_freemode_01-arms-70.webp
BDC109C15ED0C5F5FAD52B55EBCE446F5F17E5B1F81CE7F23C32F84E2EBA7BCC	C:\admirales\script_ver\script_ver\quarantine\under-review\17mov_CharacterSystem\web\photos\mp_f_freemode_01-arms-71.webp
EFA29E8127BD3C1339C37A354D78E8C86D4A8B3D308F29FF04A6C2C6226FD7B8	C:\admirales\script_ver\script_ver\quarantine\under-review\17mov_CharacterSystem\web\photos\mp_f_freemode_01-arms-72.webp
CF64715412C9D0CDCB0933A2FC4C8E4213F5D5CFC5CE5CFB39E20B1C54A1BD36	C:\admirales\script_ver\script_ver\quarantine\under-review\17mov_CharacterSystem\web\photos\mp_f_freemode_01-arms-73.webp
69BE9A094F856F19D302E3E30335D64006D96A0DFEC5CBE0C86D6459C98BA95E	C:\admirales\script_ver\script_ver\quarantine\under-review\17mov_CharacterSystem\web\photos\mp_f_freemode_01-arms-74.webp
362B7C625C4BEE53533F91544B63161C2535E7B0C9F12751C2274D57C08E5EE0	C:\admirales\script_ver\script_ver\quarantine\under-review\17mov_CharacterSystem\web\photos\mp_f_freemode_01-arms-75.webp
21F5C2DDB6DEC9565A471014D4A123650207CF53CDA4B310472E29F399D87F40	C:\admirales\script_ver\script_ver\quarantine\under-review\17mov_CharacterSystem\web\photos\mp_f_freemode_01-arms-76.webp
B745810F4B67D67F9C61A07DFFD116E4789360069D630859003A327CD4F19EDF	C:\admirales\script_ver\script_ver\quarantine\under-review\17mov_CharacterSystem\web\photos\mp_f_freemode_01-arms-77.webp
3C7621EF9C5EEDF85056244B77F8E63977B86619CB3E9998531B8FCE9386763E	C:\admirales\script_ver\script_ver\quarantine\under-review\17mov_CharacterSystem\web\photos\mp_f_freemode_01-arms-78.webp
FB12C40E86FD2DEFED89FB7BB5BAFB3A42DFDDB56A3E1598B0DF656740D85674	C:\admirales\script_ver\script_ver\quarantine\under-review\17mov_CharacterSystem\web\photos\mp_f_freemode_01-arms-79.webp
025B3C1466710CBB1E245A012FE702B52ACCC784F84866E589899BFEE9615719	C:\admirales\script_ver\script_ver\quarantine\under-review\17mov_CharacterSystem\web\photos\mp_f_freemode_01-arms-8.webp
D3EF45096DA6068B92765CDDC4644F8AD5B8D8893E2676A56CE9A7CAF5F4ABF7	C:\admirales\script_ver\script_ver\quarantine\under-review\17mov_CharacterSystem\web\photos\mp_f_freemode_01-arms-80.webp
4BAB3E8BB6043A7F1356C6CBD607FB8B813A99B3FB204CA295CEAD13C116067A	C:\admirales\script_ver\script_ver\quarantine\under-review\17mov_CharacterSystem\web\photos\mp_f_freemode_01-arms-81.webp
8A1FE154E9E5CE01DD7BF63575FB630F7E37A140465F11B963F655063B8BAEC9	C:\admirales\script_ver\script_ver\quarantine\under-review\17mov_CharacterSystem\web\photos\mp_f_freemode_01-arms-82.webp
258581306BE07E16196E7A3EF17BE86AAF669C1465C5098591AB9241AD90C917	C:\admirales\script_ver\script_ver\quarantine\under-review\17mov_CharacterSystem\web\photos\mp_f_freemode_01-arms-83.webp
BFDA47581F5F6570C106D30E6686BD4BA9C583802971121DDB539ABE7C2D3BA7	C:\admirales\script_ver\script_ver\quarantine\under-review\17mov_CharacterSystem\web\photos\mp_f_freemode_01-arms-84.webp
9386AF1AF55ADC53EC82BA20F3B3A685214F83B688E8190771CCD6F295A92D1E	C:\admirales\script_ver\script_ver\quarantine\under-review\17mov_CharacterSystem\web\photos\mp_f_freemode_01-arms-85.webp
8C882381FBAD0AED9F748E09B776A98E65AD712B2E9FBE51D953C1CE1CAF48EF	C:\admirales\script_ver\script_ver\quarantine\under-review\17mov_CharacterSystem\web\photos\mp_f_freemode_01-arms-86.webp
12FE3443BA02245CB07849A9B7D436B494B1D74924C194FC92EC668242A803DB	C:\admirales\script_ver\script_ver\quarantine\under-review\17mov_CharacterSystem\web\photos\mp_f_freemode_01-arms-87.webp
19080324546B4E70E7D6E33288674E69F5EB61CF314D7CA2E31B5BC3EF0EAF77	C:\admirales\script_ver\script_ver\quarantine\under-review\17mov_CharacterSystem\web\photos\mp_f_freemode_01-arms-88.webp
B6672FDE030ABD07D24FC02C93265D424A3D5E7D863DEF330F7DDFC372D01183	C:\admirales\script_ver\script_ver\quarantine\under-review\17mov_CharacterSystem\web\photos\mp_f_freemode_01-arms-89.webp
642759225865235272CC7FEAE373265B5A5937082AB0BA2134A7D454EF2C1034	C:\admirales\script_ver\script_ver\quarantine\under-review\17mov_CharacterSystem\web\photos\mp_f_freemode_01-arms-9.webp
E5C7277CA749A3CBA354EAF7809FE067FB884C31571561B29024CB24B06AE42F	C:\admirales\script_ver\script_ver\quarantine\under-review\17mov_CharacterSystem\web\photos\mp_f_freemode_01-arms-90.webp
969C3A2B4B007B8CBF6B16CB032F0D94D4E8CBDB0F4745CB1D65C6025ED8C6DF	C:\admirales\script_ver\script_ver\quarantine\under-review\17mov_CharacterSystem\web\photos\mp_f_freemode_01-arms-91.webp
B3998A479952A180B0E6BC3FE1B307A439F697729687F1B91671E1D7D1465FE0	C:\admirales\script_ver\script_ver\quarantine\under-review\17mov_CharacterSystem\web\photos\mp_f_freemode_01-arms-92.webp
713CBA6904834CA8E49155A3273C6E0DB7CF9B8D9848C40B7673FF825F7EE916	C:\admirales\script_ver\script_ver\quarantine\under-review\17mov_CharacterSystem\web\photos\mp_f_freemode_01-arms-93.webp
D07B5A55D006A999D02835A01000316C489F16551AC01C36C4CB7A1B359472BA	C:\admirales\script_ver\script_ver\quarantine\under-review\17mov_CharacterSystem\web\photos\mp_f_freemode_01-arms-94.webp
F1C4BC6BBBEC0E5283C6957EC205A5AC81CA414A3DF48A0E733A3D62D50555A8	C:\admirales\script_ver\script_ver\quarantine\under-review\17mov_CharacterSystem\web\photos\mp_f_freemode_01-arms-95.webp
FECA9BAB0E0BA84E3171CCC5BFA36B95636FBFCF9833DCB8B12FCD428ADBE28A	C:\admirales\script_ver\script_ver\quarantine\under-review\17mov_CharacterSystem\web\photos\mp_f_freemode_01-arms-96.webp
3BE9E516FF521372CAF9A054B24F1356E967C79836F167A2B684C14781CF74CD	C:\admirales\script_ver\script_ver\quarantine\under-review\17mov_CharacterSystem\web\photos\mp_f_freemode_01-arms-97.webp
B03A9A51466DCB0E34AC807BF0A889B283239E67FE569F701813556F93B71EAE	C:\admirales\script_ver\script_ver\quarantine\under-review\17mov_CharacterSystem\web\photos\mp_f_freemode_01-arms-98.webp
7714CDDE6D46208F04F9064A8EDC1523BAA94D1CF0A47BA23A176A7001C3C799	C:\admirales\script_ver\script_ver\quarantine\under-review\17mov_CharacterSystem\web\photos\mp_f_freemode_01-arms-99.webp
F80AF0D27980CD0D7A3AEFCA9BACD511106D0508238CB232439EB7B00854737B	C:\admirales\script_ver\script_ver\quarantine\under-review\17mov_CharacterSystem\web\photos\mp_f_freemode_01-bags_1-0.webp
F2B9C241DF21568123FE9B0DC7E17A8879B52243DF9B2E18557F009E9904301A	C:\admirales\script_ver\script_ver\quarantine\under-review\17mov_CharacterSystem\web\photos\mp_f_freemode_01-bags_1-1.webp
5CF5FE7C4618325FD45C006AE4C8230FFCA3AF4A7C2D06B90323AF17B6541F78	C:\admirales\script_ver\script_ver\quarantine\under-review\17mov_CharacterSystem\web\photos\mp_f_freemode_01-bags_1-10.webp
B160459DDCA25BD43EC562B542B480DE19C2899A8320EAF42D136AB22787D4E7	C:\admirales\script_ver\script_ver\quarantine\under-review\17mov_CharacterSystem\web\photos\mp_f_freemode_01-bags_1-100.webp
1AD1749DF98033CC4A1366057D430560CAE3F12AA76A0036A9B2C846FF23EC46	C:\admirales\script_ver\script_ver\quarantine\under-review\17mov_CharacterSystem\web\photos\mp_f_freemode_01-bags_1-101.webp
ADEBB3C2085E2EF2E8143060952070368D976F54C4F393DD56EDB80EBCDD256F	C:\admirales\script_ver\script_ver\quarantine\under-review\17mov_CharacterSystem\web\photos\mp_f_freemode_01-bags_1-102.webp
2E94879D2480C85AAC751DBBBAE8DC638D754FCF1DF3EAD6F218757B0A4BACE9	C:\admirales\script_ver\script_ver\quarantine\under-review\17mov_CharacterSystem\web\photos\mp_f_freemode_01-bags_1-103.webp
51F3091CFF62CC9D05786422B89D371CCF4692E7B0C467CF1CAE7A0252ADB0A0	C:\admirales\script_ver\script_ver\quarantine\under-review\17mov_CharacterSystem\web\photos\mp_f_freemode_01-bags_1-104.webp
937A2A051934C559FA98F392404D6A3767D4DD4684207DB2CE93BEC9BC14E548	C:\admirales\script_ver\script_ver\quarantine\under-review\17mov_CharacterSystem\web\photos\mp_f_freemode_01-bags_1-105.webp
F66D1DAF36A15141774F6530981743F6001B8BBE5F570760C153E9FE97D21337	C:\admirales\script_ver\script_ver\quarantine\under-review\17mov_CharacterSystem\web\photos\mp_f_freemode_01-bags_1-106.webp
20C7735C9BBABC1D0B3B3856BC282DD7B1ABCF62D0F844B4296B8BA7D32E277F	C:\admirales\script_ver\script_ver\quarantine\under-review\17mov_CharacterSystem\web\photos\mp_f_freemode_01-bags_1-107.webp
1556F59AA033801679D1544D43E40C0BE90957CD2E4D21F5CEE81BD48825AECB	C:\admirales\script_ver\script_ver\quarantine\under-review\17mov_CharacterSystem\web\photos\mp_f_freemode_01-bags_1-108.webp
01E30B1B392E85AA32EC3116B5CE853C4C7F13713FEC10308B2AD683F52A95D3	C:\admirales\script_ver\script_ver\quarantine\under-review\17mov_CharacterSystem\web\photos\mp_f_freemode_01-bags_1-109.webp
C3106225E5EC4BDA17CEAB0B3DC75F952F1B5104D52262C207FAA02EBA77FA4D	C:\admirales\script_ver\script_ver\quarantine\under-review\17mov_CharacterSystem\web\photos\mp_f_freemode_01-bags_1-11.webp
D73D0275C86102438DB90CA775751F476FF7194AAE25D24E2A0AB42CE791E440	C:\admirales\script_ver\script_ver\quarantine\under-review\17mov_CharacterSystem\web\photos\mp_f_freemode_01-bags_1-110.webp
F80AF0D27980CD0D7A3AEFCA9BACD511106D0508238CB232439EB7B00854737B	C:\admirales\script_ver\script_ver\quarantine\under-review\17mov_CharacterSystem\web\photos\mp_f_freemode_01-bags_1-111.webp
6A6E1F468DCBFB9597B2137863760139FAA0456BD6E256FD3ACD91BAE086E8D2	C:\admirales\script_ver\script_ver\quarantine\under-review\17mov_CharacterSystem\web\photos\mp_f_freemode_01-bags_1-12.webp
AD04C99F0708E194D16A67FF19B5971D9372592B4F0460B30030D63D3E4CE8A9	C:\admirales\script_ver\script_ver\quarantine\under-review\17mov_CharacterSystem\web\photos\mp_f_freemode_01-bags_1-13.webp
F67D7DFA5E03124F490F7950AF7613E42262FCE6CCCA2E4D4235C2AD592BE656	C:\admirales\script_ver\script_ver\quarantine\under-review\17mov_CharacterSystem\web\photos\mp_f_freemode_01-bags_1-14.webp
E5CCA38BB09A590063EA3AE00FA2F69E39268B47060B35689A60135AD3508B13	C:\admirales\script_ver\script_ver\quarantine\under-review\17mov_CharacterSystem\web\photos\mp_f_freemode_01-bags_1-15.webp
8A4B4812F8E3D5E300970304A2D7DAC442AC13D0C93F72BB64565357EED39494	C:\admirales\script_ver\script_ver\quarantine\under-review\17mov_CharacterSystem\web\photos\mp_f_freemode_01-bags_1-16.webp
74A34E3BE36CB025E79EFB2FE0A7F5FCD7F84E3C82F9A5C8DDE96ACEE04688DC	C:\admirales\script_ver\script_ver\quarantine\under-review\17mov_CharacterSystem\web\photos\mp_f_freemode_01-bags_1-17.webp
71ECE8A2ADFA55E173A0217CBB3D4D516B84E288193A9C077D83C0EA4F4D12D0	C:\admirales\script_ver\script_ver\quarantine\under-review\17mov_CharacterSystem\web\photos\mp_f_freemode_01-bags_1-18.webp
E19C5199E3B9D5C1BB65D6CFC5A458FA6675A7E5D2C8E2F396CA6A242EDA27CE	C:\admirales\script_ver\script_ver\quarantine\under-review\17mov_CharacterSystem\web\photos\mp_f_freemode_01-bags_1-19.webp
BD8F24E719E8F2FF1698DC4D3EF8D9F382E3170169EABE2D430A9D7B29E9F4BE	C:\admirales\script_ver\script_ver\quarantine\under-review\17mov_CharacterSystem\web\photos\mp_f_freemode_01-bags_1-2.webp
F80AF0D27980CD0D7A3AEFCA9BACD511106D0508238CB232439EB7B00854737B	C:\admirales\script_ver\script_ver\quarantine\under-review\17mov_CharacterSystem\web\photos\mp_f_freemode_01-bags_1-20.webp
D6ACDDAD34C522295A2A6B156D6274C014EB4A2DBA4F74D461F9BE10896AE08F	C:\admirales\script_ver\script_ver\quarantine\under-review\17mov_CharacterSystem\web\photos\mp_f_freemode_01-bags_1-21.webp
E2792E63E557AD864EF36A55DE2C3E7A3C32233C663150F761E573D1B549914B	C:\admirales\script_ver\script_ver\quarantine\under-review\17mov_CharacterSystem\web\photos\mp_f_freemode_01-bags_1-22.webp
53F2599A16D7E169A38C626C43DD4D71E44871E50EBECC35F319F02E2C25A438	C:\admirales\script_ver\script_ver\quarantine\under-review\17mov_CharacterSystem\web\photos\mp_f_freemode_01-bags_1-23.webp
57A1D7E1B99ABE84EBCF3E6AA30B71F653AF7E876B13CB2594D16F057270C82B	C:\admirales\script_ver\script_ver\quarantine\under-review\17mov_CharacterSystem\web\photos\mp_f_freemode_01-bags_1-24.webp
4191C27E2E6B398CF0628A6B4ED3390BCA30CA7FE47911FB40F77CAB0802EB19	C:\admirales\script_ver\script_ver\quarantine\under-review\17mov_CharacterSystem\web\photos\mp_f_freemode_01-bags_1-25.webp
901C6435E34B6CC2AA2F0D9606D8E8E5810D4846D2245A0835CC2459DFE38B8D	C:\admirales\script_ver\script_ver\quarantine\under-review\17mov_CharacterSystem\web\photos\mp_f_freemode_01-bags_1-26.webp
73AE9A282164A6BA6F24F44E97CBFBCBCA18B44B1581E7A2CB596A7D86800B49	C:\admirales\script_ver\script_ver\quarantine\under-review\17mov_CharacterSystem\web\photos\mp_f_freemode_01-bags_1-27.webp
82C37BD7D621674A24EFB944B57D211B8E93BDB47EB4888A07B094D6E3A2BD6A	C:\admirales\script_ver\script_ver\quarantine\under-review\17mov_CharacterSystem\web\photos\mp_f_freemode_01-bags_1-28.webp
B389DFFEEEC9B5A8269ED8D6DC16796DCCDBE07609D17AFB8A42E8D9D0E8E32D	C:\admirales\script_ver\script_ver\quarantine\under-review\17mov_CharacterSystem\web\photos\mp_f_freemode_01-bags_1-29.webp
B178670875521ACAC15783A4BBBD09ACA48797D2BA43FD98CD6019032177819D	C:\admirales\script_ver\script_ver\quarantine\under-review\17mov_CharacterSystem\web\photos\mp_f_freemode_01-bags_1-3.webp
F80AF0D27980CD0D7A3AEFCA9BACD511106D0508238CB232439EB7B00854737B	C:\admirales\script_ver\script_ver\quarantine\under-review\17mov_CharacterSystem\web\photos\mp_f_freemode_01-bags_1-30.webp
74DEE53A413564EDFDE564D7B540764EAD1B9654B9D8298E736E0460F5C18C2A	C:\admirales\script_ver\script_ver\quarantine\under-review\17mov_CharacterSystem\web\photos\mp_f_freemode_01-bags_1-31.webp
89DE29C783DC0D1FAC5C4E3EA2BAB521228AC6BDB492C8DCBEE0E6A1590D0796	C:\admirales\script_ver\script_ver\quarantine\under-review\17mov_CharacterSystem\web\photos\mp_f_freemode_01-bags_1-32.webp
1B259DADF71011CDBA0033318E4254CF9C6957CDA84F60FB4D084A7B36D7BC95	C:\admirales\script_ver\script_ver\quarantine\under-review\17mov_CharacterSystem\web\photos\mp_f_freemode_01-bags_1-33.webp
42B438EEE32BBA79D9D8ACDE24EEA0C0E28889C4FC30C7F6444DCA6BDCDDF60F	C:\admirales\script_ver\script_ver\quarantine\under-review\17mov_CharacterSystem\web\photos\mp_f_freemode_01-bags_1-34.webp
3D42149ACA74F28241FF91BEBC3B1E8A96B13ED8D271F4A826C753268ABC9092	C:\admirales\script_ver\script_ver\quarantine\under-review\17mov_CharacterSystem\web\photos\mp_f_freemode_01-bags_1-35.webp
00E09D8663CEE98CC08D6C67303E89B3E56C9C04C26B2565A3524E2A8552373D	C:\admirales\script_ver\script_ver\quarantine\under-review\17mov_CharacterSystem\web\photos\mp_f_freemode_01-bags_1-36.webp
12AFA040660201FC5128715B493428387DE1622946F439B40165C2109065D207	C:\admirales\script_ver\script_ver\quarantine\under-review\17mov_CharacterSystem\web\photos\mp_f_freemode_01-bags_1-37.webp
C634F01D8174DA82FE9A4677F47B65903A0138077C329FB87FD485904BD92E42	C:\admirales\script_ver\script_ver\quarantine\under-review\17mov_CharacterSystem\web\photos\mp_f_freemode_01-bags_1-38.webp
25981E18014C5BF39442D61F28FAE2FCA8D037C2BC97AA62A9C2E766352A92A5	C:\admirales\script_ver\script_ver\quarantine\under-review\17mov_CharacterSystem\web\photos\mp_f_freemode_01-bags_1-39.webp
2D0A22F3930F825C28AE6CDDEA33986C67437AC180A1846883CB4A90F8411BF3	C:\admirales\script_ver\script_ver\quarantine\under-review\17mov_CharacterSystem\web\photos\mp_f_freemode_01-bags_1-4.webp
DB0F21694A565B9958715203F78EB186A5C32D18DB8EE4DFF6BEEE7F46D60FE1	C:\admirales\script_ver\script_ver\quarantine\under-review\17mov_CharacterSystem\web\photos\mp_f_freemode_01-bags_1-40.webp
BC64B39F9602DA456DDC38276B3C8C54B5AD9A28FFBEB49AC9596FBBD893733C	C:\admirales\script_ver\script_ver\quarantine\under-review\17mov_CharacterSystem\web\photos\mp_f_freemode_01-bags_1-41.webp
F80AF0D27980CD0D7A3AEFCA9BACD511106D0508238CB232439EB7B00854737B	C:\admirales\script_ver\script_ver\quarantine\under-review\17mov_CharacterSystem\web\photos\mp_f_freemode_01-bags_1-42.webp
F80AF0D27980CD0D7A3AEFCA9BACD511106D0508238CB232439EB7B00854737B	C:\admirales\script_ver\script_ver\quarantine\under-review\17mov_CharacterSystem\web\photos\mp_f_freemode_01-bags_1-43.webp
57034477881BF16B41C173CF0F8229C04560CBAA6A7940CCA83EC7FE44362289	C:\admirales\script_ver\script_ver\quarantine\under-review\17mov_CharacterSystem\web\photos\mp_f_freemode_01-bags_1-44.webp
52B08CD8E58003C6400E2021FAEF84BBB4284F6260F984EABFD4B9B2CD3BD1B0	C:\admirales\script_ver\script_ver\quarantine\under-review\17mov_CharacterSystem\web\photos\mp_f_freemode_01-bags_1-45.webp
F80AF0D27980CD0D7A3AEFCA9BACD511106D0508238CB232439EB7B00854737B	C:\admirales\script_ver\script_ver\quarantine\under-review\17mov_CharacterSystem\web\photos\mp_f_freemode_01-bags_1-46.webp
F80AF0D27980CD0D7A3AEFCA9BACD511106D0508238CB232439EB7B00854737B	C:\admirales\script_ver\script_ver\quarantine\under-review\17mov_CharacterSystem\web\photos\mp_f_freemode_01-bags_1-47.webp
E9F48B6DD10393FB1B12503C2084845403B1472A968B7DD510FA763BB06688D7	C:\admirales\script_ver\script_ver\quarantine\under-review\17mov_CharacterSystem\web\photos\mp_f_freemode_01-bags_1-48.webp
4E51214725E9A4E588B1D1FC04699F1384565094292FD180C4757D3376D6E2C0	C:\admirales\script_ver\script_ver\quarantine\under-review\17mov_CharacterSystem\web\photos\mp_f_freemode_01-bags_1-49.webp
5E7235FEA5321CE5B3CD3516BA985AF269F543EECC535D66B5D9C7B6A0787513	C:\admirales\script_ver\script_ver\quarantine\under-review\17mov_CharacterSystem\web\photos\mp_f_freemode_01-bags_1-5.webp
8EBBA1B6211C26DB5914C777F6BD5DB5793F22958439BD16AEA41D4D6009A03F	C:\admirales\script_ver\script_ver\quarantine\under-review\17mov_CharacterSystem\web\photos\mp_f_freemode_01-bags_1-50.webp
DAEBECA5B832FB08452BEEAB5FD473F8CE14D1A77DB97DD19182F92AF2341F4B	C:\admirales\script_ver\script_ver\quarantine\under-review\17mov_CharacterSystem\web\photos\mp_f_freemode_01-bags_1-51.webp
688EDEFFBA71EDB48A234171155A20F9A0D962C72B48ACDF686BD025909B4676	C:\admirales\script_ver\script_ver\quarantine\under-review\17mov_CharacterSystem\web\photos\mp_f_freemode_01-bags_1-52.webp
F13F5347CD4443CF91B6614D381D6036277C5AF55996BFA0AEC8A59D7C17501D	C:\admirales\script_ver\script_ver\quarantine\under-review\17mov_CharacterSystem\web\photos\mp_f_freemode_01-bags_1-53.webp
B164CAEC7DB9741E9064F78DAEFBAF67CF46080536796CADDFD90098639FA5AC	C:\admirales\script_ver\script_ver\quarantine\under-review\17mov_CharacterSystem\web\photos\mp_f_freemode_01-bags_1-54.webp
3845E6FFC5B3A0008FD2AA1D273674B113ADCDC087E16ACD891F2766067067D0	C:\admirales\script_ver\script_ver\quarantine\under-review\17mov_CharacterSystem\web\photos\mp_f_freemode_01-bags_1-55.webp
DA41EF71E4630DCAA43E3180FED1A3E4AF209232B80A2CD06A83A91FD10FFB2E	C:\admirales\script_ver\script_ver\quarantine\under-review\17mov_CharacterSystem\web\photos\mp_f_freemode_01-bags_1-56.webp
E436310D99350222F6C1EE45810C5E2BA8EA901F1B4FF975FACD2D12312DD7A2	C:\admirales\script_ver\script_ver\quarantine\under-review\17mov_CharacterSystem\web\photos\mp_f_freemode_01-bags_1-57.webp
8F454404A0DE24E10891C749E1FCA40F094FDA454D2F72C41F436E0E910F39C8	C:\admirales\script_ver\script_ver\quarantine\under-review\17mov_CharacterSystem\web\photos\mp_f_freemode_01-bags_1-58.webp
40C994456861A8963755F327DF1F148FAC7AAEEEA0E86B0CB60D839A174872B4	C:\admirales\script_ver\script_ver\quarantine\under-review\17mov_CharacterSystem\web\photos\mp_f_freemode_01-bags_1-59.webp
96251B50F48B4DE9AB25B576FB19F02A1F8540C90078C3556B8AB61BEB5EF90C	C:\admirales\script_ver\script_ver\quarantine\under-review\17mov_CharacterSystem\web\photos\mp_f_freemode_01-bags_1-6.webp
E3B51DBEB06CC3DCE1D91FABD408050C426D213B948523060EA0CD0C6DC06478	C:\admirales\script_ver\script_ver\quarantine\under-review\17mov_CharacterSystem\web\photos\mp_f_freemode_01-bags_1-60.webp
440657CEA7EEA0E4C4B981437CA5659158B6020066253C36E449BF19F30F117A	C:\admirales\script_ver\script_ver\quarantine\under-review\17mov_CharacterSystem\web\photos\mp_f_freemode_01-bags_1-61.webp
CD7829BC8E81C924163FD73B4524B454F9E5ED88FDBD693F637EE8CE2AB61E3C	C:\admirales\script_ver\script_ver\quarantine\under-review\17mov_CharacterSystem\web\photos\mp_f_freemode_01-bags_1-62.webp
9A3BEE4F84C7FAF9E429AB75EA93072B0167917FA6AEC2A4B84538EC270BFFDC	C:\admirales\script_ver\script_ver\quarantine\under-review\17mov_CharacterSystem\web\photos\mp_f_freemode_01-bags_1-63.webp
5638E590656C1754E7F628710B8B20B4EF68BED5B861ABCE02C0817142795F18	C:\admirales\script_ver\script_ver\quarantine\under-review\17mov_CharacterSystem\web\photos\mp_f_freemode_01-bags_1-64.webp
A5C1972A5378BE9B992AA3694E093F47CEFAE06B6D12FF8F84F88911BC5579B0	C:\admirales\script_ver\script_ver\quarantine\under-review\17mov_CharacterSystem\web\photos\mp_f_freemode_01-bags_1-65.webp
DAD31384901697BC8D5734B23DE92F85E0477FB9F6886D61F401039F6F11877B	C:\admirales\script_ver\script_ver\quarantine\under-review\17mov_CharacterSystem\web\photos\mp_f_freemode_01-bags_1-66.webp
E3DDAB2281ED321D27A5606AF8A29179016EDD31445D3D591A0FC28D17755ED7	C:\admirales\script_ver\script_ver\quarantine\under-review\17mov_CharacterSystem\web\photos\mp_f_freemode_01-bags_1-67.webp
64F150AC4E7DD5F8B7769666E20F6959C1DD8724FB48ABF0883A9C509EF247D9	C:\admirales\script_ver\script_ver\quarantine\under-review\17mov_CharacterSystem\web\photos\mp_f_freemode_01-bags_1-68.webp
A72CE0E2209C968FEC35DEFFB1EE6DC2A887859626471D81B77E8708BC3B0C3B	C:\admirales\script_ver\script_ver\quarantine\under-review\17mov_CharacterSystem\web\photos\mp_f_freemode_01-bags_1-69.webp
21229CBB2F3777B0A565AE6260EC843AAABBE0D0429458CA51E51D5314FA1FDB	C:\admirales\script_ver\script_ver\quarantine\under-review\17mov_CharacterSystem\web\photos\mp_f_freemode_01-bags_1-7.webp
28AE276398EE0F128246F238457627B2BE72227BA9CE8532785EC1455E77DBBD	C:\admirales\script_ver\script_ver\quarantine\under-review\17mov_CharacterSystem\web\photos\mp_f_freemode_01-bags_1-70.webp
5E786D7FC1D49B975D1B74951ED7BB2C079F43DAFE6E91E1FE86E4FBA3E9B4DA	C:\admirales\script_ver\script_ver\quarantine\under-review\17mov_CharacterSystem\web\photos\mp_f_freemode_01-bags_1-71.webp
B2F52E89FF7EDB046D30563193899E6A1380E39A5447EC54732B80E261ECEE08	C:\admirales\script_ver\script_ver\quarantine\under-review\17mov_CharacterSystem\web\photos\mp_f_freemode_01-bags_1-72.webp
9472FDC2463EC963AD47E42C0D2DC4B946DEA443D7BBF8DB19452CDDDC9EC8A2	C:\admirales\script_ver\script_ver\quarantine\under-review\17mov_CharacterSystem\web\photos\mp_f_freemode_01-bags_1-73.webp
3E180B6B62941B0023CA2A556AB386F7594D35632457D870631F814C1235D48D	C:\admirales\script_ver\script_ver\quarantine\under-review\17mov_CharacterSystem\web\photos\mp_f_freemode_01-bags_1-74.webp
942424D22146A5B95AA4DBADEC6BB8BE3FB5B27BA806BB620470BE56ABF1BC83	C:\admirales\script_ver\script_ver\quarantine\under-review\17mov_CharacterSystem\web\photos\mp_f_freemode_01-bags_1-75.webp
37B4E6DAA988344CFA4E77E86A74B2465CE58838988EA46FB5C8D79505C96485	C:\admirales\script_ver\script_ver\quarantine\under-review\17mov_CharacterSystem\web\photos\mp_f_freemode_01-bags_1-76.webp
B8CA0B6DADD65FC5561456F2F0F2391E98457F9820AC4A79E2A7D61EF542A213	C:\admirales\script_ver\script_ver\quarantine\under-review\17mov_CharacterSystem\web\photos\mp_f_freemode_01-bags_1-77.webp
824CDB3469363F3CF1231C7E8FFC57BAE91D8DC80BAC8E5F6B318CFBB4D1BDCB	C:\admirales\script_ver\script_ver\quarantine\under-review\17mov_CharacterSystem\web\photos\mp_f_freemode_01-bags_1-78.webp
D4A249B88B5CBA28E44E197E715CF2391F4FF04718200F97985943D9CE233DC9	C:\admirales\script_ver\script_ver\quarantine\under-review\17mov_CharacterSystem\web\photos\mp_f_freemode_01-bags_1-79.webp
326AC7BCE97DB6937D8CECF32E9CB216D39EBB507E604F9223A43C3B3E761F52	C:\admirales\script_ver\script_ver\quarantine\under-review\17mov_CharacterSystem\web\photos\mp_f_freemode_01-bags_1-8.webp
51C6F0CAA7F11C3BB192CEAD7E6ACB6DE7010751895CA4E35509BBADF5477F36	C:\admirales\script_ver\script_ver\quarantine\under-review\17mov_CharacterSystem\web\photos\mp_f_freemode_01-bags_1-80.webp
A3E4E4B31DFBBCB90C1E1EDBBB943C6176DB7F954970CDDEE642E5FD5AC6537E	C:\admirales\script_ver\script_ver\quarantine\under-review\17mov_CharacterSystem\web\photos\mp_f_freemode_01-bags_1-81.webp
AD0C252C4DCFED9A3FA2F27B0FF2BA133FA205513566013FB3AEAE64FA7B5BD3	C:\admirales\script_ver\script_ver\quarantine\under-review\17mov_CharacterSystem\web\photos\mp_f_freemode_01-bags_1-82.webp
F80AF0D27980CD0D7A3AEFCA9BACD511106D0508238CB232439EB7B00854737B	C:\admirales\script_ver\script_ver\quarantine\under-review\17mov_CharacterSystem\web\photos\mp_f_freemode_01-bags_1-83.webp
F80AF0D27980CD0D7A3AEFCA9BACD511106D0508238CB232439EB7B00854737B	C:\admirales\script_ver\script_ver\quarantine\under-review\17mov_CharacterSystem\web\photos\mp_f_freemode_01-bags_1-84.webp
1F9BE5FFB3F3DF1B0B47AEEB8160E7AF3BB9C9906462F797CD52E8C33A697C31	C:\admirales\script_ver\script_ver\quarantine\under-review\17mov_CharacterSystem\web\photos\mp_f_freemode_01-bags_1-85.webp
11737C4672DB1DA6DC4E748219518C441D79992E9CA6D54A905115D5AF201403	C:\admirales\script_ver\script_ver\quarantine\under-review\17mov_CharacterSystem\web\photos\mp_f_freemode_01-bags_1-86.webp
F80AF0D27980CD0D7A3AEFCA9BACD511106D0508238CB232439EB7B00854737B	C:\admirales\script_ver\script_ver\quarantine\under-review\17mov_CharacterSystem\web\photos\mp_f_freemode_01-bags_1-87.webp
F80AF0D27980CD0D7A3AEFCA9BACD511106D0508238CB232439EB7B00854737B	C:\admirales\script_ver\script_ver\quarantine\under-review\17mov_CharacterSystem\web\photos\mp_f_freemode_01-bags_1-88.webp
C1AE3547C8F4D5E8D982DDC53DB5AA832D5F6E27F1ECD0301BB9C0C34424345F	C:\admirales\script_ver\script_ver\quarantine\under-review\17mov_CharacterSystem\web\photos\mp_f_freemode_01-bags_1-89.webp
F80AF0D27980CD0D7A3AEFCA9BACD511106D0508238CB232439EB7B00854737B	C:\admirales\script_ver\script_ver\quarantine\under-review\17mov_CharacterSystem\web\photos\mp_f_freemode_01-bags_1-9.webp
10EBEB0DBE129FF0FE710A284559E0E6DAA71E6C5AC1FD8449494E6B2B06DEB2	C:\admirales\script_ver\script_ver\quarantine\under-review\17mov_CharacterSystem\web\photos\mp_f_freemode_01-bags_1-90.webp
02ADD1BD4FC3E52D546D876EA0DB66A957D1BC64C7B7586296FDB666C30294BA	C:\admirales\script_ver\script_ver\quarantine\under-review\17mov_CharacterSystem\web\photos\mp_f_freemode_01-bags_1-91.webp
21313F2210926DA8641B726424B2EB3EB400D9F936843BD47FACB9CCB1AB432F	C:\admirales\script_ver\script_ver\quarantine\under-review\17mov_CharacterSystem\web\photos\mp_f_freemode_01-bags_1-92.webp
854EA5A4281E9420E2924CE48C9B132F6D3F0EAC29C266B4888371028F19226C	C:\admirales\script_ver\script_ver\quarantine\under-review\17mov_CharacterSystem\web\photos\mp_f_freemode_01-bags_1-93.webp
961D961E3A3AAE113F1E4D50D4545E64B0F8B482485FA0B588CE36BAC850A55F	C:\admirales\script_ver\script_ver\quarantine\under-review\17mov_CharacterSystem\web\photos\mp_f_freemode_01-bags_1-94.webp
E74314479C3A83C4D219F5E04BB8E5B3ABBBBC870F9732ED06A75ED5C25FD9B7	C:\admirales\script_ver\script_ver\quarantine\under-review\17mov_CharacterSystem\web\photos\mp_f_freemode_01-bags_1-95.webp
568BE9D3C5A791567BA953EC8A7D9284859F22867FA05EA8C7103A2718451118	C:\admirales\script_ver\script_ver\quarantine\under-review\17mov_CharacterSystem\web\photos\mp_f_freemode_01-bags_1-96.webp
1F641493FC268C5A8E183ADA458F6B76A4F6143957F37665D850F7EFDE656412	C:\admirales\script_ver\script_ver\quarantine\under-review\17mov_CharacterSystem\web\photos\mp_f_freemode_01-bags_1-97.webp
D73E242AFB946386826D4D67574FAF9392EF38CBE07A88D82668ACF10DA18F72	C:\admirales\script_ver\script_ver\quarantine\under-review\17mov_CharacterSystem\web\photos\mp_f_freemode_01-bags_1-98.webp
724E06F23B640FB4A0C68698F65F7E85C66A5063ECC24E0F8032E6641079DB58	C:\admirales\script_ver\script_ver\quarantine\under-review\17mov_CharacterSystem\web\photos\mp_f_freemode_01-bags_1-99.webp
CE059E5B668FC6049A2B5C1A98E6B011834C4630A96B0E6E1FD7FAD58DEF9E98	C:\admirales\script_ver\script_ver\quarantine\under-review\17mov_CharacterSystem\web\photos\mp_f_freemode_01-bproof_1-0.webp
7FB45516B07041E15CD3213FBCE494F0140509E83AB1B5C56C7CEFE83A9B5357	C:\admirales\script_ver\script_ver\quarantine\under-review\17mov_CharacterSystem\web\photos\mp_f_freemode_01-bproof_1-1.webp
71E6DEB844CCDA33D726C41620BE71002E64EBF38742BF07417E5EC8CC6BE3F0	C:\admirales\script_ver\script_ver\quarantine\under-review\17mov_CharacterSystem\web\photos\mp_f_freemode_01-bproof_1-10.webp
241274C36D1C85C56C8C7863607DAAA5EE8D2A0B1AAA670D289E6F305EC26747	C:\admirales\script_ver\script_ver\quarantine\under-review\17mov_CharacterSystem\web\photos\mp_f_freemode_01-bproof_1-11.webp
B4A332279CE7889316B4B78405C0404B8B7C65C9FDB8EC35911BC08C6BE66CF9	C:\admirales\script_ver\script_ver\quarantine\under-review\17mov_CharacterSystem\web\photos\mp_f_freemode_01-bproof_1-12.webp
C411BF5874B05C70744E5AEB22AD7AEB0A01BCF0635A9F698B5E5C2CE297DFFD	C:\admirales\script_ver\script_ver\quarantine\under-review\17mov_CharacterSystem\web\photos\mp_f_freemode_01-bproof_1-13.webp
CE059E5B668FC6049A2B5C1A98E6B011834C4630A96B0E6E1FD7FAD58DEF9E98	C:\admirales\script_ver\script_ver\quarantine\under-review\17mov_CharacterSystem\web\photos\mp_f_freemode_01-bproof_1-14.webp
CE059E5B668FC6049A2B5C1A98E6B011834C4630A96B0E6E1FD7FAD58DEF9E98	C:\admirales\script_ver\script_ver\quarantine\under-review\17mov_CharacterSystem\web\photos\mp_f_freemode_01-bproof_1-15.webp
9B951092B6DF121D642A333BA709474267E004C39BC46C035891EF2CEBD39D31	C:\admirales\script_ver\script_ver\quarantine\under-review\17mov_CharacterSystem\web\photos\mp_f_freemode_01-bproof_1-16.webp
09F7C49E04A96B597B5D8D719073EEB2728EE1F63365D5D989D8AE797E6157A4	C:\admirales\script_ver\script_ver\quarantine\under-review\17mov_CharacterSystem\web\photos\mp_f_freemode_01-bproof_1-17.webp
F81C06C246F59E74883D3B9A961F2C907E825E974E20F966806900E3E5087C77	C:\admirales\script_ver\script_ver\quarantine\under-review\17mov_CharacterSystem\web\photos\mp_f_freemode_01-bproof_1-18.webp
4373730A93EB0C0F61689F9943A24375B97FA3110911BB3E2A9B35BC17AEC8FF	C:\admirales\script_ver\script_ver\quarantine\under-review\17mov_CharacterSystem\web\photos\mp_f_freemode_01-bproof_1-19.webp
F7B53304B5C90C67E7212670C0C41899777C541E1324BE989C7CE4F9DEBAF026	C:\admirales\script_ver\script_ver\quarantine\under-review\17mov_CharacterSystem\web\photos\mp_f_freemode_01-bproof_1-2.webp
927DEEDAAC1EC475E840BC625B44E4A46A9C4A7C460D66CCFD48553E9EF88A6B	C:\admirales\script_ver\script_ver\quarantine\under-review\17mov_CharacterSystem\web\photos\mp_f_freemode_01-bproof_1-20.webp
4093B5B36BA1CFDAEA44D9F4D87B9A2C9CF048551FD9E12583AB8424CCB9932C	C:\admirales\script_ver\script_ver\quarantine\under-review\17mov_CharacterSystem\web\photos\mp_f_freemode_01-bproof_1-21.webp
76338303AAA86BEF25E7149D017D910F9EAC2722305BB37717F2C6298085C062	C:\admirales\script_ver\script_ver\quarantine\under-review\17mov_CharacterSystem\web\photos\mp_f_freemode_01-bproof_1-22.webp
B558A7F20C4A6B26908B3804EF1724C48D5FEFCB1855DC2D8BC3D39A164A6E9E	C:\admirales\script_ver\script_ver\quarantine\under-review\17mov_CharacterSystem\web\photos\mp_f_freemode_01-bproof_1-23.webp
ECE8884D7C102FED9458CEF7CF409F48D4FE96EA852EFFF84F19D79F2E78A925	C:\admirales\script_ver\script_ver\quarantine\under-review\17mov_CharacterSystem\web\photos\mp_f_freemode_01-bproof_1-24.webp
69FB6419FAB173554E7DDAC26B142BFD37A06EB52AED7B04974D1F0D38FF6F70	C:\admirales\script_ver\script_ver\quarantine\under-review\17mov_CharacterSystem\web\photos\mp_f_freemode_01-bproof_1-25.webp
0AC0DB6CF6219395D977A08BFB0CD101AFC9780E397288EDC26A5D733A958AE8	C:\admirales\script_ver\script_ver\quarantine\under-review\17mov_CharacterSystem\web\photos\mp_f_freemode_01-bproof_1-26.webp
01C472CD673392068339C46BE45016B2DE0D77C64E0340A11AA1A2AEEBB8C962	C:\admirales\script_ver\script_ver\quarantine\under-review\17mov_CharacterSystem\web\photos\mp_f_freemode_01-bproof_1-27.webp
102E219EB410AFC50A40EF00814B9D00E35AFDE1685D0E135BE75DC3A435A836	C:\admirales\script_ver\script_ver\quarantine\under-review\17mov_CharacterSystem\web\photos\mp_f_freemode_01-bproof_1-28.webp
EBFEFAF38A7C47C0756D45B048ECA34E439CE1BBCCC8997BCE531C3826567EB9	C:\admirales\script_ver\script_ver\quarantine\under-review\17mov_CharacterSystem\web\photos\mp_f_freemode_01-bproof_1-29.webp
415ABD4AB6C4C55D5D8D94EAA514AF59913252F62F30E3713663FFC8BE7C7FDA	C:\admirales\script_ver\script_ver\quarantine\under-review\17mov_CharacterSystem\web\photos\mp_f_freemode_01-bproof_1-3.webp
6A19B00B82CCB6DDEC2FBBD339E97E8F8B4827E25078A77F6CF1DF58BF301B85	C:\admirales\script_ver\script_ver\quarantine\under-review\17mov_CharacterSystem\web\photos\mp_f_freemode_01-bproof_1-30.webp
E9BF8F9C96BD907CC4DC01E9C4381BB1974845DFC8372629A346DA9C934B8B4E	C:\admirales\script_ver\script_ver\quarantine\under-review\17mov_CharacterSystem\web\photos\mp_f_freemode_01-bproof_1-31.webp
6919543233A969E8E25AB00313C419D26A325FE75FCA90CD816E45A85CB8B1BD	C:\admirales\script_ver\script_ver\quarantine\under-review\17mov_CharacterSystem\web\photos\mp_f_freemode_01-bproof_1-32.webp
CE059E5B668FC6049A2B5C1A98E6B011834C4630A96B0E6E1FD7FAD58DEF9E98	C:\admirales\script_ver\script_ver\quarantine\under-review\17mov_CharacterSystem\web\photos\mp_f_freemode_01-bproof_1-33.webp
CE059E5B668FC6049A2B5C1A98E6B011834C4630A96B0E6E1FD7FAD58DEF9E98	C:\admirales\script_ver\script_ver\quarantine\under-review\17mov_CharacterSystem\web\photos\mp_f_freemode_01-bproof_1-34.webp
CE059E5B668FC6049A2B5C1A98E6B011834C4630A96B0E6E1FD7FAD58DEF9E98	C:\admirales\script_ver\script_ver\quarantine\under-review\17mov_CharacterSystem\web\photos\mp_f_freemode_01-bproof_1-35.webp
CE059E5B668FC6049A2B5C1A98E6B011834C4630A96B0E6E1FD7FAD58DEF9E98	C:\admirales\script_ver\script_ver\quarantine\under-review\17mov_CharacterSystem\web\photos\mp_f_freemode_01-bproof_1-36.webp
CE059E5B668FC6049A2B5C1A98E6B011834C4630A96B0E6E1FD7FAD58DEF9E98	C:\admirales\script_ver\script_ver\quarantine\under-review\17mov_CharacterSystem\web\photos\mp_f_freemode_01-bproof_1-37.webp
CE059E5B668FC6049A2B5C1A98E6B011834C4630A96B0E6E1FD7FAD58DEF9E98	C:\admirales\script_ver\script_ver\quarantine\under-review\17mov_CharacterSystem\web\photos\mp_f_freemode_01-bproof_1-38.webp
CE059E5B668FC6049A2B5C1A98E6B011834C4630A96B0E6E1FD7FAD58DEF9E98	C:\admirales\script_ver\script_ver\quarantine\under-review\17mov_CharacterSystem\web\photos\mp_f_freemode_01-bproof_1-39.webp
248FFA77189568F0BECD4A83B40032A231B215E62EF11B149A77EB580E72CE60	C:\admirales\script_ver\script_ver\quarantine\under-review\17mov_CharacterSystem\web\photos\mp_f_freemode_01-bproof_1-4.webp
CE059E5B668FC6049A2B5C1A98E6B011834C4630A96B0E6E1FD7FAD58DEF9E98	C:\admirales\script_ver\script_ver\quarantine\under-review\17mov_CharacterSystem\web\photos\mp_f_freemode_01-bproof_1-40.webp
CE059E5B668FC6049A2B5C1A98E6B011834C4630A96B0E6E1FD7FAD58DEF9E98	C:\admirales\script_ver\script_ver\quarantine\under-review\17mov_CharacterSystem\web\photos\mp_f_freemode_01-bproof_1-41.webp
CE059E5B668FC6049A2B5C1A98E6B011834C4630A96B0E6E1FD7FAD58DEF9E98	C:\admirales\script_ver\script_ver\quarantine\under-review\17mov_CharacterSystem\web\photos\mp_f_freemode_01-bproof_1-42.webp
CE059E5B668FC6049A2B5C1A98E6B011834C4630A96B0E6E1FD7FAD58DEF9E98	C:\admirales\script_ver\script_ver\quarantine\under-review\17mov_CharacterSystem\web\photos\mp_f_freemode_01-bproof_1-43.webp
CE059E5B668FC6049A2B5C1A98E6B011834C4630A96B0E6E1FD7FAD58DEF9E98	C:\admirales\script_ver\script_ver\quarantine\under-review\17mov_CharacterSystem\web\photos\mp_f_freemode_01-bproof_1-44.webp
CE059E5B668FC6049A2B5C1A98E6B011834C4630A96B0E6E1FD7FAD58DEF9E98	C:\admirales\script_ver\script_ver\quarantine\under-review\17mov_CharacterSystem\web\photos\mp_f_freemode_01-bproof_1-45.webp
CE059E5B668FC6049A2B5C1A98E6B011834C4630A96B0E6E1FD7FAD58DEF9E98	C:\admirales\script_ver\script_ver\quarantine\under-review\17mov_CharacterSystem\web\photos\mp_f_freemode_01-bproof_1-46.webp
CE059E5B668FC6049A2B5C1A98E6B011834C4630A96B0E6E1FD7FAD58DEF9E98	C:\admirales\script_ver\script_ver\quarantine\under-review\17mov_CharacterSystem\web\photos\mp_f_freemode_01-bproof_1-47.webp
CE059E5B668FC6049A2B5C1A98E6B011834C4630A96B0E6E1FD7FAD58DEF9E98	C:\admirales\script_ver\script_ver\quarantine\under-review\17mov_CharacterSystem\web\photos\mp_f_freemode_01-bproof_1-48.webp
CE059E5B668FC6049A2B5C1A98E6B011834C4630A96B0E6E1FD7FAD58DEF9E98	C:\admirales\script_ver\script_ver\quarantine\under-review\17mov_CharacterSystem\web\photos\mp_f_freemode_01-bproof_1-49.webp
A74B83108A4CC7BBAAB6B9C9906AFA81F0EA14B9C75613933DB5766BE0595502	C:\admirales\script_ver\script_ver\quarantine\under-review\17mov_CharacterSystem\web\photos\mp_f_freemode_01-bproof_1-5.webp
CE059E5B668FC6049A2B5C1A98E6B011834C4630A96B0E6E1FD7FAD58DEF9E98	C:\admirales\script_ver\script_ver\quarantine\under-review\17mov_CharacterSystem\web\photos\mp_f_freemode_01-bproof_1-50.webp
CE059E5B668FC6049A2B5C1A98E6B011834C4630A96B0E6E1FD7FAD58DEF9E98	C:\admirales\script_ver\script_ver\quarantine\under-review\17mov_CharacterSystem\web\photos\mp_f_freemode_01-bproof_1-51.webp
CE059E5B668FC6049A2B5C1A98E6B011834C4630A96B0E6E1FD7FAD58DEF9E98	C:\admirales\script_ver\script_ver\quarantine\under-review\17mov_CharacterSystem\web\photos\mp_f_freemode_01-bproof_1-52.webp
187897AAF9EEEB2EB30068B38A7E6ADAC0E675E09BB5473C142ADBF53357A562	C:\admirales\script_ver\script_ver\quarantine\under-review\17mov_CharacterSystem\web\photos\mp_f_freemode_01-bproof_1-53.webp
C4CA9D23AD8C8AE70183EC1B5D5835C9AAA524BB7B9434FE672C2EBE2DC10723	C:\admirales\script_ver\script_ver\quarantine\under-review\17mov_CharacterSystem\web\photos\mp_f_freemode_01-bproof_1-54.webp
118210331EA6B8FB36C209727928B8E76F82D185D0B8A69EE47CE4B1B6D7FF81	C:\admirales\script_ver\script_ver\quarantine\under-review\17mov_CharacterSystem\web\photos\mp_f_freemode_01-bproof_1-55.webp
CE059E5B668FC6049A2B5C1A98E6B011834C4630A96B0E6E1FD7FAD58DEF9E98	C:\admirales\script_ver\script_ver\quarantine\under-review\17mov_CharacterSystem\web\photos\mp_f_freemode_01-bproof_1-56.webp
4C4E47BA46F0BEA23650987F7FD0D554EA9732FFD3525CFF27CA09C2DC4CB1FA	C:\admirales\script_ver\script_ver\quarantine\under-review\17mov_CharacterSystem\web\photos\mp_f_freemode_01-bproof_1-57.webp
6FD10D1B581146F2DFDE9206916FAADF78400163551F703348EC90F3F8E398F1	C:\admirales\script_ver\script_ver\quarantine\under-review\17mov_CharacterSystem\web\photos\mp_f_freemode_01-bproof_1-58.webp
1CF593A2A7E42CCB151B055F739A4E3E0740010036D64577654C540EDDFAA445	C:\admirales\script_ver\script_ver\quarantine\under-review\17mov_CharacterSystem\web\photos\mp_f_freemode_01-bproof_1-59.webp
F9D2D6ECBC1CAB5DF848802E7391FD0B7109AFC0B10E027CE9CE0FACDED235AD	C:\admirales\script_ver\script_ver\quarantine\under-review\17mov_CharacterSystem\web\photos\mp_f_freemode_01-bproof_1-6.webp
1FD820C0D0EDA4D360DA5FA4F942A8EB7BF4751C3C327EA3ED7F411E37B7A9C4	C:\admirales\script_ver\script_ver\quarantine\under-review\17mov_CharacterSystem\web\photos\mp_f_freemode_01-bproof_1-60.webp
6DD492E94A6E0A19AED93FEF66212F54B9504B3FC044D2348039DD3EB99ECE3A	C:\admirales\script_ver\script_ver\quarantine\under-review\17mov_CharacterSystem\web\photos\mp_f_freemode_01-bproof_1-61.webp
CE059E5B668FC6049A2B5C1A98E6B011834C4630A96B0E6E1FD7FAD58DEF9E98	C:\admirales\script_ver\script_ver\quarantine\under-review\17mov_CharacterSystem\web\photos\mp_f_freemode_01-bproof_1-62.webp
43855556E57A345E74C4E23FDC32B4813FE0C6254C81B2AA44DE2635247AABB2	C:\admirales\script_ver\script_ver\quarantine\under-review\17mov_CharacterSystem\web\photos\mp_f_freemode_01-bproof_1-7.webp
797C2D82ECE84DD6C8AD9EFD9A305A0943A80441703610B770BE737F44F14D7F	C:\admirales\script_ver\script_ver\quarantine\under-review\17mov_CharacterSystem\web\photos\mp_f_freemode_01-bproof_1-8.webp
46D9710950B3B21211F8E9C09E5773C0024D38443628E6BCAE7054A6E38B0A57	C:\admirales\script_ver\script_ver\quarantine\under-review\17mov_CharacterSystem\web\photos\mp_f_freemode_01-bproof_1-9.webp
F80AF0D27980CD0D7A3AEFCA9BACD511106D0508238CB232439EB7B00854737B	C:\admirales\script_ver\script_ver\quarantine\under-review\17mov_CharacterSystem\web\photos\mp_f_freemode_01-bracelets_1-0.webp
76D6577A35454ED9018045C3B3FD6CD1D9CB3B8DEC5F199538A6A3E5C7755FBF	C:\admirales\script_ver\script_ver\quarantine\under-review\17mov_CharacterSystem\web\photos\mp_f_freemode_01-bracelets_1-1.webp
5E30C08F11995CDF8CA6AC67B97AF1A40EB65613D1F18D73B158855EE99D00E3	C:\admirales\script_ver\script_ver\quarantine\under-review\17mov_CharacterSystem\web\photos\mp_f_freemode_01-bracelets_1-10.webp
1098A348822A9E755A1F77CA916AB4CFB1FCF1BFF2B4BCC6B22DBFF3E89A9E37	C:\admirales\script_ver\script_ver\quarantine\under-review\17mov_CharacterSystem\web\photos\mp_f_freemode_01-bracelets_1-11.webp
96776464DA1E8263A9D0B13D09E9D313A45901EF83BC5D21C8934DBD81D652AB	C:\admirales\script_ver\script_ver\quarantine\under-review\17mov_CharacterSystem\web\photos\mp_f_freemode_01-bracelets_1-12.webp
B768FEDCEDB836D6559207C7ECF7BB4C0D88C31760524321336CBC5F09777469	C:\admirales\script_ver\script_ver\quarantine\under-review\17mov_CharacterSystem\web\photos\mp_f_freemode_01-bracelets_1-13.webp
80FF02FE1A8565537F8623A5F51D6122FE6B3DBF9ECFC526A211C6453A351EDB	C:\admirales\script_ver\script_ver\quarantine\under-review\17mov_CharacterSystem\web\photos\mp_f_freemode_01-bracelets_1-14.webp
C13BAE8705934FB7189FC3B0657DB552C25C6138E6CEC1FE0E4B8F84FDEA01A6	C:\admirales\script_ver\script_ver\quarantine\under-review\17mov_CharacterSystem\web\photos\mp_f_freemode_01-bracelets_1-15.webp
9B2FFA6179556D25D974E0E2C94A81EE9867FDEA8B89697A7A1A09332D763959	C:\admirales\script_ver\script_ver\quarantine\under-review\17mov_CharacterSystem\web\photos\mp_f_freemode_01-bracelets_1-16.webp
DFFA794472B8DFA2CFE8DB01FC916892110AB314B4EAE509EA7ACEFA7BDC89E5	C:\admirales\script_ver\script_ver\quarantine\under-review\17mov_CharacterSystem\web\photos\mp_f_freemode_01-bracelets_1-17.webp
41707C713BEA451780B271AD281F122859D7E5997AB624863B52F1EE4A372453	C:\admirales\script_ver\script_ver\quarantine\under-review\17mov_CharacterSystem\web\photos\mp_f_freemode_01-bracelets_1-18.webp
E45261C6B95997237624BAABEBE0A03722F8AE9C50AC54B006A942CDC3396589	C:\admirales\script_ver\script_ver\quarantine\under-review\17mov_CharacterSystem\web\photos\mp_f_freemode_01-bracelets_1-19.webp
35B0CF22FE83D8D5448ABC331AB899F101F6C2C84E76D29777474C6386ED3449	C:\admirales\script_ver\script_ver\quarantine\under-review\17mov_CharacterSystem\web\photos\mp_f_freemode_01-bracelets_1-2.webp
F5AB2A048D7EEBE93601F4A881C07900F0CFE70B9D127D79C0D40775C4A183E6	C:\admirales\script_ver\script_ver\quarantine\under-review\17mov_CharacterSystem\web\photos\mp_f_freemode_01-bracelets_1-20.webp
C438BAE16DFE8D8101158202A4B8009D57662A5819376CCA4399A3784D640FD1	C:\admirales\script_ver\script_ver\quarantine\under-review\17mov_CharacterSystem\web\photos\mp_f_freemode_01-bracelets_1-21.webp
9D842E6E82EF98BCC9DF9ABB114D6730DFB00B3747A394645D7342037689A8ED	C:\admirales\script_ver\script_ver\quarantine\under-review\17mov_CharacterSystem\web\photos\mp_f_freemode_01-bracelets_1-3.webp
917477B7504BF4780103B09EE544DF9F087F9838F636BB1F6B4F17788F206170	C:\admirales\script_ver\script_ver\quarantine\under-review\17mov_CharacterSystem\web\photos\mp_f_freemode_01-bracelets_1-4.webp
4F141707868D1841AFA04C5F28780F707E99C376F47514417E56072841BC9924	C:\admirales\script_ver\script_ver\quarantine\under-review\17mov_CharacterSystem\web\photos\mp_f_freemode_01-bracelets_1-5.webp
DFA8895FEB2EBACD61A8F881D1588501B28917C4CDEFDE7FE1B1377812711F40	C:\admirales\script_ver\script_ver\quarantine\under-review\17mov_CharacterSystem\web\photos\mp_f_freemode_01-bracelets_1-6.webp
211A05601200FCD3D389DF2117EDDFA777F74C296588EA9D316AB72A28BE9ACD	C:\admirales\script_ver\script_ver\quarantine\under-review\17mov_CharacterSystem\web\photos\mp_f_freemode_01-bracelets_1-7.webp
50086FE6925A1233128FB7A304E5CF4D7F5DEFEC2D2A75459999A624B0C2B709	C:\admirales\script_ver\script_ver\quarantine\under-review\17mov_CharacterSystem\web\photos\mp_f_freemode_01-bracelets_1-8.webp
42DE4E589150F6863EBA7CB69EFB459B5633891C1AB5750BE637CB27E565537D	C:\admirales\script_ver\script_ver\quarantine\under-review\17mov_CharacterSystem\web\photos\mp_f_freemode_01-bracelets_1-9.webp
E4E91BED05B908069C7503CB4BEC154C48DC025C7F161EBAC24C59191C9D013D	C:\admirales\script_ver\script_ver\quarantine\under-review\17mov_CharacterSystem\web\photos\mp_f_freemode_01-chain_1-0.webp
8D7CEEB74AD804BA87FD32011004267A3EFDFD14C14A6F2D42AB27AB869D3BA4	C:\admirales\script_ver\script_ver\quarantine\under-review\17mov_CharacterSystem\web\photos\mp_f_freemode_01-chain_1-1.webp
585EC0D9CDD2A336A7E5B2EC03318B1836E0AF4B886F05DC1F47F805780309BC	C:\admirales\script_ver\script_ver\quarantine\under-review\17mov_CharacterSystem\web\photos\mp_f_freemode_01-chain_1-10.webp
E49B4740C79EB86642F4B52E98304238259DE7531E55C6591F955EB6758D79A6	C:\admirales\script_ver\script_ver\quarantine\under-review\17mov_CharacterSystem\web\photos\mp_f_freemode_01-chain_1-100.webp
45742FE2A16F2D79D35A53CB2A3D01BA09D797493B818FED58DB2A65C1C02DAC	C:\admirales\script_ver\script_ver\quarantine\under-review\17mov_CharacterSystem\web\photos\mp_f_freemode_01-chain_1-101.webp
94F1806B7554862F14825748FA3646ADD9B94E259E22A6BE9B5660625E504FFA	C:\admirales\script_ver\script_ver\quarantine\under-review\17mov_CharacterSystem\web\photos\mp_f_freemode_01-chain_1-102.webp
5193DA9A2183708118235BCDFFBB2D37107F8115C52E4278482A79A367F3A591	C:\admirales\script_ver\script_ver\quarantine\under-review\17mov_CharacterSystem\web\photos\mp_f_freemode_01-chain_1-103.webp
66EBDF0B78FE64D817D09BD87FD2EA91370C5D657A2AE58C635CD615E8368691	C:\admirales\script_ver\script_ver\quarantine\under-review\17mov_CharacterSystem\web\photos\mp_f_freemode_01-chain_1-104.webp
16DDDF6ED34C0B570FAB2B45596483376D5A84C384023837687E6965003B9350	C:\admirales\script_ver\script_ver\quarantine\under-review\17mov_CharacterSystem\web\photos\mp_f_freemode_01-chain_1-105.webp
A612C70229662914FC4849D46D4597EFE73DAB05D1D5E78CA2CC8F6FB6D19DB0	C:\admirales\script_ver\script_ver\quarantine\under-review\17mov_CharacterSystem\web\photos\mp_f_freemode_01-chain_1-106.webp
8E25181918D5578BBFC4CA5D9D7FABEA96DEA1F420815A2EDFE4D1F7530B7002	C:\admirales\script_ver\script_ver\quarantine\under-review\17mov_CharacterSystem\web\photos\mp_f_freemode_01-chain_1-107.webp
29712D52E549DEB6DECFDB12A09F766DA73D4AD9D779DC3F32691CCF524E2D62	C:\admirales\script_ver\script_ver\quarantine\under-review\17mov_CharacterSystem\web\photos\mp_f_freemode_01-chain_1-108.webp
F28280D1C0C7528ACF527286322A9A3ABFD70846900778363AF2C1E1E63007B0	C:\admirales\script_ver\script_ver\quarantine\under-review\17mov_CharacterSystem\web\photos\mp_f_freemode_01-chain_1-109.webp
DF61624C74298CA3169DEF36453000EF63609B0E3408562BE6A1261AB60489D5	C:\admirales\script_ver\script_ver\quarantine\under-review\17mov_CharacterSystem\web\photos\mp_f_freemode_01-chain_1-11.webp
50FCC4DF11780AD67E6FE7FECDCDAED79809E8B52F962BA25D138F06BAFF8B1B	C:\admirales\script_ver\script_ver\quarantine\under-review\17mov_CharacterSystem\web\photos\mp_f_freemode_01-chain_1-110.webp
8E20DE1BFCD546212853BF76EAF90148136EEDCADD7F02571BE72C41C7220242	C:\admirales\script_ver\script_ver\quarantine\under-review\17mov_CharacterSystem\web\photos\mp_f_freemode_01-chain_1-111.webp
A76039D4F529B676A9E2AAFAA346F37D30278024EF91718C9A8777FFBCD14F83	C:\admirales\script_ver\script_ver\quarantine\under-review\17mov_CharacterSystem\web\photos\mp_f_freemode_01-chain_1-112.webp
1911AFD3C45610676932C007A4DA8640E358938262C45F39874B1F871AE5D022	C:\admirales\script_ver\script_ver\quarantine\under-review\17mov_CharacterSystem\web\photos\mp_f_freemode_01-chain_1-113.webp
4F906CA4427800850037BC38ACEAD4C51468402318F50E68C31E98F955B994DF	C:\admirales\script_ver\script_ver\quarantine\under-review\17mov_CharacterSystem\web\photos\mp_f_freemode_01-chain_1-114.webp
1B0E75FA6545BECCABDC5BEB8339A660A4FA332EE9D1EE39209F8AC4B03CA819	C:\admirales\script_ver\script_ver\quarantine\under-review\17mov_CharacterSystem\web\photos\mp_f_freemode_01-chain_1-115.webp
F8ED119432D2D8AF32420141BCCDCD67CA8111EF1924F79C4D71B38EFD11ABCE	C:\admirales\script_ver\script_ver\quarantine\under-review\17mov_CharacterSystem\web\photos\mp_f_freemode_01-chain_1-116.webp
054819EEDD2A5C53312610CF7191E6D2CEA4F81943C1C7C7CA099F67A1EA4A34	C:\admirales\script_ver\script_ver\quarantine\under-review\17mov_CharacterSystem\web\photos\mp_f_freemode_01-chain_1-117.webp
8492977305EB5C3369D25FBE2F1140613E52093A5D7F0918A60398F5EB6668D7	C:\admirales\script_ver\script_ver\quarantine\under-review\17mov_CharacterSystem\web\photos\mp_f_freemode_01-chain_1-118.webp
5B8CE8318674A810FE4778EF98792B88EEC7D7B79F3C48F205DF3A1C7BAD4992	C:\admirales\script_ver\script_ver\quarantine\under-review\17mov_CharacterSystem\web\photos\mp_f_freemode_01-chain_1-119.webp
D1DA6DFF608E67C37F92B23EA060B9DE2437FCB8A8703BDDA2340E20EC828B83	C:\admirales\script_ver\script_ver\quarantine\under-review\17mov_CharacterSystem\web\photos\mp_f_freemode_01-chain_1-12.webp
88CD788397580888F9E5A99656433E33AC4C9002AA55DCAE65D17A4E72675D04	C:\admirales\script_ver\script_ver\quarantine\under-review\17mov_CharacterSystem\web\photos\mp_f_freemode_01-chain_1-120.webp
74871619DFFEB9E2AA9E3DFFE5EE4B465AE1E03017EC8C94010AEA35CC0E7A2D	C:\admirales\script_ver\script_ver\quarantine\under-review\17mov_CharacterSystem\web\photos\mp_f_freemode_01-chain_1-121.webp
8C770C8677F9A2985467BBD9A9E4283089A24C59FF1BE725510044130050F050	C:\admirales\script_ver\script_ver\quarantine\under-review\17mov_CharacterSystem\web\photos\mp_f_freemode_01-chain_1-122.webp
4634BB2012B3856E16B3D0DCA981A4FAEBB8ADBDB8FF303E61F1276A15B215BD	C:\admirales\script_ver\script_ver\quarantine\under-review\17mov_CharacterSystem\web\photos\mp_f_freemode_01-chain_1-123.webp
2DA204DB8B646A0C8BFDA680B9FF63C8CBD19B3AA05331FFBEB808E3D7CF7DB9	C:\admirales\script_ver\script_ver\quarantine\under-review\17mov_CharacterSystem\web\photos\mp_f_freemode_01-chain_1-124.webp
90AFDE501734D52EEE131A63A3361916C9D9B9BCC30C7548051B05E45911280F	C:\admirales\script_ver\script_ver\quarantine\under-review\17mov_CharacterSystem\web\photos\mp_f_freemode_01-chain_1-125.webp
A6E8C0CB9373600843939E23778411086697A74B4812EFDC8F149EFCC00A18BC	C:\admirales\script_ver\script_ver\quarantine\under-review\17mov_CharacterSystem\web\photos\mp_f_freemode_01-chain_1-126.webp
58DF24A90BADA90E3F507057A882D09EDAD3C1374114FA2D430A15D069104C1F	C:\admirales\script_ver\script_ver\quarantine\under-review\17mov_CharacterSystem\web\photos\mp_f_freemode_01-chain_1-127.webp
DF941E9C6BF573CBBB6C5645F0FE33DF05F95C4D8344D1854448B7A2C85E5FE4	C:\admirales\script_ver\script_ver\quarantine\under-review\17mov_CharacterSystem\web\photos\mp_f_freemode_01-chain_1-128.webp
39FFCD42E8213FD65B78239FB559AE03380E1DAC74B490480F3B8F0290A6C89D	C:\admirales\script_ver\script_ver\quarantine\under-review\17mov_CharacterSystem\web\photos\mp_f_freemode_01-chain_1-129.webp
80C7711B0F9AF2A6A26B39432D6B45ACBB2B898DC6499A792F2B7CBF7F9B7BE9	C:\admirales\script_ver\script_ver\quarantine\under-review\17mov_CharacterSystem\web\photos\mp_f_freemode_01-chain_1-13.webp
A308535915B78163E8C41A2AFA82E7FC6F4492BB3C2D0D2DF6D43AB9186545D7	C:\admirales\script_ver\script_ver\quarantine\under-review\17mov_CharacterSystem\web\photos\mp_f_freemode_01-chain_1-130.webp
9953E69B54F925173FE877F85A0292741590FC8C13EBB8F732652092AA680EF1	C:\admirales\script_ver\script_ver\quarantine\under-review\17mov_CharacterSystem\web\photos\mp_f_freemode_01-chain_1-131.webp
85354F0BCA21B3AB93E9826D94DC948330E68899BF19666DD7F9CABA7D6C83C8	C:\admirales\script_ver\script_ver\quarantine\under-review\17mov_CharacterSystem\web\photos\mp_f_freemode_01-chain_1-132.webp
37A100A3F5D68E2BF145F0BF6CB4C5B2015F6573E7A3BF1C75171E2B1DC9535E	C:\admirales\script_ver\script_ver\quarantine\under-review\17mov_CharacterSystem\web\photos\mp_f_freemode_01-chain_1-133.webp
B3A58A88E9FEB63CFD85D98ECD11F1930995F4D3E29343CE9B62DAE5AB31CFEC	C:\admirales\script_ver\script_ver\quarantine\under-review\17mov_CharacterSystem\web\photos\mp_f_freemode_01-chain_1-134.webp
EA53D368EB89AF11F1B546840CE16CEF20DDDAC9BDB75D6DE7E2499305CF43B5	C:\admirales\script_ver\script_ver\quarantine\under-review\17mov_CharacterSystem\web\photos\mp_f_freemode_01-chain_1-135.webp
585EC0D9CDD2A336A7E5B2EC03318B1836E0AF4B886F05DC1F47F805780309BC	C:\admirales\script_ver\script_ver\quarantine\under-review\17mov_CharacterSystem\web\photos\mp_f_freemode_01-chain_1-136.webp
585EC0D9CDD2A336A7E5B2EC03318B1836E0AF4B886F05DC1F47F805780309BC	C:\admirales\script_ver\script_ver\quarantine\under-review\17mov_CharacterSystem\web\photos\mp_f_freemode_01-chain_1-137.webp
7251CFB1A627C88A2016B9B3F931484917965DE40952C9D8DBA21FC79B917E94	C:\admirales\script_ver\script_ver\quarantine\under-review\17mov_CharacterSystem\web\photos\mp_f_freemode_01-chain_1-138.webp
7251CFB1A627C88A2016B9B3F931484917965DE40952C9D8DBA21FC79B917E94	C:\admirales\script_ver\script_ver\quarantine\under-review\17mov_CharacterSystem\web\photos\mp_f_freemode_01-chain_1-139.webp
585EC0D9CDD2A336A7E5B2EC03318B1836E0AF4B886F05DC1F47F805780309BC	C:\admirales\script_ver\script_ver\quarantine\under-review\17mov_CharacterSystem\web\photos\mp_f_freemode_01-chain_1-14.webp
7251CFB1A627C88A2016B9B3F931484917965DE40952C9D8DBA21FC79B917E94	C:\admirales\script_ver\script_ver\quarantine\under-review\17mov_CharacterSystem\web\photos\mp_f_freemode_01-chain_1-140.webp
A84313E4802BBD821837BAB5A8FE6DB4593FDE0604791AB443BC82C5D1B31FAD	C:\admirales\script_ver\script_ver\quarantine\under-review\17mov_CharacterSystem\web\photos\mp_f_freemode_01-chain_1-141.webp
A5A22D6096C1DDDFC7CD580DB854BB32626968D93A07273C403599C3A05740BF	C:\admirales\script_ver\script_ver\quarantine\under-review\17mov_CharacterSystem\web\photos\mp_f_freemode_01-chain_1-142.webp
7251CFB1A627C88A2016B9B3F931484917965DE40952C9D8DBA21FC79B917E94	C:\admirales\script_ver\script_ver\quarantine\under-review\17mov_CharacterSystem\web\photos\mp_f_freemode_01-chain_1-143.webp
7251CFB1A627C88A2016B9B3F931484917965DE40952C9D8DBA21FC79B917E94	C:\admirales\script_ver\script_ver\quarantine\under-review\17mov_CharacterSystem\web\photos\mp_f_freemode_01-chain_1-144.webp
15C6F88290F7D4E87D0D9DD0BEEBE9CA6566CEC82CAB4B3385A8834319BA8117	C:\admirales\script_ver\script_ver\quarantine\under-review\17mov_CharacterSystem\web\photos\mp_f_freemode_01-chain_1-145.webp
57EC69C51026B55F8E0A471905AE429EF4AEBDB2AA96341D46176A2EBF5336A1	C:\admirales\script_ver\script_ver\quarantine\under-review\17mov_CharacterSystem\web\photos\mp_f_freemode_01-chain_1-146.webp
CB0A01EC21C46B1FB2A1BD0017BA4B506350514005763EF158EF791ED9CF65FD	C:\admirales\script_ver\script_ver\quarantine\under-review\17mov_CharacterSystem\web\photos\mp_f_freemode_01-chain_1-147.webp
E4E91BED05B908069C7503CB4BEC154C48DC025C7F161EBAC24C59191C9D013D	C:\admirales\script_ver\script_ver\quarantine\under-review\17mov_CharacterSystem\web\photos\mp_f_freemode_01-chain_1-148.webp
0696FF01751B42CC947061A3FA8357FDC1E0D193B54B30F2C40723DD99FFFEA7	C:\admirales\script_ver\script_ver\quarantine\under-review\17mov_CharacterSystem\web\photos\mp_f_freemode_01-chain_1-15.webp
15C259CBACC9B4195DBEC760587B7BD8E98315F7E1017D2F00B24CCB98CD7516	C:\admirales\script_ver\script_ver\quarantine\under-review\17mov_CharacterSystem\web\photos\mp_f_freemode_01-chain_1-16.webp
44BFD974419E284C7EB3E92E195CB31FFDEB4B53C94FC7306D83E001A979B895	C:\admirales\script_ver\script_ver\quarantine\under-review\17mov_CharacterSystem\web\photos\mp_f_freemode_01-chain_1-17.webp
4C67BA74BF0F31D4BE43D3750D28BC4DED43C678A12211EBAC3F972E402A25B8	C:\admirales\script_ver\script_ver\quarantine\under-review\17mov_CharacterSystem\web\photos\mp_f_freemode_01-chain_1-18.webp
0FB16311D6662065414505403DF149A5772CFB9D65B03CD4917396DF30A288BF	C:\admirales\script_ver\script_ver\quarantine\under-review\17mov_CharacterSystem\web\photos\mp_f_freemode_01-chain_1-19.webp
66530E3AACD1E74CE3AB5D29754B3D1D37B8D778ED5B45FC90469B21C81EFDFF	C:\admirales\script_ver\script_ver\quarantine\under-review\17mov_CharacterSystem\web\photos\mp_f_freemode_01-chain_1-2.webp
9FD4AB8BE524DFE832509ACEAD900DEED0863147F31B6D848BFE85C587A8287C	C:\admirales\script_ver\script_ver\quarantine\under-review\17mov_CharacterSystem\web\photos\mp_f_freemode_01-chain_1-20.webp
DD82163498739A2CB9322F00864551ACF5CAA0DC57C3B8AD26A284E6E56AF542	C:\admirales\script_ver\script_ver\quarantine\under-review\17mov_CharacterSystem\web\photos\mp_f_freemode_01-chain_1-21.webp
13C4D99EA15450775C359FB6B819AC67047433CCC6E04B4C5E34C6A9AD0F5B17	C:\admirales\script_ver\script_ver\quarantine\under-review\17mov_CharacterSystem\web\photos\mp_f_freemode_01-chain_1-22.webp
A43FF2AFBAA1083E791CE20B211B93E6636FF65FB98ABF7AB3B52F73E8EA585B	C:\admirales\script_ver\script_ver\quarantine\under-review\17mov_CharacterSystem\web\photos\mp_f_freemode_01-chain_1-23.webp
1EC0DBC9866AD329EE2DC22B18E58621E8CF1FAC1577E9CC279DA1F64850385A	C:\admirales\script_ver\script_ver\quarantine\under-review\17mov_CharacterSystem\web\photos\mp_f_freemode_01-chain_1-24.webp
585EC0D9CDD2A336A7E5B2EC03318B1836E0AF4B886F05DC1F47F805780309BC	C:\admirales\script_ver\script_ver\quarantine\under-review\17mov_CharacterSystem\web\photos\mp_f_freemode_01-chain_1-25.webp
C3D9F78934B1601BB931FED23E7D50CCD950D9A73040008848E6D3D48A8BB6EC	C:\admirales\script_ver\script_ver\quarantine\under-review\17mov_CharacterSystem\web\photos\mp_f_freemode_01-chain_1-26.webp
85F6B414B70F30C7B7E26AA1FD4C06F3B2A72BDFD1DDA1BC157D46BAE20EEDFE	C:\admirales\script_ver\script_ver\quarantine\under-review\17mov_CharacterSystem\web\photos\mp_f_freemode_01-chain_1-27.webp
4461A5137B26A2D7B4B51742F09B8FF3E84565ADA069BB43C5B9439B8E805F34	C:\admirales\script_ver\script_ver\quarantine\under-review\17mov_CharacterSystem\web\photos\mp_f_freemode_01-chain_1-28.webp
9CDB052868D25CC91CE1DC7D48CE96F1BA88C2307422BDA2834F5FA4A73EC80A	C:\admirales\script_ver\script_ver\quarantine\under-review\17mov_CharacterSystem\web\photos\mp_f_freemode_01-chain_1-29.webp
585EC0D9CDD2A336A7E5B2EC03318B1836E0AF4B886F05DC1F47F805780309BC	C:\admirales\script_ver\script_ver\quarantine\under-review\17mov_CharacterSystem\web\photos\mp_f_freemode_01-chain_1-3.webp
768B7697422C1FD20AA33A41A702F5F57CE400CE632EA29E690E2E2F3295EA52	C:\admirales\script_ver\script_ver\quarantine\under-review\17mov_CharacterSystem\web\photos\mp_f_freemode_01-chain_1-30.webp
6590EB93E4B2D6A5C58C471361D163C5AB38FAF3AA54566524BB4B28ED049C8A	C:\admirales\script_ver\script_ver\quarantine\under-review\17mov_CharacterSystem\web\photos\mp_f_freemode_01-chain_1-31.webp
040F5D9FFFF8679D863BCC96FE926FB45BE73486569B4334910F852AF6F6E834	C:\admirales\script_ver\script_ver\quarantine\under-review\17mov_CharacterSystem\web\photos\mp_f_freemode_01-chain_1-32.webp
BF489A54286C7D28865712824F7E45C7419659932F1D61A3791B05FF89B124CD	C:\admirales\script_ver\script_ver\quarantine\under-review\17mov_CharacterSystem\web\photos\mp_f_freemode_01-chain_1-33.webp
48420AC1213D6A8E7F5F5027E6095DD4D254349893F513EC2AD773E6FC94BFBB	C:\admirales\script_ver\script_ver\quarantine\under-review\17mov_CharacterSystem\web\photos\mp_f_freemode_01-chain_1-34.webp
601C3D04C52B098F9F57543B13CB698988AD55A8A158EAA268A18696441FC5A2	C:\admirales\script_ver\script_ver\quarantine\under-review\17mov_CharacterSystem\web\photos\mp_f_freemode_01-chain_1-35.webp
8DA7F02F3E7E488AE2150B126A9426AFB00D25B5D4AC6F5708B13F5F90E8C120	C:\admirales\script_ver\script_ver\quarantine\under-review\17mov_CharacterSystem\web\photos\mp_f_freemode_01-chain_1-36.webp
8504E6936A9697F8A762C4DAA4F5DB0FF0843EB72164D7D94C07227F5FC22C61	C:\admirales\script_ver\script_ver\quarantine\under-review\17mov_CharacterSystem\web\photos\mp_f_freemode_01-chain_1-37.webp
B6C4DF2B28805ED44959618024EC81191F3E385E0818FF95844EE696D248EE7D	C:\admirales\script_ver\script_ver\quarantine\under-review\17mov_CharacterSystem\web\photos\mp_f_freemode_01-chain_1-38.webp
493A0FF3AA4AD9C804216E42B6B26B0FF643E6896115E6A1A7DD8B5A88B4BCCA	C:\admirales\script_ver\script_ver\quarantine\under-review\17mov_CharacterSystem\web\photos\mp_f_freemode_01-chain_1-39.webp
585EC0D9CDD2A336A7E5B2EC03318B1836E0AF4B886F05DC1F47F805780309BC	C:\admirales\script_ver\script_ver\quarantine\under-review\17mov_CharacterSystem\web\photos\mp_f_freemode_01-chain_1-4.webp
A5A7B378C0D572CE7325EC8F636BDBF17C28590A0983B07239874DE35E12D09C	C:\admirales\script_ver\script_ver\quarantine\under-review\17mov_CharacterSystem\web\photos\mp_f_freemode_01-chain_1-40.webp
222437356F04C9620760A2134B36A7294B5B9A869891F4320136B73E5EBEAB44	C:\admirales\script_ver\script_ver\quarantine\under-review\17mov_CharacterSystem\web\photos\mp_f_freemode_01-chain_1-41.webp
96855543D8C659099D73BFB02343777494CE1ECA4E183928F0BE83CB7B3CF63E	C:\admirales\script_ver\script_ver\quarantine\under-review\17mov_CharacterSystem\web\photos\mp_f_freemode_01-chain_1-42.webp
B2456C6304C560DF13457A30EAC2977B0AAC5B34A7ABFE1C652C33FE5DA5659E	C:\admirales\script_ver\script_ver\quarantine\under-review\17mov_CharacterSystem\web\photos\mp_f_freemode_01-chain_1-43.webp
B2456C6304C560DF13457A30EAC2977B0AAC5B34A7ABFE1C652C33FE5DA5659E	C:\admirales\script_ver\script_ver\quarantine\under-review\17mov_CharacterSystem\web\photos\mp_f_freemode_01-chain_1-44.webp
B2456C6304C560DF13457A30EAC2977B0AAC5B34A7ABFE1C652C33FE5DA5659E	C:\admirales\script_ver\script_ver\quarantine\under-review\17mov_CharacterSystem\web\photos\mp_f_freemode_01-chain_1-45.webp
B2456C6304C560DF13457A30EAC2977B0AAC5B34A7ABFE1C652C33FE5DA5659E	C:\admirales\script_ver\script_ver\quarantine\under-review\17mov_CharacterSystem\web\photos\mp_f_freemode_01-chain_1-46.webp
B2456C6304C560DF13457A30EAC2977B0AAC5B34A7ABFE1C652C33FE5DA5659E	C:\admirales\script_ver\script_ver\quarantine\under-review\17mov_CharacterSystem\web\photos\mp_f_freemode_01-chain_1-47.webp
B2456C6304C560DF13457A30EAC2977B0AAC5B34A7ABFE1C652C33FE5DA5659E	C:\admirales\script_ver\script_ver\quarantine\under-review\17mov_CharacterSystem\web\photos\mp_f_freemode_01-chain_1-48.webp
B2456C6304C560DF13457A30EAC2977B0AAC5B34A7ABFE1C652C33FE5DA5659E	C:\admirales\script_ver\script_ver\quarantine\under-review\17mov_CharacterSystem\web\photos\mp_f_freemode_01-chain_1-49.webp
585EC0D9CDD2A336A7E5B2EC03318B1836E0AF4B886F05DC1F47F805780309BC	C:\admirales\script_ver\script_ver\quarantine\under-review\17mov_CharacterSystem\web\photos\mp_f_freemode_01-chain_1-5.webp
B2456C6304C560DF13457A30EAC2977B0AAC5B34A7ABFE1C652C33FE5DA5659E	C:\admirales\script_ver\script_ver\quarantine\under-review\17mov_CharacterSystem\web\photos\mp_f_freemode_01-chain_1-50.webp
B2456C6304C560DF13457A30EAC2977B0AAC5B34A7ABFE1C652C33FE5DA5659E	C:\admirales\script_ver\script_ver\quarantine\under-review\17mov_CharacterSystem\web\photos\mp_f_freemode_01-chain_1-51.webp
B2456C6304C560DF13457A30EAC2977B0AAC5B34A7ABFE1C652C33FE5DA5659E	C:\admirales\script_ver\script_ver\quarantine\under-review\17mov_CharacterSystem\web\photos\mp_f_freemode_01-chain_1-52.webp
6FC08FD8506A244B340D2B838BE9FE074E5261325A85899ADA491F6221E0E991	C:\admirales\script_ver\script_ver\quarantine\under-review\17mov_CharacterSystem\web\photos\mp_f_freemode_01-chain_1-53.webp
1A24C6BFD38BE93CF25E94F2C2B5A88223C6939C22CF56393ED0C612F1F621ED	C:\admirales\script_ver\script_ver\quarantine\under-review\17mov_CharacterSystem\web\photos\mp_f_freemode_01-chain_1-54.webp
730FDB3AB278A0A935F36514317D5ED75547A78AEF9639F658D84B8871F8E800	C:\admirales\script_ver\script_ver\quarantine\under-review\17mov_CharacterSystem\web\photos\mp_f_freemode_01-chain_1-55.webp
B3CAA52B899B23501D0C7357A8559EDF231A00F79A281E29D428C503E3D2A5E4	C:\admirales\script_ver\script_ver\quarantine\under-review\17mov_CharacterSystem\web\photos\mp_f_freemode_01-chain_1-56.webp
72983FF36CA11EDFC483B73C97F4945D9812831795519D5BE654C0530D30FA6C	C:\admirales\script_ver\script_ver\quarantine\under-review\17mov_CharacterSystem\web\photos\mp_f_freemode_01-chain_1-57.webp
C462184A63497DC5A2935ADA2D1B1A8781583B7C1541A243A5263FB897C6B786	C:\admirales\script_ver\script_ver\quarantine\under-review\17mov_CharacterSystem\web\photos\mp_f_freemode_01-chain_1-58.webp
5AC5CA2A280F6596FD7E2DDD427E761FC7EAFEFB3AF96AB4B99313E3DFA9C428	C:\admirales\script_ver\script_ver\quarantine\under-review\17mov_CharacterSystem\web\photos\mp_f_freemode_01-chain_1-59.webp
CD0A5D7BB7B7104476EF9CC68A5F45AF6053DF2773D040A8D61D2E4D9C5433BE	C:\admirales\script_ver\script_ver\quarantine\under-review\17mov_CharacterSystem\web\photos\mp_f_freemode_01-chain_1-6.webp
EF0A780A5E14CC0C69BAE28337730AC5A4BDBE2C5A8DC6BA2D4C7BD143FB8F69	C:\admirales\script_ver\script_ver\quarantine\under-review\17mov_CharacterSystem\web\photos\mp_f_freemode_01-chain_1-60.webp
4CFE44658463B3537A087B573195E5824759778AB4D2B7B0C7AB623C42D5B3B0	C:\admirales\script_ver\script_ver\quarantine\under-review\17mov_CharacterSystem\web\photos\mp_f_freemode_01-chain_1-61.webp
7DDB9209DF507B85ADB87989D0FB6C45E5AB520478BCDEECBE5E1EECEA495695	C:\admirales\script_ver\script_ver\quarantine\under-review\17mov_CharacterSystem\web\photos\mp_f_freemode_01-chain_1-62.webp
585EC0D9CDD2A336A7E5B2EC03318B1836E0AF4B886F05DC1F47F805780309BC	C:\admirales\script_ver\script_ver\quarantine\under-review\17mov_CharacterSystem\web\photos\mp_f_freemode_01-chain_1-63.webp
B307A3E6953F2CC994660045EFC196333C5CF3013B4C6413EF4453641DC88BB0	C:\admirales\script_ver\script_ver\quarantine\under-review\17mov_CharacterSystem\web\photos\mp_f_freemode_01-chain_1-64.webp
A9750014C1EDE01CB48765A3A650F6ED40FBC008B07402C792DF88A361FD6765	C:\admirales\script_ver\script_ver\quarantine\under-review\17mov_CharacterSystem\web\photos\mp_f_freemode_01-chain_1-65.webp
255376FAB99685FC9B3FF3C0A875E7484BA7A9FFD0CA64BFF8081D68B03FCFB7	C:\admirales\script_ver\script_ver\quarantine\under-review\17mov_CharacterSystem\web\photos\mp_f_freemode_01-chain_1-66.webp
CC972793DF61827F1B954B42CEE26EB89A7CB54B0C025133117BE3AAE7578E9B	C:\admirales\script_ver\script_ver\quarantine\under-review\17mov_CharacterSystem\web\photos\mp_f_freemode_01-chain_1-67.webp
0747CDB8984D3B8101FAE7457C3699280532D83D73D8EFC5883DDB635B8CFCB0	C:\admirales\script_ver\script_ver\quarantine\under-review\17mov_CharacterSystem\web\photos\mp_f_freemode_01-chain_1-68.webp
00216145ACED73DC9EA98BFEF8461141A977FF9AB7A0D5A5CEB18CFCA1EEF621	C:\admirales\script_ver\script_ver\quarantine\under-review\17mov_CharacterSystem\web\photos\mp_f_freemode_01-chain_1-69.webp
3642EAB498F84A932A814A51F08767FD10338186ED293B523493FA82C18003E2	C:\admirales\script_ver\script_ver\quarantine\under-review\17mov_CharacterSystem\web\photos\mp_f_freemode_01-chain_1-7.webp
51768C158159281A1AE5EFFFD90D97793CE99DB5AB3995ADD158D4EBCFA9AF54	C:\admirales\script_ver\script_ver\quarantine\under-review\17mov_CharacterSystem\web\photos\mp_f_freemode_01-chain_1-70.webp
39B16FCEDAAFBFDB072FBE43B4786EFEE309F5B0E9088CD2CEB3A9A14EFAD1BC	C:\admirales\script_ver\script_ver\quarantine\under-review\17mov_CharacterSystem\web\photos\mp_f_freemode_01-chain_1-71.webp
2C2AC640DF6366692DA67E8F8F5FA33EFA5D514742B384D3C5A491FC2CFB8824	C:\admirales\script_ver\script_ver\quarantine\under-review\17mov_CharacterSystem\web\photos\mp_f_freemode_01-chain_1-72.webp
3424AF77C4C0E6098EC062E4784174C7DAFB8C40DA21FFB105AE318ECEA1E093	C:\admirales\script_ver\script_ver\quarantine\under-review\17mov_CharacterSystem\web\photos\mp_f_freemode_01-chain_1-73.webp
791544D215C8C5A8E06F983947CA6A84192E3CC3273E29155D69E4B0F5F704CA	C:\admirales\script_ver\script_ver\quarantine\under-review\17mov_CharacterSystem\web\photos\mp_f_freemode_01-chain_1-74.webp
791544D215C8C5A8E06F983947CA6A84192E3CC3273E29155D69E4B0F5F704CA	C:\admirales\script_ver\script_ver\quarantine\under-review\17mov_CharacterSystem\web\photos\mp_f_freemode_01-chain_1-75.webp
791544D215C8C5A8E06F983947CA6A84192E3CC3273E29155D69E4B0F5F704CA	C:\admirales\script_ver\script_ver\quarantine\under-review\17mov_CharacterSystem\web\photos\mp_f_freemode_01-chain_1-76.webp
791544D215C8C5A8E06F983947CA6A84192E3CC3273E29155D69E4B0F5F704CA	C:\admirales\script_ver\script_ver\quarantine\under-review\17mov_CharacterSystem\web\photos\mp_f_freemode_01-chain_1-77.webp
791544D215C8C5A8E06F983947CA6A84192E3CC3273E29155D69E4B0F5F704CA	C:\admirales\script_ver\script_ver\quarantine\under-review\17mov_CharacterSystem\web\photos\mp_f_freemode_01-chain_1-78.webp
791544D215C8C5A8E06F983947CA6A84192E3CC3273E29155D69E4B0F5F704CA	C:\admirales\script_ver\script_ver\quarantine\under-review\17mov_CharacterSystem\web\photos\mp_f_freemode_01-chain_1-79.webp
585EC0D9CDD2A336A7E5B2EC03318B1836E0AF4B886F05DC1F47F805780309BC	C:\admirales\script_ver\script_ver\quarantine\under-review\17mov_CharacterSystem\web\photos\mp_f_freemode_01-chain_1-8.webp
791544D215C8C5A8E06F983947CA6A84192E3CC3273E29155D69E4B0F5F704CA	C:\admirales\script_ver\script_ver\quarantine\under-review\17mov_CharacterSystem\web\photos\mp_f_freemode_01-chain_1-80.webp
BB001D8DFBFCD0A042777C20A9C229377774767112B1002F2A652C4BE7DC8C66	C:\admirales\script_ver\script_ver\quarantine\under-review\17mov_CharacterSystem\web\photos\mp_f_freemode_01-chain_1-81.webp
1D53BA1E66944047AD3664E950730CB494455105B2163257E388F25C202B47B0	C:\admirales\script_ver\script_ver\quarantine\under-review\17mov_CharacterSystem\web\photos\mp_f_freemode_01-chain_1-82.webp
91286873D35BE40EFA19746924EDC4586693B591E95DEB29AA67AC1D1CDAEB1F	C:\admirales\script_ver\script_ver\quarantine\under-review\17mov_CharacterSystem\web\photos\mp_f_freemode_01-chain_1-83.webp
F9DF727E8F7B3CF34650CABC882E7CF7EC9028E8A54DAFF4FDA3670C96896FA5	C:\admirales\script_ver\script_ver\quarantine\under-review\17mov_CharacterSystem\web\photos\mp_f_freemode_01-chain_1-84.webp
B561B953F3BF13B5BABA50D92AC85D1F917B91ACA5674A29F4AE1A03DFA6E252	C:\admirales\script_ver\script_ver\quarantine\under-review\17mov_CharacterSystem\web\photos\mp_f_freemode_01-chain_1-85.webp
54E8EC2413BE91F34C83BBC704D3867042AC9F1A249B489D700CEDDAB082027C	C:\admirales\script_ver\script_ver\quarantine\under-review\17mov_CharacterSystem\web\photos\mp_f_freemode_01-chain_1-86.webp
54B0407A6966CB86FE05C3A3BAAC43C399DC5BC9B5C2790FB543111C8B43DFF3	C:\admirales\script_ver\script_ver\quarantine\under-review\17mov_CharacterSystem\web\photos\mp_f_freemode_01-chain_1-87.webp
BF5B97BF050B907E7CF4A666454759DE30BEA980B77B099ED9E1CD82EE1F891C	C:\admirales\script_ver\script_ver\quarantine\under-review\17mov_CharacterSystem\web\photos\mp_f_freemode_01-chain_1-88.webp
36127FFD3909250F31E2810031ABD46D1CF37D7E6F090F426DA2115544B0F651	C:\admirales\script_ver\script_ver\quarantine\under-review\17mov_CharacterSystem\web\photos\mp_f_freemode_01-chain_1-89.webp
0FECD836F542F11B24926C0A4646AC1B6E8B51121E63E4D20820C6C015A708A3	C:\admirales\script_ver\script_ver\quarantine\under-review\17mov_CharacterSystem\web\photos\mp_f_freemode_01-chain_1-9.webp
52EB42EACB1783A86F76936EACE9AF5F33451C3BF88D0BC4B151E4C435F55620	C:\admirales\script_ver\script_ver\quarantine\under-review\17mov_CharacterSystem\web\photos\mp_f_freemode_01-chain_1-90.webp
8B3A5CD0A89E35F76EA7573A89A860563D53B078F5866E9E88B0E032D58FC5F4	C:\admirales\script_ver\script_ver\quarantine\under-review\17mov_CharacterSystem\web\photos\mp_f_freemode_01-chain_1-91.webp
F88D7BC83988E9B370A78774203B0BFFDD4B77D594FD9672FBEAEE5AFB2EFA7A	C:\admirales\script_ver\script_ver\quarantine\under-review\17mov_CharacterSystem\web\photos\mp_f_freemode_01-chain_1-92.webp
D5F65F5E658C1C349C54F6FE7630FC1A9099363E53A135A67AD9E8D89C012D40	C:\admirales\script_ver\script_ver\quarantine\under-review\17mov_CharacterSystem\web\photos\mp_f_freemode_01-chain_1-93.webp
217D68E498FBC764510CE5295BC03E00DA4BD650691B0081207DF88CD0A5876E	C:\admirales\script_ver\script_ver\quarantine\under-review\17mov_CharacterSystem\web\photos\mp_f_freemode_01-chain_1-94.webp
10952EC34AD3AB66CCCF446E4553E419B92BDE33D1AF19D1409E992DDB2D0E41	C:\admirales\script_ver\script_ver\quarantine\under-review\17mov_CharacterSystem\web\photos\mp_f_freemode_01-chain_1-95.webp
51CB50D9D7E0E857D12D71D26E4F5A26EAB809004390C77C9E0DE412D626D89A	C:\admirales\script_ver\script_ver\quarantine\under-review\17mov_CharacterSystem\web\photos\mp_f_freemode_01-chain_1-96.webp
1D071C6BDED99B40BB153067B4AEB49E6B72242EE8BE769FC8B97D274B8E43FF	C:\admirales\script_ver\script_ver\quarantine\under-review\17mov_CharacterSystem\web\photos\mp_f_freemode_01-chain_1-97.webp
965B7327F6F7671FB72159DA11FB6B4C384650305AD32B5B8C2B4BA4F40DBBC2	C:\admirales\script_ver\script_ver\quarantine\under-review\17mov_CharacterSystem\web\photos\mp_f_freemode_01-chain_1-98.webp
732CE39C8AD87616C5A82D84D126D709F2FC97B3BB5F7F3363F0EBE28C750532	C:\admirales\script_ver\script_ver\quarantine\under-review\17mov_CharacterSystem\web\photos\mp_f_freemode_01-chain_1-99.webp
713F57B130C6662DA7A169BE4A1BFFA16B592E1B19E66D30E9B9C5F585E51D22	C:\admirales\script_ver\script_ver\quarantine\under-review\17mov_CharacterSystem\web\photos\mp_f_freemode_01-ear_1-0.webp
60B00647E9459608EAEB6785ADC83ABE2E9574BB9A79B93229417D9AC04CBD50	C:\admirales\script_ver\script_ver\quarantine\under-review\17mov_CharacterSystem\web\photos\mp_f_freemode_01-ear_1-1.webp
CAD5E443B5498551957967C540FC495C8272CD20C77E0BDD874657C5F7FD14CC	C:\admirales\script_ver\script_ver\quarantine\under-review\17mov_CharacterSystem\web\photos\mp_f_freemode_01-ear_1-10.webp
053E61003F9F0BAD1344106426866AEDB05994AB1BA715D9B59BDA46CC77AFE6	C:\admirales\script_ver\script_ver\quarantine\under-review\17mov_CharacterSystem\web\photos\mp_f_freemode_01-ear_1-11.webp
826E3BBE20CA4F8A8510EFB95B199DF74C5AB514C00BEF03CC0C7393F36B5FBF	C:\admirales\script_ver\script_ver\quarantine\under-review\17mov_CharacterSystem\web\photos\mp_f_freemode_01-ear_1-12.webp
8A25DB565B27E4A3180456FC6457205AF55468D015785E73E015B80E9297565C	C:\admirales\script_ver\script_ver\quarantine\under-review\17mov_CharacterSystem\web\photos\mp_f_freemode_01-ear_1-13.webp
6D0A78F206ACEFF26F896D1961B387C0502447BA6837191B603AF114AD9A7AF4	C:\admirales\script_ver\script_ver\quarantine\under-review\17mov_CharacterSystem\web\photos\mp_f_freemode_01-ear_1-14.webp
C9A2B4E7A6DF81B4BC0EFC18E74234AE4D411159E4AEE58C67847DE47912667A	C:\admirales\script_ver\script_ver\quarantine\under-review\17mov_CharacterSystem\web\photos\mp_f_freemode_01-ear_1-15.webp
9C8759B8A9D27EA04206CCCC91DB94F49576FA9FF05A4F2F5461E96FF5B550E3	C:\admirales\script_ver\script_ver\quarantine\under-review\17mov_CharacterSystem\web\photos\mp_f_freemode_01-ear_1-16.webp
9232E12FF8EC6D91AE98B78DB573B84D46D07DC62B8ECDD1BC0FA8033E53A9B0	C:\admirales\script_ver\script_ver\quarantine\under-review\17mov_CharacterSystem\web\photos\mp_f_freemode_01-ear_1-17.webp
067747132F360FDD1B6B0184E4E1E8BE146651FB2D3A92F84DFB4C3B4EEBFD1E	C:\admirales\script_ver\script_ver\quarantine\under-review\17mov_CharacterSystem\web\photos\mp_f_freemode_01-ear_1-18.webp
A420564376052C365C7E04E6D4574C27E418952E5143CF5F07461ACEEFEE4496	C:\admirales\script_ver\script_ver\quarantine\under-review\17mov_CharacterSystem\web\photos\mp_f_freemode_01-ear_1-19.webp
57D1E06A3ABC6C4CF652B5E80254AC92FB9D45ABCA6807ED29BE4BBED6D2FD9C	C:\admirales\script_ver\script_ver\quarantine\under-review\17mov_CharacterSystem\web\photos\mp_f_freemode_01-ear_1-2.webp
70B47EC62D81D36604C0EFD9DD40A524CCAAB4306722500E72B1B1949ECF55CA	C:\admirales\script_ver\script_ver\quarantine\under-review\17mov_CharacterSystem\web\photos\mp_f_freemode_01-ear_1-20.webp
E2AAD12C424DA0ACC7D4CDE9BF29DB0D2844094752DDBA1C2F8AA4FE89D0BA23	C:\admirales\script_ver\script_ver\quarantine\under-review\17mov_CharacterSystem\web\photos\mp_f_freemode_01-ear_1-21.webp
033D6A88B72C9A10D77CA896DE658FB465A908971336C8BAA7EB07F29C0A2442	C:\admirales\script_ver\script_ver\quarantine\under-review\17mov_CharacterSystem\web\photos\mp_f_freemode_01-ear_1-22.webp
BC7BFBF5D915946E6ADB25F4013001D69AE6C875990B531AA8DE78A60259DE49	C:\admirales\script_ver\script_ver\quarantine\under-review\17mov_CharacterSystem\web\photos\mp_f_freemode_01-ear_1-23.webp
22FFE6BE7925D8033D2CB0DD4593E11DD78829EF46534DA3EF62A2CF7DA670AC	C:\admirales\script_ver\script_ver\quarantine\under-review\17mov_CharacterSystem\web\photos\mp_f_freemode_01-ear_1-3.webp
36848CA1FA32FF3FED767827F7DA182BF8E57A21FBEDC159DB6ED8DD4676D57C	C:\admirales\script_ver\script_ver\quarantine\under-review\17mov_CharacterSystem\web\photos\mp_f_freemode_01-ear_1-4.webp
5C90D315007F09DFA1A46BCF8299BC02B0AE670FAE9A0B2ACAE321CFAFA5DB24	C:\admirales\script_ver\script_ver\quarantine\under-review\17mov_CharacterSystem\web\photos\mp_f_freemode_01-ear_1-5.webp
5F9ACA82FDD26AAE6C159B4E37F7B8412323FF99299F27A5CF1C2EEF33350A2C	C:\admirales\script_ver\script_ver\quarantine\under-review\17mov_CharacterSystem\web\photos\mp_f_freemode_01-ear_1-6.webp
55F64FF530407A2AA46DBE97D90AC2C01255E096536CB8879A1294E05943C39D	C:\admirales\script_ver\script_ver\quarantine\under-review\17mov_CharacterSystem\web\photos\mp_f_freemode_01-ear_1-7.webp
B8FBCE54C28DC4A82FBC8EECD464F1FB4AAEC0D8D47B6A1585E0DB9E07CE76D5	C:\admirales\script_ver\script_ver\quarantine\under-review\17mov_CharacterSystem\web\photos\mp_f_freemode_01-ear_1-8.webp
1CB2F7AB2E22B09EA0C881C8A28D9CE9F1B8F04CD382BE44E8617A14C8921230	C:\admirales\script_ver\script_ver\quarantine\under-review\17mov_CharacterSystem\web\photos\mp_f_freemode_01-ear_1-9.webp
F80AF0D27980CD0D7A3AEFCA9BACD511106D0508238CB232439EB7B00854737B	C:\admirales\script_ver\script_ver\quarantine\under-review\17mov_CharacterSystem\web\photos\mp_f_freemode_01-glasses_1-0.webp
D578401904680EC1F1AB8574A371BC8121C49F525729F11F414C7C1E96384484	C:\admirales\script_ver\script_ver\quarantine\under-review\17mov_CharacterSystem\web\photos\mp_f_freemode_01-glasses_1-1.webp
4865F6CFCC5686F80D392C37F98A0DF97C58A3B38AF64E942C531BB823B92195	C:\admirales\script_ver\script_ver\quarantine\under-review\17mov_CharacterSystem\web\photos\mp_f_freemode_01-glasses_1-10.webp
9F4B53234DCC464FD6DC5636400D4B8F04D8BC68AE667D2544DEC46F1F8CD6B2	C:\admirales\script_ver\script_ver\quarantine\under-review\17mov_CharacterSystem\web\photos\mp_f_freemode_01-glasses_1-11.webp
40C30CCED4265BC4E76CBEAE9FC8B90938E3EBEA76B5664FE8CD3EC6BEB5EF4D	C:\admirales\script_ver\script_ver\quarantine\under-review\17mov_CharacterSystem\web\photos\mp_f_freemode_01-glasses_1-12.webp
586E242FA2C56CF806522188A21C066B3A79EF1C0A1DE28E78B5014F49F1B66C	C:\admirales\script_ver\script_ver\quarantine\under-review\17mov_CharacterSystem\web\photos\mp_f_freemode_01-glasses_1-13.webp
9AFEBBD9B3128BC579A8D6820244FDBC3382288164082D135C9119F6B6C774D8	C:\admirales\script_ver\script_ver\quarantine\under-review\17mov_CharacterSystem\web\photos\mp_f_freemode_01-glasses_1-14.webp
0675D3A573BB43D372B73E9502B7FC3CC3F45848F98693B81818BE9F6EF0AD0D	C:\admirales\script_ver\script_ver\quarantine\under-review\17mov_CharacterSystem\web\photos\mp_f_freemode_01-glasses_1-15.webp
9AFEBBD9B3128BC579A8D6820244FDBC3382288164082D135C9119F6B6C774D8	C:\admirales\script_ver\script_ver\quarantine\under-review\17mov_CharacterSystem\web\photos\mp_f_freemode_01-glasses_1-16.webp
CEA4221030058E04110F9FB0777285BC607A1262CCE54A1D6552BAC3F87311AE	C:\admirales\script_ver\script_ver\quarantine\under-review\17mov_CharacterSystem\web\photos\mp_f_freemode_01-glasses_1-17.webp
43D4EA36402995C3F540F03D5FCC649085A8223311722760A326515772DCDEA1	C:\admirales\script_ver\script_ver\quarantine\under-review\17mov_CharacterSystem\web\photos\mp_f_freemode_01-glasses_1-18.webp
EAE8B12956B191040212A056744B84C502C43B01DF80593B63FD2DC30ECC37F5	C:\admirales\script_ver\script_ver\quarantine\under-review\17mov_CharacterSystem\web\photos\mp_f_freemode_01-glasses_1-19.webp
4339D62683F5B391ECD06303E1C3C2AAB0E1DB3CE2F6D1E9D07A94E1E07BA89D	C:\admirales\script_ver\script_ver\quarantine\under-review\17mov_CharacterSystem\web\photos\mp_f_freemode_01-glasses_1-2.webp
CFD36E85436B7A5DA89063E51820258950C978BEC07E52E44456F6D5220495CB	C:\admirales\script_ver\script_ver\quarantine\under-review\17mov_CharacterSystem\web\photos\mp_f_freemode_01-glasses_1-20.webp
862B9F1F4CBA782D1AB8C366E71880495B3D12A597E8BF08D669C0EC6B817015	C:\admirales\script_ver\script_ver\quarantine\under-review\17mov_CharacterSystem\web\photos\mp_f_freemode_01-glasses_1-21.webp
03F672DEECE5A17DC88BC988581BBB3512A9F53A43EC0047A7FCACD6D06505BD	C:\admirales\script_ver\script_ver\quarantine\under-review\17mov_CharacterSystem\web\photos\mp_f_freemode_01-glasses_1-22.webp
F5F0E01E2B4F2FE8CC718C76BBDC7B545308BF88A235F8C01AAA04C5F31FEB96	C:\admirales\script_ver\script_ver\quarantine\under-review\17mov_CharacterSystem\web\photos\mp_f_freemode_01-glasses_1-23.webp
BB85157BEB1F810F334EC8D3472093956C5D4ABCE0A549A09253737D2C436186	C:\admirales\script_ver\script_ver\quarantine\under-review\17mov_CharacterSystem\web\photos\mp_f_freemode_01-glasses_1-24.webp
861144CEE0A8F92AE182A4E0AD846A83DD5140012B11F554262EB9C694F4CF90	C:\admirales\script_ver\script_ver\quarantine\under-review\17mov_CharacterSystem\web\photos\mp_f_freemode_01-glasses_1-25.webp
1D11AAF81282DAF06FF54E619615DC0EE71D2F65BC2D01E82B136BE66BF93F99	C:\admirales\script_ver\script_ver\quarantine\under-review\17mov_CharacterSystem\web\photos\mp_f_freemode_01-glasses_1-26.webp
B984C5137B1932E857928D84B159AC5773E6DEBE4B6C5E16EE964A42865D93A6	C:\admirales\script_ver\script_ver\quarantine\under-review\17mov_CharacterSystem\web\photos\mp_f_freemode_01-glasses_1-27.webp
F5EE17EFC74A18ABB91B4743599A3B2EB37921B6B36EE1F000E2B7BF98F4BBA9	C:\admirales\script_ver\script_ver\quarantine\under-review\17mov_CharacterSystem\web\photos\mp_f_freemode_01-glasses_1-28.webp
6F2FC5C201EE26230535C2E56E24B016EEAD7B87AB2385E240B8081DBD10ED8F	C:\admirales\script_ver\script_ver\quarantine\under-review\17mov_CharacterSystem\web\photos\mp_f_freemode_01-glasses_1-29.webp
D3D6F097F5D36E37ECCE595F085902DEA9DED3FFDBCA301A1D5C4B90EF6D65BA	C:\admirales\script_ver\script_ver\quarantine\under-review\17mov_CharacterSystem\web\photos\mp_f_freemode_01-glasses_1-3.webp
38A9CE8FAFDBEE7B42B6F25F6176642C2AF651A4D8D3ED5E3888B5444F2D244E	C:\admirales\script_ver\script_ver\quarantine\under-review\17mov_CharacterSystem\web\photos\mp_f_freemode_01-glasses_1-30.webp
A072F5671F988B6CDB8E88EEEF869200E4818EBB8CCF0183EAEACF9DE89B98D1	C:\admirales\script_ver\script_ver\quarantine\under-review\17mov_CharacterSystem\web\photos\mp_f_freemode_01-glasses_1-31.webp
97F342D1CF4387883A5AF3D31869044495FC27F0F1AA02041C9957CC56CA4B21	C:\admirales\script_ver\script_ver\quarantine\under-review\17mov_CharacterSystem\web\photos\mp_f_freemode_01-glasses_1-32.webp
8C47D7D6159D6A81B9C5EC2E68BEBD392AE41193F0B2F265DEE110A9FD6E8EF1	C:\admirales\script_ver\script_ver\quarantine\under-review\17mov_CharacterSystem\web\photos\mp_f_freemode_01-glasses_1-33.webp
4D2F3CB45118E2ED673E87CA483C062DA1A3A198C59254BAE6C4AE7BDEA23AF1	C:\admirales\script_ver\script_ver\quarantine\under-review\17mov_CharacterSystem\web\photos\mp_f_freemode_01-glasses_1-34.webp
E23D4F629FF26EBC168981A1DD306F32B5CE69721BA05373212FFCB79BE525F2	C:\admirales\script_ver\script_ver\quarantine\under-review\17mov_CharacterSystem\web\photos\mp_f_freemode_01-glasses_1-35.webp
470A6D2209DBD8298CB74126D54278089156840FA9C8A477E905145BEC406884	C:\admirales\script_ver\script_ver\quarantine\under-review\17mov_CharacterSystem\web\photos\mp_f_freemode_01-glasses_1-36.webp
84B25C938F6E739E0BABE35B7DBCAC4CDF5A78036FCAE5C7E0068B4F49C6071B	C:\admirales\script_ver\script_ver\quarantine\under-review\17mov_CharacterSystem\web\photos\mp_f_freemode_01-glasses_1-37.webp
6A9C2958138A4BE2198B89796DE9ED055752CD1EB6ADCEA79E4AEC1A9DAB3F4B	C:\admirales\script_ver\script_ver\quarantine\under-review\17mov_CharacterSystem\web\photos\mp_f_freemode_01-glasses_1-38.webp
F4C41852CEB09E82996995186452B0CA55E26609C5362A379B6EF4889B1C5655	C:\admirales\script_ver\script_ver\quarantine\under-review\17mov_CharacterSystem\web\photos\mp_f_freemode_01-glasses_1-39.webp
1843091B31EDAD05279A560D836D0C9A30E590212576680DBB0D86EC836E4271	C:\admirales\script_ver\script_ver\quarantine\under-review\17mov_CharacterSystem\web\photos\mp_f_freemode_01-glasses_1-4.webp
BF85B0EDAFC74812E6AF278C614255BBB168A3EB04BA569D4FD352FE6E1A465C	C:\admirales\script_ver\script_ver\quarantine\under-review\17mov_CharacterSystem\web\photos\mp_f_freemode_01-glasses_1-40.webp
9104BC228976D71C0479A9B5AF7534366A3500C6295161507D71BE127120E9B6	C:\admirales\script_ver\script_ver\quarantine\under-review\17mov_CharacterSystem\web\photos\mp_f_freemode_01-glasses_1-41.webp
4E7D7AC57609D0676F08F315CD5A76E65EFBEE6A16BD3B699835755826FC42A7	C:\admirales\script_ver\script_ver\quarantine\under-review\17mov_CharacterSystem\web\photos\mp_f_freemode_01-glasses_1-42.webp
ACC33216D3EC22DE08D4D4290D962BB6879D9272CC441A991F525F2675FEE522	C:\admirales\script_ver\script_ver\quarantine\under-review\17mov_CharacterSystem\web\photos\mp_f_freemode_01-glasses_1-43.webp
9FF257D685CD2DF975175D5F634B4C16611184BC5EBA23D82F59F951D5273B33	C:\admirales\script_ver\script_ver\quarantine\under-review\17mov_CharacterSystem\web\photos\mp_f_freemode_01-glasses_1-44.webp
1A6A6066090D16D38B54D0B5920029B438AF540BF8C6B74D83A5FEA316F7CE0A	C:\admirales\script_ver\script_ver\quarantine\under-review\17mov_CharacterSystem\web\photos\mp_f_freemode_01-glasses_1-45.webp
15C63992122922E22E7E7FFDED2505D48CF4D1F6BBB5DD3D4DFA53EF6C8AC49B	C:\admirales\script_ver\script_ver\quarantine\under-review\17mov_CharacterSystem\web\photos\mp_f_freemode_01-glasses_1-46.webp
AD94607A5C14F740AE9738B39B7A281B0E3ACE3CE3E693F430235DA0CDC37BE6	C:\admirales\script_ver\script_ver\quarantine\under-review\17mov_CharacterSystem\web\photos\mp_f_freemode_01-glasses_1-47.webp
7D218486BE944115848E582040F2F1E2F41D520462F3484209BFE566D2E1A3DD	C:\admirales\script_ver\script_ver\quarantine\under-review\17mov_CharacterSystem\web\photos\mp_f_freemode_01-glasses_1-48.webp
91D94D27663ACDB319EE166AF1969CFCA7EB130B41D8DD42E5A94DD6DC38C6EF	C:\admirales\script_ver\script_ver\quarantine\under-review\17mov_CharacterSystem\web\photos\mp_f_freemode_01-glasses_1-49.webp
1348E28B8C9DA820F32D37170E3E44DAA21303677EEB317FD479BAD6412A6FBA	C:\admirales\script_ver\script_ver\quarantine\under-review\17mov_CharacterSystem\web\photos\mp_f_freemode_01-glasses_1-5.webp
C85E9925052D3908963D630D5B42D0CFE841EE69B78264F78B2ABB7353D6A1F8	C:\admirales\script_ver\script_ver\quarantine\under-review\17mov_CharacterSystem\web\photos\mp_f_freemode_01-glasses_1-50.webp
30BA7A2E8357CEC988985CD09A5B5B45B4912C99BC2D56FD9AE696DF5F13E823	C:\admirales\script_ver\script_ver\quarantine\under-review\17mov_CharacterSystem\web\photos\mp_f_freemode_01-glasses_1-51.webp
F80AF0D27980CD0D7A3AEFCA9BACD511106D0508238CB232439EB7B00854737B	C:\admirales\script_ver\script_ver\quarantine\under-review\17mov_CharacterSystem\web\photos\mp_f_freemode_01-glasses_1-52.webp
F80AF0D27980CD0D7A3AEFCA9BACD511106D0508238CB232439EB7B00854737B	C:\admirales\script_ver\script_ver\quarantine\under-review\17mov_CharacterSystem\web\photos\mp_f_freemode_01-glasses_1-53.webp
DC2E1B0DDEB2544514DC2333247181C24527D6308152E874C970BB4D72BBCE04	C:\admirales\script_ver\script_ver\quarantine\under-review\17mov_CharacterSystem\web\photos\mp_f_freemode_01-glasses_1-54.webp
24EA0462D1AE3DF5B8CAAA6EFB073601D1FB44667048AD1DE4E3091375FD4795	C:\admirales\script_ver\script_ver\quarantine\under-review\17mov_CharacterSystem\web\photos\mp_f_freemode_01-glasses_1-55.webp
6966075C3BE73429BDFC58D1DE35864F70E47CC294B6323BC786F7E5E0316299	C:\admirales\script_ver\script_ver\quarantine\under-review\17mov_CharacterSystem\web\photos\mp_f_freemode_01-glasses_1-56.webp
79D8E28B99C219CB9EFBE8B66ECA91DD70C4B3C38397E2AD6947BA76AB430C72	C:\admirales\script_ver\script_ver\quarantine\under-review\17mov_CharacterSystem\web\photos\mp_f_freemode_01-glasses_1-57.webp
B936356498A2CD2B0C17B0B43F36C1713B48CB856C77DEBECDFACAD7829B9220	C:\admirales\script_ver\script_ver\quarantine\under-review\17mov_CharacterSystem\web\photos\mp_f_freemode_01-glasses_1-58.webp
313002A1A9021442BE725EF6BF4FDA1E70964DA79221E88D707B4CFBA1EA97FF	C:\admirales\script_ver\script_ver\quarantine\under-review\17mov_CharacterSystem\web\photos\mp_f_freemode_01-glasses_1-6.webp
384DE33AAE2D54DBC4FD97BD4A703BDDC180CBB23F333B7340E9E9C9F73ED0EA	C:\admirales\script_ver\script_ver\quarantine\under-review\17mov_CharacterSystem\web\photos\mp_f_freemode_01-glasses_1-7.webp
EC2EA7D4EBE5E0E3CCB927BEEE13BCA86F024D3112BEF7B839D8A2905C54FC97	C:\admirales\script_ver\script_ver\quarantine\under-review\17mov_CharacterSystem\web\photos\mp_f_freemode_01-glasses_1-8.webp
DF6380D9B1C648D93D79A5B2D3383366D452560FDF5E2CE06EA89FFB6539634F	C:\admirales\script_ver\script_ver\quarantine\under-review\17mov_CharacterSystem\web\photos\mp_f_freemode_01-glasses_1-9.webp
5185A87244BE61676A30A83B8D6AD8B7C4A6DD03B80EBE7007A8FE74A01451D7	C:\admirales\script_ver\script_ver\quarantine\under-review\17mov_CharacterSystem\web\photos\mp_f_freemode_01-hair_1-0.webp
4FDE465A0BE138440DA015F731BC348D5B5048D85386B90E40F0676459662E0A	C:\admirales\script_ver\script_ver\quarantine\under-review\17mov_CharacterSystem\web\photos\mp_f_freemode_01-hair_1-1.webp
F4F175290A4FA4686638A56076C66871C6D01ED9F9801DCEB9210BB90AD847AC	C:\admirales\script_ver\script_ver\quarantine\under-review\17mov_CharacterSystem\web\photos\mp_f_freemode_01-hair_1-10.webp
4FC325EC4B9E7D852B37ACA43E6D462670A3078F098480185173A29675D6C57B	C:\admirales\script_ver\script_ver\quarantine\under-review\17mov_CharacterSystem\web\photos\mp_f_freemode_01-hair_1-11.webp
0BCA5618ADAA5E0491DC729DD652616666216E3EED3D105C2D29F6D781507BF9	C:\admirales\script_ver\script_ver\quarantine\under-review\17mov_CharacterSystem\web\photos\mp_f_freemode_01-hair_1-12.webp
93D85C9C48A537070200975B00BF95A65AC109AD63B987D0A2A6E5469CC28EDF	C:\admirales\script_ver\script_ver\quarantine\under-review\17mov_CharacterSystem\web\photos\mp_f_freemode_01-hair_1-13.webp
D0C13FEDD6F1E9344F23066F2EA7254FB2AA0C1179D80166291ABF262ACEAE6F	C:\admirales\script_ver\script_ver\quarantine\under-review\17mov_CharacterSystem\web\photos\mp_f_freemode_01-hair_1-14.webp
B399ED11FF2EF9495918D26EE40086514186EF8D07F17C092BB4D0F541AB294A	C:\admirales\script_ver\script_ver\quarantine\under-review\17mov_CharacterSystem\web\photos\mp_f_freemode_01-hair_1-15.webp
C23E58F742717A5652364E771454B280D2BF559C0A5A77802633268962DD5708	C:\admirales\script_ver\script_ver\quarantine\under-review\17mov_CharacterSystem\web\photos\mp_f_freemode_01-hair_1-16.webp
0FBD56962FD1C875943F4924A1AF9CA42A9E26C6C182DEECE5560DA7B13A8042	C:\admirales\script_ver\script_ver\quarantine\under-review\17mov_CharacterSystem\web\photos\mp_f_freemode_01-hair_1-17.webp
B063FFD50F0E12DEFAFFBD01D615279CB26B981723CDB5266E8EB3133C63C10D	C:\admirales\script_ver\script_ver\quarantine\under-review\17mov_CharacterSystem\web\photos\mp_f_freemode_01-hair_1-18.webp
9EF4580D3F3029A3F19E7B4F951ADC5A3C61E7AD4F43C9D6736ECA8D44F763C3	C:\admirales\script_ver\script_ver\quarantine\under-review\17mov_CharacterSystem\web\photos\mp_f_freemode_01-hair_1-19.webp
8AA7BC1FAC4785B7553990BD13C1FEF33B25B982ED6CEE71A6C4DA4B5C6B78D3	C:\admirales\script_ver\script_ver\quarantine\under-review\17mov_CharacterSystem\web\photos\mp_f_freemode_01-hair_1-2.webp
509A4D6C2044142E7FA3D026C598976F595E3A54A0ECAE4CDD45E7966F2787A1	C:\admirales\script_ver\script_ver\quarantine\under-review\17mov_CharacterSystem\web\photos\mp_f_freemode_01-hair_1-20.webp
4EB26648F5E95057809E0509C616CE1F7008D7FB48ED1CC3AB02685C300BAFF1	C:\admirales\script_ver\script_ver\quarantine\under-review\17mov_CharacterSystem\web\photos\mp_f_freemode_01-hair_1-21.webp
5C122432AF9BF8D6A566DB3F74529100DB3D058960E0E645624A69C9B44AD70E	C:\admirales\script_ver\script_ver\quarantine\under-review\17mov_CharacterSystem\web\photos\mp_f_freemode_01-hair_1-22.webp
6CEA253CACD1E68123D423D5B33E6CE063D9ED18B5E1D35350799E2048E959A2	C:\admirales\script_ver\script_ver\quarantine\under-review\17mov_CharacterSystem\web\photos\mp_f_freemode_01-hair_1-23.webp
2E6F2A7A479436212AF6742DD0CC68F48BC377498945DB02117649C54EFA3DED	C:\admirales\script_ver\script_ver\quarantine\under-review\17mov_CharacterSystem\web\photos\mp_f_freemode_01-hair_1-24.webp
E4D5A85199698FC6B6064E5B1CFCE4EF981115073515B231F5747AC96D47327A	C:\admirales\script_ver\script_ver\quarantine\under-review\17mov_CharacterSystem\web\photos\mp_f_freemode_01-hair_1-25.webp
59CCF2F8EC7F88E1DACBA6D24E817679A435101F28BEB492A65C508F73BD51B7	C:\admirales\script_ver\script_ver\quarantine\under-review\17mov_CharacterSystem\web\photos\mp_f_freemode_01-hair_1-26.webp
05848688C4B17270DE6AF3A951E03CB021297C36A0639AECE7F1A11D1DCD01F6	C:\admirales\script_ver\script_ver\quarantine\under-review\17mov_CharacterSystem\web\photos\mp_f_freemode_01-hair_1-27.webp
0C00F8B0034CA093F774A201CA4C9DE13EF0CC55B227E635B5FC88FD5219239B	C:\admirales\script_ver\script_ver\quarantine\under-review\17mov_CharacterSystem\web\photos\mp_f_freemode_01-hair_1-28.webp
FD004C8CFF80F43A9B5E9F890E0505A02E69476DA6759696CE9757D04D6733C9	C:\admirales\script_ver\script_ver\quarantine\under-review\17mov_CharacterSystem\web\photos\mp_f_freemode_01-hair_1-29.webp
35524A9060CF67553399B2C30DE731988D34C9F465C618C2B4ED158F182D601C	C:\admirales\script_ver\script_ver\quarantine\under-review\17mov_CharacterSystem\web\photos\mp_f_freemode_01-hair_1-3.webp
CF437490882E9EC63BD95FDA3A2F329FA5E6F7A246050117BC24C60A7A365003	C:\admirales\script_ver\script_ver\quarantine\under-review\17mov_CharacterSystem\web\photos\mp_f_freemode_01-hair_1-30.webp
1441DBB53581EDC5CEAE5C2A5EC8F80659A6D84E82A7258F878806FCB03CB26A	C:\admirales\script_ver\script_ver\quarantine\under-review\17mov_CharacterSystem\web\photos\mp_f_freemode_01-hair_1-31.webp
5C29467CB3D6617D6D725A133094396A39BC8B4E462DCE025EBFEF5902A2BF94	C:\admirales\script_ver\script_ver\quarantine\under-review\17mov_CharacterSystem\web\photos\mp_f_freemode_01-hair_1-32.webp
3636508FA79E32997815597B51C911C9ED04C62BC93A72D18B28DE9CD3AED58F	C:\admirales\script_ver\script_ver\quarantine\under-review\17mov_CharacterSystem\web\photos\mp_f_freemode_01-hair_1-33.webp
62328F559C04734C77576E175E7770535D39E6E84B71B6C1AB695BC8AA82CC18	C:\admirales\script_ver\script_ver\quarantine\under-review\17mov_CharacterSystem\web\photos\mp_f_freemode_01-hair_1-34.webp
E8AB65AA3717F4A29F9A48D54608EF9443E2DF743FC211C8F5D98C0A5D44E109	C:\admirales\script_ver\script_ver\quarantine\under-review\17mov_CharacterSystem\web\photos\mp_f_freemode_01-hair_1-35.webp
7D98BBA640A00D6CD839841222148C30931103E09F685914090EEF265B245A9E	C:\admirales\script_ver\script_ver\quarantine\under-review\17mov_CharacterSystem\web\photos\mp_f_freemode_01-hair_1-36.webp
C350CD905165408F71177BCF943B7FACD90AAA91DEEFC0EB4C5F65E2CB6F82FE	C:\admirales\script_ver\script_ver\quarantine\under-review\17mov_CharacterSystem\web\photos\mp_f_freemode_01-hair_1-37.webp
DCD8F619BF0AF4CAD870AA4B46DE2DB5BA538413D9CD9939EDD32CB53DF5C9AC	C:\admirales\script_ver\script_ver\quarantine\under-review\17mov_CharacterSystem\web\photos\mp_f_freemode_01-hair_1-38.webp
8C79F541E59A88DF3ECF0EF2512B29B5DC17474B6E60D56FAC5414607DE905E4	C:\admirales\script_ver\script_ver\quarantine\under-review\17mov_CharacterSystem\web\photos\mp_f_freemode_01-hair_1-39.webp
3E8BFFE0C9194EB02FA097376BEC952138BDA1E57E21558AA34E7522301D464B	C:\admirales\script_ver\script_ver\quarantine\under-review\17mov_CharacterSystem\web\photos\mp_f_freemode_01-hair_1-4.webp
C6E331450A009D9C184039C1F707526841971B2B8AF848F73A02E25B39BB8990	C:\admirales\script_ver\script_ver\quarantine\under-review\17mov_CharacterSystem\web\photos\mp_f_freemode_01-hair_1-40.webp
8FB37D8E8E4B390CDA7A367FCA456BB158212A88FBFD79A64A1EFEBC250134C7	C:\admirales\script_ver\script_ver\quarantine\under-review\17mov_CharacterSystem\web\photos\mp_f_freemode_01-hair_1-41.webp
A5C9160C57E7C52C98F8DC7B24931562AAC985B112193F37C3349BCB947CF535	C:\admirales\script_ver\script_ver\quarantine\under-review\17mov_CharacterSystem\web\photos\mp_f_freemode_01-hair_1-42.webp
FC6A9E525D325E47144B9AAD12FB769C799F54EC9E763C9EFBA34F1744E9069A	C:\admirales\script_ver\script_ver\quarantine\under-review\17mov_CharacterSystem\web\photos\mp_f_freemode_01-hair_1-43.webp
C5407EB26F8149CB7BDF4272B313F89C6E3AAFD88685A0AA29AD26D0FFE658F3	C:\admirales\script_ver\script_ver\quarantine\under-review\17mov_CharacterSystem\web\photos\mp_f_freemode_01-hair_1-44.webp
322A3F0DEDDB0A1721A520C3C6DB9C71DD2A8C6140D1D0D7A95D36ECE469E1A4	C:\admirales\script_ver\script_ver\quarantine\under-review\17mov_CharacterSystem\web\photos\mp_f_freemode_01-hair_1-45.webp
6437A6824A1075D56711280290D0DF01764044F95D059CA67FD5769AA4C79F7F	C:\admirales\script_ver\script_ver\quarantine\under-review\17mov_CharacterSystem\web\photos\mp_f_freemode_01-hair_1-46.webp
52CCB0B480C6A570700B179C1DAED271CAEAED6D87841E9A1C173F933251EF40	C:\admirales\script_ver\script_ver\quarantine\under-review\17mov_CharacterSystem\web\photos\mp_f_freemode_01-hair_1-47.webp
808C262791F925C433A95810810A645B67070C19F3269900C33E0E549AE9571C	C:\admirales\script_ver\script_ver\quarantine\under-review\17mov_CharacterSystem\web\photos\mp_f_freemode_01-hair_1-48.webp
F72C860200B6D7C9BB7A2E476EE5931799C1E27FCFE8BD727B9AC564815F81B3	C:\admirales\script_ver\script_ver\quarantine\under-review\17mov_CharacterSystem\web\photos\mp_f_freemode_01-hair_1-49.webp
7D0589EDAE50F9734B0EBBF7085DD8BE4C436C2CC4DCCDA36F6B41168AFE881E	C:\admirales\script_ver\script_ver\quarantine\under-review\17mov_CharacterSystem\web\photos\mp_f_freemode_01-hair_1-5.webp
1211174C036C98BB575A7EA1043471C6ABB009BA7AA0A5D31353346DC89081DE	C:\admirales\script_ver\script_ver\quarantine\under-review\17mov_CharacterSystem\web\photos\mp_f_freemode_01-hair_1-50.webp
98A3EB28715928E4715D7D59D8D6AF145A766057BA5BD0384887D283864B4A59	C:\admirales\script_ver\script_ver\quarantine\under-review\17mov_CharacterSystem\web\photos\mp_f_freemode_01-hair_1-51.webp
DB4AFA7C7BEC0BD9A890CF0673894F0FBC0F7A653A2E031A72FE5B60F107E740	C:\admirales\script_ver\script_ver\quarantine\under-review\17mov_CharacterSystem\web\photos\mp_f_freemode_01-hair_1-52.webp
9772DF8C31CF5075F84EA0F60BEEB36F4E4AFDC5CDE3A2D113F44E9B9F6AC02E	C:\admirales\script_ver\script_ver\quarantine\under-review\17mov_CharacterSystem\web\photos\mp_f_freemode_01-hair_1-53.webp
2789631DC2611705CA0C9C208326E0C12B8E2B57D39B9131C09A4BC603E4F856	C:\admirales\script_ver\script_ver\quarantine\under-review\17mov_CharacterSystem\web\photos\mp_f_freemode_01-hair_1-54.webp
CFAAFBC59B8FB7BCDC099B4DF494D040468AF853401A7290201A505BDA7403B8	C:\admirales\script_ver\script_ver\quarantine\under-review\17mov_CharacterSystem\web\photos\mp_f_freemode_01-hair_1-55.webp
CE51A527D05A97BAFA33DB9D644F36ED21C1B4AC41BE0B3521B56ABDC518DE64	C:\admirales\script_ver\script_ver\quarantine\under-review\17mov_CharacterSystem\web\photos\mp_f_freemode_01-hair_1-56.webp
A8301BB4352C271E8CC9CABEBB4D330CF4B1E54A6B00D98A3E0FFEC9CC69F590	C:\admirales\script_ver\script_ver\quarantine\under-review\17mov_CharacterSystem\web\photos\mp_f_freemode_01-hair_1-57.webp
08447676935400D104E5ED4BB608B861E710B38C514F013548EFB31E3ACD15D6	C:\admirales\script_ver\script_ver\quarantine\under-review\17mov_CharacterSystem\web\photos\mp_f_freemode_01-hair_1-58.webp
201F440CD5E997A49FF8615BB64EC453D85D51A667863477852216F69DD84AB3	C:\admirales\script_ver\script_ver\quarantine\under-review\17mov_CharacterSystem\web\photos\mp_f_freemode_01-hair_1-59.webp
1654115580B316C5B2935A3E6231F8303E9682D3B90E287AA8E79F61092AB14D	C:\admirales\script_ver\script_ver\quarantine\under-review\17mov_CharacterSystem\web\photos\mp_f_freemode_01-hair_1-6.webp
A271DF8DD797288BE9B0762D722C002BD67DDCF73CE6C84AD1A01D09E43632F4	C:\admirales\script_ver\script_ver\quarantine\under-review\17mov_CharacterSystem\web\photos\mp_f_freemode_01-hair_1-60.webp
0DEE784F1B55E9C0183B14642FD0A839229158756AB340ED329C2F2AAC6D923A	C:\admirales\script_ver\script_ver\quarantine\under-review\17mov_CharacterSystem\web\photos\mp_f_freemode_01-hair_1-61.webp
8DDD4E4651ADC94F16D3DE759A5B1B50BD70782E0A6FE835BCDAD1B3BF98680F	C:\admirales\script_ver\script_ver\quarantine\under-review\17mov_CharacterSystem\web\photos\mp_f_freemode_01-hair_1-62.webp
7DA5605BA8E07E72C67EC4F9740B16F14697C500A4FC812338C9087871FF201D	C:\admirales\script_ver\script_ver\quarantine\under-review\17mov_CharacterSystem\web\photos\mp_f_freemode_01-hair_1-63.webp
1A8E8FE26AAD7D26B683FE9ECB536AD15B677EFC9CDA6305C189108669F8512D	C:\admirales\script_ver\script_ver\quarantine\under-review\17mov_CharacterSystem\web\photos\mp_f_freemode_01-hair_1-64.webp
A245BE1E9072F11E95D97532425198F1E5EB31D558650C11FA1794288D1E5E82	C:\admirales\script_ver\script_ver\quarantine\under-review\17mov_CharacterSystem\web\photos\mp_f_freemode_01-hair_1-65.webp
07E3F05FD3A02E3F138374674964A0C6B0F22D276BE29B9820235A408A822803	C:\admirales\script_ver\script_ver\quarantine\under-review\17mov_CharacterSystem\web\photos\mp_f_freemode_01-hair_1-66.webp
5AFA1F2300745CA52A0FDE6BF20A6AFB9CD6B0FC5FFAE39C05CDEA99255CFF70	C:\admirales\script_ver\script_ver\quarantine\under-review\17mov_CharacterSystem\web\photos\mp_f_freemode_01-hair_1-67.webp
C4BF267312993FB6F8903EEB6B0918EEB3DE889E9B6DDC1ADFE16C259B7E0D4F	C:\admirales\script_ver\script_ver\quarantine\under-review\17mov_CharacterSystem\web\photos\mp_f_freemode_01-hair_1-68.webp
D2BCD7C77917F82413BE1DD3CE5D87DE93E4C6BF2A6CBFF3C5FBC3E032EE8E07	C:\admirales\script_ver\script_ver\quarantine\under-review\17mov_CharacterSystem\web\photos\mp_f_freemode_01-hair_1-69.webp
28B4D57C3AF28AF3F692827A8EF23171DA2F505178ECF1B167B8EDB89336AE7D	C:\admirales\script_ver\script_ver\quarantine\under-review\17mov_CharacterSystem\web\photos\mp_f_freemode_01-hair_1-7.webp
CA3EBC1431CC79C8AE61FB6DB0F1A57B79B506CDFD9985D2336E84558577EEE9	C:\admirales\script_ver\script_ver\quarantine\under-review\17mov_CharacterSystem\web\photos\mp_f_freemode_01-hair_1-70.webp
69F60D9A46641932107917B3D9C22F868B19690E60D21958DC35C3025319586A	C:\admirales\script_ver\script_ver\quarantine\under-review\17mov_CharacterSystem\web\photos\mp_f_freemode_01-hair_1-71.webp
CC7168CFF3799ECE0B2E4B4D6F16FD596D45A4A7DA9D6C1E0729B80F1F9B00A3	C:\admirales\script_ver\script_ver\quarantine\under-review\17mov_CharacterSystem\web\photos\mp_f_freemode_01-hair_1-72.webp
9B2B7458177D9F7822AB1FBE3FF478B44D1273AA9524298978870CC14A7D73EA	C:\admirales\script_ver\script_ver\quarantine\under-review\17mov_CharacterSystem\web\photos\mp_f_freemode_01-hair_1-73.webp
C8649833D05EBE120EF3B03A94640D422A6306C3DE3D1FF0C26A9574F53FE44E	C:\admirales\script_ver\script_ver\quarantine\under-review\17mov_CharacterSystem\web\photos\mp_f_freemode_01-hair_1-74.webp
66FA27C605AD5F8821EEFEAEDCFEEB5D238802300D9387B9D2F45E12A4FCFC15	C:\admirales\script_ver\script_ver\quarantine\under-review\17mov_CharacterSystem\web\photos\mp_f_freemode_01-hair_1-75.webp
97AB5F5E3A3B681FA929B9B5A0EDC6145CCB80CB0AE302E45CC006E9D2E41AA3	C:\admirales\script_ver\script_ver\quarantine\under-review\17mov_CharacterSystem\web\photos\mp_f_freemode_01-hair_1-76.webp
D49AFD1FB648AE823E2E59804BCBC352114A4CFD8FDB81DF75DD60B97C8DFD31	C:\admirales\script_ver\script_ver\quarantine\under-review\17mov_CharacterSystem\web\photos\mp_f_freemode_01-hair_1-77.webp
D48B9DE1CD60AD35A8F12688BB0EBD98A8411AA8ADB6259E1A4D033712F15FA4	C:\admirales\script_ver\script_ver\quarantine\under-review\17mov_CharacterSystem\web\photos\mp_f_freemode_01-hair_1-78.webp
EE7484452AF00D0FAA9F8B7FEB756F866E40A68C0E394EFC7C64D491DE703540	C:\admirales\script_ver\script_ver\quarantine\under-review\17mov_CharacterSystem\web\photos\mp_f_freemode_01-hair_1-79.webp
9F1B5A60ACC9BD2FC641A768A6E7C015E34EF80E3F1BDB01F757F6BDC5A91E65	C:\admirales\script_ver\script_ver\quarantine\under-review\17mov_CharacterSystem\web\photos\mp_f_freemode_01-hair_1-8.webp
8864730D13045BEE33293C0445E8538EBD05E10796BC1A764045EF3E90428E47	C:\admirales\script_ver\script_ver\quarantine\under-review\17mov_CharacterSystem\web\photos\mp_f_freemode_01-hair_1-80.webp
41917DB5F39D8B783A95784D718BD286050B064936406A7030656E01DAE9B035	C:\admirales\script_ver\script_ver\quarantine\under-review\17mov_CharacterSystem\web\photos\mp_f_freemode_01-hair_1-81.webp
758D23F292831212FD52A093C07324FFAE62E1874E00D08EC344115F6E4434C1	C:\admirales\script_ver\script_ver\quarantine\under-review\17mov_CharacterSystem\web\photos\mp_f_freemode_01-hair_1-82.webp
8CCB0EDC7CB12F64EF4F4139B752309E3F82D24F8DA6EBA28641272BD60AD74A	C:\admirales\script_ver\script_ver\quarantine\under-review\17mov_CharacterSystem\web\photos\mp_f_freemode_01-hair_1-83.webp
81459B637771402820021D714CDDE88CAB15D173530D0D665148E280A21F31AF	C:\admirales\script_ver\script_ver\quarantine\under-review\17mov_CharacterSystem\web\photos\mp_f_freemode_01-hair_1-84.webp
019C1A7307A3FC044BE521CE2783ECC92C5FA634DD935A07BEBB36739FC6C9E3	C:\admirales\script_ver\script_ver\quarantine\under-review\17mov_CharacterSystem\web\photos\mp_f_freemode_01-hair_1-85.webp
0700C056E2C523C52921173CF2AD031373E57B2DC98B439699BD4E302AE5FE86	C:\admirales\script_ver\script_ver\quarantine\under-review\17mov_CharacterSystem\web\photos\mp_f_freemode_01-hair_1-86.webp
361F4582DE319A59CD37ED2189A1CFB707618AAC9840D2BFF830B755FC6C7B1C	C:\admirales\script_ver\script_ver\quarantine\under-review\17mov_CharacterSystem\web\photos\mp_f_freemode_01-hair_1-9.webp
F80AF0D27980CD0D7A3AEFCA9BACD511106D0508238CB232439EB7B00854737B	C:\admirales\script_ver\script_ver\quarantine\under-review\17mov_CharacterSystem\web\photos\mp_f_freemode_01-helmet_1-0.webp
AB91926B1EA38456ECEE39510219B1A936B86D2040A196A3125F1258DE0110DE	C:\admirales\script_ver\script_ver\quarantine\under-review\17mov_CharacterSystem\web\photos\mp_f_freemode_01-helmet_1-1.webp
57C478D5847DC9196E000235BDFCCBD2132F412159B35203B2F5E6DF75764037	C:\admirales\script_ver\script_ver\quarantine\under-review\17mov_CharacterSystem\web\photos\mp_f_freemode_01-helmet_1-10.webp
401F73379DEC6BF2528BC9E8854E07D881719E1BBFC629EF980C7D81C370A14E	C:\admirales\script_ver\script_ver\quarantine\under-review\17mov_CharacterSystem\web\photos\mp_f_freemode_01-helmet_1-100.webp
ED9539EE60D0FF1AB2EA8B4CB3DAFF3AF7A79B812898BBF2A96FCDD859AD325A	C:\admirales\script_ver\script_ver\quarantine\under-review\17mov_CharacterSystem\web\photos\mp_f_freemode_01-helmet_1-101.webp
0CA334D4026CC8E7441B3EFBC5F9FC69B2892DE25BA8B201ADF36D8DF28DBD48	C:\admirales\script_ver\script_ver\quarantine\under-review\17mov_CharacterSystem\web\photos\mp_f_freemode_01-helmet_1-102.webp
F2B8C58B58B7699BFEC6C7641E0437DA7427187AFE2CA442AA1A727BC1F8324A	C:\admirales\script_ver\script_ver\quarantine\under-review\17mov_CharacterSystem\web\photos\mp_f_freemode_01-helmet_1-103.webp
98205C2CA98109188288B132D87033C89E1B3ACD39692087562EB027D80E6CDE	C:\admirales\script_ver\script_ver\quarantine\under-review\17mov_CharacterSystem\web\photos\mp_f_freemode_01-helmet_1-104.webp
61F0093885B171C995D2546493107DF7ED7BF7A89A95CCC9D4F4FF3B11DFC9CF	C:\admirales\script_ver\script_ver\quarantine\under-review\17mov_CharacterSystem\web\photos\mp_f_freemode_01-helmet_1-105.webp
0069F615E442A2147843F72956C14186177634728B5F7B50BAFA47A677D9EA4A	C:\admirales\script_ver\script_ver\quarantine\under-review\17mov_CharacterSystem\web\photos\mp_f_freemode_01-helmet_1-106.webp
0C9B0483ABC07E28C8243C3FC62B23B65D79287E8C66FFF3571954FF667B9D4A	C:\admirales\script_ver\script_ver\quarantine\under-review\17mov_CharacterSystem\web\photos\mp_f_freemode_01-helmet_1-107.webp
345C926B38F063F66F2BD36F7D4D0F05CEBC63CD53B35390F5CB4FB0AA27383F	C:\admirales\script_ver\script_ver\quarantine\under-review\17mov_CharacterSystem\web\photos\mp_f_freemode_01-helmet_1-108.webp
FC10EF7AC101B8ED5BB60F7ADDA011CC827C04D54A3114E98B6CC09D1DBC9254	C:\admirales\script_ver\script_ver\quarantine\under-review\17mov_CharacterSystem\web\photos\mp_f_freemode_01-helmet_1-109.webp
ED2AC8280A6DB6F73D6A43489B579D7EF8E49DBB79ADA3A795E130CA21523B81	C:\admirales\script_ver\script_ver\quarantine\under-review\17mov_CharacterSystem\web\photos\mp_f_freemode_01-helmet_1-11.webp
CB330E39D9C001EBFD00F8E137E920644FAB3F66FCDF59BC8E94AF282F91AC1A	C:\admirales\script_ver\script_ver\quarantine\under-review\17mov_CharacterSystem\web\photos\mp_f_freemode_01-helmet_1-110.webp
CC4CFC63F655918BC48E9D2129E8A877C7898FA459E35C36F697E23BA9E291A4	C:\admirales\script_ver\script_ver\quarantine\under-review\17mov_CharacterSystem\web\photos\mp_f_freemode_01-helmet_1-111.webp
D13A54AE240E80AA83A32CD874562B4D99E743C6597F48B550227A3AEB436D3A	C:\admirales\script_ver\script_ver\quarantine\under-review\17mov_CharacterSystem\web\photos\mp_f_freemode_01-helmet_1-112.webp
4F9CF4938EB2989EC998D4DDFE9FBD3BE2CD3A5D0BE3D72595EE274E8A4DA9BF	C:\admirales\script_ver\script_ver\quarantine\under-review\17mov_CharacterSystem\web\photos\mp_f_freemode_01-helmet_1-113.webp
3723AAF316060C2A6D6BEEE4F9171A7D7B909D33B699A5200DFFD42BD78F3501	C:\admirales\script_ver\script_ver\quarantine\under-review\17mov_CharacterSystem\web\photos\mp_f_freemode_01-helmet_1-114.webp
1AAB5061E6F936E67346ED33425DAB371984ED46FDFC0C72EB8F54B83D3CBFE4	C:\admirales\script_ver\script_ver\quarantine\under-review\17mov_CharacterSystem\web\photos\mp_f_freemode_01-helmet_1-115.webp
C58CDB094FA8C65366C676BCA00E9BEE19E36AC44488F1D2BD7189877F943E94	C:\admirales\script_ver\script_ver\quarantine\under-review\17mov_CharacterSystem\web\photos\mp_f_freemode_01-helmet_1-116.webp
294CAFD71FDD4ABF24ED182CE63BFBDFDC16FD9A221896C1D197A1A862CC16F1	C:\admirales\script_ver\script_ver\quarantine\under-review\17mov_CharacterSystem\web\photos\mp_f_freemode_01-helmet_1-117.webp
C30A0DDE076FCEA00F5BD64D32E251B42695EF6156617D490BA277954289E253	C:\admirales\script_ver\script_ver\quarantine\under-review\17mov_CharacterSystem\web\photos\mp_f_freemode_01-helmet_1-118.webp
70A7ADBC8285DAC0A7D40F88677AEBEBD43A34289087875160B34E2894FE98B8	C:\admirales\script_ver\script_ver\quarantine\under-review\17mov_CharacterSystem\web\photos\mp_f_freemode_01-helmet_1-119.webp
BD98A462DE8CEB7870B7591EB14A02128F5CE1AE5A34A7111B659939607F2575	C:\admirales\script_ver\script_ver\quarantine\under-review\17mov_CharacterSystem\web\photos\mp_f_freemode_01-helmet_1-12.webp
454EAB2D60F258D204DC48E4C8709A1E3F6F41ADC8EEA55299F87A815737A475	C:\admirales\script_ver\script_ver\quarantine\under-review\17mov_CharacterSystem\web\photos\mp_f_freemode_01-helmet_1-120.webp
6676CDD7BE71D5DFD1332E54543573F62598A40D56272148CB45CD827B3FD8DB	C:\admirales\script_ver\script_ver\quarantine\under-review\17mov_CharacterSystem\web\photos\mp_f_freemode_01-helmet_1-121.webp
E017F20B74829C684A05444360C7C1CFFD6C15D78E4E8C2D2756408F69EEFEF0	C:\admirales\script_ver\script_ver\quarantine\under-review\17mov_CharacterSystem\web\photos\mp_f_freemode_01-helmet_1-122.webp
220E837CFD3A87005CF994C4C703A06BE4AEAA957ECF15A26C702CCC6A894B63	C:\admirales\script_ver\script_ver\quarantine\under-review\17mov_CharacterSystem\web\photos\mp_f_freemode_01-helmet_1-123.webp
3D1DE734E695F744C83CDCD8DFDF9FD0062BD71B0909C139444DA9F29DAC9008	C:\admirales\script_ver\script_ver\quarantine\under-review\17mov_CharacterSystem\web\photos\mp_f_freemode_01-helmet_1-124.webp
CC11CD3574493FF72A57D939E0583EEBB2557E4DD7E88E0B423C5EBA4A7AE4DF	C:\admirales\script_ver\script_ver\quarantine\under-review\17mov_CharacterSystem\web\photos\mp_f_freemode_01-helmet_1-125.webp
28CDBD195672B3C03FEE2E6172637AF57F637D15FFBD068598E24981A6CE12C8	C:\admirales\script_ver\script_ver\quarantine\under-review\17mov_CharacterSystem\web\photos\mp_f_freemode_01-helmet_1-126.webp
DD3793490AACEBCB577726A6C8EF182929D0BFB791825B775FF7982F5DBBD1EA	C:\admirales\script_ver\script_ver\quarantine\under-review\17mov_CharacterSystem\web\photos\mp_f_freemode_01-helmet_1-127.webp
9D3ED6B3874DF6E4C19304FCF55396CC768F7A4A2FCF90BB3EFACE594C05DA71	C:\admirales\script_ver\script_ver\quarantine\under-review\17mov_CharacterSystem\web\photos\mp_f_freemode_01-helmet_1-128.webp
A4D50C225FC9B85EABE9D63F5E9660072B4B7DC4A2EA4FE94BFF45834FA2C53A	C:\admirales\script_ver\script_ver\quarantine\under-review\17mov_CharacterSystem\web\photos\mp_f_freemode_01-helmet_1-129.webp
72192014CC16B098EF431AD10C309CB04A273AFD8652E9EBD5688B1B9F4A11F4	C:\admirales\script_ver\script_ver\quarantine\under-review\17mov_CharacterSystem\web\photos\mp_f_freemode_01-helmet_1-13.webp
8BEBAFAA64BBF70C2733D7DC1595D02C7BD538D55745126F336D5A535AC22ABC	C:\admirales\script_ver\script_ver\quarantine\under-review\17mov_CharacterSystem\web\photos\mp_f_freemode_01-helmet_1-130.webp
3E7B7A431FC1AE20B6FC05187233A564BF98B1BE087FABCCD3C8E27562C74447	C:\admirales\script_ver\script_ver\quarantine\under-review\17mov_CharacterSystem\web\photos\mp_f_freemode_01-helmet_1-131.webp
D982CC70D8BCD9D9D9EDF3D005D5B2EBE7DA5FB59794A0A4F907F8D78D32138E	C:\admirales\script_ver\script_ver\quarantine\under-review\17mov_CharacterSystem\web\photos\mp_f_freemode_01-helmet_1-132.webp
467607116BB3423F45A0C697978FCDDA5D2E7313DF8EF5A7DB18997FB8FD8BB9	C:\admirales\script_ver\script_ver\quarantine\under-review\17mov_CharacterSystem\web\photos\mp_f_freemode_01-helmet_1-133.webp
94148ACD64F2C30C8F0790C55BB607811050E05CF5D4A9B0DE383A619CE37AAA	C:\admirales\script_ver\script_ver\quarantine\under-review\17mov_CharacterSystem\web\photos\mp_f_freemode_01-helmet_1-134.webp
C2733D552311E3F1F478164759CF606B7F8BFA3F726FFBA758F97E9C870E3F05	C:\admirales\script_ver\script_ver\quarantine\under-review\17mov_CharacterSystem\web\photos\mp_f_freemode_01-helmet_1-135.webp
2236202B383657B9DCE8CFC602CDCED958AB1E34B50CD42AEE66B644943F7CE6	C:\admirales\script_ver\script_ver\quarantine\under-review\17mov_CharacterSystem\web\photos\mp_f_freemode_01-helmet_1-136.webp
32507854A66974313AE56FEEA1FD4EF94FBB5D3C349DFA2268B9A1E615788C09	C:\admirales\script_ver\script_ver\quarantine\under-review\17mov_CharacterSystem\web\photos\mp_f_freemode_01-helmet_1-137.webp
30431B462B4860B92A70FD3E2977C04B118275796B68998253E05C2C7665484F	C:\admirales\script_ver\script_ver\quarantine\under-review\17mov_CharacterSystem\web\photos\mp_f_freemode_01-helmet_1-138.webp
2AD047440ED6D8E45F85A4D81BC0BCC8AC0352239E0DA48DE4A3564437A5FEE8	C:\admirales\script_ver\script_ver\quarantine\under-review\17mov_CharacterSystem\web\photos\mp_f_freemode_01-helmet_1-139.webp
8A65AD1109A044E2CC644650E3A594C0D627EBD7D0F4E361CE348248821AE644	C:\admirales\script_ver\script_ver\quarantine\under-review\17mov_CharacterSystem\web\photos\mp_f_freemode_01-helmet_1-14.webp
1250836B4367A8AF273B606626934863DC9738606A9E9E4BB0DB5247F0E2BBAE	C:\admirales\script_ver\script_ver\quarantine\under-review\17mov_CharacterSystem\web\photos\mp_f_freemode_01-helmet_1-140.webp
EF0A4112836D42C49FF2BEA1C7F1969C2B99D2118ECEE1913EC7817DC56B753F	C:\admirales\script_ver\script_ver\quarantine\under-review\17mov_CharacterSystem\web\photos\mp_f_freemode_01-helmet_1-141.webp
D625AE65E8B0E59F4244FE46EB019A375E5B22D84707156F907977779128DF94	C:\admirales\script_ver\script_ver\quarantine\under-review\17mov_CharacterSystem\web\photos\mp_f_freemode_01-helmet_1-142.webp
4441B30ACAB26A32EC1BF348DD4C1707C4A813A95F84DB7D189A00F459646A35	C:\admirales\script_ver\script_ver\quarantine\under-review\17mov_CharacterSystem\web\photos\mp_f_freemode_01-helmet_1-143.webp
BD1B6479F8DA8785A43B88973AE18E4D920482C2D5F0C66848E6B4A50DFB8864	C:\admirales\script_ver\script_ver\quarantine\under-review\17mov_CharacterSystem\web\photos\mp_f_freemode_01-helmet_1-144.webp
62DC80872C67D0AB9F55D64562488FDA9E106F23D758209BD4F6C1A6F908ABF7	C:\admirales\script_ver\script_ver\quarantine\under-review\17mov_CharacterSystem\web\photos\mp_f_freemode_01-helmet_1-145.webp
CC713BCB35B960DA146BA1161E0D09E010D3E3DDBBF432892B906E2212E5432B	C:\admirales\script_ver\script_ver\quarantine\under-review\17mov_CharacterSystem\web\photos\mp_f_freemode_01-helmet_1-146.webp
66ECCFCA5C3CCAA5874B77CF2D390D030519E556106626103DE928DF1F9ACECE	C:\admirales\script_ver\script_ver\quarantine\under-review\17mov_CharacterSystem\web\photos\mp_f_freemode_01-helmet_1-147.webp
9101DC2298AA6EF59D746A4CC068CFE9836F293D59F353BACF4E187E457CFFF5	C:\admirales\script_ver\script_ver\quarantine\under-review\17mov_CharacterSystem\web\photos\mp_f_freemode_01-helmet_1-148.webp
69F3686BD5846FD7FD8589B02EBBA3BDBD8327DAA7C5D7958156045F50343589	C:\admirales\script_ver\script_ver\quarantine\under-review\17mov_CharacterSystem\web\photos\mp_f_freemode_01-helmet_1-149.webp
A729DB288FB5597181AC7A49D45570C83059C3BF695DED9FEED6917D819BA477	C:\admirales\script_ver\script_ver\quarantine\under-review\17mov_CharacterSystem\web\photos\mp_f_freemode_01-helmet_1-15.webp
F323D36C3F428FA4999FBE4DB8CDE923033D4C017F5526AC07D8C51EC83B5422	C:\admirales\script_ver\script_ver\quarantine\under-review\17mov_CharacterSystem\web\photos\mp_f_freemode_01-helmet_1-150.webp
BBCC0655CCB01CABF316391D934DD3BC6E5526C814741B5960B8AF191C0EAE3A	C:\admirales\script_ver\script_ver\quarantine\under-review\17mov_CharacterSystem\web\photos\mp_f_freemode_01-helmet_1-151.webp
0C04CCFFA711B3BD0787B3BE835CEBA2CE9985EC86AB9277ED1B0CD2FA221C6E	C:\admirales\script_ver\script_ver\quarantine\under-review\17mov_CharacterSystem\web\photos\mp_f_freemode_01-helmet_1-152.webp
B8BCD82241104E606F64687DFE867AF1FA8B183C7BFBD2BAB154567DE18821AF	C:\admirales\script_ver\script_ver\quarantine\under-review\17mov_CharacterSystem\web\photos\mp_f_freemode_01-helmet_1-153.webp
37BC01F6CF37E260897766236DB06938602D52E3E1687FDB9DF9163E79B56153	C:\admirales\script_ver\script_ver\quarantine\under-review\17mov_CharacterSystem\web\photos\mp_f_freemode_01-helmet_1-154.webp
D2CDA43F2965B4E12F957ACDD1E77F01CA816A43931BFC0C1CF7B5E9CA747601	C:\admirales\script_ver\script_ver\quarantine\under-review\17mov_CharacterSystem\web\photos\mp_f_freemode_01-helmet_1-155.webp
64CC217B86A6470DB846403805BD5E74033D8A9913F516A5340DDFE95337674F	C:\admirales\script_ver\script_ver\quarantine\under-review\17mov_CharacterSystem\web\photos\mp_f_freemode_01-helmet_1-156.webp
90437CAF800A4028906B6E9175C423D071999E225976847C502BB90109DE4EC2	C:\admirales\script_ver\script_ver\quarantine\under-review\17mov_CharacterSystem\web\photos\mp_f_freemode_01-helmet_1-157.webp
558BB7934FBFAF4D6A8E46154C6CF66E9247196610B20A7C7E0D4E98D153F774	C:\admirales\script_ver\script_ver\quarantine\under-review\17mov_CharacterSystem\web\photos\mp_f_freemode_01-helmet_1-158.webp
152EAA731D7F95A472AB106923A10E97375BB05CF0A363732204F7227557B372	C:\admirales\script_ver\script_ver\quarantine\under-review\17mov_CharacterSystem\web\photos\mp_f_freemode_01-helmet_1-159.webp
7EAED55C568B183426CD9841072019B035CC58DACD46CF0A93FB91EF2BC486EB	C:\admirales\script_ver\script_ver\quarantine\under-review\17mov_CharacterSystem\web\photos\mp_f_freemode_01-helmet_1-16.webp
65EC3E59D66E0B90FBC91814380270B29D60DB2823118EF4F27E1DFB34F9B4AC	C:\admirales\script_ver\script_ver\quarantine\under-review\17mov_CharacterSystem\web\photos\mp_f_freemode_01-helmet_1-160.webp
FD97D549907CFC4C1518B45D84ABA9411F58CB182C07BC3272471B86A5C14979	C:\admirales\script_ver\script_ver\quarantine\under-review\17mov_CharacterSystem\web\photos\mp_f_freemode_01-helmet_1-161.webp
F994D899761626754DFC5F1809165FF011993CF14985E23AD45ED767164C9480	C:\admirales\script_ver\script_ver\quarantine\under-review\17mov_CharacterSystem\web\photos\mp_f_freemode_01-helmet_1-162.webp
E4A313382EFA9C53F6B90ACFD2068DF3FBBC2F4DF66B0F4B70545F1E224116EA	C:\admirales\script_ver\script_ver\quarantine\under-review\17mov_CharacterSystem\web\photos\mp_f_freemode_01-helmet_1-163.webp
7BB8A24E60909FCCFC716F69855356C02D2F268A04C72CD59140C928643F783A	C:\admirales\script_ver\script_ver\quarantine\under-review\17mov_CharacterSystem\web\photos\mp_f_freemode_01-helmet_1-164.webp
0E6ABDEAD6C9C67189B0C9A61CDA4C2929DE56D7811D5D4C85D6B14D10A8FC4E	C:\admirales\script_ver\script_ver\quarantine\under-review\17mov_CharacterSystem\web\photos\mp_f_freemode_01-helmet_1-165.webp
CC943D9861030E7DC20BB37C53D1C3CD6B6363B51AEDE39F3C6F4C3B205EB214	C:\admirales\script_ver\script_ver\quarantine\under-review\17mov_CharacterSystem\web\photos\mp_f_freemode_01-helmet_1-166.webp
FF04C142FA1DC790F0238D6AB4A1D021D2B52EB08CD7B77F83D1114D6BE1583A	C:\admirales\script_ver\script_ver\quarantine\under-review\17mov_CharacterSystem\web\photos\mp_f_freemode_01-helmet_1-167.webp
2349B0214695128C0EEAEE55EA46C7B18E31F7B36BC8C94232662778D7E8C7C7	C:\admirales\script_ver\script_ver\quarantine\under-review\17mov_CharacterSystem\web\photos\mp_f_freemode_01-helmet_1-168.webp
40E02CB7E60E80C973EEDEA1B5AF1FEA219795361FF9E3F331238531A8F10584	C:\admirales\script_ver\script_ver\quarantine\under-review\17mov_CharacterSystem\web\photos\mp_f_freemode_01-helmet_1-169.webp
303AFACEA18BC0789941F68C03153296E6A3FA89670F0741CE14D542CC4BDFD6	C:\admirales\script_ver\script_ver\quarantine\under-review\17mov_CharacterSystem\web\photos\mp_f_freemode_01-helmet_1-17.webp
5E9451237C1BDB6BB41D2D3D03B9A8E373A82325F977F38A9A25C31AFD0EE110	C:\admirales\script_ver\script_ver\quarantine\under-review\17mov_CharacterSystem\web\photos\mp_f_freemode_01-helmet_1-170.webp
D39049AB506C6506818C2D5437E39FD049DF62DF19A1F681DC9DC3205408CA67	C:\admirales\script_ver\script_ver\quarantine\under-review\17mov_CharacterSystem\web\photos\mp_f_freemode_01-helmet_1-171.webp
68C54B42DDC68AE770BCF91EA07EF830D64391D4EEB217EF30EA45F12D34868D	C:\admirales\script_ver\script_ver\quarantine\under-review\17mov_CharacterSystem\web\photos\mp_f_freemode_01-helmet_1-172.webp
060505D3CB158A221C196CA56E41A4390EC6F992F65776897DD8080C5316356B	C:\admirales\script_ver\script_ver\quarantine\under-review\17mov_CharacterSystem\web\photos\mp_f_freemode_01-helmet_1-173.webp
CFDBE97F443FA8079CA87D529CF4B8C47B28161E3A239FEECCDDF902A2927AD3	C:\admirales\script_ver\script_ver\quarantine\under-review\17mov_CharacterSystem\web\photos\mp_f_freemode_01-helmet_1-174.webp
421281CA63F3892D962789B71A48681BB02ED35268D7470EE49C602DF3218AC0	C:\admirales\script_ver\script_ver\quarantine\under-review\17mov_CharacterSystem\web\photos\mp_f_freemode_01-helmet_1-175.webp
477DB9A52EEE3BDD9D1F938C3B668A9E166C38520790AA698AA371E4681D0A6D	C:\admirales\script_ver\script_ver\quarantine\under-review\17mov_CharacterSystem\web\photos\mp_f_freemode_01-helmet_1-176.webp
E546EFB9A4EA68680A1F29A3E00501EEFE1C40A5E3CF9368AA0B5CF546403D15	C:\admirales\script_ver\script_ver\quarantine\under-review\17mov_CharacterSystem\web\photos\mp_f_freemode_01-helmet_1-177.webp
22BDAEA8A6822213DB917694EC9B336AE0180890C7D4EF2FE529E8873489E6D3	C:\admirales\script_ver\script_ver\quarantine\under-review\17mov_CharacterSystem\web\photos\mp_f_freemode_01-helmet_1-178.webp
B5105C7AC76E2AC57BB62D951FCDE189A0CA16169AB4DA1B5DF26A4C44D193CD	C:\admirales\script_ver\script_ver\quarantine\under-review\17mov_CharacterSystem\web\photos\mp_f_freemode_01-helmet_1-179.webp
6016E1A9B0CA54460B6776808CE6396249626DD4ABC8191841AF019C92E477C3	C:\admirales\script_ver\script_ver\quarantine\under-review\17mov_CharacterSystem\web\photos\mp_f_freemode_01-helmet_1-18.webp
9F9A66270B2C43F5365C873897EE2495F4D5B2D6E3934050DCDF591F9CA0E846	C:\admirales\script_ver\script_ver\quarantine\under-review\17mov_CharacterSystem\web\photos\mp_f_freemode_01-helmet_1-180.webp
42F97710C5E954E2E2FB66EE52399ADDB4A51950879C7716AAE3266495237C99	C:\admirales\script_ver\script_ver\quarantine\under-review\17mov_CharacterSystem\web\photos\mp_f_freemode_01-helmet_1-181.webp
693DF9E5B3389BEED9DC9A95CA790F5757FF860E86A0A3D87F733DDF5A518FFD	C:\admirales\script_ver\script_ver\quarantine\under-review\17mov_CharacterSystem\web\photos\mp_f_freemode_01-helmet_1-182.webp
E6C7FD543B6F1853462718841B2A7FD86A38BF6538E965070DCC88F30165F851	C:\admirales\script_ver\script_ver\quarantine\under-review\17mov_CharacterSystem\web\photos\mp_f_freemode_01-helmet_1-183.webp
A6D08C32497F20C92A9C8694CEC9BC80299BBA639879D9C9954933D56D4BDB66	C:\admirales\script_ver\script_ver\quarantine\under-review\17mov_CharacterSystem\web\photos\mp_f_freemode_01-helmet_1-184.webp
4869C4B582F713321FA8710F04D4D04EAB2377DA69C7D65FA03F034482EA72F9	C:\admirales\script_ver\script_ver\quarantine\under-review\17mov_CharacterSystem\web\photos\mp_f_freemode_01-helmet_1-185.webp
FF6C5BDDDE15A2DD1214E3B94453491A91CAB1C0679FEFCFB0D0E018B21C935E	C:\admirales\script_ver\script_ver\quarantine\under-review\17mov_CharacterSystem\web\photos\mp_f_freemode_01-helmet_1-186.webp
0200C9969EE809504B780105DA73A5ADFC6A713B75D05EAC5FE9170274A8AF95	C:\admirales\script_ver\script_ver\quarantine\under-review\17mov_CharacterSystem\web\photos\mp_f_freemode_01-helmet_1-187.webp
FBD1655FA7F1321106FEE2F339B5C8C877EC15C5EBB65CE7A60388C39BEB9078	C:\admirales\script_ver\script_ver\quarantine\under-review\17mov_CharacterSystem\web\photos\mp_f_freemode_01-helmet_1-188.webp
91A85DD34005F1CBE38D102E415B4374248276E10403658F42FD2E04FC25B765	C:\admirales\script_ver\script_ver\quarantine\under-review\17mov_CharacterSystem\web\photos\mp_f_freemode_01-helmet_1-189.webp
A3A3C608D41AE6D66ECCE1C58F785294E971FDE7C6AF119D04A56513AB8AC8A5	C:\admirales\script_ver\script_ver\quarantine\under-review\17mov_CharacterSystem\web\photos\mp_f_freemode_01-helmet_1-19.webp
F80AF0D27980CD0D7A3AEFCA9BACD511106D0508238CB232439EB7B00854737B	C:\admirales\script_ver\script_ver\quarantine\under-review\17mov_CharacterSystem\web\photos\mp_f_freemode_01-helmet_1-190.webp
F80AF0D27980CD0D7A3AEFCA9BACD511106D0508238CB232439EB7B00854737B	C:\admirales\script_ver\script_ver\quarantine\under-review\17mov_CharacterSystem\web\photos\mp_f_freemode_01-helmet_1-191.webp
CD0979A043D3E7C23F07D9BF6BC67C68466E482B065B461CC33B1A19BE2AD9B3	C:\admirales\script_ver\script_ver\quarantine\under-review\17mov_CharacterSystem\web\photos\mp_f_freemode_01-helmet_1-192.webp
9C62C16D523BB3512D5EDDC982479239801E5CB03E3B11C6DBD5BD44DB63FC35	C:\admirales\script_ver\script_ver\quarantine\under-review\17mov_CharacterSystem\web\photos\mp_f_freemode_01-helmet_1-193.webp
AEFDF19750AC33E19CF232938FD3D73410A1D86E8F8917FE37A9E923F0D9A7C5	C:\admirales\script_ver\script_ver\quarantine\under-review\17mov_CharacterSystem\web\photos\mp_f_freemode_01-helmet_1-194.webp
131982C5EEC72384998593A3363DC8C626F42C37778796266DDA3F014664ADC9	C:\admirales\script_ver\script_ver\quarantine\under-review\17mov_CharacterSystem\web\photos\mp_f_freemode_01-helmet_1-195.webp
FD02B9F8541BD4FD023032C9F333D77373D504F3DC3E4ACD984F9DD622E0030A	C:\admirales\script_ver\script_ver\quarantine\under-review\17mov_CharacterSystem\web\photos\mp_f_freemode_01-helmet_1-196.webp
AEDFF3E8266F9BBB5C1FE75E4CA9BD78748EE69D1426F31AE109EAF6B3337609	C:\admirales\script_ver\script_ver\quarantine\under-review\17mov_CharacterSystem\web\photos\mp_f_freemode_01-helmet_1-197.webp
B621816033D8D58DCA85160D27673B66ACA44A19E0301A11615ED224697B263B	C:\admirales\script_ver\script_ver\quarantine\under-review\17mov_CharacterSystem\web\photos\mp_f_freemode_01-helmet_1-198.webp
419D0BBFBB763E6C2034E57831E6B424D3626C626240256AD32E99BD7FD68655	C:\admirales\script_ver\script_ver\quarantine\under-review\17mov_CharacterSystem\web\photos\mp_f_freemode_01-helmet_1-199.webp
0E7D9E6B4D3B16ECC315BA1E9778C52F9E216B4F4D5E01FB19A669AE945D3836	C:\admirales\script_ver\script_ver\quarantine\under-review\17mov_CharacterSystem\web\photos\mp_f_freemode_01-helmet_1-2.webp
5A506804EB06A14385531A0EEFB169002ECC3176C66E352AC98DCF2CD58948A4	C:\admirales\script_ver\script_ver\quarantine\under-review\17mov_CharacterSystem\web\photos\mp_f_freemode_01-helmet_1-20.webp
DFEEF3C039059EA71DA5B9B136201F8D93CEE63DC2D26D0164B175EF55F7ECF0	C:\admirales\script_ver\script_ver\quarantine\under-review\17mov_CharacterSystem\web\photos\mp_f_freemode_01-helmet_1-200.webp
F80AF0D27980CD0D7A3AEFCA9BACD511106D0508238CB232439EB7B00854737B	C:\admirales\script_ver\script_ver\quarantine\under-review\17mov_CharacterSystem\web\photos\mp_f_freemode_01-helmet_1-201.webp
F80AF0D27980CD0D7A3AEFCA9BACD511106D0508238CB232439EB7B00854737B	C:\admirales\script_ver\script_ver\quarantine\under-review\17mov_CharacterSystem\web\photos\mp_f_freemode_01-helmet_1-202.webp
2C47A016D92387E041FC43932076E17181738A10F5759DDF9ADC57E47796B1D7	C:\admirales\script_ver\script_ver\quarantine\under-review\17mov_CharacterSystem\web\photos\mp_f_freemode_01-helmet_1-203.webp
0731D1706E6C2637A94CFEB9F75EF58E2F8719E6E600CA389FB1736F867D5328	C:\admirales\script_ver\script_ver\quarantine\under-review\17mov_CharacterSystem\web\photos\mp_f_freemode_01-helmet_1-204.webp
518D581BDFDDEFE35E67D01ECC59D4B61054272B16DF9516A49DB8F45BBFE91F	C:\admirales\script_ver\script_ver\quarantine\under-review\17mov_CharacterSystem\web\photos\mp_f_freemode_01-helmet_1-205.webp
E397C60377064042C112F757BBD9AF2A65CCE2E1415C195694399708DB043B09	C:\admirales\script_ver\script_ver\quarantine\under-review\17mov_CharacterSystem\web\photos\mp_f_freemode_01-helmet_1-206.webp
F80AF0D27980CD0D7A3AEFCA9BACD511106D0508238CB232439EB7B00854737B	C:\admirales\script_ver\script_ver\quarantine\under-review\17mov_CharacterSystem\web\photos\mp_f_freemode_01-helmet_1-207.webp
F80AF0D27980CD0D7A3AEFCA9BACD511106D0508238CB232439EB7B00854737B	C:\admirales\script_ver\script_ver\quarantine\under-review\17mov_CharacterSystem\web\photos\mp_f_freemode_01-helmet_1-208.webp
22056108F502252B64FDCDCA39D31802CFF3C6FC9662261DA2C90E40A6DC65D7	C:\admirales\script_ver\script_ver\quarantine\under-review\17mov_CharacterSystem\web\photos\mp_f_freemode_01-helmet_1-209.webp
65F1699B9A997507CDA952C1E99DC13C3DE71428F0BFF3277439519B6C48553C	C:\admirales\script_ver\script_ver\quarantine\under-review\17mov_CharacterSystem\web\photos\mp_f_freemode_01-helmet_1-21.webp
5178BE62B2FA8B1D42177B610B26BDB8270B2AD815D9903666ED5D366EE51A82	C:\admirales\script_ver\script_ver\quarantine\under-review\17mov_CharacterSystem\web\photos\mp_f_freemode_01-helmet_1-210.webp
8BF22515C237020DC2E155DADAAD1CCD33EC03228BA9BF551D2B44E568D1D404	C:\admirales\script_ver\script_ver\quarantine\under-review\17mov_CharacterSystem\web\photos\mp_f_freemode_01-helmet_1-211.webp
20563A13190EA738592C5621BA4587C3246C0A55F0C8457FC179421B30F2853C	C:\admirales\script_ver\script_ver\quarantine\under-review\17mov_CharacterSystem\web\photos\mp_f_freemode_01-helmet_1-212.webp
6F96566DEFEFB2CA4F06DF3FDC65D2BFF694D0FB872C8EF5333DEFF48DABB2C9	C:\admirales\script_ver\script_ver\quarantine\under-review\17mov_CharacterSystem\web\photos\mp_f_freemode_01-helmet_1-213.webp
8B468868753D84C532A30B0C8405EF1DE28EF1AA1232020149E9B2C95CF41E75	C:\admirales\script_ver\script_ver\quarantine\under-review\17mov_CharacterSystem\web\photos\mp_f_freemode_01-helmet_1-22.webp
01E3392955B17207E9D36F1D6C8B966313C995DE84E1889EF53FEE2E643DC224	C:\admirales\script_ver\script_ver\quarantine\under-review\17mov_CharacterSystem\web\photos\mp_f_freemode_01-helmet_1-23.webp
EC9E021920BBA927FE0FB09DFC922D8A249C8BFF3451B4E4C2F961D3F260BCF9	C:\admirales\script_ver\script_ver\quarantine\under-review\17mov_CharacterSystem\web\photos\mp_f_freemode_01-helmet_1-24.webp
B5AFD4FCE04973A168EB1BD6A2ED4C5FE122948A33E0FAD8E132618D86C862E7	C:\admirales\script_ver\script_ver\quarantine\under-review\17mov_CharacterSystem\web\photos\mp_f_freemode_01-helmet_1-25.webp
046AE8EA86B4FF19CFAE407C5873972E704BEA15B6D7773E3DD51CC83BFC4843	C:\admirales\script_ver\script_ver\quarantine\under-review\17mov_CharacterSystem\web\photos\mp_f_freemode_01-helmet_1-26.webp
C2A963E77B747B90AFD78F6F60F6C40E945AD9B0F6151EAF3EDD51449C6B5C65	C:\admirales\script_ver\script_ver\quarantine\under-review\17mov_CharacterSystem\web\photos\mp_f_freemode_01-helmet_1-27.webp
C9BCB0F977A2C5ADB0D323FE1EA3E953CDEDB3FC4D37465DEFE8F4B949A61E11	C:\admirales\script_ver\script_ver\quarantine\under-review\17mov_CharacterSystem\web\photos\mp_f_freemode_01-helmet_1-28.webp
1F5A0CDBFF328F5A80A1C7AC0DD51E05A71203319C6CD33D02568F24C0C98426	C:\admirales\script_ver\script_ver\quarantine\under-review\17mov_CharacterSystem\web\photos\mp_f_freemode_01-helmet_1-29.webp
11669D047F6F2000AA61EEFA8C6BD7E8CC387CF135F5B53F2117137E1B4A8FD8	C:\admirales\script_ver\script_ver\quarantine\under-review\17mov_CharacterSystem\web\photos\mp_f_freemode_01-helmet_1-3.webp
FA57DF740B15F5964BDDAD696F6A6ACE46F22CEBC1A681470EDA2BF8FEBD5385	C:\admirales\script_ver\script_ver\quarantine\under-review\17mov_CharacterSystem\web\photos\mp_f_freemode_01-helmet_1-30.webp
C049C1F3B5115B803E84671E7C554FEBF3B97B281511BD5643CEE912FED06CCC	C:\admirales\script_ver\script_ver\quarantine\under-review\17mov_CharacterSystem\web\photos\mp_f_freemode_01-helmet_1-31.webp
1C1D505939E3C3A69E989701D1FB91552A18F3D9C5B852B6DD70BC0C1048C304	C:\admirales\script_ver\script_ver\quarantine\under-review\17mov_CharacterSystem\web\photos\mp_f_freemode_01-helmet_1-32.webp
06B65E9381D5EB814625267FC5A4CB61EF8442A68522BF5B5FE0DB4302F41BCD	C:\admirales\script_ver\script_ver\quarantine\under-review\17mov_CharacterSystem\web\photos\mp_f_freemode_01-helmet_1-33.webp
B1D9EEBA7EDE2A03C3F2E82A8663BF918C16512B07FF6E3F0225A692B80567C1	C:\admirales\script_ver\script_ver\quarantine\under-review\17mov_CharacterSystem\web\photos\mp_f_freemode_01-helmet_1-34.webp
FA58CD73A744BD61F2A8F9BA3CA7042850135E90ED9846E7BCDA41A57F1565B8	C:\admirales\script_ver\script_ver\quarantine\under-review\17mov_CharacterSystem\web\photos\mp_f_freemode_01-helmet_1-35.webp
CD2FFAEF821EE80A14E0FBABDF6E268F7260A78B3BBABCF3437D5FF37BF71AFE	C:\admirales\script_ver\script_ver\quarantine\under-review\17mov_CharacterSystem\web\photos\mp_f_freemode_01-helmet_1-36.webp
175CC7CBD91FE4D743CC3C46A14B9D1B716C99632BA67041A05F3727D05B2C37	C:\admirales\script_ver\script_ver\quarantine\under-review\17mov_CharacterSystem\web\photos\mp_f_freemode_01-helmet_1-37.webp
F4B778AEA20664E2BF5116BFB911A581D16F536F23980410EDEFC05B7F9465DF	C:\admirales\script_ver\script_ver\quarantine\under-review\17mov_CharacterSystem\web\photos\mp_f_freemode_01-helmet_1-38.webp
7A3FFAA76BED842827CFDCB5EA9D27421824A028A618D9C74AF7CFA6C0AE7629	C:\admirales\script_ver\script_ver\quarantine\under-review\17mov_CharacterSystem\web\photos\mp_f_freemode_01-helmet_1-39.webp
F6BDB18F9A13B98D70587C8B4CFDAC3CEDB9BDA3BF9170A661845F8619778915	C:\admirales\script_ver\script_ver\quarantine\under-review\17mov_CharacterSystem\web\photos\mp_f_freemode_01-helmet_1-4.webp
4C39A1B6095B0CE13352809D0BCA9E934FA69C253630589E92D036A6356ABC9A	C:\admirales\script_ver\script_ver\quarantine\under-review\17mov_CharacterSystem\web\photos\mp_f_freemode_01-helmet_1-40.webp
B0F48F814820B4D9944DC9CC33AF5AD55FE2AF31524F85DAB7994E63C4C5845F	C:\admirales\script_ver\script_ver\quarantine\under-review\17mov_CharacterSystem\web\photos\mp_f_freemode_01-helmet_1-41.webp
53BA24A3D36EB975B6FAAE00F6A6BAC9F04F5AD3B5FF43A4AD81682FC3F00690	C:\admirales\script_ver\script_ver\quarantine\under-review\17mov_CharacterSystem\web\photos\mp_f_freemode_01-helmet_1-42.webp
FD096F7E4E7682F8272EDDB20A1792C8777AA825F878A7382C04FCC99398FE7D	C:\admirales\script_ver\script_ver\quarantine\under-review\17mov_CharacterSystem\web\photos\mp_f_freemode_01-helmet_1-43.webp
08A4DB6DE765065A592E616467D16C26120CA99C6C9027B9D5B952CFAA58875A	C:\admirales\script_ver\script_ver\quarantine\under-review\17mov_CharacterSystem\web\photos\mp_f_freemode_01-helmet_1-44.webp
3AD89EA0D91A9BAADE8D1139A4552EDBDBE1393D3F61964976C9826702120D46	C:\admirales\script_ver\script_ver\quarantine\under-review\17mov_CharacterSystem\web\photos\mp_f_freemode_01-helmet_1-45.webp
7BD2B0F19D9603AD5580EB031DF545831DB742546004B84B4876391434AA782D	C:\admirales\script_ver\script_ver\quarantine\under-review\17mov_CharacterSystem\web\photos\mp_f_freemode_01-helmet_1-46.webp
DF04CEA6C75C4FA53D5C38B826DD61CCB470789A42F86B18B8BF448D6C052CDC	C:\admirales\script_ver\script_ver\quarantine\under-review\17mov_CharacterSystem\web\photos\mp_f_freemode_01-helmet_1-47.webp
8354074A4FA5E29920633855BC97D6341C955EC3E15F17963847F891010A147F	C:\admirales\script_ver\script_ver\quarantine\under-review\17mov_CharacterSystem\web\photos\mp_f_freemode_01-helmet_1-48.webp
D6E341C2EA6F48FF9EF010B1A42ADB1E929093954AC02A14197F5254C213A182	C:\admirales\script_ver\script_ver\quarantine\under-review\17mov_CharacterSystem\web\photos\mp_f_freemode_01-helmet_1-49.webp
EE369E0DFC62BB097B992A303474544CF912FE9985EB5FB9CD861AD15CDEF28F	C:\admirales\script_ver\script_ver\quarantine\under-review\17mov_CharacterSystem\web\photos\mp_f_freemode_01-helmet_1-5.webp
9D851A85E77B50E29515ECF9797353AB102D515F94D78E3FEAC5B3D5FAE1980F	C:\admirales\script_ver\script_ver\quarantine\under-review\17mov_CharacterSystem\web\photos\mp_f_freemode_01-helmet_1-50.webp
DDA71CDE22C839D03CD0E77D0FCD090D7688CFA00921AC4EB38BAA19F37B9DE0	C:\admirales\script_ver\script_ver\quarantine\under-review\17mov_CharacterSystem\web\photos\mp_f_freemode_01-helmet_1-51.webp
A6598DEFB025B81E29FBC2A6CF578C4D62E56AD36001B53412AD87B0A694C80A	C:\admirales\script_ver\script_ver\quarantine\under-review\17mov_CharacterSystem\web\photos\mp_f_freemode_01-helmet_1-52.webp
6DD1B31E5289D61E88FC1AD8C78A231E5DF20800759138DEAC24F256208EB6EE	C:\admirales\script_ver\script_ver\quarantine\under-review\17mov_CharacterSystem\web\photos\mp_f_freemode_01-helmet_1-53.webp
FDDD7749CB9B43AD2898AB7600E810D520175A1C7461CA08B7F82A81FB6B3872	C:\admirales\script_ver\script_ver\quarantine\under-review\17mov_CharacterSystem\web\photos\mp_f_freemode_01-helmet_1-54.webp
EF2EF4DD6CD5B7E64BBACEA9B6233734EC03D1ED4B51F59E6E875498A771EFCF	C:\admirales\script_ver\script_ver\quarantine\under-review\17mov_CharacterSystem\web\photos\mp_f_freemode_01-helmet_1-55.webp
BCDF7EAE67731B0E631D8C41E31BE394FAC3F5706D13C4575A2BDCDB7D8F1C32	C:\admirales\script_ver\script_ver\quarantine\under-review\17mov_CharacterSystem\web\photos\mp_f_freemode_01-helmet_1-56.webp
5D3A4BF37FAE645F2B3C1E43583B12F9618B7780F4B022DC9101ADF525659440	C:\admirales\script_ver\script_ver\quarantine\under-review\17mov_CharacterSystem\web\photos\mp_f_freemode_01-helmet_1-57.webp
1BD6E20A100CC5CEA841845438863F7CB19DF1F3835773950235AD5A15E162B2	C:\admirales\script_ver\script_ver\quarantine\under-review\17mov_CharacterSystem\web\photos\mp_f_freemode_01-helmet_1-58.webp
89E34FB48DDF3E98FB8292EAD69A02AC8C9A344CC9657D6069500B240A449E49	C:\admirales\script_ver\script_ver\quarantine\under-review\17mov_CharacterSystem\web\photos\mp_f_freemode_01-helmet_1-59.webp
F510B11FF3C254762113AB2840526CF5A980FA945BD9945FF9C765C573953036	C:\admirales\script_ver\script_ver\quarantine\under-review\17mov_CharacterSystem\web\photos\mp_f_freemode_01-helmet_1-6.webp
2D408BAA3AC740ADCA4A65A6ADF5F55896C6AEFA3CA698EDBF2E446BE7075C07	C:\admirales\script_ver\script_ver\quarantine\under-review\17mov_CharacterSystem\web\photos\mp_f_freemode_01-helmet_1-60.webp
4492AA04859F3835C9EFA353555F6669675DF3EAF482FFE70202DF4B834CE133	C:\admirales\script_ver\script_ver\quarantine\under-review\17mov_CharacterSystem\web\photos\mp_f_freemode_01-helmet_1-61.webp
62256C4EAE9167923A60031C65F627CF669F7AD1F9A038F1209807DF1C5AEDD9	C:\admirales\script_ver\script_ver\quarantine\under-review\17mov_CharacterSystem\web\photos\mp_f_freemode_01-helmet_1-62.webp
75C8471CF30690EAB7DB275A004EC2DEA59F589A8C43D07A0399F9EC217D68FE	C:\admirales\script_ver\script_ver\quarantine\under-review\17mov_CharacterSystem\web\photos\mp_f_freemode_01-helmet_1-63.webp
716838A778A60F48041327B88D2BDACB326393AA564829458310CE79F96535C8	C:\admirales\script_ver\script_ver\quarantine\under-review\17mov_CharacterSystem\web\photos\mp_f_freemode_01-helmet_1-64.webp
0132FD46719DDD7F3A89AD8429157DCAC91F242D4F11F838C32848E4F46AFA47	C:\admirales\script_ver\script_ver\quarantine\under-review\17mov_CharacterSystem\web\photos\mp_f_freemode_01-helmet_1-65.webp
5B2B7ADE1E603E56A23A01F7DA18038CF15040CACA6B425D681046B46E7B7CC6	C:\admirales\script_ver\script_ver\quarantine\under-review\17mov_CharacterSystem\web\photos\mp_f_freemode_01-helmet_1-66.webp
CEFFE8BCBC9BDC5193AFF5F64F2937681AB13DEE2B1A246FF38AF52060B826CB	C:\admirales\script_ver\script_ver\quarantine\under-review\17mov_CharacterSystem\web\photos\mp_f_freemode_01-helmet_1-67.webp
9D2C03176D5A0200D642E004DE92B25A4C99BA58E6CDA924D301709B1E37991A	C:\admirales\script_ver\script_ver\quarantine\under-review\17mov_CharacterSystem\web\photos\mp_f_freemode_01-helmet_1-68.webp
9FAFB5416CCF3E64BC564E32CE5DFBAEF1E00A510860CD8A0A82CDCE89E8C75D	C:\admirales\script_ver\script_ver\quarantine\under-review\17mov_CharacterSystem\web\photos\mp_f_freemode_01-helmet_1-69.webp
4D5B9CE90B9B28EAFB22979C58E7E32CC5137136BE7743BFB2B62EF6A6C27121	C:\admirales\script_ver\script_ver\quarantine\under-review\17mov_CharacterSystem\web\photos\mp_f_freemode_01-helmet_1-7.webp
1FFF57AF05598FE75ACE6F8638D637F157C5C9A2E10368989FA86804DEEA58F1	C:\admirales\script_ver\script_ver\quarantine\under-review\17mov_CharacterSystem\web\photos\mp_f_freemode_01-helmet_1-70.webp
C0CA81D664280E9B12BB624117A2C611E3EBB8B2ACA82D2DFFCC1BAF10A3474D	C:\admirales\script_ver\script_ver\quarantine\under-review\17mov_CharacterSystem\web\photos\mp_f_freemode_01-helmet_1-71.webp
D0DCD535714615DE69ABF2F25544D0D60D45B5F6458CDD393D995A63FC2AD3DF	C:\admirales\script_ver\script_ver\quarantine\under-review\17mov_CharacterSystem\web\photos\mp_f_freemode_01-helmet_1-72.webp
9D7BA3C1BD16FF5E06A2CE4D85BA1417297F6BF087C94D1C5FB4E9321BEB57B6	C:\admirales\script_ver\script_ver\quarantine\under-review\17mov_CharacterSystem\web\photos\mp_f_freemode_01-helmet_1-73.webp
5833897780E1484A33ADD82CB56EF8236A0A34936423FF01B7BE37810134413E	C:\admirales\script_ver\script_ver\quarantine\under-review\17mov_CharacterSystem\web\photos\mp_f_freemode_01-helmet_1-74.webp
D586EDC9D06961D9D34D094F50AE65CB37838D3CAB735F3ED593174837F3924D	C:\admirales\script_ver\script_ver\quarantine\under-review\17mov_CharacterSystem\web\photos\mp_f_freemode_01-helmet_1-75.webp
E1D13E98D05F2248DDE26C58909A45163C843934030F90B26AD1AE9F01667976	C:\admirales\script_ver\script_ver\quarantine\under-review\17mov_CharacterSystem\web\photos\mp_f_freemode_01-helmet_1-76.webp
4CCF50E0E1F787F3DD5F423230A7C95027BF4B24AA279A62ACDEF188322404F2	C:\admirales\script_ver\script_ver\quarantine\under-review\17mov_CharacterSystem\web\photos\mp_f_freemode_01-helmet_1-77.webp
381C1CF3714BC691CB08C5038184707A713E855260DF6D3A9F1DBDD5B32C7083	C:\admirales\script_ver\script_ver\quarantine\under-review\17mov_CharacterSystem\web\photos\mp_f_freemode_01-helmet_1-78.webp
682B2193B2AC9306A3B42275DBDE34B72EE89EC95CB05A70B8269F916794459B	C:\admirales\script_ver\script_ver\quarantine\under-review\17mov_CharacterSystem\web\photos\mp_f_freemode_01-helmet_1-79.webp
8951A79E62CE729551B6A27DB2C75D5677A9D791FBF0AEC6D883289F12712264	C:\admirales\script_ver\script_ver\quarantine\under-review\17mov_CharacterSystem\web\photos\mp_f_freemode_01-helmet_1-8.webp
16BBDC4B6509E6D853F8294A02E385B2CDED4611FD6865889A5BAB572FBD32F2	C:\admirales\script_ver\script_ver\quarantine\under-review\17mov_CharacterSystem\web\photos\mp_f_freemode_01-helmet_1-80.webp
91A54DEEEF7C16AAD2FD6807B9FB668241202F9F8B903C2D365BE3AA257EC859	C:\admirales\script_ver\script_ver\quarantine\under-review\17mov_CharacterSystem\web\photos\mp_f_freemode_01-helmet_1-81.webp
35A6AA510A9E4D1E80CA29129C5B4880EB092734D44F1B68FAA4EC2C39BF28DA	C:\admirales\script_ver\script_ver\quarantine\under-review\17mov_CharacterSystem\web\photos\mp_f_freemode_01-helmet_1-82.webp
D59BED47124AF9184F71CD442F13C1FA75E05AC5AD86E123F8DF80FFA48917E2	C:\admirales\script_ver\script_ver\quarantine\under-review\17mov_CharacterSystem\web\photos\mp_f_freemode_01-helmet_1-83.webp
0C0F76276E43F1D3A03F1E7CD48DEF589E6915756336A234EF1B160869FC4775	C:\admirales\script_ver\script_ver\quarantine\under-review\17mov_CharacterSystem\web\photos\mp_f_freemode_01-helmet_1-84.webp
6BC1B853176668E5E0F2F3C92B9C0FD300FBA8D980A3F3AE6E1DDF03193342E0	C:\admirales\script_ver\script_ver\quarantine\under-review\17mov_CharacterSystem\web\photos\mp_f_freemode_01-helmet_1-85.webp
18BDD18659D7FA0F7088B3C3670ABDB1041F5039FFF053C90E25A4FF12167940	C:\admirales\script_ver\script_ver\quarantine\under-review\17mov_CharacterSystem\web\photos\mp_f_freemode_01-helmet_1-86.webp
8774CA1D6C96EE2216FED6AF194B2F53D3A53ECADAB61B2722FA9AE75BA2BB01	C:\admirales\script_ver\script_ver\quarantine\under-review\17mov_CharacterSystem\web\photos\mp_f_freemode_01-helmet_1-87.webp
B78F65828DF9718F997B21CEFF2A6192C8026E8E0B115EF3095F05A696EEC76E	C:\admirales\script_ver\script_ver\quarantine\under-review\17mov_CharacterSystem\web\photos\mp_f_freemode_01-helmet_1-88.webp
68A60BEEFC5821D42E0FCB39E47EEFCF4F53C5631BC0E4CE9C50AF3300815ED7	C:\admirales\script_ver\script_ver\quarantine\under-review\17mov_CharacterSystem\web\photos\mp_f_freemode_01-helmet_1-89.webp
6FF08E13D8CBD71B0703C07ABC295D95A971B35FDFA5ABC8855F6FC6097E98DA	C:\admirales\script_ver\script_ver\quarantine\under-review\17mov_CharacterSystem\web\photos\mp_f_freemode_01-helmet_1-9.webp
596F1F631500374A0FEE74AFCC2448452DA92566735A2E789ED1239EF5CF754B	C:\admirales\script_ver\script_ver\quarantine\under-review\17mov_CharacterSystem\web\photos\mp_f_freemode_01-helmet_1-90.webp
B947C077E7A5250EB188B8A226C4B95737DA4DE77C3A208506720AA3F0AA0876	C:\admirales\script_ver\script_ver\quarantine\under-review\17mov_CharacterSystem\web\photos\mp_f_freemode_01-helmet_1-91.webp
416CFEC597E92D8E691819F76369EA1711798F5D6712BB3D3E3E4AE40EB5F4BB	C:\admirales\script_ver\script_ver\quarantine\under-review\17mov_CharacterSystem\web\photos\mp_f_freemode_01-helmet_1-92.webp
81E39CE47BC37C7C923E14076942537AA1544A7C4DE27125FCE9A1FAB12654FA	C:\admirales\script_ver\script_ver\quarantine\under-review\17mov_CharacterSystem\web\photos\mp_f_freemode_01-helmet_1-93.webp
85440D0E1C4D6006B8E77EB343759060879D649AC0A6847FCD887808C29C6F7B	C:\admirales\script_ver\script_ver\quarantine\under-review\17mov_CharacterSystem\web\photos\mp_f_freemode_01-helmet_1-94.webp
D2FADE516486E0B58C90A34110758D6CACF689CBB57470566041653CB544639A	C:\admirales\script_ver\script_ver\quarantine\under-review\17mov_CharacterSystem\web\photos\mp_f_freemode_01-helmet_1-95.webp
79B991DC5C27982DB1DC52042A48B649A7E99CFD3DE67F1CD713A31343C21A6C	C:\admirales\script_ver\script_ver\quarantine\under-review\17mov_CharacterSystem\web\photos\mp_f_freemode_01-helmet_1-96.webp
3F0294362672C50CF8AA07ACEBB6583B10ACFC0434E459432F9B24BC4E0C9C25	C:\admirales\script_ver\script_ver\quarantine\under-review\17mov_CharacterSystem\web\photos\mp_f_freemode_01-helmet_1-97.webp
A4C30B4F7453973383AC30EDF4A98A2EDEAD0E964CAE6D4153AD2ACCB0D2E428	C:\admirales\script_ver\script_ver\quarantine\under-review\17mov_CharacterSystem\web\photos\mp_f_freemode_01-helmet_1-98.webp
D87B7FE8F61FDA4AFF49246CA98DC0948F948D154F234DFE06695DDA752513A3	C:\admirales\script_ver\script_ver\quarantine\under-review\17mov_CharacterSystem\web\photos\mp_f_freemode_01-helmet_1-99.webp
8C6FBCDA6281DAF7DD2D97A60F83001305A22707CACD8C1F2D866D004B87C25B	C:\admirales\script_ver\script_ver\quarantine\under-review\17mov_CharacterSystem\web\photos\mp_f_freemode_01-mask_1-0.webp
6E66365E8765162BB09D09E397A0C8E8DEE344821F8BB18FA63A57CC81F7D641	C:\admirales\script_ver\script_ver\quarantine\under-review\17mov_CharacterSystem\web\photos\mp_f_freemode_01-mask_1-1.webp
F705E2BF6D34A6772067C3A0C9FD4F56F35D7AA0C891882DCCC55A9C8653CDFA	C:\admirales\script_ver\script_ver\quarantine\under-review\17mov_CharacterSystem\web\photos\mp_f_freemode_01-mask_1-10.webp
904711536E41DFD2531E48C547C8F01F768678ED91C09574E802640CDA92F524	C:\admirales\script_ver\script_ver\quarantine\under-review\17mov_CharacterSystem\web\photos\mp_f_freemode_01-mask_1-100.webp
D4A26A32AB09A818681A6622C2BD351DDFA173B7FCE954503487CABC2DDA08BF	C:\admirales\script_ver\script_ver\quarantine\under-review\17mov_CharacterSystem\web\photos\mp_f_freemode_01-mask_1-101.webp
523C29DAD1318DD1371324938DA57958DF7B3A564C23FC943553286EB90945B3	C:\admirales\script_ver\script_ver\quarantine\under-review\17mov_CharacterSystem\web\photos\mp_f_freemode_01-mask_1-102.webp
C30C64CB11FC42D278564236EA77EFC7AD4899079F46AB6D91C84113FA6C93D2	C:\admirales\script_ver\script_ver\quarantine\under-review\17mov_CharacterSystem\web\photos\mp_f_freemode_01-mask_1-103.webp
CC71552933A7FD15674C846B45FAF8C86B38CCABA77F25EF0E14D5556EA6AF41	C:\admirales\script_ver\script_ver\quarantine\under-review\17mov_CharacterSystem\web\photos\mp_f_freemode_01-mask_1-104.webp
4C5FC1596405B9F20D19FB37458628DFD0D1FB1812723D669780DE809C5E1D7C	C:\admirales\script_ver\script_ver\quarantine\under-review\17mov_CharacterSystem\web\photos\mp_f_freemode_01-mask_1-105.webp
797911D0B4AEBA7FE388EE5748D9FE58AC82E3CD075332D97684211DAAA14BFA	C:\admirales\script_ver\script_ver\quarantine\under-review\17mov_CharacterSystem\web\photos\mp_f_freemode_01-mask_1-106.webp
831BE3435C38C9842A16F3D59D10213A6BE9D668412D049BEED08EE1C3406B6D	C:\admirales\script_ver\script_ver\quarantine\under-review\17mov_CharacterSystem\web\photos\mp_f_freemode_01-mask_1-107.webp
3A404F86DABCC8412CA0376FAB3FB17078DBA5FCFBBECB2D92FAE1219ED916FA	C:\admirales\script_ver\script_ver\quarantine\under-review\17mov_CharacterSystem\web\photos\mp_f_freemode_01-mask_1-108.webp
E3584092515E93C44E37B9611451D8337BF687A76F0E5510CA517A85A62224CC	C:\admirales\script_ver\script_ver\quarantine\under-review\17mov_CharacterSystem\web\photos\mp_f_freemode_01-mask_1-109.webp
4996C7EFC49B0071C55F46D1F6E40A2039CFB939FC18401F2CC637CD1D4EEB16	C:\admirales\script_ver\script_ver\quarantine\under-review\17mov_CharacterSystem\web\photos\mp_f_freemode_01-mask_1-11.webp
2EB8DB9F382CF6A026A0BADDDF0995113A34E075DE6422346A8C49308494F5CD	C:\admirales\script_ver\script_ver\quarantine\under-review\17mov_CharacterSystem\web\photos\mp_f_freemode_01-mask_1-110.webp
47C38196E4F029683E9E4BD5CD74E472725D0524C032A70680965ED0257E920B	C:\admirales\script_ver\script_ver\quarantine\under-review\17mov_CharacterSystem\web\photos\mp_f_freemode_01-mask_1-111.webp
F4E1EC8F95CE1D745DFD08B456A5A2EE8D826F4DF9E1BFF8B51C3920AAC82E1B	C:\admirales\script_ver\script_ver\quarantine\under-review\17mov_CharacterSystem\web\photos\mp_f_freemode_01-mask_1-112.webp
109EEB63DFEF32F2AF3CBFD0431402566AC09241BBDB9DE42BACA74F7909D961	C:\admirales\script_ver\script_ver\quarantine\under-review\17mov_CharacterSystem\web\photos\mp_f_freemode_01-mask_1-113.webp
5F23B24FEB2A68ED700046F5F92A80FAF5A4EBF102B02AF26AB9AC6915FFD170	C:\admirales\script_ver\script_ver\quarantine\under-review\17mov_CharacterSystem\web\photos\mp_f_freemode_01-mask_1-114.webp
CACC20351D6A2F61BDA35BBA0C5BEA4DFCC04CBEADE5277813306EE2F7AC592F	C:\admirales\script_ver\script_ver\quarantine\under-review\17mov_CharacterSystem\web\photos\mp_f_freemode_01-mask_1-115.webp
FA96DAA8D9349F052AE64D78A8916B166431AF11C625D5566D31F301A2DA6E9E	C:\admirales\script_ver\script_ver\quarantine\under-review\17mov_CharacterSystem\web\photos\mp_f_freemode_01-mask_1-116.webp
9DDA94EFF43173E00BEE1E32FE31884CA21F5A13AF75352A448416CFFA7D4C13	C:\admirales\script_ver\script_ver\quarantine\under-review\17mov_CharacterSystem\web\photos\mp_f_freemode_01-mask_1-117.webp
06F35AC262FBCECCDC9C7217750A35CFB7B49898CF75A8A3A521A344F6536325	C:\admirales\script_ver\script_ver\quarantine\under-review\17mov_CharacterSystem\web\photos\mp_f_freemode_01-mask_1-118.webp
5D5469E485928698FE0DA511314F162ABFD9599A3279B2EDAE3E4EC094AACC47	C:\admirales\script_ver\script_ver\quarantine\under-review\17mov_CharacterSystem\web\photos\mp_f_freemode_01-mask_1-119.webp
F54CE8F53F39613AB83F832D5C1A4A1B66824BF02299D1D8D0D07D10EB862E05	C:\admirales\script_ver\script_ver\quarantine\under-review\17mov_CharacterSystem\web\photos\mp_f_freemode_01-mask_1-12.webp
83AA4CB8A075C7F2A325F79E248E641F2018F61E7860D02E4901E1E6E09CB448	C:\admirales\script_ver\script_ver\quarantine\under-review\17mov_CharacterSystem\web\photos\mp_f_freemode_01-mask_1-120.webp
399D80B7368EAD7AA7E838E9EF42B715F6E4539A9E2A8B39ACCC79FE617A195F	C:\admirales\script_ver\script_ver\quarantine\under-review\17mov_CharacterSystem\web\photos\mp_f_freemode_01-mask_1-121.webp
DA4FBA9446AF16376BFD1C336464139689ED0A076FDF6D772B46E7CBF76A9DAD	C:\admirales\script_ver\script_ver\quarantine\under-review\17mov_CharacterSystem\web\photos\mp_f_freemode_01-mask_1-122.webp
0323046335BE7D9BE1E77FE335E5C56069105A14E8AD234B56C4CABF0C19CC02	C:\admirales\script_ver\script_ver\quarantine\under-review\17mov_CharacterSystem\web\photos\mp_f_freemode_01-mask_1-123.webp
8F46BD9C2908BA42088E3C3793AADB0B15EC51DF122E39B3D320FD70126E8890	C:\admirales\script_ver\script_ver\quarantine\under-review\17mov_CharacterSystem\web\photos\mp_f_freemode_01-mask_1-124.webp
342F8F9DF730E76281A8DC72D2922ED79012372D5D5C8B6A4F3D9D5A9A0CF26D	C:\admirales\script_ver\script_ver\quarantine\under-review\17mov_CharacterSystem\web\photos\mp_f_freemode_01-mask_1-125.webp
95E4981D4A1A73D0B1E44F93AF2D768F59BF3D6E67909A6430495663FAC90025	C:\admirales\script_ver\script_ver\quarantine\under-review\17mov_CharacterSystem\web\photos\mp_f_freemode_01-mask_1-126.webp
CB9D3D3765F1C563F8CDD2F13841A76C58BCAD8AB047D02D07EA878644F7AD98	C:\admirales\script_ver\script_ver\quarantine\under-review\17mov_CharacterSystem\web\photos\mp_f_freemode_01-mask_1-127.webp
1A2C35F2DC3D7437FBDCB4D27C1767311EF78BAD788BD2718975D3576BC00A07	C:\admirales\script_ver\script_ver\quarantine\under-review\17mov_CharacterSystem\web\photos\mp_f_freemode_01-mask_1-128.webp
006231C2400D280FB0353A68FBF13C1B62F90AFAFA886E3D4A3194463D1BB69A	C:\admirales\script_ver\script_ver\quarantine\under-review\17mov_CharacterSystem\web\photos\mp_f_freemode_01-mask_1-129.webp
D390B1ECB3F2A96D2614C7361D785AB726EA0CB93E542A424B663AABC96989A5	C:\admirales\script_ver\script_ver\quarantine\under-review\17mov_CharacterSystem\web\photos\mp_f_freemode_01-mask_1-13.webp
CE03FEEB6FA8F8E1A768A2F837425DCA9ADA80FF30D4D7A9642223DC69676280	C:\admirales\script_ver\script_ver\quarantine\under-review\17mov_CharacterSystem\web\photos\mp_f_freemode_01-mask_1-130.webp
CC653B9C4D365D02E79026977FDC7F3F1B17A3DD4677CD07393E94C66630DA4E	C:\admirales\script_ver\script_ver\quarantine\under-review\17mov_CharacterSystem\web\photos\mp_f_freemode_01-mask_1-131.webp
243ECF1299E2FD06FDFCC41B55A0CBCA5FEAB4269E8F4AF33B2FB03EADC4018D	C:\admirales\script_ver\script_ver\quarantine\under-review\17mov_CharacterSystem\web\photos\mp_f_freemode_01-mask_1-132.webp
F3FFD9E7AACA20CFD704C4329314AE444D9C03DF8C6AF0711FAB6FCCE6FD3034	C:\admirales\script_ver\script_ver\quarantine\under-review\17mov_CharacterSystem\web\photos\mp_f_freemode_01-mask_1-133.webp
F740A528619A869FF3141874CDE25FF2E7CF3AA31BAB86A840AEE496C46902B5	C:\admirales\script_ver\script_ver\quarantine\under-review\17mov_CharacterSystem\web\photos\mp_f_freemode_01-mask_1-134.webp
FA08F393D05F537FC4167725EFAF2A713D5ACF6237426F2C50868976F049E476	C:\admirales\script_ver\script_ver\quarantine\under-review\17mov_CharacterSystem\web\photos\mp_f_freemode_01-mask_1-135.webp
43960BDD8D3424CFE2DF0B39636F8B0E19415D0A593214D1A48A9E98D2496DB6	C:\admirales\script_ver\script_ver\quarantine\under-review\17mov_CharacterSystem\web\photos\mp_f_freemode_01-mask_1-136.webp
8FB54D85AEAC6C357F678F076E0E98D35739F257DC4FD04F7747F6E5B5C00F85	C:\admirales\script_ver\script_ver\quarantine\under-review\17mov_CharacterSystem\web\photos\mp_f_freemode_01-mask_1-137.webp
B36BE877C74F4EC1265E323F0E562156798D88D6367DB0E16B263525810C5694	C:\admirales\script_ver\script_ver\quarantine\under-review\17mov_CharacterSystem\web\photos\mp_f_freemode_01-mask_1-138.webp
6C007E5006EFAA30CFCD3A382C61972620D4D3D5B0299B9C9A290AD3F1FAA1D5	C:\admirales\script_ver\script_ver\quarantine\under-review\17mov_CharacterSystem\web\photos\mp_f_freemode_01-mask_1-139.webp
DB5E123FBE4374DFC31B4CED6760472909E9743E466B9CB18FE417EBCC744DE3	C:\admirales\script_ver\script_ver\quarantine\under-review\17mov_CharacterSystem\web\photos\mp_f_freemode_01-mask_1-14.webp
4E393FC5F5BE92012AC71C26B327172E70FE692CAA8892D4FAF0CBA8DDD06377	C:\admirales\script_ver\script_ver\quarantine\under-review\17mov_CharacterSystem\web\photos\mp_f_freemode_01-mask_1-140.webp
CDD536061BF787DCA132CC3CDBDF1285CF5651915D3B29A4B2070802307AC393	C:\admirales\script_ver\script_ver\quarantine\under-review\17mov_CharacterSystem\web\photos\mp_f_freemode_01-mask_1-141.webp
0CAD8516CC4DB8B8600D276EC141B087E3FA421E3044004590DD6A439D5C8AFF	C:\admirales\script_ver\script_ver\quarantine\under-review\17mov_CharacterSystem\web\photos\mp_f_freemode_01-mask_1-142.webp
A46F0C63326138AF3B7E8B20469B78DF5E565CDEED4EA7BACA7820778A0D62ED	C:\admirales\script_ver\script_ver\quarantine\under-review\17mov_CharacterSystem\web\photos\mp_f_freemode_01-mask_1-143.webp
9C368E436973B218154F57397498899299C6973557AA6EF50AB9AB42B69468C3	C:\admirales\script_ver\script_ver\quarantine\under-review\17mov_CharacterSystem\web\photos\mp_f_freemode_01-mask_1-144.webp
ACECD77EB469BDE8973D9C56C9E080A4056038EECD6122CD08694D044F470CFE	C:\admirales\script_ver\script_ver\quarantine\under-review\17mov_CharacterSystem\web\photos\mp_f_freemode_01-mask_1-145.webp
7C23AA4DDEEB4B48CCED7D489F8F5F5B4BB3AEA317B412C7723C9AC992D86A6D	C:\admirales\script_ver\script_ver\quarantine\under-review\17mov_CharacterSystem\web\photos\mp_f_freemode_01-mask_1-146.webp
00DBD562C000E30F09F30A432C1D890EA1437B1F636CF7444C022AF4FE081647	C:\admirales\script_ver\script_ver\quarantine\under-review\17mov_CharacterSystem\web\photos\mp_f_freemode_01-mask_1-147.webp
6554CE6BCF6DBB194497255F7F001F328C8FFF7B394D11DC87CEA9EE716C4B0B	C:\admirales\script_ver\script_ver\quarantine\under-review\17mov_CharacterSystem\web\photos\mp_f_freemode_01-mask_1-148.webp
54F2F448A901EB2FF49E078C79EE6F91C8868FD1A2D5DE6603534FA04A3AFCDE	C:\admirales\script_ver\script_ver\quarantine\under-review\17mov_CharacterSystem\web\photos\mp_f_freemode_01-mask_1-149.webp
EF71828DCE48E773263D939B9CE8995A09550328C1B675A1CCBAE44979234B96	C:\admirales\script_ver\script_ver\quarantine\under-review\17mov_CharacterSystem\web\photos\mp_f_freemode_01-mask_1-15.webp
86BA3932EBF106146F6CFD5F1D8CD8CF150BA1851146E4F705E5947856D0A69F	C:\admirales\script_ver\script_ver\quarantine\under-review\17mov_CharacterSystem\web\photos\mp_f_freemode_01-mask_1-150.webp
CC97AE6183D84D0D236ABEC8B3DC5D4FDFDA78EDEC9EA16156E2371E1B444CF3	C:\admirales\script_ver\script_ver\quarantine\under-review\17mov_CharacterSystem\web\photos\mp_f_freemode_01-mask_1-151.webp
D079AF128B4435308AC28174FE521FD02289871D463857ACBF03F3B89E88F186	C:\admirales\script_ver\script_ver\quarantine\under-review\17mov_CharacterSystem\web\photos\mp_f_freemode_01-mask_1-152.webp
94455737EDC37E3B0914482D63EC10E40E943372E29DB2163E2A6EAC8FC40B65	C:\admirales\script_ver\script_ver\quarantine\under-review\17mov_CharacterSystem\web\photos\mp_f_freemode_01-mask_1-153.webp
A92957FDC6976F3C1E78639B6069694AA390AD19C922B2C046170812679AD652	C:\admirales\script_ver\script_ver\quarantine\under-review\17mov_CharacterSystem\web\photos\mp_f_freemode_01-mask_1-154.webp
9A3826FEEBD94880A842E5C09B20B35A4AC74E5C8F8DDC29CE10E6ED858C8C66	C:\admirales\script_ver\script_ver\quarantine\under-review\17mov_CharacterSystem\web\photos\mp_f_freemode_01-mask_1-155.webp
E45F6D842D4B857329078B4B04E59BA6409552FC1F99B57DDB4F2A2A7AE053DA	C:\admirales\script_ver\script_ver\quarantine\under-review\17mov_CharacterSystem\web\photos\mp_f_freemode_01-mask_1-156.webp
69B1BD343AC98E9C7436358B61C4B9414310B4699182CAC1E944EC34DD5B9310	C:\admirales\script_ver\script_ver\quarantine\under-review\17mov_CharacterSystem\web\photos\mp_f_freemode_01-mask_1-157.webp
28459C7C21878B03DE15938106D91617A539C2F43EAE882A1DAC19E91FCD6C6C	C:\admirales\script_ver\script_ver\quarantine\under-review\17mov_CharacterSystem\web\photos\mp_f_freemode_01-mask_1-158.webp
550F78A4D3C75F38253C27F1EF4DCC150B062AD85A68A47C41D4B4B7183E3F71	C:\admirales\script_ver\script_ver\quarantine\under-review\17mov_CharacterSystem\web\photos\mp_f_freemode_01-mask_1-159.webp
BA381225C5F4EB4CDB179307EA31D04429DB1259C70065C8A15255B850FAE089	C:\admirales\script_ver\script_ver\quarantine\under-review\17mov_CharacterSystem\web\photos\mp_f_freemode_01-mask_1-16.webp
461953BB02CA44AC9EBE7BFFAEBC8C99BD1B24A2C1D6C638728D4242F655115E	C:\admirales\script_ver\script_ver\quarantine\under-review\17mov_CharacterSystem\web\photos\mp_f_freemode_01-mask_1-160.webp
2E3B61A001D684EF9903214E279FB7A53B8D16ED10E303F4A1748759B329223C	C:\admirales\script_ver\script_ver\quarantine\under-review\17mov_CharacterSystem\web\photos\mp_f_freemode_01-mask_1-161.webp
7039D0206BC9FDCA97886B1BF6BD86233B33F4329EFC0D07D1F220C57FFB6118	C:\admirales\script_ver\script_ver\quarantine\under-review\17mov_CharacterSystem\web\photos\mp_f_freemode_01-mask_1-162.webp
25F64C68F57818BD34FD765905DDB32FDB735614BB663E2F207DA439C36DB010	C:\admirales\script_ver\script_ver\quarantine\under-review\17mov_CharacterSystem\web\photos\mp_f_freemode_01-mask_1-163.webp
4A1333928ADD38B37C3D4A4507A97E58A7B7D9046CAF19E9B2F94FB0FB50E37C	C:\admirales\script_ver\script_ver\quarantine\under-review\17mov_CharacterSystem\web\photos\mp_f_freemode_01-mask_1-164.webp
C4703C5509191072A8592A1E4FA2535D03F95FC588817FC06B4020D065815BEB	C:\admirales\script_ver\script_ver\quarantine\under-review\17mov_CharacterSystem\web\photos\mp_f_freemode_01-mask_1-165.webp
474C35E8468A659B5C8D10D4B066FBA9DF1FF56CEE81D94A940D4DE66E645E73	C:\admirales\script_ver\script_ver\quarantine\under-review\17mov_CharacterSystem\web\photos\mp_f_freemode_01-mask_1-166.webp
0B8B7134444C3B37BC2A44C3732AE1D25651DB6B231CBF15E01B5E440034DA43	C:\admirales\script_ver\script_ver\quarantine\under-review\17mov_CharacterSystem\web\photos\mp_f_freemode_01-mask_1-167.webp
9A3344DFA7F43C24F9A3C4B4A5FB16BFC967CB97D2B626C6AD967005AC1886BF	C:\admirales\script_ver\script_ver\quarantine\under-review\17mov_CharacterSystem\web\photos\mp_f_freemode_01-mask_1-168.webp
00D6C14B184C123B0C0F443D07F8EFEE98E325D9886B0F8319CD1B1EE63B7C61	C:\admirales\script_ver\script_ver\quarantine\under-review\17mov_CharacterSystem\web\photos\mp_f_freemode_01-mask_1-169.webp
93AF646B159BC8EEBA36F922430C394EA8762AE9B8DA270D7229C95D90DFE37D	C:\admirales\script_ver\script_ver\quarantine\under-review\17mov_CharacterSystem\web\photos\mp_f_freemode_01-mask_1-17.webp
396B8DF3737A4547D5EE8EF03A233CE8F7A6E8F0DD7ED0F3BFE5010D5054AD7F	C:\admirales\script_ver\script_ver\quarantine\under-review\17mov_CharacterSystem\web\photos\mp_f_freemode_01-mask_1-170.webp
2907E4E8A3735E1D7F51452C1D54C57A1D8AC63021A9FDE917240B6817C1BF98	C:\admirales\script_ver\script_ver\quarantine\under-review\17mov_CharacterSystem\web\photos\mp_f_freemode_01-mask_1-171.webp
AA0480D96812396B1B95E385F9D415AEC3524D96FF19DBEDD99DD0A3F5BE0853	C:\admirales\script_ver\script_ver\quarantine\under-review\17mov_CharacterSystem\web\photos\mp_f_freemode_01-mask_1-172.webp
00E07C28E4B5807F100872519B010FD04278A9D44030A868EE4157C320CFCA44	C:\admirales\script_ver\script_ver\quarantine\under-review\17mov_CharacterSystem\web\photos\mp_f_freemode_01-mask_1-173.webp
B86B55FED3132F6F38447786BA12FAA82CF71E76343072D1AD6FFE3D4F6D9C06	C:\admirales\script_ver\script_ver\quarantine\under-review\17mov_CharacterSystem\web\photos\mp_f_freemode_01-mask_1-174.webp
B8A2E0264B46B327553415FF505D69305E82F2A4E672DC3F17A7D277A6929AEE	C:\admirales\script_ver\script_ver\quarantine\under-review\17mov_CharacterSystem\web\photos\mp_f_freemode_01-mask_1-175.webp
ABE8EE093CC66443BE7831CC106A97D4E6A3720DC00E9221FD6151A6DC8D84CF	C:\admirales\script_ver\script_ver\quarantine\under-review\17mov_CharacterSystem\web\photos\mp_f_freemode_01-mask_1-176.webp
8B3E5F557E99839875B0BB0A6FC9D92AEB677D4009A85DBE508DB89085B3CB39	C:\admirales\script_ver\script_ver\quarantine\under-review\17mov_CharacterSystem\web\photos\mp_f_freemode_01-mask_1-177.webp
A36CC179AADBFFBF91670B074D9373612F614A34F8C4608ABA1CE4D56C6EC21E	C:\admirales\script_ver\script_ver\quarantine\under-review\17mov_CharacterSystem\web\photos\mp_f_freemode_01-mask_1-178.webp
7070851C6FEE3CD16DB7E926511B038F0B408BE093741600EE9BEB8C8B6D0D97	C:\admirales\script_ver\script_ver\quarantine\under-review\17mov_CharacterSystem\web\photos\mp_f_freemode_01-mask_1-179.webp
08F89310D1ED55356C9B78682DA729A610BF29A9EA09CB4FC3CBD81322DDEE73	C:\admirales\script_ver\script_ver\quarantine\under-review\17mov_CharacterSystem\web\photos\mp_f_freemode_01-mask_1-18.webp
57E2FF9C82F302C291F5696C64A721E700AC5AAC72187D3CD34B939F0756E542	C:\admirales\script_ver\script_ver\quarantine\under-review\17mov_CharacterSystem\web\photos\mp_f_freemode_01-mask_1-180.webp
A3F0B8C1E546166A200903DEE68D13010ADC00A2B78739620A18BF6895E3F439	C:\admirales\script_ver\script_ver\quarantine\under-review\17mov_CharacterSystem\web\photos\mp_f_freemode_01-mask_1-181.webp
00E53EB79A42B1DEE3C7CCC5FC852C8161506AAA737162D597C3BA2391543FD5	C:\admirales\script_ver\script_ver\quarantine\under-review\17mov_CharacterSystem\web\photos\mp_f_freemode_01-mask_1-182.webp
05228E204E4E4B663E7CBDB84E5B47988BD23390268C5AAB23461E4235E3E391	C:\admirales\script_ver\script_ver\quarantine\under-review\17mov_CharacterSystem\web\photos\mp_f_freemode_01-mask_1-183.webp
0D592E00711F8A68E1CF93B27C5A60343C6F3F29EF514F898ADD7B7CC59B963B	C:\admirales\script_ver\script_ver\quarantine\under-review\17mov_CharacterSystem\web\photos\mp_f_freemode_01-mask_1-184.webp
E60DF4A06AF21022E7892698BEA4D4BF067D786E3750A91E54C692D1C7CC50DD	C:\admirales\script_ver\script_ver\quarantine\under-review\17mov_CharacterSystem\web\photos\mp_f_freemode_01-mask_1-185.webp
5055538CB7FA784B83272371732A85EA4ECBE64E932DBE3CEC1C5E80A4A9A842	C:\admirales\script_ver\script_ver\quarantine\under-review\17mov_CharacterSystem\web\photos\mp_f_freemode_01-mask_1-186.webp
70ACE1116532C887C658574EE5384CF0E285F7DD363F536EBD9A82B54E752EAF	C:\admirales\script_ver\script_ver\quarantine\under-review\17mov_CharacterSystem\web\photos\mp_f_freemode_01-mask_1-187.webp
7B3F210022B6C08BA5C1AD8B75107B6E32A0DE03EF130222123C6561C140125B	C:\admirales\script_ver\script_ver\quarantine\under-review\17mov_CharacterSystem\web\photos\mp_f_freemode_01-mask_1-188.webp
9C0E5875EF2DD692314BC6964D0BF5D2685AC99E681FBBF08B34CB591A982FF5	C:\admirales\script_ver\script_ver\quarantine\under-review\17mov_CharacterSystem\web\photos\mp_f_freemode_01-mask_1-189.webp
BCF016383A95B808391ABE9ADC76AFE40045AA1843EA576E723CF7D6356289BD	C:\admirales\script_ver\script_ver\quarantine\under-review\17mov_CharacterSystem\web\photos\mp_f_freemode_01-mask_1-19.webp
FE876FF80BD5A5C160766D2F89C49B088A894B8E4EE9F5C88460545655C9A863	C:\admirales\script_ver\script_ver\quarantine\under-review\17mov_CharacterSystem\web\photos\mp_f_freemode_01-mask_1-190.webp
99D64A3BC1AFCF056781C269505A55AA0B5C66DABCF4F946203A1A7940FE32CE	C:\admirales\script_ver\script_ver\quarantine\under-review\17mov_CharacterSystem\web\photos\mp_f_freemode_01-mask_1-191.webp
45CEA6188BF97E19DD74A73F6CDAE7FF2D2919B45827F76338A22EF1292E6430	C:\admirales\script_ver\script_ver\quarantine\under-review\17mov_CharacterSystem\web\photos\mp_f_freemode_01-mask_1-192.webp
B2C7CAA5D4169817D673B797AB3115B60C6AABA3F50A5B496CD776E3BBCEF276	C:\admirales\script_ver\script_ver\quarantine\under-review\17mov_CharacterSystem\web\photos\mp_f_freemode_01-mask_1-193.webp
A94C0B1B11D5932F850D6A7CAE5D216EF786598EF520F5568789185804993E63	C:\admirales\script_ver\script_ver\quarantine\under-review\17mov_CharacterSystem\web\photos\mp_f_freemode_01-mask_1-194.webp
6A20128053862861407C948E3F66FC3FCBE231C0921EDFAC44A51933EF190762	C:\admirales\script_ver\script_ver\quarantine\under-review\17mov_CharacterSystem\web\photos\mp_f_freemode_01-mask_1-195.webp
A9657B20DB3143600FFFB2A62937DC524C4A139637D52A7200D11CB864B3D3E1	C:\admirales\script_ver\script_ver\quarantine\under-review\17mov_CharacterSystem\web\photos\mp_f_freemode_01-mask_1-196.webp
DFA952DF8A377D0445149BC41FCB2D40EC852DA0EFAD6B935264720133C43CD2	C:\admirales\script_ver\script_ver\quarantine\under-review\17mov_CharacterSystem\web\photos\mp_f_freemode_01-mask_1-197.webp
24568D727D1D3DC0FBF0FA857404C008691659B18D4332AC5563A3048F44C92F	C:\admirales\script_ver\script_ver\quarantine\under-review\17mov_CharacterSystem\web\photos\mp_f_freemode_01-mask_1-198.webp
5205E4B062C78FB913D10B9EAE15F0C3435E6FA34CFBD9980BC57559DF60F2D5	C:\admirales\script_ver\script_ver\quarantine\under-review\17mov_CharacterSystem\web\photos\mp_f_freemode_01-mask_1-199.webp
298CAD756AB48A00F2E9A3301468B670C8D718AEC24E9A5EE9235FEC8FB9F448	C:\admirales\script_ver\script_ver\quarantine\under-review\17mov_CharacterSystem\web\photos\mp_f_freemode_01-mask_1-2.webp
887BB7ED7C39965BAE84E5B3CF0544820D1A4ADD21CC77CE0C2A8532F06D5BA1	C:\admirales\script_ver\script_ver\quarantine\under-review\17mov_CharacterSystem\web\photos\mp_f_freemode_01-mask_1-20.webp
2AB1CA1F1DA2E267DE64F259AC5819DB6033F53DEF91A9DA1119DEAD23567472	C:\admirales\script_ver\script_ver\quarantine\under-review\17mov_CharacterSystem\web\photos\mp_f_freemode_01-mask_1-200.webp
EB12C2235B375B0925AD5EBFBF15862E43BD6051A557AB792F3932866E84566F	C:\admirales\script_ver\script_ver\quarantine\under-review\17mov_CharacterSystem\web\photos\mp_f_freemode_01-mask_1-201.webp
DCA117305AE3E6D13BF7EBD578B78580A3A746C6D0B3011EF06EB98B1CB879C1	C:\admirales\script_ver\script_ver\quarantine\under-review\17mov_CharacterSystem\web\photos\mp_f_freemode_01-mask_1-202.webp
2F2C56F93F8E849D0140EE3458FF6F2982B00C49DDEB866F58B996CA73E15821	C:\admirales\script_ver\script_ver\quarantine\under-review\17mov_CharacterSystem\web\photos\mp_f_freemode_01-mask_1-203.webp
534F52C9AF44F3A33B55F62D33681456DA6CF224EF70027284368D0A5EAAE7D3	C:\admirales\script_ver\script_ver\quarantine\under-review\17mov_CharacterSystem\web\photos\mp_f_freemode_01-mask_1-204.webp
7EFFB33317328105F6D63C768A76D0FFF8894752C7D485DF53B78C4E849370E8	C:\admirales\script_ver\script_ver\quarantine\under-review\17mov_CharacterSystem\web\photos\mp_f_freemode_01-mask_1-205.webp
FA2E034E1CDFF8D4C8930C3BCEFE9034596103F59638FA70CFE78E4344BD0C50	C:\admirales\script_ver\script_ver\quarantine\under-review\17mov_CharacterSystem\web\photos\mp_f_freemode_01-mask_1-206.webp
A22F5ADD2600BBD8C8C31E478381D1E2428B124910CA83FE7D6A0E7C78513516	C:\admirales\script_ver\script_ver\quarantine\under-review\17mov_CharacterSystem\web\photos\mp_f_freemode_01-mask_1-207.webp
A42AB38A6719C7FB7B061911B96537E3D863A30368D5D8DBBDD0E7112B0EF6C9	C:\admirales\script_ver\script_ver\quarantine\under-review\17mov_CharacterSystem\web\photos\mp_f_freemode_01-mask_1-208.webp
FE1E333198033E842A69E514ACB66EFD3C1B09A5881ABED5419C2A4F3B4B5309	C:\admirales\script_ver\script_ver\quarantine\under-review\17mov_CharacterSystem\web\photos\mp_f_freemode_01-mask_1-209.webp
B358FCCEA3F29774A75724B6670672D8C88A450CC50BF79CFFE2E34CE6599B11	C:\admirales\script_ver\script_ver\quarantine\under-review\17mov_CharacterSystem\web\photos\mp_f_freemode_01-mask_1-21.webp
7279C310F4E05548E698D556C774CB4F116613C64F554F47EDA1EE6686DDF57D	C:\admirales\script_ver\script_ver\quarantine\under-review\17mov_CharacterSystem\web\photos\mp_f_freemode_01-mask_1-210.webp
A9939DCB57ABB9F6ECB01857E939EBD26D25D397984F04C3BC417BCB16F14812	C:\admirales\script_ver\script_ver\quarantine\under-review\17mov_CharacterSystem\web\photos\mp_f_freemode_01-mask_1-211.webp
34BFFB9F19E6C149C3197ADEF54C324407A10E8CBFE6B13BC26B02E8521A05E8	C:\admirales\script_ver\script_ver\quarantine\under-review\17mov_CharacterSystem\web\photos\mp_f_freemode_01-mask_1-212.webp
2798A99DD400F6495E3A79293AB778DC339B206F279AD29B107D99267F6E19BA	C:\admirales\script_ver\script_ver\quarantine\under-review\17mov_CharacterSystem\web\photos\mp_f_freemode_01-mask_1-213.webp
0BB9F1B47B80CF8E8FC50DC6E9A89A3267C90899E8D203627DCF3854003F81A0	C:\admirales\script_ver\script_ver\quarantine\under-review\17mov_CharacterSystem\web\photos\mp_f_freemode_01-mask_1-214.webp
687B5661D2AE3832B5E0A4F2ADA7D39DAE75F3758EFCDE64F74DE478F59012BB	C:\admirales\script_ver\script_ver\quarantine\under-review\17mov_CharacterSystem\web\photos\mp_f_freemode_01-mask_1-215.webp
CBE1960378802E5EFF9D4B1598D20BCF4EEDF3215695CD50FA2E457CC52A4943	C:\admirales\script_ver\script_ver\quarantine\under-review\17mov_CharacterSystem\web\photos\mp_f_freemode_01-mask_1-216.webp
610CDCBB00846D189855F0A2C395A71D3ED30A3A7FC2D5F8AA4CB49531A3A7AF	C:\admirales\script_ver\script_ver\quarantine\under-review\17mov_CharacterSystem\web\photos\mp_f_freemode_01-mask_1-217.webp
14241DE3AC43D76E3EF775A64F10ED33B36097CF576CD6DEA1C801D22385B151	C:\admirales\script_ver\script_ver\quarantine\under-review\17mov_CharacterSystem\web\photos\mp_f_freemode_01-mask_1-218.webp
28B0621F3F7C68071DEC33223B2D3509CD378D29854C8DD2DD4A1A26D658C263	C:\admirales\script_ver\script_ver\quarantine\under-review\17mov_CharacterSystem\web\photos\mp_f_freemode_01-mask_1-219.webp
61AFF32F096A336FB3A06725374D76DF5A4A84512AF7EF3E55DD777A5CFCBFAA	C:\admirales\script_ver\script_ver\quarantine\under-review\17mov_CharacterSystem\web\photos\mp_f_freemode_01-mask_1-22.webp
DA89AC28306FCBD9115802DA5B45C814C09DA70073C125F3F97CFE542AF0B303	C:\admirales\script_ver\script_ver\quarantine\under-review\17mov_CharacterSystem\web\photos\mp_f_freemode_01-mask_1-220.webp
5BD4BF58254B8054C946D378EB21F94E8A0A0B4847DBC07789CA686F93B1C449	C:\admirales\script_ver\script_ver\quarantine\under-review\17mov_CharacterSystem\web\photos\mp_f_freemode_01-mask_1-221.webp
2BA6E68F67A23BCB85AA6D810F39152010264123761A177D71AECE43E0A39DCA	C:\admirales\script_ver\script_ver\quarantine\under-review\17mov_CharacterSystem\web\photos\mp_f_freemode_01-mask_1-222.webp
9CBE6AAE0CE84ADE398B7CE7C182185677219A00AFB5BC671D51C1EC502FFD2D	C:\admirales\script_ver\script_ver\quarantine\under-review\17mov_CharacterSystem\web\photos\mp_f_freemode_01-mask_1-223.webp
8862A423E6FB87055B90BEA0C6102B49CD429EFCEE3AB609D1DB0A6EA9147872	C:\admirales\script_ver\script_ver\quarantine\under-review\17mov_CharacterSystem\web\photos\mp_f_freemode_01-mask_1-224.webp
931DE7D9EDBB1BD5FD012AEEE141D6CD4112CF00AE4BA5E702741796F149FFF8	C:\admirales\script_ver\script_ver\quarantine\under-review\17mov_CharacterSystem\web\photos\mp_f_freemode_01-mask_1-225.webp
1C9AFDD4B5F75689C2589F0C994201B48969DC73295ED2A3C7E230E476D67075	C:\admirales\script_ver\script_ver\quarantine\under-review\17mov_CharacterSystem\web\photos\mp_f_freemode_01-mask_1-226.webp
79F332F5A78EC3F92FFB1B0BE87F626FBD9BC72DE725D2A40B674E3F600A74B0	C:\admirales\script_ver\script_ver\quarantine\under-review\17mov_CharacterSystem\web\photos\mp_f_freemode_01-mask_1-227.webp
373618DDCA76E6BE7FB0B6345CA820DA9F914C24F4995671A10B789028BE4ECD	C:\admirales\script_ver\script_ver\quarantine\under-review\17mov_CharacterSystem\web\photos\mp_f_freemode_01-mask_1-228.webp
BF8C936CA23B59247174056703B2DC7E20E4B850D43B24AD2F769FC69171D5DC	C:\admirales\script_ver\script_ver\quarantine\under-review\17mov_CharacterSystem\web\photos\mp_f_freemode_01-mask_1-229.webp
7338169D15AD247177AE1ED7D2CE1FFA00F311E9C5EA76CFE48FBB6A9AF2A20B	C:\admirales\script_ver\script_ver\quarantine\under-review\17mov_CharacterSystem\web\photos\mp_f_freemode_01-mask_1-23.webp
463D9AD320AD39242D54FF79A113DE264302096B242252C6787364506259BAFB	C:\admirales\script_ver\script_ver\quarantine\under-review\17mov_CharacterSystem\web\photos\mp_f_freemode_01-mask_1-230.webp
EB533935721D0FAD018BD5FDB8CBB7E3D383C4FA5FA088D67EC18F9DAEDAC1CF	C:\admirales\script_ver\script_ver\quarantine\under-review\17mov_CharacterSystem\web\photos\mp_f_freemode_01-mask_1-231.webp
29F9A7D44EB2909B71FB5902C9720A1FFC71ADD5478A7E8AC6827D96A3CE28FE	C:\admirales\script_ver\script_ver\quarantine\under-review\17mov_CharacterSystem\web\photos\mp_f_freemode_01-mask_1-232.webp
4F1D5CE36F86E12B74BC626A2459B36AC483EB2576D3F8FA45223D58F7AE9959	C:\admirales\script_ver\script_ver\quarantine\under-review\17mov_CharacterSystem\web\photos\mp_f_freemode_01-mask_1-233.webp
7CCDAC191668EB67806DD97D6536C50B87F7A70F5EC4BA284ABDAA7BFE69C679	C:\admirales\script_ver\script_ver\quarantine\under-review\17mov_CharacterSystem\web\photos\mp_f_freemode_01-mask_1-234.webp
31347B287AB62737A3AB14F43D681B23C0799764F49653326BFA519E0C005268	C:\admirales\script_ver\script_ver\quarantine\under-review\17mov_CharacterSystem\web\photos\mp_f_freemode_01-mask_1-235.webp
FBDBBAE1AD879607204C9D986ABF372EEC8EC8883E2AA6CEEEA58C114EC8DB06	C:\admirales\script_ver\script_ver\quarantine\under-review\17mov_CharacterSystem\web\photos\mp_f_freemode_01-mask_1-236.webp
191CF8176B7E4901B1D3F142D4EE561D5521CFA8D6B21C1CB2C3B78CB7EB6113	C:\admirales\script_ver\script_ver\quarantine\under-review\17mov_CharacterSystem\web\photos\mp_f_freemode_01-mask_1-237.webp
755916175A2502CD7E03DCD2EE6E0581FFA621B172BB50DAD73AB347796C09D5	C:\admirales\script_ver\script_ver\quarantine\under-review\17mov_CharacterSystem\web\photos\mp_f_freemode_01-mask_1-238.webp
B6B8075B33688C9D1711C6579E72D3A6B1E343172655258278EC4520CBCC6ECF	C:\admirales\script_ver\script_ver\quarantine\under-review\17mov_CharacterSystem\web\photos\mp_f_freemode_01-mask_1-24.webp
49BAFD2360204330099410758CE7DEB04267BFC3F2B9C548149213C032A0A753	C:\admirales\script_ver\script_ver\quarantine\under-review\17mov_CharacterSystem\web\photos\mp_f_freemode_01-mask_1-25.webp
345577F61159985FBA2B45F51560A2FCAF988677535297AAE0A54E1D70C2F1BC	C:\admirales\script_ver\script_ver\quarantine\under-review\17mov_CharacterSystem\web\photos\mp_f_freemode_01-mask_1-26.webp
9266D904F1D2126E4AB43873BE21A1A84A64C6412B8F037C8C38BB6F9AE49853	C:\admirales\script_ver\script_ver\quarantine\under-review\17mov_CharacterSystem\web\photos\mp_f_freemode_01-mask_1-27.webp
15032D8651645E4337C3B30800DAFDD16015E136B90896C6305A33944C610E8C	C:\admirales\script_ver\script_ver\quarantine\under-review\17mov_CharacterSystem\web\photos\mp_f_freemode_01-mask_1-28.webp
1FD5F08C16EE1CB5207BC3A061107B3C6DB39F5CE8F2AF73E65E0BC45275232E	C:\admirales\script_ver\script_ver\quarantine\under-review\17mov_CharacterSystem\web\photos\mp_f_freemode_01-mask_1-29.webp
8AE4DE9BE38C2FE371687C3A3695D130D986CBB8593DD01878B2BFDF783E3C0C	C:\admirales\script_ver\script_ver\quarantine\under-review\17mov_CharacterSystem\web\photos\mp_f_freemode_01-mask_1-3.webp
0E82A90F8EBAFFC8EA9BF94030542256C0184144CBE537591519DF2A0846D73F	C:\admirales\script_ver\script_ver\quarantine\under-review\17mov_CharacterSystem\web\photos\mp_f_freemode_01-mask_1-30.webp
4C174F8D610441AEEAF3AF7963C336E810099C57A4093122484B4156B33464CC	C:\admirales\script_ver\script_ver\quarantine\under-review\17mov_CharacterSystem\web\photos\mp_f_freemode_01-mask_1-31.webp
F8ED18A139E2C765B6A2CF6DAC92EF0533327706B73AE14746EFFE372F17B00B	C:\admirales\script_ver\script_ver\quarantine\under-review\17mov_CharacterSystem\web\photos\mp_f_freemode_01-mask_1-32.webp
8AFC0DA56907A7AC53E2A1100193240F70C640455D2139A978A341EBD34E530B	C:\admirales\script_ver\script_ver\quarantine\under-review\17mov_CharacterSystem\web\photos\mp_f_freemode_01-mask_1-33.webp
177D09AE32050B0DA9D2020B94F5C813C323E2A52004B02C558745230F4D8D4C	C:\admirales\script_ver\script_ver\quarantine\under-review\17mov_CharacterSystem\web\photos\mp_f_freemode_01-mask_1-34.webp
723B195C9C1EA8056FEB231B4431DF11B8E748ECF9DB801BDCD20B340EFD343B	C:\admirales\script_ver\script_ver\quarantine\under-review\17mov_CharacterSystem\web\photos\mp_f_freemode_01-mask_1-35.webp
A603700ACB8633FD29992B5DB12B0BA3D680C6513EB70D8E4B1366BD37D51E6C	C:\admirales\script_ver\script_ver\quarantine\under-review\17mov_CharacterSystem\web\photos\mp_f_freemode_01-mask_1-36.webp
975C6444D3E0A054E0C3FA51DA33976B2A99E3AF6F02E69FC6AF1134972C0775	C:\admirales\script_ver\script_ver\quarantine\under-review\17mov_CharacterSystem\web\photos\mp_f_freemode_01-mask_1-37.webp
DD34FE287C58CBC2CE1F4B7D7C386C2F3D0B74604EA3ACB67DFCB2F72783EA49	C:\admirales\script_ver\script_ver\quarantine\under-review\17mov_CharacterSystem\web\photos\mp_f_freemode_01-mask_1-38.webp
1DE157B6EBD039C89579292C0DBFBD66733BE46EF11C43C7A56B5CE0817D8FED	C:\admirales\script_ver\script_ver\quarantine\under-review\17mov_CharacterSystem\web\photos\mp_f_freemode_01-mask_1-39.webp
68278939FAB818FD88193F80ACCF20DBF002A051D6912D0B945C76019DCBFF7A	C:\admirales\script_ver\script_ver\quarantine\under-review\17mov_CharacterSystem\web\photos\mp_f_freemode_01-mask_1-4.webp
EC61F63C886561BA335E6DF88F40AC3D7D561DC52D401BE1481CD0C5AA7ADD3F	C:\admirales\script_ver\script_ver\quarantine\under-review\17mov_CharacterSystem\web\photos\mp_f_freemode_01-mask_1-40.webp
A58B348FC2F8B9E04F82EDDF434A13886A0D4352D97E78D764947AC69C020B26	C:\admirales\script_ver\script_ver\quarantine\under-review\17mov_CharacterSystem\web\photos\mp_f_freemode_01-mask_1-41.webp
DFAA1F500C5C3824DCC68C8DB152078E63A74A881E09567754C6127F92C5A8D9	C:\admirales\script_ver\script_ver\quarantine\under-review\17mov_CharacterSystem\web\photos\mp_f_freemode_01-mask_1-42.webp
0D63120B8E39EA37BA11AD08BEB4F6DA9F34150244323D1B1D551218A68BF01C	C:\admirales\script_ver\script_ver\quarantine\under-review\17mov_CharacterSystem\web\photos\mp_f_freemode_01-mask_1-43.webp
EBF78B9AB5EEE5D25ED1FC1E457B006A514E8439B3263109DB7C322826E930E2	C:\admirales\script_ver\script_ver\quarantine\under-review\17mov_CharacterSystem\web\photos\mp_f_freemode_01-mask_1-44.webp
17434A649F07E16A833E19A53353F384B88047354438D6F99CCB2EB0AEA84DAC	C:\admirales\script_ver\script_ver\quarantine\under-review\17mov_CharacterSystem\web\photos\mp_f_freemode_01-mask_1-45.webp
0ECF7D5B6EA74815F8A5B47C5B6FE868B53D81E771C46CF83EFBEEFB2C050544	C:\admirales\script_ver\script_ver\quarantine\under-review\17mov_CharacterSystem\web\photos\mp_f_freemode_01-mask_1-46.webp
A72BCB0D8104E9CB9FF20BB194EF7572522222F851FA5228AE4F35D634546449	C:\admirales\script_ver\script_ver\quarantine\under-review\17mov_CharacterSystem\web\photos\mp_f_freemode_01-mask_1-47.webp
4B2A4B24F7DEF29CD57075C5C78A2DE6E659224BAD2629CCA33AA3FAE30D405D	C:\admirales\script_ver\script_ver\quarantine\under-review\17mov_CharacterSystem\web\photos\mp_f_freemode_01-mask_1-48.webp
EC71C49ECA805A8768DCA191BA71307F09BB185F7E8BE04BDB17F91EF5B39497	C:\admirales\script_ver\script_ver\quarantine\under-review\17mov_CharacterSystem\web\photos\mp_f_freemode_01-mask_1-49.webp
26657114D9BFBD75B8ABF739BFF1660074603A716203976EE26D9C69D8432422	C:\admirales\script_ver\script_ver\quarantine\under-review\17mov_CharacterSystem\web\photos\mp_f_freemode_01-mask_1-5.webp
71840FA7364DDDF537C10185D7C943EF8644AC999119967831005F45D30DE800	C:\admirales\script_ver\script_ver\quarantine\under-review\17mov_CharacterSystem\web\photos\mp_f_freemode_01-mask_1-50.webp
BC1D2E3C3F39AAE3550D41D20998ACD1B07C0CB0BBCEBDE5FB92554540FBD0A1	C:\admirales\script_ver\script_ver\quarantine\under-review\17mov_CharacterSystem\web\photos\mp_f_freemode_01-mask_1-51.webp
6F53D7834605CDED79CA149BF8E683D551A3EDA6E4C8AC02DE5A99C434711C47	C:\admirales\script_ver\script_ver\quarantine\under-review\17mov_CharacterSystem\web\photos\mp_f_freemode_01-mask_1-52.webp
A29989ECEF5B2B0DD6EF6702E59401247CFAC795364BCE72B48EA5984BBEC55C	C:\admirales\script_ver\script_ver\quarantine\under-review\17mov_CharacterSystem\web\photos\mp_f_freemode_01-mask_1-53.webp
8D5AAF78FCB92762543CF84E0824609FFCA10AA8B454E72B7C602D02CA88CED9	C:\admirales\script_ver\script_ver\quarantine\under-review\17mov_CharacterSystem\web\photos\mp_f_freemode_01-mask_1-54.webp
B062976D90B0F80EF682C36AF9462D14A4AF1AD5654924B1D27991B92B586BD1	C:\admirales\script_ver\script_ver\quarantine\under-review\17mov_CharacterSystem\web\photos\mp_f_freemode_01-mask_1-55.webp
196343E50D561314F96BA83E4897358925C813AEEE039EDE23A7EFFF5AFE1ACD	C:\admirales\script_ver\script_ver\quarantine\under-review\17mov_CharacterSystem\web\photos\mp_f_freemode_01-mask_1-56.webp
476D0FCECB0992592B2A630047B68AC58AC0F55199AFC211AD97F87315C2BA00	C:\admirales\script_ver\script_ver\quarantine\under-review\17mov_CharacterSystem\web\photos\mp_f_freemode_01-mask_1-57.webp
E0F528DD483BD75DCFD55A07DD24C9809ABBF3A0A6ECFF8DC21E7AF8B8432671	C:\admirales\script_ver\script_ver\quarantine\under-review\17mov_CharacterSystem\web\photos\mp_f_freemode_01-mask_1-58.webp
E211C4C5C78B9FCB4670D2CF6895046D34254E203E236C39F105D9442DEB9E98	C:\admirales\script_ver\script_ver\quarantine\under-review\17mov_CharacterSystem\web\photos\mp_f_freemode_01-mask_1-59.webp
883C679C730ECB0AE5928F44A23744696B8ECC7720B8E36A4F1947205A8F048B	C:\admirales\script_ver\script_ver\quarantine\under-review\17mov_CharacterSystem\web\photos\mp_f_freemode_01-mask_1-6.webp
D0EC88C3AD989D711AAC99FF047AF489789E5D22E17E8F4BA2B98306B4F5D04E	C:\admirales\script_ver\script_ver\quarantine\under-review\17mov_CharacterSystem\web\photos\mp_f_freemode_01-mask_1-60.webp
319A392F30C07970E7BF3C951097F3F595B008A34EFA5912CBCF5A40FA219FA9	C:\admirales\script_ver\script_ver\quarantine\under-review\17mov_CharacterSystem\web\photos\mp_f_freemode_01-mask_1-61.webp
700CEF602D99D3C51B8B6CFB6D9AAAB622E386028891C0AFEE6292F15E837107	C:\admirales\script_ver\script_ver\quarantine\under-review\17mov_CharacterSystem\web\photos\mp_f_freemode_01-mask_1-62.webp
1977F2677B38F1E9EE6EC58D39C9EA6B59820EBB6E23A070F432DACD49B3444B	C:\admirales\script_ver\script_ver\quarantine\under-review\17mov_CharacterSystem\web\photos\mp_f_freemode_01-mask_1-63.webp
FE090670960686D6649C6F096067642FCDE03FE69424EDE5ACE329D0A3300778	C:\admirales\script_ver\script_ver\quarantine\under-review\17mov_CharacterSystem\web\photos\mp_f_freemode_01-mask_1-64.webp
41597D56A89136432528796FF166B8E05DDC985545DD185DC690AB4B015B44E0	C:\admirales\script_ver\script_ver\quarantine\under-review\17mov_CharacterSystem\web\photos\mp_f_freemode_01-mask_1-65.webp
ECD73EA4A171C000B4C28C1A8C581DEF7826E401FAD4C3F275996D381665B3A7	C:\admirales\script_ver\script_ver\quarantine\under-review\17mov_CharacterSystem\web\photos\mp_f_freemode_01-mask_1-66.webp
4B5FDE176AECB88DD04D7A09EF311E9B102B9C3879D211D4A3DD9C849CE66FCA	C:\admirales\script_ver\script_ver\quarantine\under-review\17mov_CharacterSystem\web\photos\mp_f_freemode_01-mask_1-67.webp
00457CFB3914CC745413E6AD99D46A91BF5EE9F9FFA1AF6F5F9B8950633B9488	C:\admirales\script_ver\script_ver\quarantine\under-review\17mov_CharacterSystem\web\photos\mp_f_freemode_01-mask_1-68.webp
9D9A7EC1A9B1C993559A88315AC4BD85157276E6BB945362C86439A3BE085ED8	C:\admirales\script_ver\script_ver\quarantine\under-review\17mov_CharacterSystem\web\photos\mp_f_freemode_01-mask_1-69.webp
3AF45747533F94FD0801723721A379647412E4FB3F887F06C315917C093D2A7F	C:\admirales\script_ver\script_ver\quarantine\under-review\17mov_CharacterSystem\web\photos\mp_f_freemode_01-mask_1-7.webp
C01566E75F85316B0C915408BE0470F306B35E2D6193D2335F1842898B87C45D	C:\admirales\script_ver\script_ver\quarantine\under-review\17mov_CharacterSystem\web\photos\mp_f_freemode_01-mask_1-70.webp
AB1EA42BB643122D4F7DBA8BFCE6447FEC746A1B2A8DED17AE67BCAEAEBAF4F2	C:\admirales\script_ver\script_ver\quarantine\under-review\17mov_CharacterSystem\web\photos\mp_f_freemode_01-mask_1-71.webp
C5570860F463F41676713EB050E3A947B31EC330BED938A78534E65DD6A74019	C:\admirales\script_ver\script_ver\quarantine\under-review\17mov_CharacterSystem\web\photos\mp_f_freemode_01-mask_1-72.webp
D945BD7A2CA922EF2F63A68EBDC03CCA918870D951CCF187B66528B005215319	C:\admirales\script_ver\script_ver\quarantine\under-review\17mov_CharacterSystem\web\photos\mp_f_freemode_01-mask_1-73.webp
F1C89C954B21337F6A255D5D909EDCD328E4017AAE2459CD8BBF6B4DDBDE547E	C:\admirales\script_ver\script_ver\quarantine\under-review\17mov_CharacterSystem\web\photos\mp_f_freemode_01-mask_1-74.webp
6A1D83C5738DA216B5F8CC503A6DC30B318C2740635489E8D99A6D456919D689	C:\admirales\script_ver\script_ver\quarantine\under-review\17mov_CharacterSystem\web\photos\mp_f_freemode_01-mask_1-75.webp
71759401304E774DA445DA700FDA3CDBEC9955A49892B781161196187207BCF6	C:\admirales\script_ver\script_ver\quarantine\under-review\17mov_CharacterSystem\web\photos\mp_f_freemode_01-mask_1-76.webp
4CA03223DA7D472120B01D638180A35C0CEABEA6DBD03DEC0D8440DCDEEC213A	C:\admirales\script_ver\script_ver\quarantine\under-review\17mov_CharacterSystem\web\photos\mp_f_freemode_01-mask_1-77.webp
055A384C4889A74B4FC015F6122C0EBFC5DBD8300A3D12682202FEA1777194D6	C:\admirales\script_ver\script_ver\quarantine\under-review\17mov_CharacterSystem\web\photos\mp_f_freemode_01-mask_1-78.webp
6EA380A736FEDBCD00C9A93A7598277E071508F428C237E86B608687DBE8E7C8	C:\admirales\script_ver\script_ver\quarantine\under-review\17mov_CharacterSystem\web\photos\mp_f_freemode_01-mask_1-79.webp
6ADE122D5E57642897394130BD692802FE6FAC019E3EF4E08EA6A46ABF2FB571	C:\admirales\script_ver\script_ver\quarantine\under-review\17mov_CharacterSystem\web\photos\mp_f_freemode_01-mask_1-8.webp
C691FDD3E598AB7B962EAEA12945B507DB4B6F409BCC7349266D9410B036F397	C:\admirales\script_ver\script_ver\quarantine\under-review\17mov_CharacterSystem\web\photos\mp_f_freemode_01-mask_1-80.webp
528D465E04CB3D7FAD74D8C876641E568401E5AA6D222D49F781D185DDC59F5B	C:\admirales\script_ver\script_ver\quarantine\under-review\17mov_CharacterSystem\web\photos\mp_f_freemode_01-mask_1-81.webp
48F8CFCCE12665A3E5357172DCC5A4EF6D7E8DDE163369932E2C9A0114877F62	C:\admirales\script_ver\script_ver\quarantine\under-review\17mov_CharacterSystem\web\photos\mp_f_freemode_01-mask_1-82.webp
0B99741D3F26833AFAA0661C5AC68B9BD6C53A54DFABB41F2AB0CE1A0AA33AA6	C:\admirales\script_ver\script_ver\quarantine\under-review\17mov_CharacterSystem\web\photos\mp_f_freemode_01-mask_1-83.webp
412C86763C74192444D317B3ED558AB6810BAEB07AA73844C93D17D15ED70FC0	C:\admirales\script_ver\script_ver\quarantine\under-review\17mov_CharacterSystem\web\photos\mp_f_freemode_01-mask_1-84.webp
4D46B091D697BAB98A52999D2BEA2D1C9E01B39050C182C4856E482738FB8150	C:\admirales\script_ver\script_ver\quarantine\under-review\17mov_CharacterSystem\web\photos\mp_f_freemode_01-mask_1-85.webp
E78331148140B7A0EDAD7CE6EAB458EDC01D8CFBFABE989E5DEE8719E85DF37F	C:\admirales\script_ver\script_ver\quarantine\under-review\17mov_CharacterSystem\web\photos\mp_f_freemode_01-mask_1-86.webp
3BD192C3892E718097CD7DCBD658DDC21F5A2BD7B9F1A33144B6CBD6EB665CED	C:\admirales\script_ver\script_ver\quarantine\under-review\17mov_CharacterSystem\web\photos\mp_f_freemode_01-mask_1-87.webp
78D9052527A1B339C5ACFB74779EE253E6F091A0827C1AD2057A6E2490121DBF	C:\admirales\script_ver\script_ver\quarantine\under-review\17mov_CharacterSystem\web\photos\mp_f_freemode_01-mask_1-88.webp
4EED59AC6F6BBBD589C214CB554B7E9A943F33F82D871AF45479CA46E9319CA4	C:\admirales\script_ver\script_ver\quarantine\under-review\17mov_CharacterSystem\web\photos\mp_f_freemode_01-mask_1-89.webp
BB9E3B0DB2023ED1C60750A6C6343BE49775425188329801651B32008EDDCD92	C:\admirales\script_ver\script_ver\quarantine\under-review\17mov_CharacterSystem\web\photos\mp_f_freemode_01-mask_1-9.webp
0DAB708F97313860B6666D801FDF81830DADE652D79A238E77985DC7B0782678	C:\admirales\script_ver\script_ver\quarantine\under-review\17mov_CharacterSystem\web\photos\mp_f_freemode_01-mask_1-90.webp
9E52168BE03FAB94646187F799A8F42F3324D7251F9C34922366E445441B23BE	C:\admirales\script_ver\script_ver\quarantine\under-review\17mov_CharacterSystem\web\photos\mp_f_freemode_01-mask_1-91.webp
9DB4204196A5DCE5BB5A8BE2BD5E60E02BF40ABB73CCF0AED201F7ACB41C792F	C:\admirales\script_ver\script_ver\quarantine\under-review\17mov_CharacterSystem\web\photos\mp_f_freemode_01-mask_1-92.webp
202F02894C0A39F0C5527529E7C71FB64A5CD3AC7AD26C0C50B4ADA37EECFA18	C:\admirales\script_ver\script_ver\quarantine\under-review\17mov_CharacterSystem\web\photos\mp_f_freemode_01-mask_1-93.webp
A01C8169112562C968CE67875216DC72EF1BDC5708E96BE9FB8A72FBE9993D11	C:\admirales\script_ver\script_ver\quarantine\under-review\17mov_CharacterSystem\web\photos\mp_f_freemode_01-mask_1-94.webp
2B56C9967C5D5CDB6FF08C23CFAB0F3682519A4E3F1B38187EFAA6805B2A7879	C:\admirales\script_ver\script_ver\quarantine\under-review\17mov_CharacterSystem\web\photos\mp_f_freemode_01-mask_1-95.webp
20125FCEA7E40AC061D68B35AFF3B658667F85D017FF3CC1BC144D4D3EC53CE9	C:\admirales\script_ver\script_ver\quarantine\under-review\17mov_CharacterSystem\web\photos\mp_f_freemode_01-mask_1-96.webp
2ED636EA3C793589E1D4D7D8A523059A3A971F01C8424D0364A4C825ABA00658	C:\admirales\script_ver\script_ver\quarantine\under-review\17mov_CharacterSystem\web\photos\mp_f_freemode_01-mask_1-97.webp
574C80D007799417803FA86AC3EDBD8C8BDB59B29E63B188BF63ED9070830AB1	C:\admirales\script_ver\script_ver\quarantine\under-review\17mov_CharacterSystem\web\photos\mp_f_freemode_01-mask_1-98.webp
5FDB5D685E279CA6949947F3577A3ADF3E6657CBCCFD0BC22EAC6BA2617859C8	C:\admirales\script_ver\script_ver\quarantine\under-review\17mov_CharacterSystem\web\photos\mp_f_freemode_01-mask_1-99.webp
BF3AC5750C03B14A2C2A150629903A3A236AFD912CCF0BB78D7B5CF54B0BB01C	C:\admirales\script_ver\script_ver\quarantine\under-review\17mov_CharacterSystem\web\photos\mp_f_freemode_01-mom-0.webp
E81F1ECDA2429875C3BC8E7AFDA03EA6AF6D35EAA5DAF3B7D1DC3EBAD0862259	C:\admirales\script_ver\script_ver\quarantine\under-review\17mov_CharacterSystem\web\photos\mp_f_freemode_01-mom-1.webp
0FCC8B0EB4AD74193F2E1AF618D68345EA0D6623132E9DFA63083C5A4316674E	C:\admirales\script_ver\script_ver\quarantine\under-review\17mov_CharacterSystem\web\photos\mp_f_freemode_01-mom-10.webp
3C1FB9E0A4799841FD681D459B2F7F448FF7E3AF1FE754E8209817E5E3290B4F	C:\admirales\script_ver\script_ver\quarantine\under-review\17mov_CharacterSystem\web\photos\mp_f_freemode_01-mom-11.webp
EE1E607ACB07CEEF693DB770D8AB7447C72045EFE8B84838CC83F9E420FABA8A	C:\admirales\script_ver\script_ver\quarantine\under-review\17mov_CharacterSystem\web\photos\mp_f_freemode_01-mom-12.webp
CD86FC8289BA3787B8ED885B8A799706DEBD1A191BC4143865C1321A62EF3D77	C:\admirales\script_ver\script_ver\quarantine\under-review\17mov_CharacterSystem\web\photos\mp_f_freemode_01-mom-13.webp
BDB6FF4DAF603422D7F72019261F72256270D40364C2DC80EF93014BFC26B48F	C:\admirales\script_ver\script_ver\quarantine\under-review\17mov_CharacterSystem\web\photos\mp_f_freemode_01-mom-14.webp
AAF5512C3D5CD755D30137B0063533E5D325371361DFE7BCE41B17ED21F84A06	C:\admirales\script_ver\script_ver\quarantine\under-review\17mov_CharacterSystem\web\photos\mp_f_freemode_01-mom-15.webp
E72C8112146E553D94E10966AA96CD307BEA61A0EEF08BBBD8A833D3E7F1D44C	C:\admirales\script_ver\script_ver\quarantine\under-review\17mov_CharacterSystem\web\photos\mp_f_freemode_01-mom-16.webp
2EBB968DC70E31E073624D3E2D12C5C0784B24631A9D15B32053950139191198	C:\admirales\script_ver\script_ver\quarantine\under-review\17mov_CharacterSystem\web\photos\mp_f_freemode_01-mom-17.webp
A5AA968A881EB93699FCF76E557F24EF5063F55F7DF4C085B5ACCEF887080377	C:\admirales\script_ver\script_ver\quarantine\under-review\17mov_CharacterSystem\web\photos\mp_f_freemode_01-mom-18.webp
6ECBB4195792F65AE723C6508E1C47BA69F28D289B984EDD93485ABE5044C319	C:\admirales\script_ver\script_ver\quarantine\under-review\17mov_CharacterSystem\web\photos\mp_f_freemode_01-mom-19.webp
FF2E61BD1E4632BFBC0EB24585F30E51C824770F98E98905B18A4AC1F65DA7F6	C:\admirales\script_ver\script_ver\quarantine\under-review\17mov_CharacterSystem\web\photos\mp_f_freemode_01-mom-2.webp
540680865DE249F93964CB2785AA85A02C3849BA200176BF155E06AB90EB5315	C:\admirales\script_ver\script_ver\quarantine\under-review\17mov_CharacterSystem\web\photos\mp_f_freemode_01-mom-20.webp
E0464EF94E3FB4F517FCD1DE196625F0FDE5511ABF5308FEF3B79B095EEA7FFE	C:\admirales\script_ver\script_ver\quarantine\under-review\17mov_CharacterSystem\web\photos\mp_f_freemode_01-mom-21.webp
B2393B1D97CD656F9DABE5CA4257CD42A1901E029112ED5F91249213A998A7D7	C:\admirales\script_ver\script_ver\quarantine\under-review\17mov_CharacterSystem\web\photos\mp_f_freemode_01-mom-22.webp
508563CAB294A6791480E23173180C0FF608E1C8D2ED5C8BADAE1E505E333D89	C:\admirales\script_ver\script_ver\quarantine\under-review\17mov_CharacterSystem\web\photos\mp_f_freemode_01-mom-23.webp
9E10424A2073CDF31065FFE13137F75BF57624310901A3BCDE7C0F85C6895B9B	C:\admirales\script_ver\script_ver\quarantine\under-review\17mov_CharacterSystem\web\photos\mp_f_freemode_01-mom-24.webp
21B92F6FBDDA29571BE8D851E5E691F55CA1B4B4FC272E4D0BC6F0F610E6C7AE	C:\admirales\script_ver\script_ver\quarantine\under-review\17mov_CharacterSystem\web\photos\mp_f_freemode_01-mom-25.webp
FF03E9FBA21401C670D2E57CCF2B7C912E3FEA578A4FCA430DC5712BC4700FD3	C:\admirales\script_ver\script_ver\quarantine\under-review\17mov_CharacterSystem\web\photos\mp_f_freemode_01-mom-26.webp
87319A76B6398E4D774091FDC39AAE6295FFEC1E99FBAA6E71CFE85984D3F7D8	C:\admirales\script_ver\script_ver\quarantine\under-review\17mov_CharacterSystem\web\photos\mp_f_freemode_01-mom-27.webp
E6F304FD2C72058924BC0DFE324DC17490DA25C9FA101F1F6ACBA91E7D38BC1F	C:\admirales\script_ver\script_ver\quarantine\under-review\17mov_CharacterSystem\web\photos\mp_f_freemode_01-mom-28.webp
17A8BC29A21F28EEE9C988352E3FBF00B9FF58B0B1C1FCA6380905E39D0AD1CE	C:\admirales\script_ver\script_ver\quarantine\under-review\17mov_CharacterSystem\web\photos\mp_f_freemode_01-mom-29.webp
58F816E223EDD175411B44E04B3E27C630EDEF96D50AC3451E9A8FE975F89AFF	C:\admirales\script_ver\script_ver\quarantine\under-review\17mov_CharacterSystem\web\photos\mp_f_freemode_01-mom-3.webp
AD37549B48633C3046C5145A27C75F3213681872E02E6C5232E43F8CB5616AC0	C:\admirales\script_ver\script_ver\quarantine\under-review\17mov_CharacterSystem\web\photos\mp_f_freemode_01-mom-30.webp
1B1805B87709406ED2ECC431503117F0722E9C6BF9C66DED4C2508903B88E1A0	C:\admirales\script_ver\script_ver\quarantine\under-review\17mov_CharacterSystem\web\photos\mp_f_freemode_01-mom-31.webp
B9667D710B50DEAB684A1B95E1B005725143F383F1CD85BB76C0AD354F9B246D	C:\admirales\script_ver\script_ver\quarantine\under-review\17mov_CharacterSystem\web\photos\mp_f_freemode_01-mom-32.webp
0655E51628C806A2697047AA0E6FA72352EC483F59F0C3F46B5ED563BC71650F	C:\admirales\script_ver\script_ver\quarantine\under-review\17mov_CharacterSystem\web\photos\mp_f_freemode_01-mom-33.webp
30627543830C7AA0A439815C0C84850A2015E157F47FAF4AC86C25985342DEBA	C:\admirales\script_ver\script_ver\quarantine\under-review\17mov_CharacterSystem\web\photos\mp_f_freemode_01-mom-34.webp
3FEE72643082A9187349EB1A4EFA4571F5845AB0DF70B64FBEA351B1B6E56469	C:\admirales\script_ver\script_ver\quarantine\under-review\17mov_CharacterSystem\web\photos\mp_f_freemode_01-mom-35.webp
AE05D89DA7FD7A603EDAD16ECC7058B42A83ED6D0E0C272D38F111471604C4C7	C:\admirales\script_ver\script_ver\quarantine\under-review\17mov_CharacterSystem\web\photos\mp_f_freemode_01-mom-36.webp
3D8A11D41623F662E5CAACCAE1A9C4931617F47503E0D725345871C597CF2CC0	C:\admirales\script_ver\script_ver\quarantine\under-review\17mov_CharacterSystem\web\photos\mp_f_freemode_01-mom-37.webp
E616C2EAF4E8A81DDC0CF887445988A15075AEB0E7EE36D75518BD4AA5554883	C:\admirales\script_ver\script_ver\quarantine\under-review\17mov_CharacterSystem\web\photos\mp_f_freemode_01-mom-38.webp
E7F71FA986DA9E9536DF974B303049BB0EE0F7EE7DAEFC11E4475C26537A3676	C:\admirales\script_ver\script_ver\quarantine\under-review\17mov_CharacterSystem\web\photos\mp_f_freemode_01-mom-39.webp
A043E47D5077513EFFA014E1C12E8A254CE77D3A6319C9EE763653FBEA545B4F	C:\admirales\script_ver\script_ver\quarantine\under-review\17mov_CharacterSystem\web\photos\mp_f_freemode_01-mom-4.webp
88E5B16522D207FDE65D99A39CC82E5069B930E46A12AFF64B2952FAF71D9BE8	C:\admirales\script_ver\script_ver\quarantine\under-review\17mov_CharacterSystem\web\photos\mp_f_freemode_01-mom-40.webp
64DC076C17609371BA52C217AA0BD3BF7549E8D76DC5AEB95323F1403589726F	C:\admirales\script_ver\script_ver\quarantine\under-review\17mov_CharacterSystem\web\photos\mp_f_freemode_01-mom-41.webp
5EDC9F0B7EA1B10E382ADADE487E4BCA8A7C8017E119D22A75597BBBB344E0F3	C:\admirales\script_ver\script_ver\quarantine\under-review\17mov_CharacterSystem\web\photos\mp_f_freemode_01-mom-42.webp
74773CCB550FD20936C80E462C60130040148D442F6BA44401DFB480F192EA8D	C:\admirales\script_ver\script_ver\quarantine\under-review\17mov_CharacterSystem\web\photos\mp_f_freemode_01-mom-43.webp
EF6EA7D4EADB6258425259EB7CDAF949A06BD8B0B8A14B9209C5D55087677643	C:\admirales\script_ver\script_ver\quarantine\under-review\17mov_CharacterSystem\web\photos\mp_f_freemode_01-mom-5.webp
FC6203087F1F32CEE04EFB355CEED04B40516F6A80026CC54EBA0F4778E79898	C:\admirales\script_ver\script_ver\quarantine\under-review\17mov_CharacterSystem\web\photos\mp_f_freemode_01-mom-6.webp
6EF8EE75A814A70E2CE44646DA1E6FBFAD13277CB2CF9E1D3FAF55A0687CA2FA	C:\admirales\script_ver\script_ver\quarantine\under-review\17mov_CharacterSystem\web\photos\mp_f_freemode_01-mom-7.webp
EAE86C87EAC5421A8EBE8B1409BB0FAE735882EADAF9C83B5360E2A3FDCE5279	C:\admirales\script_ver\script_ver\quarantine\under-review\17mov_CharacterSystem\web\photos\mp_f_freemode_01-mom-8.webp
C074ECBBB0032E3C8E72D79435A0540F22F072E1F0CBA7A3EC25A6FE9FA8EF43	C:\admirales\script_ver\script_ver\quarantine\under-review\17mov_CharacterSystem\web\photos\mp_f_freemode_01-mom-9.webp
C3BA4D87D116DFC919A6AB01D394F372AE2888B2EF483EA3A5085EBFE7E22561	C:\admirales\script_ver\script_ver\quarantine\under-review\17mov_CharacterSystem\web\photos\mp_f_freemode_01-pants_1-0.webp
FB05343263FD82AC03170DB9084731142FD796904A33C71B84494F59383517BE	C:\admirales\script_ver\script_ver\quarantine\under-review\17mov_CharacterSystem\web\photos\mp_f_freemode_01-pants_1-1.webp
6408BB3567629FCE0302906F30C023A70BCE36F6188DFFF27A5522E2A5406D5A	C:\admirales\script_ver\script_ver\quarantine\under-review\17mov_CharacterSystem\web\photos\mp_f_freemode_01-pants_1-10.webp
94C2380F245ED3143462AF78757705EE9D7F9C77B29319A151684434C55020C4	C:\admirales\script_ver\script_ver\quarantine\under-review\17mov_CharacterSystem\web\photos\mp_f_freemode_01-pants_1-100.webp
7C907D48BE7DCE58BD86B96C8DA10831438A5C77F3B940BA45D5EE78D3513599	C:\admirales\script_ver\script_ver\quarantine\under-review\17mov_CharacterSystem\web\photos\mp_f_freemode_01-pants_1-101.webp
47F8FC397EBF780C6FBC000485863ACC253DF903EA618F6BA0D30902A72E5305	C:\admirales\script_ver\script_ver\quarantine\under-review\17mov_CharacterSystem\web\photos\mp_f_freemode_01-pants_1-102.webp
7B25600417343311CB5923A3978E07E8A9C7AD466DCE66472C95B71357356F33	C:\admirales\script_ver\script_ver\quarantine\under-review\17mov_CharacterSystem\web\photos\mp_f_freemode_01-pants_1-103.webp
794C665BDA18BE44D38E86BDDBE66560EC1ED5E60A944DF51F8F25B26FA6D42A	C:\admirales\script_ver\script_ver\quarantine\under-review\17mov_CharacterSystem\web\photos\mp_f_freemode_01-pants_1-104.webp
0EC5CBA89094F9C18609E740AFF31A6F06F703285153079C80B00239B6EA003C	C:\admirales\script_ver\script_ver\quarantine\under-review\17mov_CharacterSystem\web\photos\mp_f_freemode_01-pants_1-105.webp
B21653365173B3DE758F0BECAAD623091C0B6FD80414145E1F1343E5A49AFBD2	C:\admirales\script_ver\script_ver\quarantine\under-review\17mov_CharacterSystem\web\photos\mp_f_freemode_01-pants_1-106.webp
0B834C49A3D06EC46321C5E9E9ABFFFDAF09F40FE43A73803160AB887397D499	C:\admirales\script_ver\script_ver\quarantine\under-review\17mov_CharacterSystem\web\photos\mp_f_freemode_01-pants_1-107.webp
F922EB711E6CF98E28A2460C90883499E043B43ECB0771D35E504FCFD512B1BD	C:\admirales\script_ver\script_ver\quarantine\under-review\17mov_CharacterSystem\web\photos\mp_f_freemode_01-pants_1-108.webp
B72DD382C24ED5654A9BDD07544403D57C111572F84D5FC93E0597C6312E0BF0	C:\admirales\script_ver\script_ver\quarantine\under-review\17mov_CharacterSystem\web\photos\mp_f_freemode_01-pants_1-109.webp
AEF804FD666084999C2722B3C5EF918FC970A07FCA76260722EB2AA761D43828	C:\admirales\script_ver\script_ver\quarantine\under-review\17mov_CharacterSystem\web\photos\mp_f_freemode_01-pants_1-11.webp
080975031EE153304E248520C8CE56DF0385C4EE91D492CDD15DA8C19A41B91F	C:\admirales\script_ver\script_ver\quarantine\under-review\17mov_CharacterSystem\web\photos\mp_f_freemode_01-pants_1-110.webp
6FDDCAA0223280014F565F6E8F795271C3B72DCD2892637F526E0135683CF825	C:\admirales\script_ver\script_ver\quarantine\under-review\17mov_CharacterSystem\web\photos\mp_f_freemode_01-pants_1-111.webp
F653DF859615BFA5E2B17DFB5D29DFE98C8DEB7EAEED03B4911C720A018C309A	C:\admirales\script_ver\script_ver\quarantine\under-review\17mov_CharacterSystem\web\photos\mp_f_freemode_01-pants_1-112.webp
A31B28F7BEDB3CBDB02145196F9A60E04B8CEF924D40574699407E1E9DC5EB0D	C:\admirales\script_ver\script_ver\quarantine\under-review\17mov_CharacterSystem\web\photos\mp_f_freemode_01-pants_1-113.webp
9A42423467B9F2F30898CECDD203D8529073DA1197E55BF46860BEB74FDB59C1	C:\admirales\script_ver\script_ver\quarantine\under-review\17mov_CharacterSystem\web\photos\mp_f_freemode_01-pants_1-114.webp
8A573FD4AB6F6A449811C16BCA76B45F6746622464A649CEEC8A81D378B69107	C:\admirales\script_ver\script_ver\quarantine\under-review\17mov_CharacterSystem\web\photos\mp_f_freemode_01-pants_1-115.webp
E81FBE20DA2662073B83FC942FB7D70A1C624EFE342BD9BBA8D6702A0D78100B	C:\admirales\script_ver\script_ver\quarantine\under-review\17mov_CharacterSystem\web\photos\mp_f_freemode_01-pants_1-116.webp
8DA9F21005EC5A264DCFAFF4A3A66AD987B301FF057B1099982C2A226CD4BFE3	C:\admirales\script_ver\script_ver\quarantine\under-review\17mov_CharacterSystem\web\photos\mp_f_freemode_01-pants_1-117.webp
260298111A35FA379A5D8FB42481C7ECF32B8FA400C30A1EA52733C5FFDE5DB8	C:\admirales\script_ver\script_ver\quarantine\under-review\17mov_CharacterSystem\web\photos\mp_f_freemode_01-pants_1-118.webp
5447977B7A4520833E7319BBC30A5BDC36ECCA7C4ECE7B9735B22AA6A197DBA0	C:\admirales\script_ver\script_ver\quarantine\under-review\17mov_CharacterSystem\web\photos\mp_f_freemode_01-pants_1-119.webp
1724FAD2E345413A5B6791770FBB89A39B1B490FAF58598D516AED4AA1D8FE2D	C:\admirales\script_ver\script_ver\quarantine\under-review\17mov_CharacterSystem\web\photos\mp_f_freemode_01-pants_1-12.webp
9C6F492AFE2E8B890981BDE5B27BBB1F4B277410E6FEF3EA5AFD980344364C8E	C:\admirales\script_ver\script_ver\quarantine\under-review\17mov_CharacterSystem\web\photos\mp_f_freemode_01-pants_1-120.webp
9D9C196455B322F47A0076DB78945775B4EDE7F21A84F928B5FDD9A9B453A46F	C:\admirales\script_ver\script_ver\quarantine\under-review\17mov_CharacterSystem\web\photos\mp_f_freemode_01-pants_1-121.webp
6762ACC817CDA113AA4BA4A440B0B364BEE627CAA906052761DF4A7603275915	C:\admirales\script_ver\script_ver\quarantine\under-review\17mov_CharacterSystem\web\photos\mp_f_freemode_01-pants_1-122.webp
2C90A6393E5E3C3224D9FE343C383026036C1ABBFA12ED0CA8333BA7F005CC43	C:\admirales\script_ver\script_ver\quarantine\under-review\17mov_CharacterSystem\web\photos\mp_f_freemode_01-pants_1-123.webp
3AB5FCD7B67A729019E4B681BF956029678A5D53980EAF7C663FE115C4107A32	C:\admirales\script_ver\script_ver\quarantine\under-review\17mov_CharacterSystem\web\photos\mp_f_freemode_01-pants_1-124.webp
3E491C501E0F8EB30C6ADF0B652FD9F9D9589DC378788CEE56953A7F26618D29	C:\admirales\script_ver\script_ver\quarantine\under-review\17mov_CharacterSystem\web\photos\mp_f_freemode_01-pants_1-125.webp
41BCA7E580834B4BEF7F9277B29CBCFD6CA5CBAC4AE6CB0846F5D7ACB76E8D89	C:\admirales\script_ver\script_ver\quarantine\under-review\17mov_CharacterSystem\web\photos\mp_f_freemode_01-pants_1-126.webp
F152152844BCF1A4FD16F392C952012C8B0D34A3604AB6109EA77B25E744C06A	C:\admirales\script_ver\script_ver\quarantine\under-review\17mov_CharacterSystem\web\photos\mp_f_freemode_01-pants_1-127.webp
D7B1AE1C7852B00B4C2C206CC19A4CEBF9705C5346CAE882EEEA82B993C4D2C2	C:\admirales\script_ver\script_ver\quarantine\under-review\17mov_CharacterSystem\web\photos\mp_f_freemode_01-pants_1-128.webp
B0B2626001AE4A9A61D1D397827DB825049409C710B7652365965B88F11D03FE	C:\admirales\script_ver\script_ver\quarantine\under-review\17mov_CharacterSystem\web\photos\mp_f_freemode_01-pants_1-129.webp
F80AF0D27980CD0D7A3AEFCA9BACD511106D0508238CB232439EB7B00854737B	C:\admirales\script_ver\script_ver\quarantine\under-review\17mov_CharacterSystem\web\photos\mp_f_freemode_01-pants_1-13.webp
997BED341700CC0EBD89E20C3FF19B8C1E4DBEA4E81787605471EDFC9817837A	C:\admirales\script_ver\script_ver\quarantine\under-review\17mov_CharacterSystem\web\photos\mp_f_freemode_01-pants_1-130.webp
4BA04A1353DC4369B84C8BA6CCBCE705307119A4F30774059141BF5B9D0DE71C	C:\admirales\script_ver\script_ver\quarantine\under-review\17mov_CharacterSystem\web\photos\mp_f_freemode_01-pants_1-131.webp
374FFF420B9B64134D6FF80A72ED14828CAA9C3BC2D5D2EFB4D9B07E644B7208	C:\admirales\script_ver\script_ver\quarantine\under-review\17mov_CharacterSystem\web\photos\mp_f_freemode_01-pants_1-132.webp
80207547BF2FF011D90267A0DF6B1681BFB9B76969D29182FF06401F36773973	C:\admirales\script_ver\script_ver\quarantine\under-review\17mov_CharacterSystem\web\photos\mp_f_freemode_01-pants_1-133.webp
30BC026E70E5AEA20489CBD8FE7B541EC0A54FB01795924DFDFAE2D5694776BE	C:\admirales\script_ver\script_ver\quarantine\under-review\17mov_CharacterSystem\web\photos\mp_f_freemode_01-pants_1-134.webp
0E56DCD12558B0EF7E0F85C3C49FBF1851D99860B05F30A1B527C70E4A322499	C:\admirales\script_ver\script_ver\quarantine\under-review\17mov_CharacterSystem\web\photos\mp_f_freemode_01-pants_1-135.webp
FC6EBC7660F3DE1BDCC234F1E26660045263917830BA56F85A0F40FEF6460B3E	C:\admirales\script_ver\script_ver\quarantine\under-review\17mov_CharacterSystem\web\photos\mp_f_freemode_01-pants_1-136.webp
12545993635F526645369696AA1451C4FA94EB09E4CB0B9BD62A710C8804A64B	C:\admirales\script_ver\script_ver\quarantine\under-review\17mov_CharacterSystem\web\photos\mp_f_freemode_01-pants_1-137.webp
3C13202B78A2998EF82A704511770F41DDD29C509126C66A2E528CC3E5CA0096	C:\admirales\script_ver\script_ver\quarantine\under-review\17mov_CharacterSystem\web\photos\mp_f_freemode_01-pants_1-138.webp
F70A5B846FAEC18063BEA24ADAD04CB32F0287B2FF8996C18A2A69150FAB2228	C:\admirales\script_ver\script_ver\quarantine\under-review\17mov_CharacterSystem\web\photos\mp_f_freemode_01-pants_1-139.webp
C60D9673BDCD0F18A799BD84C7115EC0E3C144ADD390378A3D0CCBFD76903A66	C:\admirales\script_ver\script_ver\quarantine\under-review\17mov_CharacterSystem\web\photos\mp_f_freemode_01-pants_1-14.webp
953191853DEEE70E52C91A729034851E28136342A7A96ECFC81849AB58142D2A	C:\admirales\script_ver\script_ver\quarantine\under-review\17mov_CharacterSystem\web\photos\mp_f_freemode_01-pants_1-140.webp
C9191AB1CBBB181943FF9BF04D17067159AA8D1F16CA44979C612551096D96E7	C:\admirales\script_ver\script_ver\quarantine\under-review\17mov_CharacterSystem\web\photos\mp_f_freemode_01-pants_1-141.webp
C6FB6A7DAE4F764EF5863AA24692832349B2EDEAD098478DDE79D4EB3F72744B	C:\admirales\script_ver\script_ver\quarantine\under-review\17mov_CharacterSystem\web\photos\mp_f_freemode_01-pants_1-142.webp
2728F51363098457C8545D066C6D5AB80698B21341E4185C7BB4BBD96028D6C0	C:\admirales\script_ver\script_ver\quarantine\under-review\17mov_CharacterSystem\web\photos\mp_f_freemode_01-pants_1-143.webp
E96A6D2FE795690FBA8A93F9E4F3D0B254C6372A39136351F33292BDC3122F6C	C:\admirales\script_ver\script_ver\quarantine\under-review\17mov_CharacterSystem\web\photos\mp_f_freemode_01-pants_1-144.webp
10A822DC719EC7F73DD923929C41E3878806CAD52D9EA1BFB5AC06F565DE9D47	C:\admirales\script_ver\script_ver\quarantine\under-review\17mov_CharacterSystem\web\photos\mp_f_freemode_01-pants_1-145.webp
48DD7D0B7FE562543EA7405D1693860543C69182625E2F98F64899D5185DF873	C:\admirales\script_ver\script_ver\quarantine\under-review\17mov_CharacterSystem\web\photos\mp_f_freemode_01-pants_1-146.webp
714B2C6B62BD217A0F74EB841CE5214BD4AC209AC9023B9D3B27202350DE5818	C:\admirales\script_ver\script_ver\quarantine\under-review\17mov_CharacterSystem\web\photos\mp_f_freemode_01-pants_1-147.webp
52960C834D31D2B97105E70FBD582F84AD4CA73A614907CA1BDA41E202C38189	C:\admirales\script_ver\script_ver\quarantine\under-review\17mov_CharacterSystem\web\photos\mp_f_freemode_01-pants_1-148.webp
71F101240D0C24678425657FC49503A6B26A6151AD79BE3A08EB79C5354F4B9D	C:\admirales\script_ver\script_ver\quarantine\under-review\17mov_CharacterSystem\web\photos\mp_f_freemode_01-pants_1-149.webp
BCBCBDDE16F0EA6FF44756D61B6581E5A19A35FF007055666B01EB619B073541	C:\admirales\script_ver\script_ver\quarantine\under-review\17mov_CharacterSystem\web\photos\mp_f_freemode_01-pants_1-15.webp
A7A0F336A5163F0C9485D37339089E37A96551BD7F93C83B225656CD9EB88227	C:\admirales\script_ver\script_ver\quarantine\under-review\17mov_CharacterSystem\web\photos\mp_f_freemode_01-pants_1-150.webp
A140C1F6E2CD66DCA197E0042C7E632065AAF20279A752B044A5CBF66BBFBBB0	C:\admirales\script_ver\script_ver\quarantine\under-review\17mov_CharacterSystem\web\photos\mp_f_freemode_01-pants_1-151.webp
9AC014740DF634F61A32497548A83738F73FEB452E0A33AFDD30442CA14E9D61	C:\admirales\script_ver\script_ver\quarantine\under-review\17mov_CharacterSystem\web\photos\mp_f_freemode_01-pants_1-152.webp
4B2457C93C34822F2916794189F829309AC7B6E756DBE348D95289C2AEDD422A	C:\admirales\script_ver\script_ver\quarantine\under-review\17mov_CharacterSystem\web\photos\mp_f_freemode_01-pants_1-153.webp
6E3A46EBDD67909CBB6CD92009A111F605A2AFCBAF58ED845216666B2FAE1CC2	C:\admirales\script_ver\script_ver\quarantine\under-review\17mov_CharacterSystem\web\photos\mp_f_freemode_01-pants_1-154.webp
4CF46D191437CA190CE8D34F9A9AAE9E0844962B391BCEC45D2D94E4B1674DBB	C:\admirales\script_ver\script_ver\quarantine\under-review\17mov_CharacterSystem\web\photos\mp_f_freemode_01-pants_1-155.webp
616187D8F870D8BFBA183685EFA86DDEC8E5259FA507EF4368228F2C45E3C5AC	C:\admirales\script_ver\script_ver\quarantine\under-review\17mov_CharacterSystem\web\photos\mp_f_freemode_01-pants_1-156.webp
B0BC224959069584221970C452C0E1ECAFC5A20260780E5CC737024E55AE9868	C:\admirales\script_ver\script_ver\quarantine\under-review\17mov_CharacterSystem\web\photos\mp_f_freemode_01-pants_1-157.webp
32F16385A5F9194646DE1D464409DD2994BEA7AF5B7349F29AC02FE65C8813A6	C:\admirales\script_ver\script_ver\quarantine\under-review\17mov_CharacterSystem\web\photos\mp_f_freemode_01-pants_1-158.webp
A77D5185F7810FFE9714621C0D33EE99804AE056DC363BFE660F968167CC04AB	C:\admirales\script_ver\script_ver\quarantine\under-review\17mov_CharacterSystem\web\photos\mp_f_freemode_01-pants_1-159.webp
57774684317EBA144C34C1040A60063090C1322B73407D37D012FB07C5D031CF	C:\admirales\script_ver\script_ver\quarantine\under-review\17mov_CharacterSystem\web\photos\mp_f_freemode_01-pants_1-16.webp
DD7A19BE4C1FD4501ED2B2DD6B4A454B4030A8FEB160EE4083162D8B041B7101	C:\admirales\script_ver\script_ver\quarantine\under-review\17mov_CharacterSystem\web\photos\mp_f_freemode_01-pants_1-160.webp
D63B9D4680302BD1D42241C977843F6A5E93F5B8D494BCBB3E7BEBFA17FCF323	C:\admirales\script_ver\script_ver\quarantine\under-review\17mov_CharacterSystem\web\photos\mp_f_freemode_01-pants_1-161.webp
FE61EC2B1F69561D7BF953F7EBCB1112AD0B4F7707A0E3584125436D9ADCEB09	C:\admirales\script_ver\script_ver\quarantine\under-review\17mov_CharacterSystem\web\photos\mp_f_freemode_01-pants_1-162.webp
EC1091FB5D77E1D5ADFAE8795B7FED1E6B1B210B0C215A3B19A326D4399A2979	C:\admirales\script_ver\script_ver\quarantine\under-review\17mov_CharacterSystem\web\photos\mp_f_freemode_01-pants_1-163.webp
7563CB27AE26E9E82E8B3E1809C2FF76425C21C9B9256DEF5B4B85449C5AADFA	C:\admirales\script_ver\script_ver\quarantine\under-review\17mov_CharacterSystem\web\photos\mp_f_freemode_01-pants_1-164.webp
16D7A9F7F9E8EDB0DBE2A175CB4666617CDE3B3E5118EC0962624825B9E79284	C:\admirales\script_ver\script_ver\quarantine\under-review\17mov_CharacterSystem\web\photos\mp_f_freemode_01-pants_1-165.webp
2A495DDE48009C1626C9184BA77553370D7E196BACB19B6012EFE49617E029ED	C:\admirales\script_ver\script_ver\quarantine\under-review\17mov_CharacterSystem\web\photos\mp_f_freemode_01-pants_1-166.webp
3B38BB8E72F8D34226B0114352CEBAC89C2400BD4799B81C1583A77DE022A631	C:\admirales\script_ver\script_ver\quarantine\under-review\17mov_CharacterSystem\web\photos\mp_f_freemode_01-pants_1-167.webp
67CEAC124B79F60CF640906939884F8950240EE7C41330E06B6294D321A7EE11	C:\admirales\script_ver\script_ver\quarantine\under-review\17mov_CharacterSystem\web\photos\mp_f_freemode_01-pants_1-168.webp
282328940A566DF7867E24A4BD44CF0A698F962B6243A0EBF36F12620FFE1706	C:\admirales\script_ver\script_ver\quarantine\under-review\17mov_CharacterSystem\web\photos\mp_f_freemode_01-pants_1-169.webp
27363C7BE750FAB6CADDD53D3DAF8D88C17966FC5F909F7D128B59FCCA6EB8C6	C:\admirales\script_ver\script_ver\quarantine\under-review\17mov_CharacterSystem\web\photos\mp_f_freemode_01-pants_1-17.webp
406EDE301DF3ABE008A09468CD9718884008D53549627C4930C1221CE0F5E0BB	C:\admirales\script_ver\script_ver\quarantine\under-review\17mov_CharacterSystem\web\photos\mp_f_freemode_01-pants_1-170.webp
F80AF0D27980CD0D7A3AEFCA9BACD511106D0508238CB232439EB7B00854737B	C:\admirales\script_ver\script_ver\quarantine\under-review\17mov_CharacterSystem\web\photos\mp_f_freemode_01-pants_1-171.webp
F80AF0D27980CD0D7A3AEFCA9BACD511106D0508238CB232439EB7B00854737B	C:\admirales\script_ver\script_ver\quarantine\under-review\17mov_CharacterSystem\web\photos\mp_f_freemode_01-pants_1-172.webp
F80AF0D27980CD0D7A3AEFCA9BACD511106D0508238CB232439EB7B00854737B	C:\admirales\script_ver\script_ver\quarantine\under-review\17mov_CharacterSystem\web\photos\mp_f_freemode_01-pants_1-173.webp
F80AF0D27980CD0D7A3AEFCA9BACD511106D0508238CB232439EB7B00854737B	C:\admirales\script_ver\script_ver\quarantine\under-review\17mov_CharacterSystem\web\photos\mp_f_freemode_01-pants_1-174.webp
F80AF0D27980CD0D7A3AEFCA9BACD511106D0508238CB232439EB7B00854737B	C:\admirales\script_ver\script_ver\quarantine\under-review\17mov_CharacterSystem\web\photos\mp_f_freemode_01-pants_1-175.webp
F80AF0D27980CD0D7A3AEFCA9BACD511106D0508238CB232439EB7B00854737B	C:\admirales\script_ver\script_ver\quarantine\under-review\17mov_CharacterSystem\web\photos\mp_f_freemode_01-pants_1-176.webp
F80AF0D27980CD0D7A3AEFCA9BACD511106D0508238CB232439EB7B00854737B	C:\admirales\script_ver\script_ver\quarantine\under-review\17mov_CharacterSystem\web\photos\mp_f_freemode_01-pants_1-177.webp
F80AF0D27980CD0D7A3AEFCA9BACD511106D0508238CB232439EB7B00854737B	C:\admirales\script_ver\script_ver\quarantine\under-review\17mov_CharacterSystem\web\photos\mp_f_freemode_01-pants_1-178.webp
F80AF0D27980CD0D7A3AEFCA9BACD511106D0508238CB232439EB7B00854737B	C:\admirales\script_ver\script_ver\quarantine\under-review\17mov_CharacterSystem\web\photos\mp_f_freemode_01-pants_1-179.webp
6A132E4339D1EA4AB31DFFBF92A02A8F546208B5A4FC4943403C1B3B05B49B8B	C:\admirales\script_ver\script_ver\quarantine\under-review\17mov_CharacterSystem\web\photos\mp_f_freemode_01-pants_1-18.webp
7272FF7FB112DE9F122EC316CEBE782ADD13071A551386E41F42050802601936	C:\admirales\script_ver\script_ver\quarantine\under-review\17mov_CharacterSystem\web\photos\mp_f_freemode_01-pants_1-180.webp
F80AF0D27980CD0D7A3AEFCA9BACD511106D0508238CB232439EB7B00854737B	C:\admirales\script_ver\script_ver\quarantine\under-review\17mov_CharacterSystem\web\photos\mp_f_freemode_01-pants_1-181.webp
85445EF6DCBE9DE85DB33F1AB3DD00D24720A19067819DC6484B5C5E492DADDA	C:\admirales\script_ver\script_ver\quarantine\under-review\17mov_CharacterSystem\web\photos\mp_f_freemode_01-pants_1-182.webp
F80AF0D27980CD0D7A3AEFCA9BACD511106D0508238CB232439EB7B00854737B	C:\admirales\script_ver\script_ver\quarantine\under-review\17mov_CharacterSystem\web\photos\mp_f_freemode_01-pants_1-183.webp
FC17BACFAA803FF85A80FBE73C10340482C4293B5BD476A55FB67A0DAC1077C7	C:\admirales\script_ver\script_ver\quarantine\under-review\17mov_CharacterSystem\web\photos\mp_f_freemode_01-pants_1-184.webp
75E922B362138A764D93B909D406C670CE5449F3C7BB59642C99A073F89C1CC6	C:\admirales\script_ver\script_ver\quarantine\under-review\17mov_CharacterSystem\web\photos\mp_f_freemode_01-pants_1-185.webp
F80AF0D27980CD0D7A3AEFCA9BACD511106D0508238CB232439EB7B00854737B	C:\admirales\script_ver\script_ver\quarantine\under-review\17mov_CharacterSystem\web\photos\mp_f_freemode_01-pants_1-186.webp
57C20FEEE1FBAAD81F3AC8FC6D52204C20A3D5B431FE96F4810D5FD4746B1358	C:\admirales\script_ver\script_ver\quarantine\under-review\17mov_CharacterSystem\web\photos\mp_f_freemode_01-pants_1-187.webp
84C65D04420565EB8FD834DDA3B2F0BF22EF32CE9237D6F2983FAA85F7884974	C:\admirales\script_ver\script_ver\quarantine\under-review\17mov_CharacterSystem\web\photos\mp_f_freemode_01-pants_1-188.webp
97FA1EB9038D165AF8F72F20FF3C50266C13F6EE66025ABF5D20321280C5763D	C:\admirales\script_ver\script_ver\quarantine\under-review\17mov_CharacterSystem\web\photos\mp_f_freemode_01-pants_1-189.webp
3A4CAEF1AF07ECB3BC6F54A7874C8B8F0B97CAD5F8BA60B96A58E8AFCC74482B	C:\admirales\script_ver\script_ver\quarantine\under-review\17mov_CharacterSystem\web\photos\mp_f_freemode_01-pants_1-19.webp
ADB230BAA5E0FD286B060C2CCB77D4E1D3A1C01A1E8B4F274C79D27EE36B3718	C:\admirales\script_ver\script_ver\quarantine\under-review\17mov_CharacterSystem\web\photos\mp_f_freemode_01-pants_1-190.webp
51B50798E270D6B31083C22162393C56F2BF49AEC15CF26CF19D6E402E412434	C:\admirales\script_ver\script_ver\quarantine\under-review\17mov_CharacterSystem\web\photos\mp_f_freemode_01-pants_1-191.webp
9286D4F7DE7C92B8E232DDC35407FC4F8606ED1304F765C69D6620A59D7A307D	C:\admirales\script_ver\script_ver\quarantine\under-review\17mov_CharacterSystem\web\photos\mp_f_freemode_01-pants_1-192.webp
770B8060B4C397D83B08FBD458BDA176315AC7D756BB9E1ED3BA791359D01196	C:\admirales\script_ver\script_ver\quarantine\under-review\17mov_CharacterSystem\web\photos\mp_f_freemode_01-pants_1-193.webp
D5CA6103E75C74C0FF6D7598016E1A6748DFD51E0DDDA6BF5397D0F7E5F2E922	C:\admirales\script_ver\script_ver\quarantine\under-review\17mov_CharacterSystem\web\photos\mp_f_freemode_01-pants_1-194.webp
F80AF0D27980CD0D7A3AEFCA9BACD511106D0508238CB232439EB7B00854737B	C:\admirales\script_ver\script_ver\quarantine\under-review\17mov_CharacterSystem\web\photos\mp_f_freemode_01-pants_1-195.webp
F80AF0D27980CD0D7A3AEFCA9BACD511106D0508238CB232439EB7B00854737B	C:\admirales\script_ver\script_ver\quarantine\under-review\17mov_CharacterSystem\web\photos\mp_f_freemode_01-pants_1-196.webp
F80AF0D27980CD0D7A3AEFCA9BACD511106D0508238CB232439EB7B00854737B	C:\admirales\script_ver\script_ver\quarantine\under-review\17mov_CharacterSystem\web\photos\mp_f_freemode_01-pants_1-197.webp
F80AF0D27980CD0D7A3AEFCA9BACD511106D0508238CB232439EB7B00854737B	C:\admirales\script_ver\script_ver\quarantine\under-review\17mov_CharacterSystem\web\photos\mp_f_freemode_01-pants_1-198.webp
F80AF0D27980CD0D7A3AEFCA9BACD511106D0508238CB232439EB7B00854737B	C:\admirales\script_ver\script_ver\quarantine\under-review\17mov_CharacterSystem\web\photos\mp_f_freemode_01-pants_1-199.webp
ED61361F22F43FC7D8800C07DF3C40891D0F030D2ECB0558FFF81B1B4B5463A4	C:\admirales\script_ver\script_ver\quarantine\under-review\17mov_CharacterSystem\web\photos\mp_f_freemode_01-pants_1-2.webp
2DCBA58BE514969E3A9174B160D26E7941C49C6148EBE4D20FD70659096EE687	C:\admirales\script_ver\script_ver\quarantine\under-review\17mov_CharacterSystem\web\photos\mp_f_freemode_01-pants_1-20.webp
F80AF0D27980CD0D7A3AEFCA9BACD511106D0508238CB232439EB7B00854737B	C:\admirales\script_ver\script_ver\quarantine\under-review\17mov_CharacterSystem\web\photos\mp_f_freemode_01-pants_1-200.webp
F80AF0D27980CD0D7A3AEFCA9BACD511106D0508238CB232439EB7B00854737B	C:\admirales\script_ver\script_ver\quarantine\under-review\17mov_CharacterSystem\web\photos\mp_f_freemode_01-pants_1-201.webp
44FD6CB62A4878B9D6C32BA4054C6CDD239EA13A5055809E1CCEF4E92136FBED	C:\admirales\script_ver\script_ver\quarantine\under-review\17mov_CharacterSystem\web\photos\mp_f_freemode_01-pants_1-202.webp
7C0F68A0C95F7C513B72683E113E6C486F1042FC8D0C84661F05523F3C34408C	C:\admirales\script_ver\script_ver\quarantine\under-review\17mov_CharacterSystem\web\photos\mp_f_freemode_01-pants_1-203.webp
F80AF0D27980CD0D7A3AEFCA9BACD511106D0508238CB232439EB7B00854737B	C:\admirales\script_ver\script_ver\quarantine\under-review\17mov_CharacterSystem\web\photos\mp_f_freemode_01-pants_1-204.webp
0FB715E1FF0A581CC1F9199DB89E0C14BDF66264ADB126AE20851D620C44783F	C:\admirales\script_ver\script_ver\quarantine\under-review\17mov_CharacterSystem\web\photos\mp_f_freemode_01-pants_1-205.webp
935440C16114BBA2D942AD368D90FF3E9BAE52A9909E835F83DA976043EC9DF7	C:\admirales\script_ver\script_ver\quarantine\under-review\17mov_CharacterSystem\web\photos\mp_f_freemode_01-pants_1-206.webp
F80AF0D27980CD0D7A3AEFCA9BACD511106D0508238CB232439EB7B00854737B	C:\admirales\script_ver\script_ver\quarantine\under-review\17mov_CharacterSystem\web\photos\mp_f_freemode_01-pants_1-207.webp
267F873AD094B075B9F15C45AB68A72BC92C2F076B2092C1B3815E654FDDB2F5	C:\admirales\script_ver\script_ver\quarantine\under-review\17mov_CharacterSystem\web\photos\mp_f_freemode_01-pants_1-21.webp
0FFD850FF5D171408D6445ED5B4B11D039F8E23D1DE480947B11A57F40ED5DF6	C:\admirales\script_ver\script_ver\quarantine\under-review\17mov_CharacterSystem\web\photos\mp_f_freemode_01-pants_1-22.webp
F2A00F5B3D34996D17D6347AA27112E22E9AF19C6B138F04CE0AFC66A11F8E46	C:\admirales\script_ver\script_ver\quarantine\under-review\17mov_CharacterSystem\web\photos\mp_f_freemode_01-pants_1-23.webp
91BC32BA3EF91953FC88EB436FDCBE9783ADF67FD11F0DD401BCAAA45BD05A16	C:\admirales\script_ver\script_ver\quarantine\under-review\17mov_CharacterSystem\web\photos\mp_f_freemode_01-pants_1-24.webp
720E82A6E17938D72019D779A7B47D4DC32F36034771B5BF04F3C9D9D775B468	C:\admirales\script_ver\script_ver\quarantine\under-review\17mov_CharacterSystem\web\photos\mp_f_freemode_01-pants_1-25.webp
1F6D2D4DBA40BAA05C95A9E71965971F77096326972236128EB452BB42B52763	C:\admirales\script_ver\script_ver\quarantine\under-review\17mov_CharacterSystem\web\photos\mp_f_freemode_01-pants_1-26.webp
DE45664B2ABAB28DE9D423A75A1C86BDA8BF5271A1A1A762914A3BA7E3AA8617	C:\admirales\script_ver\script_ver\quarantine\under-review\17mov_CharacterSystem\web\photos\mp_f_freemode_01-pants_1-27.webp
BEB0235B4A5F1AC89FB5DBE10FDF8A5C50940CFACB8D4F709EF761A498B61660	C:\admirales\script_ver\script_ver\quarantine\under-review\17mov_CharacterSystem\web\photos\mp_f_freemode_01-pants_1-28.webp
ED3EEBA0C7930B31763574DEBB7FD0623441C6238C2C5A42B1C0C4A71574F03D	C:\admirales\script_ver\script_ver\quarantine\under-review\17mov_CharacterSystem\web\photos\mp_f_freemode_01-pants_1-29.webp
F498ABE8DF5DA14E33D2C650BFAB508E718616D688630A98E5A6AED41CD16B28	C:\admirales\script_ver\script_ver\quarantine\under-review\17mov_CharacterSystem\web\photos\mp_f_freemode_01-pants_1-3.webp
F21BA82CF39F7C10223610CCE0F435471B9F931242B00130695934C4C89EBA3C	C:\admirales\script_ver\script_ver\quarantine\under-review\17mov_CharacterSystem\web\photos\mp_f_freemode_01-pants_1-30.webp
E9BE6AB7EBB3D9D8AA602A746513EACEF370E5A2363B2E93871EE8EC2ACA7823	C:\admirales\script_ver\script_ver\quarantine\under-review\17mov_CharacterSystem\web\photos\mp_f_freemode_01-pants_1-31.webp
618040A271A7F0A089D0CE03D39D63B7317D239E4F915D2222106D2123226228	C:\admirales\script_ver\script_ver\quarantine\under-review\17mov_CharacterSystem\web\photos\mp_f_freemode_01-pants_1-32.webp
15AB72534C1B76823EF7E5B4D3DB7480ADFDE5A92E50154F66E9030E7C1551F4	C:\admirales\script_ver\script_ver\quarantine\under-review\17mov_CharacterSystem\web\photos\mp_f_freemode_01-pants_1-33.webp
A0701BA827166E706D21F93F0B84213EEB7CFE1B2098BA74541B34B89CD17799	C:\admirales\script_ver\script_ver\quarantine\under-review\17mov_CharacterSystem\web\photos\mp_f_freemode_01-pants_1-34.webp
71CBBA1A6772973AFF1269843FEC6DAF1A2483CCD9C7B2831210E46CC4762FF3	C:\admirales\script_ver\script_ver\quarantine\under-review\17mov_CharacterSystem\web\photos\mp_f_freemode_01-pants_1-35.webp
367E872E864BE48F1562ED773DDAA889DE3E3864E85481D2C8C2B60006EF189B	C:\admirales\script_ver\script_ver\quarantine\under-review\17mov_CharacterSystem\web\photos\mp_f_freemode_01-pants_1-36.webp
3D8B54E682C679D476ABF514F40742F9977447930098303AA7B1A7E0659B4C47	C:\admirales\script_ver\script_ver\quarantine\under-review\17mov_CharacterSystem\web\photos\mp_f_freemode_01-pants_1-37.webp
88D38BDF6D8F7037B6441DC37BB8FF441EAB3621B8D39C13E26D44C68F3866F9	C:\admirales\script_ver\script_ver\quarantine\under-review\17mov_CharacterSystem\web\photos\mp_f_freemode_01-pants_1-38.webp
B754485075669E98B27369846C6A99A185EB3B1BCD39C890EDAEF0513819B3EC	C:\admirales\script_ver\script_ver\quarantine\under-review\17mov_CharacterSystem\web\photos\mp_f_freemode_01-pants_1-39.webp
D16250B5EE2CC81F0D020663068B822177B62E049FB5998A05E03DD2E8F70697	C:\admirales\script_ver\script_ver\quarantine\under-review\17mov_CharacterSystem\web\photos\mp_f_freemode_01-pants_1-4.webp
0BF41087B024A7356A889DED1BA3E7116B39AAC388CBE250D9F46516DEFBF937	C:\admirales\script_ver\script_ver\quarantine\under-review\17mov_CharacterSystem\web\photos\mp_f_freemode_01-pants_1-40.webp
75768FA39B4780B4F91018668D597AFADDFB35EDA395D84934ABB03AAA68282A	C:\admirales\script_ver\script_ver\quarantine\under-review\17mov_CharacterSystem\web\photos\mp_f_freemode_01-pants_1-41.webp
2F4CC2D23C8C9EF7CFE3ABF69231B2F6E5A05D258D76F57554A670358EA98A68	C:\admirales\script_ver\script_ver\quarantine\under-review\17mov_CharacterSystem\web\photos\mp_f_freemode_01-pants_1-42.webp
40FC85AF19D6B6AAB3DABD50366C9A16FA15B572D8B30750645F4D61A4D74E27	C:\admirales\script_ver\script_ver\quarantine\under-review\17mov_CharacterSystem\web\photos\mp_f_freemode_01-pants_1-43.webp
1CD64FE906526BFA42A1749D31B9FA168A624F6C7D7AC335EAF6DCCF2C08C780	C:\admirales\script_ver\script_ver\quarantine\under-review\17mov_CharacterSystem\web\photos\mp_f_freemode_01-pants_1-44.webp
4E527CC29E8DE126C614C048E3DEA2C8DDCEC4625CA9231621771CE0CA5FC6DF	C:\admirales\script_ver\script_ver\quarantine\under-review\17mov_CharacterSystem\web\photos\mp_f_freemode_01-pants_1-45.webp
79658AA8679B7DE6EEEFE2CC3A1FCDFFAE8741F83BC8F56556AEA6F0B7E05013	C:\admirales\script_ver\script_ver\quarantine\under-review\17mov_CharacterSystem\web\photos\mp_f_freemode_01-pants_1-46.webp
031F91F43310E23537912AABD7EBBA5FB4773175863936D3A6BCB432B7AFCFB6	C:\admirales\script_ver\script_ver\quarantine\under-review\17mov_CharacterSystem\web\photos\mp_f_freemode_01-pants_1-47.webp
97F174501E5E9239922C266691FF3B83A3815FE26026F7A243A4DD0E29600219	C:\admirales\script_ver\script_ver\quarantine\under-review\17mov_CharacterSystem\web\photos\mp_f_freemode_01-pants_1-48.webp
0E54C32F7B7E80215F6D1D83EDA63C4D1D255E4BE0E755D56D52825FB3C4F713	C:\admirales\script_ver\script_ver\quarantine\under-review\17mov_CharacterSystem\web\photos\mp_f_freemode_01-pants_1-49.webp
5C88BEBD432895F7421D99D49992608E257694808B11D24D717BC3DEC47CD065	C:\admirales\script_ver\script_ver\quarantine\under-review\17mov_CharacterSystem\web\photos\mp_f_freemode_01-pants_1-5.webp
4D0AFAC1EC4D346BD7FEA3047577D271F25EED28BAA43B2C4628547A1ACC3A13	C:\admirales\script_ver\script_ver\quarantine\under-review\17mov_CharacterSystem\web\photos\mp_f_freemode_01-pants_1-50.webp
88141FCC6E2DA19463CC03DC1D472CBC0D18DF0DBEB9C4023094F029E28ABF4D	C:\admirales\script_ver\script_ver\quarantine\under-review\17mov_CharacterSystem\web\photos\mp_f_freemode_01-pants_1-51.webp
DB0B9514B54BAE182B55CEE32DC9BFE52005E42AED55C1D5E447A5657DB8F7EE	C:\admirales\script_ver\script_ver\quarantine\under-review\17mov_CharacterSystem\web\photos\mp_f_freemode_01-pants_1-52.webp
94BA7219A2DAE83443DA494FD86BC591E72261DBE872BD1A49D4EAD5536F5C15	C:\admirales\script_ver\script_ver\quarantine\under-review\17mov_CharacterSystem\web\photos\mp_f_freemode_01-pants_1-53.webp
0A069188F58201997919CACC28C56EF7304808B5F10E6E4A9BC6A21C74E6EE3F	C:\admirales\script_ver\script_ver\quarantine\under-review\17mov_CharacterSystem\web\photos\mp_f_freemode_01-pants_1-54.webp
953B67042A628FEA58375037886D4CEBF786F816B868156167EB7B3D3465C477	C:\admirales\script_ver\script_ver\quarantine\under-review\17mov_CharacterSystem\web\photos\mp_f_freemode_01-pants_1-55.webp
1923D5498B83E55E142C2A50E85BE771A857594098E200A443D31BF26741F919	C:\admirales\script_ver\script_ver\quarantine\under-review\17mov_CharacterSystem\web\photos\mp_f_freemode_01-pants_1-56.webp
C5C9ADD2C3292C865F946D65225BB2AAE85ADC9E50D69FBA27A4F485301C5A55	C:\admirales\script_ver\script_ver\quarantine\under-review\17mov_CharacterSystem\web\photos\mp_f_freemode_01-pants_1-57.webp
4948DA4442FFDD34B3A6941195A8EAF31985CE437A20C46096E8170965189683	C:\admirales\script_ver\script_ver\quarantine\under-review\17mov_CharacterSystem\web\photos\mp_f_freemode_01-pants_1-58.webp
48EF74E018E731EA73806FE2C0601833E3C3C25735255F08EC391923DAE9036E	C:\admirales\script_ver\script_ver\quarantine\under-review\17mov_CharacterSystem\web\photos\mp_f_freemode_01-pants_1-59.webp
9BF26CE230F9DA81C87279E8EAF743D077F467D3568B580CE5EBC52E875AE6B9	C:\admirales\script_ver\script_ver\quarantine\under-review\17mov_CharacterSystem\web\photos\mp_f_freemode_01-pants_1-6.webp
0182AB9E8B5DB4A93B0812D7F7638046F032E3795152D254B5C08A6887CBFF99	C:\admirales\script_ver\script_ver\quarantine\under-review\17mov_CharacterSystem\web\photos\mp_f_freemode_01-pants_1-60.webp
AD5BB0DB0BBF41795C1931489BCBEAAC20925B3537FA68442EE03705A47D9E13	C:\admirales\script_ver\script_ver\quarantine\under-review\17mov_CharacterSystem\web\photos\mp_f_freemode_01-pants_1-61.webp
76F6AC960F008239F6889EC207FB792579E3084C423206FA99E8F133BF179130	C:\admirales\script_ver\script_ver\quarantine\under-review\17mov_CharacterSystem\web\photos\mp_f_freemode_01-pants_1-62.webp
88FDA9353FA3879D7F129FC9D2088174969094CDF280E12D46A7232F5960379B	C:\admirales\script_ver\script_ver\quarantine\under-review\17mov_CharacterSystem\web\photos\mp_f_freemode_01-pants_1-63.webp
86142C4C668CAE45A72FFE2441491F81E119F9A90C72261EB2B848666D49B667	C:\admirales\script_ver\script_ver\quarantine\under-review\17mov_CharacterSystem\web\photos\mp_f_freemode_01-pants_1-64.webp
440FD09806F98C8FCC278D1C0C8E61CE4AD791C7C26AFE3A286B31C936B9E18D	C:\admirales\script_ver\script_ver\quarantine\under-review\17mov_CharacterSystem\web\photos\mp_f_freemode_01-pants_1-65.webp
E45772D0092E2F8B33307B50FDC43D5BEF746749F526A5A65FF656CA5827AD34	C:\admirales\script_ver\script_ver\quarantine\under-review\17mov_CharacterSystem\web\photos\mp_f_freemode_01-pants_1-66.webp
8485EA3478BF4EFDBF9EE115F0114C27CFE9A04FA34B9E8C1FC64E8CF62A16F0	C:\admirales\script_ver\script_ver\quarantine\under-review\17mov_CharacterSystem\web\photos\mp_f_freemode_01-pants_1-67.webp
8EC42E1685D1751564F987C429B60F4F59E5AB2FC96E65F91932BE4DBAEB601A	C:\admirales\script_ver\script_ver\quarantine\under-review\17mov_CharacterSystem\web\photos\mp_f_freemode_01-pants_1-68.webp
A9D1CB7BBF338BF58AD43A5D6869C3B6775B4C639167CD9C2C28DB174F0AC960	C:\admirales\script_ver\script_ver\quarantine\under-review\17mov_CharacterSystem\web\photos\mp_f_freemode_01-pants_1-69.webp
1D3EA8C4AE0B70BCEA788BDDFB049994120303A32CB2A003034595897BFFC48C	C:\admirales\script_ver\script_ver\quarantine\under-review\17mov_CharacterSystem\web\photos\mp_f_freemode_01-pants_1-7.webp
C347EDDDA737794973CA24A4A4FF8A1FEFA12873640F7CC58AD23360736B9FD2	C:\admirales\script_ver\script_ver\quarantine\under-review\17mov_CharacterSystem\web\photos\mp_f_freemode_01-pants_1-70.webp
E6EA57655291D8C8E55439B10AF9820D3818A7BE2FA7C1C9724F61F98E3CB21F	C:\admirales\script_ver\script_ver\quarantine\under-review\17mov_CharacterSystem\web\photos\mp_f_freemode_01-pants_1-71.webp
98E76129E0A02E4F98E09E865993F2BF96F83C37B9D12D69E7CB181E70C7354B	C:\admirales\script_ver\script_ver\quarantine\under-review\17mov_CharacterSystem\web\photos\mp_f_freemode_01-pants_1-72.webp
EB3E2598EC2A0FBFF090B3FCAAAC5DF07411D89EFBEBBB99D42B740A3B11ABD0	C:\admirales\script_ver\script_ver\quarantine\under-review\17mov_CharacterSystem\web\photos\mp_f_freemode_01-pants_1-73.webp
48FD03869953AE859494D447E89026B8309D2D2E2177680F1B678ABD53FC34BD	C:\admirales\script_ver\script_ver\quarantine\under-review\17mov_CharacterSystem\web\photos\mp_f_freemode_01-pants_1-74.webp
57DA8E06E7185F6F7C413625FCADEF23DA8A6C56F972175BDCEF4F2940596930	C:\admirales\script_ver\script_ver\quarantine\under-review\17mov_CharacterSystem\web\photos\mp_f_freemode_01-pants_1-75.webp
028AA5E6E17341EE3ACE79FC0E8434F963CA6FF5F0D45E2F5E91FAEA8202C7EE	C:\admirales\script_ver\script_ver\quarantine\under-review\17mov_CharacterSystem\web\photos\mp_f_freemode_01-pants_1-76.webp
4ACF2E5887BADDD8F7735A6F3F4A451F07B53414F53DE9A4AFD2C7771A20547F	C:\admirales\script_ver\script_ver\quarantine\under-review\17mov_CharacterSystem\web\photos\mp_f_freemode_01-pants_1-77.webp
40A9C904994D0AF02F7FC063F0F48796E19080B6B0F8324E5CF1CD2E3465ADF4	C:\admirales\script_ver\script_ver\quarantine\under-review\17mov_CharacterSystem\web\photos\mp_f_freemode_01-pants_1-78.webp
02B7B33E92E44D18B4B90536414002A537543AF3C2DC6A58701050D5B60F385D	C:\admirales\script_ver\script_ver\quarantine\under-review\17mov_CharacterSystem\web\photos\mp_f_freemode_01-pants_1-79.webp
332DCFD4ED881E17F7E52CF7368CBF82CCE9AF471868566D180710D9F5B49640	C:\admirales\script_ver\script_ver\quarantine\under-review\17mov_CharacterSystem\web\photos\mp_f_freemode_01-pants_1-8.webp
FFD99404F47A0CC7ADCDF0B74D415C913E4D3DABC4518748A233B251F8ED50F3	C:\admirales\script_ver\script_ver\quarantine\under-review\17mov_CharacterSystem\web\photos\mp_f_freemode_01-pants_1-80.webp
E1BBE966D487E7E3FC8489697E7EDE0C7A965EAA198B0B29284BE81826D8494C	C:\admirales\script_ver\script_ver\quarantine\under-review\17mov_CharacterSystem\web\photos\mp_f_freemode_01-pants_1-81.webp
674A9C1656F9188D994F5B7D9AD5DFE8D4F0980AEB8D63E4D3B63B7800BCBA97	C:\admirales\script_ver\script_ver\quarantine\under-review\17mov_CharacterSystem\web\photos\mp_f_freemode_01-pants_1-82.webp
E6533819FCE89F97907A791D6F05A9F042610555ACAB492F74ECFFC3BB2DC7B0	C:\admirales\script_ver\script_ver\quarantine\under-review\17mov_CharacterSystem\web\photos\mp_f_freemode_01-pants_1-83.webp
AE5DD33EE2B2F7C041CAED8FBADBA36B22F06EC219F25ABB7BC9D1A7D83E52B1	C:\admirales\script_ver\script_ver\quarantine\under-review\17mov_CharacterSystem\web\photos\mp_f_freemode_01-pants_1-84.webp
B06CCF99FA161F9422AD9D8C31FE3B72695DBE2B58E12D9843E365E9E4D821BE	C:\admirales\script_ver\script_ver\quarantine\under-review\17mov_CharacterSystem\web\photos\mp_f_freemode_01-pants_1-85.webp
9737D939E4D42104C95923965F49F16B97D458925FCF1F420F2B746E961FCF9C	C:\admirales\script_ver\script_ver\quarantine\under-review\17mov_CharacterSystem\web\photos\mp_f_freemode_01-pants_1-86.webp
4D058811A0FAB759B497C26CEA9D4B7C3026DD15DCA6FD4F2C6B540310BB9CC2	C:\admirales\script_ver\script_ver\quarantine\under-review\17mov_CharacterSystem\web\photos\mp_f_freemode_01-pants_1-87.webp
1642393E0C530BC2E5BC216CAD6FAB865CC5FA69B147EBB9CB8ED2F746857A75	C:\admirales\script_ver\script_ver\quarantine\under-review\17mov_CharacterSystem\web\photos\mp_f_freemode_01-pants_1-88.webp
65105EC228911D248FA17D6C7971F67729D47CBDC78F2498F3F5D16564C69CDF	C:\admirales\script_ver\script_ver\quarantine\under-review\17mov_CharacterSystem\web\photos\mp_f_freemode_01-pants_1-89.webp
3783E1EFD39E3D1F2F9AB0EF1700A4176D029D116F7035FD5CECC17DC1F6B2D0	C:\admirales\script_ver\script_ver\quarantine\under-review\17mov_CharacterSystem\web\photos\mp_f_freemode_01-pants_1-9.webp
5E54DBED321785C94DF993C9CBF7748A623E726F5797C89BDFD56C520A6B86DE	C:\admirales\script_ver\script_ver\quarantine\under-review\17mov_CharacterSystem\web\photos\mp_f_freemode_01-pants_1-90.webp
2E4E730E75550EACD2074C443890766968A497D52F6C091356BB66B105FD9281	C:\admirales\script_ver\script_ver\quarantine\under-review\17mov_CharacterSystem\web\photos\mp_f_freemode_01-pants_1-91.webp
1DE3320B104D59B3DCAA014F8B3D1EB6C77C5DACD1C00B370F1ADCD263342810	C:\admirales\script_ver\script_ver\quarantine\under-review\17mov_CharacterSystem\web\photos\mp_f_freemode_01-pants_1-92.webp
DC2C9811E095A3E7AEFEC1F2E9E0CCB16CEC44B4557D1FE8F64FD80D8436B8F0	C:\admirales\script_ver\script_ver\quarantine\under-review\17mov_CharacterSystem\web\photos\mp_f_freemode_01-pants_1-93.webp
9D29A6EBBF5F9BE1679E47885158737DEED6C0784D81B3EA58BEB4067C19E11E	C:\admirales\script_ver\script_ver\quarantine\under-review\17mov_CharacterSystem\web\photos\mp_f_freemode_01-pants_1-94.webp
265CCCCB62F4399F9F31B3CBECAB7F5A4212E9A740E10FC52AC21B106DDDA0DA	C:\admirales\script_ver\script_ver\quarantine\under-review\17mov_CharacterSystem\web\photos\mp_f_freemode_01-pants_1-95.webp
74C5A97ADA1F6E55FD9551A5EBC1C8F019B30C6909E598AEDE2D03919EAA07C7	C:\admirales\script_ver\script_ver\quarantine\under-review\17mov_CharacterSystem\web\photos\mp_f_freemode_01-pants_1-96.webp
84CF9D6DB63A9788E00750FE42C57B9C60315FD7B02A78C9AF4A4E21BE201D2F	C:\admirales\script_ver\script_ver\quarantine\under-review\17mov_CharacterSystem\web\photos\mp_f_freemode_01-pants_1-97.webp
336CB13C90298A22838F66E2ADC43F412E7F3815CFA5086846F6F8354A7954AF	C:\admirales\script_ver\script_ver\quarantine\under-review\17mov_CharacterSystem\web\photos\mp_f_freemode_01-pants_1-98.webp
5DF277C796FB573959EA3711DA220625126FA05279602367710BA3E49B7CB889	C:\admirales\script_ver\script_ver\quarantine\under-review\17mov_CharacterSystem\web\photos\mp_f_freemode_01-pants_1-99.webp
8A104BB54173BC0CAC31313581651C677EBFADABCC86996126160C4EAF4ADAB5	C:\admirales\script_ver\script_ver\quarantine\under-review\17mov_CharacterSystem\web\photos\mp_f_freemode_01-shoes_1-0.webp
3D569F2E510BC27516E1DAFA32221ACE156A3255E3F28EEB9DD6FF2450954FF2	C:\admirales\script_ver\script_ver\quarantine\under-review\17mov_CharacterSystem\web\photos\mp_f_freemode_01-shoes_1-1.webp
BA53D661E8D0E2A2B1C1AC36E3E69873DCF144686284BBE2C03927B9A854863F	C:\admirales\script_ver\script_ver\quarantine\under-review\17mov_CharacterSystem\web\photos\mp_f_freemode_01-shoes_1-10.webp
C63498CBD6FC232A4052C3A4A639117619ABC293FF09BF71DE8B877A7C721068	C:\admirales\script_ver\script_ver\quarantine\under-review\17mov_CharacterSystem\web\photos\mp_f_freemode_01-shoes_1-100.webp
4C3465DA9EC4724CF86A73AD9751FF1786747CDD9C4819354C8680064516AA83	C:\admirales\script_ver\script_ver\quarantine\under-review\17mov_CharacterSystem\web\photos\mp_f_freemode_01-shoes_1-101.webp
A94E703FF7DA7F11F824AB1E4115BC2DB7256D8FEA149681BE13BA69499AD769	C:\admirales\script_ver\script_ver\quarantine\under-review\17mov_CharacterSystem\web\photos\mp_f_freemode_01-shoes_1-102.webp
F14260984DEA49637DC08EAB4DD5791C7FBD135F8B97DB3AF81D91E187E72A67	C:\admirales\script_ver\script_ver\quarantine\under-review\17mov_CharacterSystem\web\photos\mp_f_freemode_01-shoes_1-103.webp
B1F16F2894FF37050DA20DE26D6C48C5C0F86A971AF51D9658DC8F01A55949F8	C:\admirales\script_ver\script_ver\quarantine\under-review\17mov_CharacterSystem\web\photos\mp_f_freemode_01-shoes_1-104.webp
43EACEEDA1A41D11A4BF1722CAD01540CFE34C239C8C28FDA0539B34363A4D40	C:\admirales\script_ver\script_ver\quarantine\under-review\17mov_CharacterSystem\web\photos\mp_f_freemode_01-shoes_1-105.webp
1B35BBE973124EFEB3D5FBF48F0675DCCF93886B749376B998416897E9161D91	C:\admirales\script_ver\script_ver\quarantine\under-review\17mov_CharacterSystem\web\photos\mp_f_freemode_01-shoes_1-106.webp
75B1A921FD9A1C97502A4DD8B580995BD0B063D89B3FBE4FAB12D804B75E7902	C:\admirales\script_ver\script_ver\quarantine\under-review\17mov_CharacterSystem\web\photos\mp_f_freemode_01-shoes_1-107.webp
6A8AD84F0E474997E5EAFCCA8725B52710CE5C288C9EC08887772D975F3328E8	C:\admirales\script_ver\script_ver\quarantine\under-review\17mov_CharacterSystem\web\photos\mp_f_freemode_01-shoes_1-108.webp
6FB147892D16B052AFC94FB949304D750F19B3685315932F9DE559252EA56416	C:\admirales\script_ver\script_ver\quarantine\under-review\17mov_CharacterSystem\web\photos\mp_f_freemode_01-shoes_1-109.webp
F336899521C0D0758F70A9D719DFC4C2A4BEF2FE2734C6BAF89AF70FD3AF3DAE	C:\admirales\script_ver\script_ver\quarantine\under-review\17mov_CharacterSystem\web\photos\mp_f_freemode_01-shoes_1-11.webp
BED7D765B8B5E995D4FB7C5129547515D94AA3ABF6DD0B9C193FD2334F9EB325	C:\admirales\script_ver\script_ver\quarantine\under-review\17mov_CharacterSystem\web\photos\mp_f_freemode_01-shoes_1-110.webp
7A771B4237A161CA2A9593D654CE3C50F0487614284E2C9646D29ECF6F7C4675	C:\admirales\script_ver\script_ver\quarantine\under-review\17mov_CharacterSystem\web\photos\mp_f_freemode_01-shoes_1-111.webp
AC60408A1B64A3A39F1378BE54368435C7FA39E1FCFE56B5E19CCFA69D5A1457	C:\admirales\script_ver\script_ver\quarantine\under-review\17mov_CharacterSystem\web\photos\mp_f_freemode_01-shoes_1-112.webp
4A9AA91523F263CDFEBC694BCAC21E2A74809CA98F56709318319FDE5FF0E3E3	C:\admirales\script_ver\script_ver\quarantine\under-review\17mov_CharacterSystem\web\photos\mp_f_freemode_01-shoes_1-113.webp
F546B208A7F3CBB200D0355D5E7153D511792A0577687264475FA62F5F9E0D1D	C:\admirales\script_ver\script_ver\quarantine\under-review\17mov_CharacterSystem\web\photos\mp_f_freemode_01-shoes_1-114.webp
13F718BC8B7917187773504E6703F9381EDA5DC0F5C1B62E503513F6488D2DB3	C:\admirales\script_ver\script_ver\quarantine\under-review\17mov_CharacterSystem\web\photos\mp_f_freemode_01-shoes_1-115.webp
1BA58156C8D44817E58AE97E7D77F3A033E08125FE58947D6EC2C939931FEE60	C:\admirales\script_ver\script_ver\quarantine\under-review\17mov_CharacterSystem\web\photos\mp_f_freemode_01-shoes_1-116.webp
3F71991D6BA6A990B0E584603D83D9420B2EBD796447698E209C6938EB18A999	C:\admirales\script_ver\script_ver\quarantine\under-review\17mov_CharacterSystem\web\photos\mp_f_freemode_01-shoes_1-117.webp
E6EAD3DAFB0BB336F11A1FE34ACA437530834F7E2F56A41C8B22AD62E5AABC4C	C:\admirales\script_ver\script_ver\quarantine\under-review\17mov_CharacterSystem\web\photos\mp_f_freemode_01-shoes_1-118.webp
8ED62A1B36905BF27E2FE76BF99E388083B6213F9287D286CB9DC14E317687A8	C:\admirales\script_ver\script_ver\quarantine\under-review\17mov_CharacterSystem\web\photos\mp_f_freemode_01-shoes_1-119.webp
F80AF0D27980CD0D7A3AEFCA9BACD511106D0508238CB232439EB7B00854737B	C:\admirales\script_ver\script_ver\quarantine\under-review\17mov_CharacterSystem\web\photos\mp_f_freemode_01-shoes_1-12.webp
FF2240AD37673A8ACB4257BDC43A7C8B293AB6FDA28A4733B4A767CD79CE1811	C:\admirales\script_ver\script_ver\quarantine\under-review\17mov_CharacterSystem\web\photos\mp_f_freemode_01-shoes_1-120.webp
8DFFE0824E93DB2E87049824D665C980A39496C0E5ABAA2A0573016E95A3FE45	C:\admirales\script_ver\script_ver\quarantine\under-review\17mov_CharacterSystem\web\photos\mp_f_freemode_01-shoes_1-121.webp
CA95E195FB04CFA04E59C3006DF525165C2874C9BCC4CB63A19F7F4DA186F7D9	C:\admirales\script_ver\script_ver\quarantine\under-review\17mov_CharacterSystem\web\photos\mp_f_freemode_01-shoes_1-122.webp
27466644D114A349E93CCB00B9C431C7DB3891C2F421AC488E7177B3BA0D0A06	C:\admirales\script_ver\script_ver\quarantine\under-review\17mov_CharacterSystem\web\photos\mp_f_freemode_01-shoes_1-123.webp
C40756B3BD07C0E2F18C8C4B17907705FE9BCBD29A4EC2C4A933955F436DC73F	C:\admirales\script_ver\script_ver\quarantine\under-review\17mov_CharacterSystem\web\photos\mp_f_freemode_01-shoes_1-124.webp
DAB5415167727DED1F06176C7A75029B1897784BCEE1550B41609BCA8E10E01D	C:\admirales\script_ver\script_ver\quarantine\under-review\17mov_CharacterSystem\web\photos\mp_f_freemode_01-shoes_1-125.webp
9CAADDA6121556505905FA60C392786F3D12CFF4197E3040158E605310D1CA2D	C:\admirales\script_ver\script_ver\quarantine\under-review\17mov_CharacterSystem\web\photos\mp_f_freemode_01-shoes_1-126.webp
8796549EA74965303921F9B4F0B35642CD7061FFC3896C906BDB177C4B7DC93C	C:\admirales\script_ver\script_ver\quarantine\under-review\17mov_CharacterSystem\web\photos\mp_f_freemode_01-shoes_1-127.webp
D76BD5264EB89C661EE93D77C3059501D7636B16586C21DD0A0D5576DBFA6CA0	C:\admirales\script_ver\script_ver\quarantine\under-review\17mov_CharacterSystem\web\photos\mp_f_freemode_01-shoes_1-128.webp
9EA5DC0CF766A98B6050F587F4B068FC356055182B48FDBA2777EF171073EA27	C:\admirales\script_ver\script_ver\quarantine\under-review\17mov_CharacterSystem\web\photos\mp_f_freemode_01-shoes_1-129.webp
4D32BD002C3CD304EAD76FD8D7D75403E973D1F407C76E1D2A97BEFF7D5E2F2C	C:\admirales\script_ver\script_ver\quarantine\under-review\17mov_CharacterSystem\web\photos\mp_f_freemode_01-shoes_1-13.webp
EC3D9C6ADB954E65D1CEC40570E554DD3FB30FF216483D51DDB5899AD3DD4487	C:\admirales\script_ver\script_ver\quarantine\under-review\17mov_CharacterSystem\web\photos\mp_f_freemode_01-shoes_1-130.webp
F80AF0D27980CD0D7A3AEFCA9BACD511106D0508238CB232439EB7B00854737B	C:\admirales\script_ver\script_ver\quarantine\under-review\17mov_CharacterSystem\web\photos\mp_f_freemode_01-shoes_1-131.webp
AA50DE5E8EE5DA4EE69C653DDB16340B04C42410324FA8CCAD68204347D25889	C:\admirales\script_ver\script_ver\quarantine\under-review\17mov_CharacterSystem\web\photos\mp_f_freemode_01-shoes_1-132.webp
F80AF0D27980CD0D7A3AEFCA9BACD511106D0508238CB232439EB7B00854737B	C:\admirales\script_ver\script_ver\quarantine\under-review\17mov_CharacterSystem\web\photos\mp_f_freemode_01-shoes_1-133.webp
F80AF0D27980CD0D7A3AEFCA9BACD511106D0508238CB232439EB7B00854737B	C:\admirales\script_ver\script_ver\quarantine\under-review\17mov_CharacterSystem\web\photos\mp_f_freemode_01-shoes_1-134.webp
F80AF0D27980CD0D7A3AEFCA9BACD511106D0508238CB232439EB7B00854737B	C:\admirales\script_ver\script_ver\quarantine\under-review\17mov_CharacterSystem\web\photos\mp_f_freemode_01-shoes_1-135.webp
F80AF0D27980CD0D7A3AEFCA9BACD511106D0508238CB232439EB7B00854737B	C:\admirales\script_ver\script_ver\quarantine\under-review\17mov_CharacterSystem\web\photos\mp_f_freemode_01-shoes_1-136.webp
471E11934E1D4B0E45133CF51239F87269E2A50CAA926C70E02D736BC542489B	C:\admirales\script_ver\script_ver\quarantine\under-review\17mov_CharacterSystem\web\photos\mp_f_freemode_01-shoes_1-137.webp
F80AF0D27980CD0D7A3AEFCA9BACD511106D0508238CB232439EB7B00854737B	C:\admirales\script_ver\script_ver\quarantine\under-review\17mov_CharacterSystem\web\photos\mp_f_freemode_01-shoes_1-138.webp
4015CF337C2CC9C25FABEA306EF4BA5C68E98CEC7F3868F9F7F9970509FDDC5C	C:\admirales\script_ver\script_ver\quarantine\under-review\17mov_CharacterSystem\web\photos\mp_f_freemode_01-shoes_1-139.webp
9B2AAEE15DC8A29622CDA98EC6A4431640399D6EA5AC821B77673E9E9036250D	C:\admirales\script_ver\script_ver\quarantine\under-review\17mov_CharacterSystem\web\photos\mp_f_freemode_01-shoes_1-14.webp
1BA2A766A90BBA5EF12EBB6F567981C63F80195CDDD919ACB941F982125BEB95	C:\admirales\script_ver\script_ver\quarantine\under-review\17mov_CharacterSystem\web\photos\mp_f_freemode_01-shoes_1-140.webp
4B15E50708F2B5512A246A93BDC6277EEE57583A3867DA80DF7ACBD1A648F193	C:\admirales\script_ver\script_ver\quarantine\under-review\17mov_CharacterSystem\web\photos\mp_f_freemode_01-shoes_1-141.webp
DAA5F081973C07F314738B11DF4A666C29EF9264995881C10FEAC28CEB83D2DA	C:\admirales\script_ver\script_ver\quarantine\under-review\17mov_CharacterSystem\web\photos\mp_f_freemode_01-shoes_1-142.webp
798E98CB7EFEC3FFA47B0EA9A8EA1FB655711ED1270A97070A51A6647FCFA0CF	C:\admirales\script_ver\script_ver\quarantine\under-review\17mov_CharacterSystem\web\photos\mp_f_freemode_01-shoes_1-143.webp
466E8029FF614AB0CE51C08B1C0B474FAE5121AC7F863E66BF7218322D832DC1	C:\admirales\script_ver\script_ver\quarantine\under-review\17mov_CharacterSystem\web\photos\mp_f_freemode_01-shoes_1-144.webp
109B1F90D6158287FA74FAD31C81206DF3585C4F523625366A6DD9C147F6DBE2	C:\admirales\script_ver\script_ver\quarantine\under-review\17mov_CharacterSystem\web\photos\mp_f_freemode_01-shoes_1-145.webp
1C23519196D2C24C85B963E9F24ABC302434D0D33FA568336CBA0840DD8A2AC2	C:\admirales\script_ver\script_ver\quarantine\under-review\17mov_CharacterSystem\web\photos\mp_f_freemode_01-shoes_1-146.webp
F80AF0D27980CD0D7A3AEFCA9BACD511106D0508238CB232439EB7B00854737B	C:\admirales\script_ver\script_ver\quarantine\under-review\17mov_CharacterSystem\web\photos\mp_f_freemode_01-shoes_1-147.webp
E5BC982A88D6ABA585174CD973F93F21221E50DFE8BFCA5735A3AA10EAB21918	C:\admirales\script_ver\script_ver\quarantine\under-review\17mov_CharacterSystem\web\photos\mp_f_freemode_01-shoes_1-148.webp
3C9B6AD392B8F15BB48F4F335744A05A6BAE5F7C2CD5B014C80527E7B9B54E96	C:\admirales\script_ver\script_ver\quarantine\under-review\17mov_CharacterSystem\web\photos\mp_f_freemode_01-shoes_1-149.webp
F7792A75CE1C3F29D52C04147B656D47264748D311E09D4B06A4E4AF9FD254EB	C:\admirales\script_ver\script_ver\quarantine\under-review\17mov_CharacterSystem\web\photos\mp_f_freemode_01-shoes_1-15.webp
F80AF0D27980CD0D7A3AEFCA9BACD511106D0508238CB232439EB7B00854737B	C:\admirales\script_ver\script_ver\quarantine\under-review\17mov_CharacterSystem\web\photos\mp_f_freemode_01-shoes_1-150.webp
F80AF0D27980CD0D7A3AEFCA9BACD511106D0508238CB232439EB7B00854737B	C:\admirales\script_ver\script_ver\quarantine\under-review\17mov_CharacterSystem\web\photos\mp_f_freemode_01-shoes_1-151.webp
F80AF0D27980CD0D7A3AEFCA9BACD511106D0508238CB232439EB7B00854737B	C:\admirales\script_ver\script_ver\quarantine\under-review\17mov_CharacterSystem\web\photos\mp_f_freemode_01-shoes_1-152.webp
14B56EF84825E4488BC29002143EC37E6A1C57C3DE658594CFA246EFBEC833CB	C:\admirales\script_ver\script_ver\quarantine\under-review\17mov_CharacterSystem\web\photos\mp_f_freemode_01-shoes_1-153.webp
F80AF0D27980CD0D7A3AEFCA9BACD511106D0508238CB232439EB7B00854737B	C:\admirales\script_ver\script_ver\quarantine\under-review\17mov_CharacterSystem\web\photos\mp_f_freemode_01-shoes_1-154.webp
3AFEF1E9B0D02E1D7875B1F8A7082430BD8F7647A0D9C678A2ABF022B43EE9A1	C:\admirales\script_ver\script_ver\quarantine\under-review\17mov_CharacterSystem\web\photos\mp_f_freemode_01-shoes_1-16.webp
AEB955F2B0FC9B505A48885EC4CADBA9FDD91D6C1BB536CDE6B675BACA55C535	C:\admirales\script_ver\script_ver\quarantine\under-review\17mov_CharacterSystem\web\photos\mp_f_freemode_01-shoes_1-17.webp
A1D180A13F8073A326C5C228135E900B79C53D517D6822350C3E61BFC272AFC1	C:\admirales\script_ver\script_ver\quarantine\under-review\17mov_CharacterSystem\web\photos\mp_f_freemode_01-shoes_1-18.webp
B8C5BFAB5CD26A9AD7C545EF0878D4B4F72526FF9F4F142E4880FF4DD7335BFE	C:\admirales\script_ver\script_ver\quarantine\under-review\17mov_CharacterSystem\web\photos\mp_f_freemode_01-shoes_1-19.webp
348644B235C59188033782EC038B5CEC8139EE40627E7074A7243D029717454B	C:\admirales\script_ver\script_ver\quarantine\under-review\17mov_CharacterSystem\web\photos\mp_f_freemode_01-shoes_1-2.webp
72D73BA07517C8FB544772658BE82E099104437AA24CD96F6B6B402D23E44E4C	C:\admirales\script_ver\script_ver\quarantine\under-review\17mov_CharacterSystem\web\photos\mp_f_freemode_01-shoes_1-20.webp
40390D1EA7BC98BA24E7D73B01623BBB999EBEE2C890216727DEFA689F9521CA	C:\admirales\script_ver\script_ver\quarantine\under-review\17mov_CharacterSystem\web\photos\mp_f_freemode_01-shoes_1-21.webp
7C86B0493D76DCAE2905D73A27678F60A9860899E3EA8641B520129CBF648099	C:\admirales\script_ver\script_ver\quarantine\under-review\17mov_CharacterSystem\web\photos\mp_f_freemode_01-shoes_1-22.webp
4CC158B8BC6E9FB5209BA1406BC157E640B93CB59C0EFB448BA6F10606720765	C:\admirales\script_ver\script_ver\quarantine\under-review\17mov_CharacterSystem\web\photos\mp_f_freemode_01-shoes_1-23.webp
4F364F592F89ECCDA14C5BFB7DDFA1402F13CDFCEAA30BA34C28848B00A2663C	C:\admirales\script_ver\script_ver\quarantine\under-review\17mov_CharacterSystem\web\photos\mp_f_freemode_01-shoes_1-24.webp
A1A9F195FF31769DA5C088CBFC50741953BC5D49624D5603E928E6DBB7EB5075	C:\admirales\script_ver\script_ver\quarantine\under-review\17mov_CharacterSystem\web\photos\mp_f_freemode_01-shoes_1-25.webp
32354967697FA02D41C434632DD2C87D29226FE540AB378F7F7352A6977DF6EB	C:\admirales\script_ver\script_ver\quarantine\under-review\17mov_CharacterSystem\web\photos\mp_f_freemode_01-shoes_1-26.webp
59EED1338E22D2EFE6F84241DA198C50CB6941BF8C92F2539AF3F64147D592BD	C:\admirales\script_ver\script_ver\quarantine\under-review\17mov_CharacterSystem\web\photos\mp_f_freemode_01-shoes_1-27.webp
9BC8E31652508F3D4CF54786F4CBB87D26F002A18AC91218EED0A03DB1B8CC24	C:\admirales\script_ver\script_ver\quarantine\under-review\17mov_CharacterSystem\web\photos\mp_f_freemode_01-shoes_1-28.webp
A43918A7A1D22F732C0163C2D62AE6F1169641117707BB03D9FE08D4C63F0166	C:\admirales\script_ver\script_ver\quarantine\under-review\17mov_CharacterSystem\web\photos\mp_f_freemode_01-shoes_1-29.webp
7ECD06BADE720D3044CFB604D246E32FE586D4C8CAF141CF9B687C7701E8F652	C:\admirales\script_ver\script_ver\quarantine\under-review\17mov_CharacterSystem\web\photos\mp_f_freemode_01-shoes_1-3.webp
97268646031C183E98B83CD28E93BE8748B76C76A0DB16B9E0238546D96C5214	C:\admirales\script_ver\script_ver\quarantine\under-review\17mov_CharacterSystem\web\photos\mp_f_freemode_01-shoes_1-30.webp
B37B86C4FA0FC7D16289F14721301F581FA37DFD94171F4531AAB1AEDCCA8E72	C:\admirales\script_ver\script_ver\quarantine\under-review\17mov_CharacterSystem\web\photos\mp_f_freemode_01-shoes_1-31.webp
E728F4F3D2AEA685E39BB204DEA9B22829D1B5EF010CBB6CBE035951D96E226B	C:\admirales\script_ver\script_ver\quarantine\under-review\17mov_CharacterSystem\web\photos\mp_f_freemode_01-shoes_1-32.webp
A5885FE3C286024D06118BDF41232BF82238EDFE3EC6D3303287DAD746AB4101	C:\admirales\script_ver\script_ver\quarantine\under-review\17mov_CharacterSystem\web\photos\mp_f_freemode_01-shoes_1-33.webp
F80AF0D27980CD0D7A3AEFCA9BACD511106D0508238CB232439EB7B00854737B	C:\admirales\script_ver\script_ver\quarantine\under-review\17mov_CharacterSystem\web\photos\mp_f_freemode_01-shoes_1-34.webp
E569B81E2A07104759E12476B175E6FB85ABC85FDCCA6B61DECA84FCF6816460	C:\admirales\script_ver\script_ver\quarantine\under-review\17mov_CharacterSystem\web\photos\mp_f_freemode_01-shoes_1-35.webp
F51EFB182301218F11B0AFF5D86E48265EC042AEE2913BD0D17CFDB10CAC10DD	C:\admirales\script_ver\script_ver\quarantine\under-review\17mov_CharacterSystem\web\photos\mp_f_freemode_01-shoes_1-36.webp
983F1EDAB1CBE3A2D5F7D484967208DF0AB6C528CE73F696E7084447A210EE78	C:\admirales\script_ver\script_ver\quarantine\under-review\17mov_CharacterSystem\web\photos\mp_f_freemode_01-shoes_1-37.webp
A4A6F7E2432B677DE01B1E15B9EF722A5E32C5117B812A39479FAA65BE985FBE	C:\admirales\script_ver\script_ver\quarantine\under-review\17mov_CharacterSystem\web\photos\mp_f_freemode_01-shoes_1-38.webp
96EE9789F5DB55B1522CF4924B7F24B6B05BDAFB7ED23287A993539ECDB0FA38	C:\admirales\script_ver\script_ver\quarantine\under-review\17mov_CharacterSystem\web\photos\mp_f_freemode_01-shoes_1-39.webp
22420A4B890FB70F883570728F40D243898F3B4B64965CF15FEA857BCD210F89	C:\admirales\script_ver\script_ver\quarantine\under-review\17mov_CharacterSystem\web\photos\mp_f_freemode_01-shoes_1-4.webp
CB506A5C7DC99AE5FE74AB52CC21AC2A4010A7BD7EC9B5FED00D4717AB1FCC65	C:\admirales\script_ver\script_ver\quarantine\under-review\17mov_CharacterSystem\web\photos\mp_f_freemode_01-shoes_1-40.webp
1AF8C08029562EA804252C5257899F2403C93E7B8029493A50E783BDCED04E6A	C:\admirales\script_ver\script_ver\quarantine\under-review\17mov_CharacterSystem\web\photos\mp_f_freemode_01-shoes_1-41.webp
FD8A553AC122B5A862C56434962F86B917AFC6888DF92539360954AB10E13C15	C:\admirales\script_ver\script_ver\quarantine\under-review\17mov_CharacterSystem\web\photos\mp_f_freemode_01-shoes_1-42.webp
DDD23C6CF3E380EEDB800A2F8957B931F2F22D74F5FF72A1AFC467326AE68042	C:\admirales\script_ver\script_ver\quarantine\under-review\17mov_CharacterSystem\web\photos\mp_f_freemode_01-shoes_1-43.webp
92CA03D9AF7BE58523690C6A2A7A6BEA5DFC9BC5173982CB5555094DA03614F1	C:\admirales\script_ver\script_ver\quarantine\under-review\17mov_CharacterSystem\web\photos\mp_f_freemode_01-shoes_1-44.webp
B27F2927C85B4C179F75B92133D1CF0BB77673696CF663FEEF6DC0D47EFD6179	C:\admirales\script_ver\script_ver\quarantine\under-review\17mov_CharacterSystem\web\photos\mp_f_freemode_01-shoes_1-45.webp
C12BCC9B9347F5CA59E346DD09F28C2F57559817C6D621B2B27DA73F550356DD	C:\admirales\script_ver\script_ver\quarantine\under-review\17mov_CharacterSystem\web\photos\mp_f_freemode_01-shoes_1-46.webp
0016D457E02908F1641265BF0EB5A842604EB5E6857EBCBD2287A4A628B9E2BE	C:\admirales\script_ver\script_ver\quarantine\under-review\17mov_CharacterSystem\web\photos\mp_f_freemode_01-shoes_1-47.webp
70C4D55043C55ABEB468124F8DE6808ACBA30151AC1BCFBC8D07619C18448976	C:\admirales\script_ver\script_ver\quarantine\under-review\17mov_CharacterSystem\web\photos\mp_f_freemode_01-shoes_1-48.webp
E0FDC0D65EFD55FA648A30B15DA701FDC3C9F12334E96B9D1B810E17788736EF	C:\admirales\script_ver\script_ver\quarantine\under-review\17mov_CharacterSystem\web\photos\mp_f_freemode_01-shoes_1-49.webp
332679279C2B140149ECE765253860A375FB9185D35D55E3B08578E42FC6507F	C:\admirales\script_ver\script_ver\quarantine\under-review\17mov_CharacterSystem\web\photos\mp_f_freemode_01-shoes_1-5.webp
B9E7F7FA0BF837BD620F81DAC46BA15F6B8E8072077310F9B356314E970F2BE2	C:\admirales\script_ver\script_ver\quarantine\under-review\17mov_CharacterSystem\web\photos\mp_f_freemode_01-shoes_1-50.webp
0CD3AFDB63A982417497AC6911E718BF01F0ACC7D456AD7E6C64BFB1C46D64B2	C:\admirales\script_ver\script_ver\quarantine\under-review\17mov_CharacterSystem\web\photos\mp_f_freemode_01-shoes_1-51.webp
50230B76551E063E98A2F6CD517CE0E6F7A18D592F9B790378601206BBE9E1A4	C:\admirales\script_ver\script_ver\quarantine\under-review\17mov_CharacterSystem\web\photos\mp_f_freemode_01-shoes_1-52.webp
CFF13BFBEBD47C4F25750A3237F11C5A495F19D6A78FBCB61E35410DA66EEB35	C:\admirales\script_ver\script_ver\quarantine\under-review\17mov_CharacterSystem\web\photos\mp_f_freemode_01-shoes_1-53.webp
8C720C209D5382CD3DFDE31AFA9C404B0D96DE38B51DBB8765F376C1049B6A84	C:\admirales\script_ver\script_ver\quarantine\under-review\17mov_CharacterSystem\web\photos\mp_f_freemode_01-shoes_1-54.webp
D8C33D730323003647DAF70BB2D9CA56DA458ABB1C520351BAA300F07F43D8C0	C:\admirales\script_ver\script_ver\quarantine\under-review\17mov_CharacterSystem\web\photos\mp_f_freemode_01-shoes_1-55.webp
BA3A7749ABD877E29B62F57B7F4388B14E022696700E2CAFB3F30AEE699C29B8	C:\admirales\script_ver\script_ver\quarantine\under-review\17mov_CharacterSystem\web\photos\mp_f_freemode_01-shoes_1-56.webp
5A3FA129F74068F81245A4C6B528F424114B81BF06BBC36486DE5E42E13215D8	C:\admirales\script_ver\script_ver\quarantine\under-review\17mov_CharacterSystem\web\photos\mp_f_freemode_01-shoes_1-57.webp
3903B366AEBC37FA6329890A6B2A633D0533EDF22FD0875A94C690A8181704ED	C:\admirales\script_ver\script_ver\quarantine\under-review\17mov_CharacterSystem\web\photos\mp_f_freemode_01-shoes_1-58.webp
C1761E5D94C651736FD74573530088C8F751DC83260E0D060F3FFEF800760F2D	C:\admirales\script_ver\script_ver\quarantine\under-review\17mov_CharacterSystem\web\photos\mp_f_freemode_01-shoes_1-59.webp
9FCE8730E944351610E4332CD032A7BFD6BF5621FFCCC014613F6F64481F14A1	C:\admirales\script_ver\script_ver\quarantine\under-review\17mov_CharacterSystem\web\photos\mp_f_freemode_01-shoes_1-6.webp
3CA03866BEBC4E490A96C139D9CD586CC5FFE28A997378BB14707554A34B9CBA	C:\admirales\script_ver\script_ver\quarantine\under-review\17mov_CharacterSystem\web\photos\mp_f_freemode_01-shoes_1-60.webp
E8339A2E2DF53D461E2283A3B40C1AC0CC96B8DBEAF0824A7813113601EB1A8D	C:\admirales\script_ver\script_ver\quarantine\under-review\17mov_CharacterSystem\web\photos\mp_f_freemode_01-shoes_1-61.webp
F5FC14CB1953229076132D75EFFE1317960F31CDDCD178BD99873FD5BAAEC3F7	C:\admirales\script_ver\script_ver\quarantine\under-review\17mov_CharacterSystem\web\photos\mp_f_freemode_01-shoes_1-62.webp
88D4C397D1D59F9A6F50D488D8BEBA16A8D3F280AD232B308F418BC9BC7CC261	C:\admirales\script_ver\script_ver\quarantine\under-review\17mov_CharacterSystem\web\photos\mp_f_freemode_01-shoes_1-63.webp
FF9018FC2CD9186F9B073B7DD22731F2045188D97616931A3091186ACF39613B	C:\admirales\script_ver\script_ver\quarantine\under-review\17mov_CharacterSystem\web\photos\mp_f_freemode_01-shoes_1-64.webp
83838FF4523CF8271BCFB76A525EB8AB373716114730BFE99CDE64EF43B91F72	C:\admirales\script_ver\script_ver\quarantine\under-review\17mov_CharacterSystem\web\photos\mp_f_freemode_01-shoes_1-65.webp
ABCC6125F5EF10F3D2904F5C9C7BEF3771760ECA55B9BD70E71EF961792BB994	C:\admirales\script_ver\script_ver\quarantine\under-review\17mov_CharacterSystem\web\photos\mp_f_freemode_01-shoes_1-66.webp
CDACF2B91A07FD005C25AF97B16ED68D17895468B99E27B40382B58C5682E8D2	C:\admirales\script_ver\script_ver\quarantine\under-review\17mov_CharacterSystem\web\photos\mp_f_freemode_01-shoes_1-67.webp
16935705BAE25B5C5209DEBFDBF2903AF58ED9767AA4D5CD45F034CFEFECADF8	C:\admirales\script_ver\script_ver\quarantine\under-review\17mov_CharacterSystem\web\photos\mp_f_freemode_01-shoes_1-68.webp
9FF71A4FB2C971DB364B4D720DD3E5428AF1E2196813AAD5D60A58463AB0F834	C:\admirales\script_ver\script_ver\quarantine\under-review\17mov_CharacterSystem\web\photos\mp_f_freemode_01-shoes_1-69.webp
E653A5B88BB9320DBD501EAD7271C5A18F751AB14A11FA63E4C3E32102E88067	C:\admirales\script_ver\script_ver\quarantine\under-review\17mov_CharacterSystem\web\photos\mp_f_freemode_01-shoes_1-7.webp
7FDB3713A63FFFD4A1EEEEA79DBE6E87D7E8634F08B144B419C470F7DBC4FA06	C:\admirales\script_ver\script_ver\quarantine\under-review\17mov_CharacterSystem\web\photos\mp_f_freemode_01-shoes_1-70.webp
2A6CFD783B398F3A4A8529F174AA711BB25ED17E256651F7F0CF10AF59CABD70	C:\admirales\script_ver\script_ver\quarantine\under-review\17mov_CharacterSystem\web\photos\mp_f_freemode_01-shoes_1-71.webp
B70D88785D5AF10D8CEF1545018887BC08261B59D771C375CD487F1926FA1208	C:\admirales\script_ver\script_ver\quarantine\under-review\17mov_CharacterSystem\web\photos\mp_f_freemode_01-shoes_1-72.webp
AB3EBB1B230F9D298A6913CFE394CAF95834994A04398304113EBE4F17D3C9F5	C:\admirales\script_ver\script_ver\quarantine\under-review\17mov_CharacterSystem\web\photos\mp_f_freemode_01-shoes_1-73.webp
C5EDB310E02C3EE608EE77EA8572580FB659227117C5517A7AE1286492F2A2BA	C:\admirales\script_ver\script_ver\quarantine\under-review\17mov_CharacterSystem\web\photos\mp_f_freemode_01-shoes_1-74.webp
C105866784FA860B10BBD988F1137ABC9375625A98212EA0A9D8FBE03CE477BE	C:\admirales\script_ver\script_ver\quarantine\under-review\17mov_CharacterSystem\web\photos\mp_f_freemode_01-shoes_1-75.webp
263FAEC71F0389451FD0DEC1D9B8611AA0AF3A76A595A253F64B360AA63DAC30	C:\admirales\script_ver\script_ver\quarantine\under-review\17mov_CharacterSystem\web\photos\mp_f_freemode_01-shoes_1-76.webp
02F70D44F42AB51E23DE4CE64CC049838FC284A4DBF50BC0D09F5321FB26D8AC	C:\admirales\script_ver\script_ver\quarantine\under-review\17mov_CharacterSystem\web\photos\mp_f_freemode_01-shoes_1-77.webp
9A4BD68A2D006E91CB2DA7CCDFAB6F417D19E1C7E5C3EC91F9B9133C4019D176	C:\admirales\script_ver\script_ver\quarantine\under-review\17mov_CharacterSystem\web\photos\mp_f_freemode_01-shoes_1-78.webp
E834C4EE7576AA03669796B32F986E9CC82ED97CFE367306FF801E9706C5B17B	C:\admirales\script_ver\script_ver\quarantine\under-review\17mov_CharacterSystem\web\photos\mp_f_freemode_01-shoes_1-79.webp
6917458A8B79E0191F73668401BEAFB09AC96BD6FDC99604F3D0634288DCF744	C:\admirales\script_ver\script_ver\quarantine\under-review\17mov_CharacterSystem\web\photos\mp_f_freemode_01-shoes_1-8.webp
88F73AD271FC8FF9D21492DBEDAB21DDE83C6D6EB76F0658E34395A37FE7DBC7	C:\admirales\script_ver\script_ver\quarantine\under-review\17mov_CharacterSystem\web\photos\mp_f_freemode_01-shoes_1-80.webp
C90E1019B345EE599A4139232BB3F02DD862DC88769A709725C39BFED95A55A8	C:\admirales\script_ver\script_ver\quarantine\under-review\17mov_CharacterSystem\web\photos\mp_f_freemode_01-shoes_1-81.webp
933B22FC9A63CD6CF23BF4A928F14C91BABD1F1F87D61B5E7B9CD802FDCC7BF2	C:\admirales\script_ver\script_ver\quarantine\under-review\17mov_CharacterSystem\web\photos\mp_f_freemode_01-shoes_1-82.webp
6639CC39D7849DC45FA9F75B2F3122D915839E1F095815E468CF9D9446229AB8	C:\admirales\script_ver\script_ver\quarantine\under-review\17mov_CharacterSystem\web\photos\mp_f_freemode_01-shoes_1-83.webp
3E2CE6057B77B1E231B366F98087508EB408CBDB05AE498FDAC66C07BE315D11	C:\admirales\script_ver\script_ver\quarantine\under-review\17mov_CharacterSystem\web\photos\mp_f_freemode_01-shoes_1-84.webp
1F2BF1610A14D2B2AE2AE66CDCEC15FCBB51704F87DC8537031AA9BB4E9186A3	C:\admirales\script_ver\script_ver\quarantine\under-review\17mov_CharacterSystem\web\photos\mp_f_freemode_01-shoes_1-85.webp
F9597F2652A2B3EA4607AFE609C0DAF11574A29BEE3B99BD568F6A03C7838F49	C:\admirales\script_ver\script_ver\quarantine\under-review\17mov_CharacterSystem\web\photos\mp_f_freemode_01-shoes_1-86.webp
E95F4747A465AFCB2DF3C906D3E1A39185FEE6E66375F81BFF750D925BD3924F	C:\admirales\script_ver\script_ver\quarantine\under-review\17mov_CharacterSystem\web\photos\mp_f_freemode_01-shoes_1-87.webp
9CBAE2B62556D388A5C8E070B6FF9301964B1144AFE1076F9631F1A3B8B92E3F	C:\admirales\script_ver\script_ver\quarantine\under-review\17mov_CharacterSystem\web\photos\mp_f_freemode_01-shoes_1-88.webp
5B62CDE0FD19E35F20E28113423DC2B84D8571264512E6B8AE436A6D34C19C38	C:\admirales\script_ver\script_ver\quarantine\under-review\17mov_CharacterSystem\web\photos\mp_f_freemode_01-shoes_1-89.webp
2F03249E061074F474915077007226D8654C8F733CF829C231A969569AB55C0E	C:\admirales\script_ver\script_ver\quarantine\under-review\17mov_CharacterSystem\web\photos\mp_f_freemode_01-shoes_1-9.webp
5B3CA54D85184B455A7D03C5F45FD6DE968A23E4211313A838D470B360940C70	C:\admirales\script_ver\script_ver\quarantine\under-review\17mov_CharacterSystem\web\photos\mp_f_freemode_01-shoes_1-90.webp
FC9559E26D6E572D96CB017E16D6FE358CFD382381C2C7330734EAC698A3734E	C:\admirales\script_ver\script_ver\quarantine\under-review\17mov_CharacterSystem\web\photos\mp_f_freemode_01-shoes_1-91.webp
450453B085C0FAFB9FD20C75F6DF71C4323B595D012ACF4F118CBD9B6AB54DE1	C:\admirales\script_ver\script_ver\quarantine\under-review\17mov_CharacterSystem\web\photos\mp_f_freemode_01-shoes_1-92.webp
0DF10DDFC422DD659FB64064DEBD530A7EA4D70F95BFC0E5EB5F094E7A86EAB7	C:\admirales\script_ver\script_ver\quarantine\under-review\17mov_CharacterSystem\web\photos\mp_f_freemode_01-shoes_1-93.webp
B428DA48D86DBA8CEE7827D8EB2A69F30071B691A814B485607F99AADB9463A6	C:\admirales\script_ver\script_ver\quarantine\under-review\17mov_CharacterSystem\web\photos\mp_f_freemode_01-shoes_1-94.webp
21CB196942823C7408382AC778A6BC2F4B6C112993169FEB43D3DF7FE36C0ED1	C:\admirales\script_ver\script_ver\quarantine\under-review\17mov_CharacterSystem\web\photos\mp_f_freemode_01-shoes_1-95.webp
9CE9AC723CCA2DBCD28E58C09D71B9B998561FE3439A799AF3A60242C6FE5620	C:\admirales\script_ver\script_ver\quarantine\under-review\17mov_CharacterSystem\web\photos\mp_f_freemode_01-shoes_1-96.webp
9B2B119594782441FDA10F3F5DF40CF1B1224B89ABEEB28E3D9B0D64E86EAEAC	C:\admirales\script_ver\script_ver\quarantine\under-review\17mov_CharacterSystem\web\photos\mp_f_freemode_01-shoes_1-97.webp
98D5887B98902B484B32B58B687F3B2B0F4B7C1E25AD7065AC215B9A61DCF398	C:\admirales\script_ver\script_ver\quarantine\under-review\17mov_CharacterSystem\web\photos\mp_f_freemode_01-shoes_1-98.webp
ED70E71F8853761615FE1984465C24CC9247458325E4D2C647308A1A2B27A58C	C:\admirales\script_ver\script_ver\quarantine\under-review\17mov_CharacterSystem\web\photos\mp_f_freemode_01-shoes_1-99.webp
0955D39E341CA0E1E00DE89BA5AE87BE51570DF1BBAFD661A8CD7A17BEA51046	C:\admirales\script_ver\script_ver\quarantine\under-review\17mov_CharacterSystem\web\photos\mp_f_freemode_01-torso_1-0.webp
A8CA594BA62CA1DCED99020062635B2F015C0341E75BB01198034A0905E5F3F8	C:\admirales\script_ver\script_ver\quarantine\under-review\17mov_CharacterSystem\web\photos\mp_f_freemode_01-torso_1-1.webp
FF0369EE7D985B54495DAE7767D820669014979134ABD7E492659C28FC2D463D	C:\admirales\script_ver\script_ver\quarantine\under-review\17mov_CharacterSystem\web\photos\mp_f_freemode_01-torso_1-10.webp
F7AFD76DED88C967E337F58D70398A0EAD1052CF8F8A7B960FDF24236CAEE7C5	C:\admirales\script_ver\script_ver\quarantine\under-review\17mov_CharacterSystem\web\photos\mp_f_freemode_01-torso_1-100.webp
164ACD4B2E09B3E09D266438F8937F0A7E65E2BD321FC8AA0530056C299C6079	C:\admirales\script_ver\script_ver\quarantine\under-review\17mov_CharacterSystem\web\photos\mp_f_freemode_01-torso_1-101.webp
4D4B3FF8B8EDC942557B0D618A15DACD0CF021931C39D834AC6752C82EE52045	C:\admirales\script_ver\script_ver\quarantine\under-review\17mov_CharacterSystem\web\photos\mp_f_freemode_01-torso_1-102.webp
3CEC5A4C130655DC06BDC4F41D840E5E10F0EFA5C4D256954248391BD5318B9F	C:\admirales\script_ver\script_ver\quarantine\under-review\17mov_CharacterSystem\web\photos\mp_f_freemode_01-torso_1-103.webp
2F3049C60C8336A5C09BE368347512C7CC3C71A610511A58439FBFA458161145	C:\admirales\script_ver\script_ver\quarantine\under-review\17mov_CharacterSystem\web\photos\mp_f_freemode_01-torso_1-104.webp
39F560ADDEA6FCFE64B0D740C9B16219361981EC76D7755037E9049059B8AE88	C:\admirales\script_ver\script_ver\quarantine\under-review\17mov_CharacterSystem\web\photos\mp_f_freemode_01-torso_1-105.webp
FD2E59B2359F9705E577B4440429F079A1D3D9CD58DFB0B0FCE138B9D5DBAA58	C:\admirales\script_ver\script_ver\quarantine\under-review\17mov_CharacterSystem\web\photos\mp_f_freemode_01-torso_1-106.webp
D8A4BFE747A587B9107589F7D5AAFDC4E700E433517DDFFF825D693ECB4B9752	C:\admirales\script_ver\script_ver\quarantine\under-review\17mov_CharacterSystem\web\photos\mp_f_freemode_01-torso_1-107.webp
3F2BC11D73C1F8BD529BCE1E061A86252FB9A3F39F9F526DED7E44A64E545CD6	C:\admirales\script_ver\script_ver\quarantine\under-review\17mov_CharacterSystem\web\photos\mp_f_freemode_01-torso_1-108.webp
F753F6216B3FEE34DE6D7BE95D7764B8624351F7F049BB0580115485E1A35D39	C:\admirales\script_ver\script_ver\quarantine\under-review\17mov_CharacterSystem\web\photos\mp_f_freemode_01-torso_1-109.webp
7DC3AA611CCAD77485C1ABAAC2B85972BCFFAF770654A645290C1CACD69629B5	C:\admirales\script_ver\script_ver\quarantine\under-review\17mov_CharacterSystem\web\photos\mp_f_freemode_01-torso_1-11.webp
80500EC3B2E9E9E0FB14127B7B792754344162D394E52A2883B8AE932780DD08	C:\admirales\script_ver\script_ver\quarantine\under-review\17mov_CharacterSystem\web\photos\mp_f_freemode_01-torso_1-110.webp
B546DFAD11FC6759F23CDBD363B40D633ACBBA31AE424DEFEB15085399D4E187	C:\admirales\script_ver\script_ver\quarantine\under-review\17mov_CharacterSystem\web\photos\mp_f_freemode_01-torso_1-111.webp
52D9B1E44E5C1A21FDD4DD7E3D99CC71937C6EE3F06301798E5A2BCB8C78576D	C:\admirales\script_ver\script_ver\quarantine\under-review\17mov_CharacterSystem\web\photos\mp_f_freemode_01-torso_1-112.webp
0C4E9BD0422F5AE359B9AE5CA4D2836E430ABA494F2FF5328531939F0E9B61E9	C:\admirales\script_ver\script_ver\quarantine\under-review\17mov_CharacterSystem\web\photos\mp_f_freemode_01-torso_1-113.webp
3B217D0CB729B22A03D971E7D4CA56DCACAB1DB223EFD031DF6AB8B68C15D618	C:\admirales\script_ver\script_ver\quarantine\under-review\17mov_CharacterSystem\web\photos\mp_f_freemode_01-torso_1-114.webp
177694E96434E5C0B62D52A3B8B403234377BB62A9E305627237BDC6DCE980E2	C:\admirales\script_ver\script_ver\quarantine\under-review\17mov_CharacterSystem\web\photos\mp_f_freemode_01-torso_1-115.webp
10BAAD709B1227D4708BB7FC86F16AD4C476D9CD59DF400292F352A9CFE18A4E	C:\admirales\script_ver\script_ver\quarantine\under-review\17mov_CharacterSystem\web\photos\mp_f_freemode_01-torso_1-116.webp
B67A6E2925C7BDF859AC3B245C2C77659B7183138C61CD935B0592586541C491	C:\admirales\script_ver\script_ver\quarantine\under-review\17mov_CharacterSystem\web\photos\mp_f_freemode_01-torso_1-117.webp
E403BDAC4B82C0AAFD8FE89CEA71C73DCF87123BABB9FAD297DCE531B21DA947	C:\admirales\script_ver\script_ver\quarantine\under-review\17mov_CharacterSystem\web\photos\mp_f_freemode_01-torso_1-118.webp
F837820BDA1539AF88ABC7FFE413C0776CD9A380CAFFCD32A36EF4DABDE4B32E	C:\admirales\script_ver\script_ver\quarantine\under-review\17mov_CharacterSystem\web\photos\mp_f_freemode_01-torso_1-119.webp
DFBBFFCC9ACC0196B6993D276B7206EE39817771E8E5DC29DBE6C305BB466021	C:\admirales\script_ver\script_ver\quarantine\under-review\17mov_CharacterSystem\web\photos\mp_f_freemode_01-torso_1-12.webp
4E95D537D0F76114BDC6D8945FB79D6DCE2F6F6E6B30CC8772DC0AFF2196051A	C:\admirales\script_ver\script_ver\quarantine\under-review\17mov_CharacterSystem\web\photos\mp_f_freemode_01-torso_1-120.webp
BF3A9CC1A8C475370F8494477157F03523C6B79C42C21F61080CC4221B61B1D6	C:\admirales\script_ver\script_ver\quarantine\under-review\17mov_CharacterSystem\web\photos\mp_f_freemode_01-torso_1-121.webp
6085809AF1C71C05669C7186296A85992AF5568142A731EC1709A03D22766C28	C:\admirales\script_ver\script_ver\quarantine\under-review\17mov_CharacterSystem\web\photos\mp_f_freemode_01-torso_1-122.webp
4FBAA15810FF04A89D8E898A0B791FC35A44F96637750397C086434938095EFD	C:\admirales\script_ver\script_ver\quarantine\under-review\17mov_CharacterSystem\web\photos\mp_f_freemode_01-torso_1-123.webp
2FCC590806E593A90303436792948BC7FD4241A94DA960915D3F3E39A869E15D	C:\admirales\script_ver\script_ver\quarantine\under-review\17mov_CharacterSystem\web\photos\mp_f_freemode_01-torso_1-124.webp
0266963F3286B149420C7EB65603B53FA2EEBD829F3BF3AAE8591A33BEC6C216	C:\admirales\script_ver\script_ver\quarantine\under-review\17mov_CharacterSystem\web\photos\mp_f_freemode_01-torso_1-125.webp
062E954C049B0FE7A33DC4CBC2CFA2B3EF49045C7D5A0859B9203D9A07FE3554	C:\admirales\script_ver\script_ver\quarantine\under-review\17mov_CharacterSystem\web\photos\mp_f_freemode_01-torso_1-126.webp
DF2A363B2F07753F7660D015416E34345E6E29A1B9E0075E3C8F73883367A41B	C:\admirales\script_ver\script_ver\quarantine\under-review\17mov_CharacterSystem\web\photos\mp_f_freemode_01-torso_1-127.webp
021C69CBEC8342D7AD50A2E84609DC3230B0B233806CA2C7B54ED106668E8317	C:\admirales\script_ver\script_ver\quarantine\under-review\17mov_CharacterSystem\web\photos\mp_f_freemode_01-torso_1-128.webp
67CE185371A889640AB4D366265400F2835C0E4205EACB1CF1954059BBAF76DC	C:\admirales\script_ver\script_ver\quarantine\under-review\17mov_CharacterSystem\web\photos\mp_f_freemode_01-torso_1-129.webp
243C2C59E7CCC8EE7ADB58E57D49EDCFAD98346816CAD8BC3F2D54DD142F1C1F	C:\admirales\script_ver\script_ver\quarantine\under-review\17mov_CharacterSystem\web\photos\mp_f_freemode_01-torso_1-13.webp
240CE4EB09EA890C8256DAE0B1E8898385A52364C5DE261A973B129689FFE26E	C:\admirales\script_ver\script_ver\quarantine\under-review\17mov_CharacterSystem\web\photos\mp_f_freemode_01-torso_1-130.webp
EF5BEC9A5512E3A6F2ED7E2492D04009295A6003B5CC5E41EEB13E3D0179F5C0	C:\admirales\script_ver\script_ver\quarantine\under-review\17mov_CharacterSystem\web\photos\mp_f_freemode_01-torso_1-131.webp
7AAD37D52F5E4C271CFD2E2BA0806BB5E9CAFA9959F67E792FD03EF86C342789	C:\admirales\script_ver\script_ver\quarantine\under-review\17mov_CharacterSystem\web\photos\mp_f_freemode_01-torso_1-132.webp
32BCAA18B539F32F8E46B732F01B01068346266CCEC6832C1FCEB61643AB08BD	C:\admirales\script_ver\script_ver\quarantine\under-review\17mov_CharacterSystem\web\photos\mp_f_freemode_01-torso_1-133.webp
BAD3BDEEC388DAB5A5732CB8AF7EEFCE565C52CE3585A2B464C608FA1409CF97	C:\admirales\script_ver\script_ver\quarantine\under-review\17mov_CharacterSystem\web\photos\mp_f_freemode_01-torso_1-134.webp
5258074E5F7C9FDAC03F84DB03BFB1AB03F00208B116574D0EBA57919EF12DC0	C:\admirales\script_ver\script_ver\quarantine\under-review\17mov_CharacterSystem\web\photos\mp_f_freemode_01-torso_1-135.webp
B4C57737FBA40F460C62563CE066818293775A98B6BEC93DCB156C2DBA653F39	C:\admirales\script_ver\script_ver\quarantine\under-review\17mov_CharacterSystem\web\photos\mp_f_freemode_01-torso_1-136.webp
0A5DEBA5B7FF22D5626A8368B473128129171568F498A8A8521BFE945664FAEB	C:\admirales\script_ver\script_ver\quarantine\under-review\17mov_CharacterSystem\web\photos\mp_f_freemode_01-torso_1-137.webp
3A2293BD0437B65CA1DE3C2A4B8039EF7A30B975D6F4C04C2EE63817FF5FB705	C:\admirales\script_ver\script_ver\quarantine\under-review\17mov_CharacterSystem\web\photos\mp_f_freemode_01-torso_1-138.webp
D8322EF8FB791415B82DA94FE8770EC525EC8AD903865D5107C918D88D02EF34	C:\admirales\script_ver\script_ver\quarantine\under-review\17mov_CharacterSystem\web\photos\mp_f_freemode_01-torso_1-139.webp
313D42F46828FFB71509BCCCE9C63EE2BCA26B0371A3CF642D9B1653FC49040A	C:\admirales\script_ver\script_ver\quarantine\under-review\17mov_CharacterSystem\web\photos\mp_f_freemode_01-torso_1-14.webp
F36E470A751E44F2A7C38C7B7456F39D5BC18A58C90E03068C49DB5F25D7CFDB	C:\admirales\script_ver\script_ver\quarantine\under-review\17mov_CharacterSystem\web\photos\mp_f_freemode_01-torso_1-140.webp
28CB56351C60B1007230A1DC26FA3FCA3B7188D739B8D3FBEC0A8C2F726946AA	C:\admirales\script_ver\script_ver\quarantine\under-review\17mov_CharacterSystem\web\photos\mp_f_freemode_01-torso_1-141.webp
F508805C7CC3099E9377B1764E4C9FFF773C9C68908A24316623E72AD9BB29B4	C:\admirales\script_ver\script_ver\quarantine\under-review\17mov_CharacterSystem\web\photos\mp_f_freemode_01-torso_1-142.webp
3CDCAA380D1FB7E7EA7A190B3356BA7023C031D3372EC35C5413D9BD6E10DD9C	C:\admirales\script_ver\script_ver\quarantine\under-review\17mov_CharacterSystem\web\photos\mp_f_freemode_01-torso_1-143.webp
B721ED2BED1CF5E71DE59AD0DC688C471FE0FC4D1B059EA243E0E15A4613D012	C:\admirales\script_ver\script_ver\quarantine\under-review\17mov_CharacterSystem\web\photos\mp_f_freemode_01-torso_1-144.webp
6BA00FDB88A75FD6E4C26FB47552AB62A99382949E9B210DA2A2093CBFDDA327	C:\admirales\script_ver\script_ver\quarantine\under-review\17mov_CharacterSystem\web\photos\mp_f_freemode_01-torso_1-145.webp
8B9554716016BA5CCF9F4248EC38A35CE440A4DFE22A8CB006D1A042A6AD3DD6	C:\admirales\script_ver\script_ver\quarantine\under-review\17mov_CharacterSystem\web\photos\mp_f_freemode_01-torso_1-146.webp
5D2EDD7159CF37DA53C9DA3990094DB77C13ED71CFBE398F8BA221A53D3B1BF1	C:\admirales\script_ver\script_ver\quarantine\under-review\17mov_CharacterSystem\web\photos\mp_f_freemode_01-torso_1-147.webp
0A824609932D48B06D4429F19B890B2F67F1E28D2451402E13A4BDB2B18304FE	C:\admirales\script_ver\script_ver\quarantine\under-review\17mov_CharacterSystem\web\photos\mp_f_freemode_01-torso_1-148.webp
012009A04200752E03689034960F466E743DF94E549D82F0C8AD6272A5AB09A6	C:\admirales\script_ver\script_ver\quarantine\under-review\17mov_CharacterSystem\web\photos\mp_f_freemode_01-torso_1-149.webp
0569DC2D330F3230E87B5D6E648824CD7551025166B5A4846D9F17771729B9F4	C:\admirales\script_ver\script_ver\quarantine\under-review\17mov_CharacterSystem\web\photos\mp_f_freemode_01-torso_1-15.webp
6DE765F97A33EBC86C2CA0197B7EF93482D10FCC5870DB621988E246FFE836E0	C:\admirales\script_ver\script_ver\quarantine\under-review\17mov_CharacterSystem\web\photos\mp_f_freemode_01-torso_1-150.webp
64EC6DA4C76DD17AD4EC9340E984DA371305C4970AC6D5B2CE80640506F8D5AA	C:\admirales\script_ver\script_ver\quarantine\under-review\17mov_CharacterSystem\web\photos\mp_f_freemode_01-torso_1-151.webp
96D5D5749C5BC2DD8F6AAECAE0EF96AC0633A1E43960D8B71ADB628C7AC684C4	C:\admirales\script_ver\script_ver\quarantine\under-review\17mov_CharacterSystem\web\photos\mp_f_freemode_01-torso_1-152.webp
42154EBC3988F725300B7A5C61D48EB172B4BA3A273FAE4C657044511631C21A	C:\admirales\script_ver\script_ver\quarantine\under-review\17mov_CharacterSystem\web\photos\mp_f_freemode_01-torso_1-153.webp
D0D677F81BD1171C6E51F9E0E565F945CA49334C9CE17CE1073801DF6E2B714F	C:\admirales\script_ver\script_ver\quarantine\under-review\17mov_CharacterSystem\web\photos\mp_f_freemode_01-torso_1-154.webp
1E9C18F80A4CFAF4314650369AF5837D7BD4603F9BB4EA6B67BBF10887D3FB74	C:\admirales\script_ver\script_ver\quarantine\under-review\17mov_CharacterSystem\web\photos\mp_f_freemode_01-torso_1-155.webp
E4488B990079856727BC880CDB29CCCFF424D69DE109FB2586CFC70BE625F831	C:\admirales\script_ver\script_ver\quarantine\under-review\17mov_CharacterSystem\web\photos\mp_f_freemode_01-torso_1-156.webp
9D4B3F59B70231D208A1FD310377C5F9BD4CB614D5704401E2B96B59CF1AFBEE	C:\admirales\script_ver\script_ver\quarantine\under-review\17mov_CharacterSystem\web\photos\mp_f_freemode_01-torso_1-157.webp
6108E09AE6939EDF73EA88D46238DFE3E3C52B1FD0F353E8084D7577BA4A4AF7	C:\admirales\script_ver\script_ver\quarantine\under-review\17mov_CharacterSystem\web\photos\mp_f_freemode_01-torso_1-158.webp
3A7CF4895F9B6C8C47CC7895E518C5FA6ED5F3455220A6FAF490890883E73905	C:\admirales\script_ver\script_ver\quarantine\under-review\17mov_CharacterSystem\web\photos\mp_f_freemode_01-torso_1-159.webp
D964C0F76432E5508344E991F94138E5A158CF9C0EDE3FBA94AAB29ED07EB5B4	C:\admirales\script_ver\script_ver\quarantine\under-review\17mov_CharacterSystem\web\photos\mp_f_freemode_01-torso_1-16.webp
57F0E26F2FA27DC84E95B1DE1BDCE2CDA67EA3A3560CE7A472F99349260833CC	C:\admirales\script_ver\script_ver\quarantine\under-review\17mov_CharacterSystem\web\photos\mp_f_freemode_01-torso_1-160.webp
F94FC88FFE854FEB989026AD3AE1640AF6BE4182CB5A659282627449D53E2FE6	C:\admirales\script_ver\script_ver\quarantine\under-review\17mov_CharacterSystem\web\photos\mp_f_freemode_01-torso_1-161.webp
6534104FCE909FDC2C8A7A667BAA8DA170E82FB228060C55315A26C89E6A49E1	C:\admirales\script_ver\script_ver\quarantine\under-review\17mov_CharacterSystem\web\photos\mp_f_freemode_01-torso_1-162.webp
41F043042DEAE5E260058A4FAFA3D4916087401A19D9BA9D9C2F2AE3145229EF	C:\admirales\script_ver\script_ver\quarantine\under-review\17mov_CharacterSystem\web\photos\mp_f_freemode_01-torso_1-163.webp
572A3D453DEE0D2ADBB5517140A65BEDE5FA8BA6914783C42B12F8AECD1333AD	C:\admirales\script_ver\script_ver\quarantine\under-review\17mov_CharacterSystem\web\photos\mp_f_freemode_01-torso_1-164.webp
659B3706A23551D4674FA97048DD108CB0E57029814B6983948D5DD43B43B2BE	C:\admirales\script_ver\script_ver\quarantine\under-review\17mov_CharacterSystem\web\photos\mp_f_freemode_01-torso_1-165.webp
DEEF7C18DCBC8CB7D484DCB71D63A429932F8154494490D9D83CE0D98DE54700	C:\admirales\script_ver\script_ver\quarantine\under-review\17mov_CharacterSystem\web\photos\mp_f_freemode_01-torso_1-166.webp
D8F8CC299907D8B517950E4BCADFC92CD092D97E7A90B62414E9A1E187E8C99D	C:\admirales\script_ver\script_ver\quarantine\under-review\17mov_CharacterSystem\web\photos\mp_f_freemode_01-torso_1-167.webp
65D45CF118D8E96099E00A17327B3C9A378A77154446E5DA4CA39BA3910460ED	C:\admirales\script_ver\script_ver\quarantine\under-review\17mov_CharacterSystem\web\photos\mp_f_freemode_01-torso_1-168.webp
338AC8FA93795D8CC9831511F0FF2823B55246D71516289250F3B297847ED0DF	C:\admirales\script_ver\script_ver\quarantine\under-review\17mov_CharacterSystem\web\photos\mp_f_freemode_01-torso_1-169.webp
C322A1CA8E429524D49EECACA159FA969C49A2B77E5943643606FAA774286AD0	C:\admirales\script_ver\script_ver\quarantine\under-review\17mov_CharacterSystem\web\photos\mp_f_freemode_01-torso_1-17.webp
83F12F22F796CB2CAC5008DD3EDABAB567526D492917B4DE81D0D273E26A5F36	C:\admirales\script_ver\script_ver\quarantine\under-review\17mov_CharacterSystem\web\photos\mp_f_freemode_01-torso_1-170.webp
9BBBB9EC5BFAF1B4A1C3AE048BA20CA10DFC11D3BA7C67037DA54850CAD1D6D1	C:\admirales\script_ver\script_ver\quarantine\under-review\17mov_CharacterSystem\web\photos\mp_f_freemode_01-torso_1-171.webp
FB186C77DE583CFE14FE5AE6FBCDF79EE52F4D965981B8ECA90D65CAD2600BEF	C:\admirales\script_ver\script_ver\quarantine\under-review\17mov_CharacterSystem\web\photos\mp_f_freemode_01-torso_1-172.webp
4152FC216C3CDF861DB52024CD2C9AC5E94BA66C5D6D5E000AE6F191B1ECFB7B	C:\admirales\script_ver\script_ver\quarantine\under-review\17mov_CharacterSystem\web\photos\mp_f_freemode_01-torso_1-173.webp
E92912733215041093D3F88FD9E4982750FB8511C0BD7D600C10F6F6D6C27BAF	C:\admirales\script_ver\script_ver\quarantine\under-review\17mov_CharacterSystem\web\photos\mp_f_freemode_01-torso_1-174.webp
017BB3BAAAEDE9D167A9798CF6EF5E3F6F08DF8864AE4AB793944E75EDC31BAB	C:\admirales\script_ver\script_ver\quarantine\under-review\17mov_CharacterSystem\web\photos\mp_f_freemode_01-torso_1-175.webp
2B0BCE443E7E9093E2DE9813BB25617693D9D261C5CEB00845563546F9CF4F7F	C:\admirales\script_ver\script_ver\quarantine\under-review\17mov_CharacterSystem\web\photos\mp_f_freemode_01-torso_1-176.webp
D3D737F3F0EBF519DFD83437464DDBB72F135C152A80D8D5FD7CF873C9227BFF	C:\admirales\script_ver\script_ver\quarantine\under-review\17mov_CharacterSystem\web\photos\mp_f_freemode_01-torso_1-177.webp
5349C127459CD84870CBE87BEBE4E8FF76EB7713A30546FA6812854F29E97843	C:\admirales\script_ver\script_ver\quarantine\under-review\17mov_CharacterSystem\web\photos\mp_f_freemode_01-torso_1-178.webp
05F9D9FB6F8E538D5BB986D96C5CD97FCE0788BA9EF4E9FE82318A574D087A5D	C:\admirales\script_ver\script_ver\quarantine\under-review\17mov_CharacterSystem\web\photos\mp_f_freemode_01-torso_1-179.webp
8A89C3455D490A68F2CF3A0F9A2373A5B4D949599E22FE9C3AF96396B825ACEB	C:\admirales\script_ver\script_ver\quarantine\under-review\17mov_CharacterSystem\web\photos\mp_f_freemode_01-torso_1-18.webp
79935DBBF1B017282AF78663F95BD5F5EEB67FF5518DC98603C919D70B79036B	C:\admirales\script_ver\script_ver\quarantine\under-review\17mov_CharacterSystem\web\photos\mp_f_freemode_01-torso_1-180.webp
3EEC7736BE4867450643C0A9AE36C4303B6C34CB40487E0AFAE472D208C5B5F2	C:\admirales\script_ver\script_ver\quarantine\under-review\17mov_CharacterSystem\web\photos\mp_f_freemode_01-torso_1-181.webp
5BA0CBECCACEB211127674A4119D57AC5311EF312971734E410B2E59F359C759	C:\admirales\script_ver\script_ver\quarantine\under-review\17mov_CharacterSystem\web\photos\mp_f_freemode_01-torso_1-182.webp
83F0226AA1BD24A96824EDE986175B00B78D8D72EA2A68553F77253D8A188384	C:\admirales\script_ver\script_ver\quarantine\under-review\17mov_CharacterSystem\web\photos\mp_f_freemode_01-torso_1-183.webp
0D0BA566B28B20E10E5EE36E05689B5BA48E92ACAA83EF07BB1C7810A31C217A	C:\admirales\script_ver\script_ver\quarantine\under-review\17mov_CharacterSystem\web\photos\mp_f_freemode_01-torso_1-184.webp
2760B63CDAC7FB1E46BB81EC3F0B0FE23F0761392C32ADD169BB9C669B775F48	C:\admirales\script_ver\script_ver\quarantine\under-review\17mov_CharacterSystem\web\photos\mp_f_freemode_01-torso_1-185.webp
52C84ECE6886CAED7C7FF33A6985BDB1AA28A1F36BE5712E0AD1149B036401DD	C:\admirales\script_ver\script_ver\quarantine\under-review\17mov_CharacterSystem\web\photos\mp_f_freemode_01-torso_1-186.webp
D185EAACFD943E7EC34E7D2552270F84ECBD0F98C7ADFE3BFB4BBAFAB2C634C7	C:\admirales\script_ver\script_ver\quarantine\under-review\17mov_CharacterSystem\web\photos\mp_f_freemode_01-torso_1-187.webp
FAA4CF9A7F8857C2CE124CBF6F9FFD20642F68D6E33456A85E02F4421A14044A	C:\admirales\script_ver\script_ver\quarantine\under-review\17mov_CharacterSystem\web\photos\mp_f_freemode_01-torso_1-188.webp
9D4BBC91F3E6AF010013D9E0EA960EFF95EE7371DDE78F471D2099495B37C152	C:\admirales\script_ver\script_ver\quarantine\under-review\17mov_CharacterSystem\web\photos\mp_f_freemode_01-torso_1-189.webp
B4B32A5855C715379C16A3EC0FA7F8517A785BA9014F7E5E7DBD6E4DEF89C5CA	C:\admirales\script_ver\script_ver\quarantine\under-review\17mov_CharacterSystem\web\photos\mp_f_freemode_01-torso_1-19.webp
E5F71198FA66C366995D62A9C49B2CF9389D54794F63B2BEEF9C478EBD0A253C	C:\admirales\script_ver\script_ver\quarantine\under-review\17mov_CharacterSystem\web\photos\mp_f_freemode_01-torso_1-190.webp
E6C8BE0E52C5C3462E5B6BF4D5F2FC03FB90403E5AB2C4ACF0E8CC9D76C8C522	C:\admirales\script_ver\script_ver\quarantine\under-review\17mov_CharacterSystem\web\photos\mp_f_freemode_01-torso_1-191.webp
77DEC9AD233F7BFE624DAECEBC165691A3391D638188D96CE35FD7068A4B04D5	C:\admirales\script_ver\script_ver\quarantine\under-review\17mov_CharacterSystem\web\photos\mp_f_freemode_01-torso_1-192.webp
94A7A883F6BBE4D039E5F3AE72B068C97A036A64F3C778E39B5A69A626FB3AD7	C:\admirales\script_ver\script_ver\quarantine\under-review\17mov_CharacterSystem\web\photos\mp_f_freemode_01-torso_1-193.webp
C399ABCD9261CCBB3F2060FE282D15B7F737D0EA12533077A7A46F1F0FFA7EB2	C:\admirales\script_ver\script_ver\quarantine\under-review\17mov_CharacterSystem\web\photos\mp_f_freemode_01-torso_1-194.webp
831B988E7F065F0970D08B20922F1C6610792FF2317C5C27B370D2F4584B40D7	C:\admirales\script_ver\script_ver\quarantine\under-review\17mov_CharacterSystem\web\photos\mp_f_freemode_01-torso_1-195.webp
E657BDD841A3B8FDB215C4A7A9679621013D37F8A6CA9C318C413BC81F628DB6	C:\admirales\script_ver\script_ver\quarantine\under-review\17mov_CharacterSystem\web\photos\mp_f_freemode_01-torso_1-196.webp
E60A6EEAF0F0F20059EACE0ADF10355C786A6DB3DF96C02D02D6305BFD65B4B9	C:\admirales\script_ver\script_ver\quarantine\under-review\17mov_CharacterSystem\web\photos\mp_f_freemode_01-torso_1-197.webp
454AB7173CDD0B7A9D26E4F86C0CF615BB4C3A3164F9C241F6B9F8D6A0835617	C:\admirales\script_ver\script_ver\quarantine\under-review\17mov_CharacterSystem\web\photos\mp_f_freemode_01-torso_1-198.webp
27E5A0FDEFC70F609914FDBBD81F8F21AAD7C37DBE969DEA5B9D66102E505D68	C:\admirales\script_ver\script_ver\quarantine\under-review\17mov_CharacterSystem\web\photos\mp_f_freemode_01-torso_1-199.webp
6B0EF8191E1D6FDDFFC74BBDFAEBF51F56C9E86BEFEC9DD9AED668801E0EFA12	C:\admirales\script_ver\script_ver\quarantine\under-review\17mov_CharacterSystem\web\photos\mp_f_freemode_01-torso_1-2.webp
EBF3B8E6F2B371BDB62B846EDC051A0B815101952AA89054DC66F32EC78C976C	C:\admirales\script_ver\script_ver\quarantine\under-review\17mov_CharacterSystem\web\photos\mp_f_freemode_01-torso_1-20.webp
EF321327DC91C8383DCAA8BD0D1B276861A3AFF07079405370469BE40C4092B8	C:\admirales\script_ver\script_ver\quarantine\under-review\17mov_CharacterSystem\web\photos\mp_f_freemode_01-torso_1-200.webp
DA3D3A6AE3C8510198F14786A51D8CEC1382A36162575FA19A98DE942D423709	C:\admirales\script_ver\script_ver\quarantine\under-review\17mov_CharacterSystem\web\photos\mp_f_freemode_01-torso_1-201.webp
808F87FF8C692652700DFD69985FBDB1708CDDA021F642608DB25F221CEB75B1	C:\admirales\script_ver\script_ver\quarantine\under-review\17mov_CharacterSystem\web\photos\mp_f_freemode_01-torso_1-202.webp
F9842C8190D102A4D8666AA21AEC2DF8019EAE61D0CB88D7D80D06CD91CDA15F	C:\admirales\script_ver\script_ver\quarantine\under-review\17mov_CharacterSystem\web\photos\mp_f_freemode_01-torso_1-203.webp
968C6DE7248B4D7DB9BFEC0FB4840BC1B333626C781AA40D8037E0C88AE44B36	C:\admirales\script_ver\script_ver\quarantine\under-review\17mov_CharacterSystem\web\photos\mp_f_freemode_01-torso_1-204.webp
3C8D7CE89C767AC1B78F5A2C38BBE1AB52FF1E2576B49DF378068C3164C21DAD	C:\admirales\script_ver\script_ver\quarantine\under-review\17mov_CharacterSystem\web\photos\mp_f_freemode_01-torso_1-205.webp
8546CD097B13EC2E9327D658E86771B4A555C87AA913971D2BB82CE23882D00E	C:\admirales\script_ver\script_ver\quarantine\under-review\17mov_CharacterSystem\web\photos\mp_f_freemode_01-torso_1-206.webp
65BE54FB7FBB284B18B73A335FA9154F969805E49364ED8C163D25F232839194	C:\admirales\script_ver\script_ver\quarantine\under-review\17mov_CharacterSystem\web\photos\mp_f_freemode_01-torso_1-207.webp
3761442CCC5A2252104F073949857A38285E8504F97F27F4FDDAD0027415BA06	C:\admirales\script_ver\script_ver\quarantine\under-review\17mov_CharacterSystem\web\photos\mp_f_freemode_01-torso_1-208.webp
43852053AA3E74106DEEBA1838BA38A583181CCA5C0FA9118F43E9B67B174B28	C:\admirales\script_ver\script_ver\quarantine\under-review\17mov_CharacterSystem\web\photos\mp_f_freemode_01-torso_1-209.webp
8752AD4CBB511AD91549559A4669196AC9C868DA17732A77C19EF719CA3384C1	C:\admirales\script_ver\script_ver\quarantine\under-review\17mov_CharacterSystem\web\photos\mp_f_freemode_01-torso_1-21.webp
49FDC9B98FF135FEBBB04FC78E4E19FD2A1F6538267A98443A259ECC24110849	C:\admirales\script_ver\script_ver\quarantine\under-review\17mov_CharacterSystem\web\photos\mp_f_freemode_01-torso_1-210.webp
1C009C6FBE5F4CEC909A00CC7A621B8162E340AC7040C353608EE39215A3FD59	C:\admirales\script_ver\script_ver\quarantine\under-review\17mov_CharacterSystem\web\photos\mp_f_freemode_01-torso_1-211.webp
5702A57176BD5FB15FCD616EBA606728E38639D46417DBBB89E2F83EBBFD2ACA	C:\admirales\script_ver\script_ver\quarantine\under-review\17mov_CharacterSystem\web\photos\mp_f_freemode_01-torso_1-212.webp
B9B82820729C804AF40A308A4B7BB1153591A0352123109D66F6FEACB57E9B5F	C:\admirales\script_ver\script_ver\quarantine\under-review\17mov_CharacterSystem\web\photos\mp_f_freemode_01-torso_1-213.webp
CD9B2ADD67006F7F9BCE0AFC9E02160ADC011001768212B2DBD3FF9D3AD80269	C:\admirales\script_ver\script_ver\quarantine\under-review\17mov_CharacterSystem\web\photos\mp_f_freemode_01-torso_1-214.webp
A0A6F91137318456F9AE11E8C948A8A8413BA975FD77145D868D7F4952645C65	C:\admirales\script_ver\script_ver\quarantine\under-review\17mov_CharacterSystem\web\photos\mp_f_freemode_01-torso_1-215.webp
248C92F4E1C9691D6A90313B4B8E727F7BD62736EA4F64FDE64AE4C152436C96	C:\admirales\script_ver\script_ver\quarantine\under-review\17mov_CharacterSystem\web\photos\mp_f_freemode_01-torso_1-216.webp
2B2A28FDBD2C119D20812C511DB0EF51C973AF9F77A8A43B80CB796EB1C271C0	C:\admirales\script_ver\script_ver\quarantine\under-review\17mov_CharacterSystem\web\photos\mp_f_freemode_01-torso_1-217.webp
6AFB03FCB49BD67389B50AC043FCE5B8C95A824ED0528DF36BD5529F8A3993CC	C:\admirales\script_ver\script_ver\quarantine\under-review\17mov_CharacterSystem\web\photos\mp_f_freemode_01-torso_1-218.webp
93762468772DF2F344EFDA52E92A122C436469E83BE105A8E59923F4D751D1FD	C:\admirales\script_ver\script_ver\quarantine\under-review\17mov_CharacterSystem\web\photos\mp_f_freemode_01-torso_1-219.webp
B2C4584B57B124FCC2F57443E578FAC8404B0551F44347F8A818E4C34460BF92	C:\admirales\script_ver\script_ver\quarantine\under-review\17mov_CharacterSystem\web\photos\mp_f_freemode_01-torso_1-22.webp
79412D97472E20FA6EA5FD6A21328BCA9F52516BEEDDF8DE4F982033A1D5C66B	C:\admirales\script_ver\script_ver\quarantine\under-review\17mov_CharacterSystem\web\photos\mp_f_freemode_01-torso_1-220.webp
D3405503C94063C99C7DD8599BF2BF57A43104EDC50798CA0B39D177922CC9B6	C:\admirales\script_ver\script_ver\quarantine\under-review\17mov_CharacterSystem\web\photos\mp_f_freemode_01-torso_1-221.webp
CB4BC87EC1764066C88380668BDD37DBD38D7785C15442F2A3BD3AA4259D7A68	C:\admirales\script_ver\script_ver\quarantine\under-review\17mov_CharacterSystem\web\photos\mp_f_freemode_01-torso_1-222.webp
A8541DB4CA31CE20734639ECD4B95C64575664945BE0D723B62C02E70AB3DA5A	C:\admirales\script_ver\script_ver\quarantine\under-review\17mov_CharacterSystem\web\photos\mp_f_freemode_01-torso_1-223.webp
8CF9FC61A9E322AEA066FF6410BADC815BC63ED5505FBFFA9CBCB459A7861306	C:\admirales\script_ver\script_ver\quarantine\under-review\17mov_CharacterSystem\web\photos\mp_f_freemode_01-torso_1-224.webp
8B88FC6820C65076A94CB6C83A95D828F6569DE072AF9D9C5D47CBC82846CA0C	C:\admirales\script_ver\script_ver\quarantine\under-review\17mov_CharacterSystem\web\photos\mp_f_freemode_01-torso_1-225.webp
09B7B3D72884DA7307FCBE6CFFC129D053D4F4F2699F614276EFD78B9DBF1CBF	C:\admirales\script_ver\script_ver\quarantine\under-review\17mov_CharacterSystem\web\photos\mp_f_freemode_01-torso_1-226.webp
64306EA54D945CDA64DC9D8706D41AE255344B557FEB24E2DF7FE01FDC3DFB03	C:\admirales\script_ver\script_ver\quarantine\under-review\17mov_CharacterSystem\web\photos\mp_f_freemode_01-torso_1-227.webp
A53B385C23BC04D7A459ED45F48D201060719F7B093E18B5280EFAA23888E2CE	C:\admirales\script_ver\script_ver\quarantine\under-review\17mov_CharacterSystem\web\photos\mp_f_freemode_01-torso_1-228.webp
5B42234AE5134A82EFC835BBC7A6FECD5B15D0B4CD3E22F3C09F96B19689118D	C:\admirales\script_ver\script_ver\quarantine\under-review\17mov_CharacterSystem\web\photos\mp_f_freemode_01-torso_1-229.webp
BC54E66B23A0836AFD2E316CEFD5760827ABEA0BC4A7488E5F32B4E4A094D2FE	C:\admirales\script_ver\script_ver\quarantine\under-review\17mov_CharacterSystem\web\photos\mp_f_freemode_01-torso_1-23.webp
2A87FCD4D91882003AA0C95F604BB8E2A8E8752462D2B3860D8E342968EB92D7	C:\admirales\script_ver\script_ver\quarantine\under-review\17mov_CharacterSystem\web\photos\mp_f_freemode_01-torso_1-230.webp
F219EA176FBE315C1E391DE86F8BCC97687DAAF317AFC0E29930E7E70EFEAB80	C:\admirales\script_ver\script_ver\quarantine\under-review\17mov_CharacterSystem\web\photos\mp_f_freemode_01-torso_1-231.webp
0B527B673602B5756DD7A12E96CB40EA2A70F9E3773772C7BBD41B0EADCDC1B9	C:\admirales\script_ver\script_ver\quarantine\under-review\17mov_CharacterSystem\web\photos\mp_f_freemode_01-torso_1-232.webp
3BAAF791750A871655EF678CDDF58D40CB05CF3A2BD8639F4CCCE389CF0E606B	C:\admirales\script_ver\script_ver\quarantine\under-review\17mov_CharacterSystem\web\photos\mp_f_freemode_01-torso_1-233.webp
E9D08793F11AD781DB077BC14AD873B8C71115CAFF22448DA03EC2CC56A19156	C:\admirales\script_ver\script_ver\quarantine\under-review\17mov_CharacterSystem\web\photos\mp_f_freemode_01-torso_1-234.webp
EEF28C5675A5278FD25635E761D5F221E1D0E2E3E08E7977B8C97EFEA7ECB2A4	C:\admirales\script_ver\script_ver\quarantine\under-review\17mov_CharacterSystem\web\photos\mp_f_freemode_01-torso_1-235.webp
2D83D5EF90309029D57FA5BE00899BF812CEA3177DF7D58518412EB07F44D83C	C:\admirales\script_ver\script_ver\quarantine\under-review\17mov_CharacterSystem\web\photos\mp_f_freemode_01-torso_1-236.webp
20CE951C36DCC007206AE599BF9772B8ECD3E11C496AE641F42FFA8D1E166034	C:\admirales\script_ver\script_ver\quarantine\under-review\17mov_CharacterSystem\web\photos\mp_f_freemode_01-torso_1-237.webp
34CC0EE0C91803B485E5629F514E6C5E22CD47EBD8E44F68D057BF032DC1665A	C:\admirales\script_ver\script_ver\quarantine\under-review\17mov_CharacterSystem\web\photos\mp_f_freemode_01-torso_1-238.webp
534859547A8BE3999AA28C24DB7933BB99EC0D6D5B86E57C017C23D5EFE40E3D	C:\admirales\script_ver\script_ver\quarantine\under-review\17mov_CharacterSystem\web\photos\mp_f_freemode_01-torso_1-239.webp
607230EB65F5180275C5216113C4C2E57575BB589003224F1377C02D24DECF8A	C:\admirales\script_ver\script_ver\quarantine\under-review\17mov_CharacterSystem\web\photos\mp_f_freemode_01-torso_1-24.webp
0DF3B7BD9AF4F6C2312ECA1F37E6B3F4E92269EC0C15C1776F1F6D60D199BB9A	C:\admirales\script_ver\script_ver\quarantine\under-review\17mov_CharacterSystem\web\photos\mp_f_freemode_01-torso_1-240.webp
B0AC50489D557EE2E054EAB48DD9D6E84636AE8A67FCD7F95068558B00600E82	C:\admirales\script_ver\script_ver\quarantine\under-review\17mov_CharacterSystem\web\photos\mp_f_freemode_01-torso_1-241.webp
5F2A0B02D362CF0DB13488467A3C58F64D66CA03E7F3E12C54074711F4B77631	C:\admirales\script_ver\script_ver\quarantine\under-review\17mov_CharacterSystem\web\photos\mp_f_freemode_01-torso_1-242.webp
9D4583D142D89F1C977767CC4F3B70B63A7771D7CBD3A419043DD42F38D0C8B3	C:\admirales\script_ver\script_ver\quarantine\under-review\17mov_CharacterSystem\web\photos\mp_f_freemode_01-torso_1-243.webp
1A952FC255861CED6BD5DA4D8DADA85E2E5BEA4506292095D32EF806FE177C09	C:\admirales\script_ver\script_ver\quarantine\under-review\17mov_CharacterSystem\web\photos\mp_f_freemode_01-torso_1-244.webp
E87795DB029964E08481BD656B8CAADF17710F0F178245986D12D97090683373	C:\admirales\script_ver\script_ver\quarantine\under-review\17mov_CharacterSystem\web\photos\mp_f_freemode_01-torso_1-245.webp
F26B1492B049B54C28394927882197EB3B1798F0175181157594F5BFFE7D2C1D	C:\admirales\script_ver\script_ver\quarantine\under-review\17mov_CharacterSystem\web\photos\mp_f_freemode_01-torso_1-246.webp
1C7D3A928620721D44E798A52C0F17DA2C39009730408BD3ED1560DB925B756B	C:\admirales\script_ver\script_ver\quarantine\under-review\17mov_CharacterSystem\web\photos\mp_f_freemode_01-torso_1-247.webp
27C5298E89084F84C151E27E4D2C4C2545D66CA3144867D062023587557610E4	C:\admirales\script_ver\script_ver\quarantine\under-review\17mov_CharacterSystem\web\photos\mp_f_freemode_01-torso_1-248.webp
59CEFCCC2CEA5CD16482BB46C4BB0A33671466ECEE24B77964BD5E8310A0EE57	C:\admirales\script_ver\script_ver\quarantine\under-review\17mov_CharacterSystem\web\photos\mp_f_freemode_01-torso_1-249.webp
84EBF79F9A1449DC8F2D4AD642880BAA718F1FC33CCB512CC1F1FFC9605297CF	C:\admirales\script_ver\script_ver\quarantine\under-review\17mov_CharacterSystem\web\photos\mp_f_freemode_01-torso_1-25.webp
21C8E71DB75834E2709FAF20558DE599BB4D79F7D40F7ECD8FFB7BC16F37BDD9	C:\admirales\script_ver\script_ver\quarantine\under-review\17mov_CharacterSystem\web\photos\mp_f_freemode_01-torso_1-250.webp
C61466A6A9E6D8FCD6FF16ED98DC922CCBB6CFB77780D2CE48A05E5241BA31F9	C:\admirales\script_ver\script_ver\quarantine\under-review\17mov_CharacterSystem\web\photos\mp_f_freemode_01-torso_1-251.webp
7059E1079282FAE628FF3208CE794B3C33C04F242DCEB4E16F87D702B0EB7998	C:\admirales\script_ver\script_ver\quarantine\under-review\17mov_CharacterSystem\web\photos\mp_f_freemode_01-torso_1-252.webp
65D3B234E4C17970E0699A7A6C808E2C8A7352978CAAEEC17B667A815F622623	C:\admirales\script_ver\script_ver\quarantine\under-review\17mov_CharacterSystem\web\photos\mp_f_freemode_01-torso_1-253.webp
BA0F50E8FB77C421CA4686438DA2687F6FF8B057F91716AB64F6CFB0A03FA4F4	C:\admirales\script_ver\script_ver\quarantine\under-review\17mov_CharacterSystem\web\photos\mp_f_freemode_01-torso_1-254.webp
373B3B8BCF4EB1932CCE955B99909FB7D665662E1A10FD737F4D64367083E17D	C:\admirales\script_ver\script_ver\quarantine\under-review\17mov_CharacterSystem\web\photos\mp_f_freemode_01-torso_1-255.webp
245BB107884EB98432D1B4BD17DC8AC96A813905807379AA4886723AE7424B0E	C:\admirales\script_ver\script_ver\quarantine\under-review\17mov_CharacterSystem\web\photos\mp_f_freemode_01-torso_1-256.webp
A3E3A5756668D8C8178FBA342C1AE2BEB737D2BD42A794F46CE9F57987533E0B	C:\admirales\script_ver\script_ver\quarantine\under-review\17mov_CharacterSystem\web\photos\mp_f_freemode_01-torso_1-257.webp
87A4CB0EA330F8E23F27278192F8FA776B98536FA771757B929BBAB99579E021	C:\admirales\script_ver\script_ver\quarantine\under-review\17mov_CharacterSystem\web\photos\mp_f_freemode_01-torso_1-258.webp
477A2ABD0EE001E875B60492CA6D1A5BDD6FC5690445466E92FA042A205E1FDC	C:\admirales\script_ver\script_ver\quarantine\under-review\17mov_CharacterSystem\web\photos\mp_f_freemode_01-torso_1-259.webp
839996D633C3D36387B5A7231D50101F56EB22EA61368AB4B1DA1FF87385C799	C:\admirales\script_ver\script_ver\quarantine\under-review\17mov_CharacterSystem\web\photos\mp_f_freemode_01-torso_1-26.webp
9952BEAAD58CEAD1925EB7A5FEAEE23720D40B9066C44EEB1A0C7DBFAD27E9EE	C:\admirales\script_ver\script_ver\quarantine\under-review\17mov_CharacterSystem\web\photos\mp_f_freemode_01-torso_1-260.webp
6D4DE9B01364CAF2A11476F4FE5EF7BCDF0BC0557FCCF963099EB7DDD32CA21B	C:\admirales\script_ver\script_ver\quarantine\under-review\17mov_CharacterSystem\web\photos\mp_f_freemode_01-torso_1-261.webp
E9AAB92445C778AF894A90FB94E1FC096561C2239D703405E2A3FA414FB5A91C	C:\admirales\script_ver\script_ver\quarantine\under-review\17mov_CharacterSystem\web\photos\mp_f_freemode_01-torso_1-262.webp
F1B847F0BE0A6751D317020CD527D6CCBF2EFBF4A3EAEC64B2247C9D428E0A3E	C:\admirales\script_ver\script_ver\quarantine\under-review\17mov_CharacterSystem\web\photos\mp_f_freemode_01-torso_1-263.webp
D9BF6B6E155F2F873C4AED969E7DF7A78FE88FD082D5EA908155F2B6112E893E	C:\admirales\script_ver\script_ver\quarantine\under-review\17mov_CharacterSystem\web\photos\mp_f_freemode_01-torso_1-264.webp
57466927C47C1C31907E2CF2F216BAC04A44D5DBC966AE8C287F1271434DD7F8	C:\admirales\script_ver\script_ver\quarantine\under-review\17mov_CharacterSystem\web\photos\mp_f_freemode_01-torso_1-265.webp
777D22EBD55492F8B213CFDF9184253B672CDF08AC03993590A599A022C04E3A	C:\admirales\script_ver\script_ver\quarantine\under-review\17mov_CharacterSystem\web\photos\mp_f_freemode_01-torso_1-266.webp
B1DFBEAEF70A5EB06ABE5CB57991549AA23DB9F67E574CFE512BE03B0E4B20E1	C:\admirales\script_ver\script_ver\quarantine\under-review\17mov_CharacterSystem\web\photos\mp_f_freemode_01-torso_1-267.webp
CF6A7D8E78D6971C3AB735BB338E165D55D1A988D1063A38C820BECC144CD424	C:\admirales\script_ver\script_ver\quarantine\under-review\17mov_CharacterSystem\web\photos\mp_f_freemode_01-torso_1-268.webp
93D14F39C209500B9BAE0CCA788EE153564B538AC2B5F25B06B6775BB4F31C6B	C:\admirales\script_ver\script_ver\quarantine\under-review\17mov_CharacterSystem\web\photos\mp_f_freemode_01-torso_1-269.webp
5F3A8BC74A3D59015877AA4CDB12F47422A713473E9F205034DDB6D203899DA3	C:\admirales\script_ver\script_ver\quarantine\under-review\17mov_CharacterSystem\web\photos\mp_f_freemode_01-torso_1-27.webp
DED6BAD50C0C25BABD037A4E5DF3DFB9EEF42014A8E4DDCA53530DC018B7316B	C:\admirales\script_ver\script_ver\quarantine\under-review\17mov_CharacterSystem\web\photos\mp_f_freemode_01-torso_1-270.webp
8B1574E2E754704930CC3D63A5D5E0F778730890E3FAD7E48BBD10C621B49FFB	C:\admirales\script_ver\script_ver\quarantine\under-review\17mov_CharacterSystem\web\photos\mp_f_freemode_01-torso_1-271.webp
64B1E1244B73C373D3E91F9ADF4DBF916A7988180BB5F84665257228D2B8067A	C:\admirales\script_ver\script_ver\quarantine\under-review\17mov_CharacterSystem\web\photos\mp_f_freemode_01-torso_1-272.webp
C9A230D076681DCF509EA49BE1DC2043D18B510A2B603016B08C01F68BB2A7EA	C:\admirales\script_ver\script_ver\quarantine\under-review\17mov_CharacterSystem\web\photos\mp_f_freemode_01-torso_1-273.webp
364E681CE948FB363EDB5CBE1AAADABFB7A7084304FB7F4D3F84A1F4F20CFBC0	C:\admirales\script_ver\script_ver\quarantine\under-review\17mov_CharacterSystem\web\photos\mp_f_freemode_01-torso_1-274.webp
7930E7151D3CD852A65A2BF68743A94A407E74A1E075C3D6B1CCBC534E656849	C:\admirales\script_ver\script_ver\quarantine\under-review\17mov_CharacterSystem\web\photos\mp_f_freemode_01-torso_1-275.webp
F6811BD6BCD8814943D2678710BB99BF79AEDD6CAB75664CCEF76DE0776952C9	C:\admirales\script_ver\script_ver\quarantine\under-review\17mov_CharacterSystem\web\photos\mp_f_freemode_01-torso_1-276.webp
0884C0F5726538BC9FFE8399AE5405DF629897C52A19006C1D282C0050A4D42E	C:\admirales\script_ver\script_ver\quarantine\under-review\17mov_CharacterSystem\web\photos\mp_f_freemode_01-torso_1-277.webp
A9E8669074539413A246F4762EC1A065A0D7BCEB532C006605BFDA93C3CDFF28	C:\admirales\script_ver\script_ver\quarantine\under-review\17mov_CharacterSystem\web\photos\mp_f_freemode_01-torso_1-278.webp
0CFD04B965720BB27D53D0CBA656E594F5D9B6F251AE45B7CA12C58D45CD139F	C:\admirales\script_ver\script_ver\quarantine\under-review\17mov_CharacterSystem\web\photos\mp_f_freemode_01-torso_1-279.webp
3A82A56204C2C63BB0B64F12571DBFE792F783ACA35AA2442EA36EEF70C4EE9D	C:\admirales\script_ver\script_ver\quarantine\under-review\17mov_CharacterSystem\web\photos\mp_f_freemode_01-torso_1-28.webp
55982C339377D9353F340596DE5043156748AF4FE8BE5D310E6963FF5343B417	C:\admirales\script_ver\script_ver\quarantine\under-review\17mov_CharacterSystem\web\photos\mp_f_freemode_01-torso_1-280.webp
90000F6FF3DC11DA48B3F8A35DD7C05191DC0D7E707438DF6A38ECF582DEE233	C:\admirales\script_ver\script_ver\quarantine\under-review\17mov_CharacterSystem\web\photos\mp_f_freemode_01-torso_1-281.webp
93964F9DAB9467932CEADAAC0B38B52D53EF6823309755DE4B1CBA43EA8D375E	C:\admirales\script_ver\script_ver\quarantine\under-review\17mov_CharacterSystem\web\photos\mp_f_freemode_01-torso_1-282.webp
D1A4A4A408EA7F1B6F998DC25FF55AAA988AB864073164A63EC38EB3C7FE180E	C:\admirales\script_ver\script_ver\quarantine\under-review\17mov_CharacterSystem\web\photos\mp_f_freemode_01-torso_1-283.webp
517C2DD6CD79263148CDACB02FFEDC5A51D4F6A9FB24DD2631777D2D47577248	C:\admirales\script_ver\script_ver\quarantine\under-review\17mov_CharacterSystem\web\photos\mp_f_freemode_01-torso_1-284.webp
565A0328B77C526BBEB0431CAA80B931DAFBCB0F45C5FC9009131B8A4241FC80	C:\admirales\script_ver\script_ver\quarantine\under-review\17mov_CharacterSystem\web\photos\mp_f_freemode_01-torso_1-285.webp
570ECE046B00B0160F275CE606A244CD5D544309488BF1F8B0B65632027C4874	C:\admirales\script_ver\script_ver\quarantine\under-review\17mov_CharacterSystem\web\photos\mp_f_freemode_01-torso_1-286.webp
40C09DA03D59EC062A1171592C2D087F6190450D60817665F7177E32CC8A8C78	C:\admirales\script_ver\script_ver\quarantine\under-review\17mov_CharacterSystem\web\photos\mp_f_freemode_01-torso_1-287.webp
8370D43FA975E007EB82B80B132D36462C89AEA95D6C961BBF68047A6EE61994	C:\admirales\script_ver\script_ver\quarantine\under-review\17mov_CharacterSystem\web\photos\mp_f_freemode_01-torso_1-288.webp
C8B1AD5788B5C3741C4F7711EEA80EF45021A652FDBECEEE449A90AEB3BD48D1	C:\admirales\script_ver\script_ver\quarantine\under-review\17mov_CharacterSystem\web\photos\mp_f_freemode_01-torso_1-289.webp
3F10D0659D226731009223B9296020F50EDD2AA1AD73A056CDC51AAF2140A6A6	C:\admirales\script_ver\script_ver\quarantine\under-review\17mov_CharacterSystem\web\photos\mp_f_freemode_01-torso_1-29.webp
3B8662F4B47A8C3038D051C7555B90336DE049F2CB86A1D35E0F163B35EFEA30	C:\admirales\script_ver\script_ver\quarantine\under-review\17mov_CharacterSystem\web\photos\mp_f_freemode_01-torso_1-290.webp
41C25725D3E65B8BE2F0BD17D3F4EBF9B0C1A3200D4CB725E9B81A5EB9A189F3	C:\admirales\script_ver\script_ver\quarantine\under-review\17mov_CharacterSystem\web\photos\mp_f_freemode_01-torso_1-291.webp
6C291EEC42C0974BBC82395B078ACFEE94D431303F2EDA63217C08E887ED3BD2	C:\admirales\script_ver\script_ver\quarantine\under-review\17mov_CharacterSystem\web\photos\mp_f_freemode_01-torso_1-292.webp
55AF61CB4647F7866F3EBBB173E1517FBF9C1E624D0853872558037307A8F5B6	C:\admirales\script_ver\script_ver\quarantine\under-review\17mov_CharacterSystem\web\photos\mp_f_freemode_01-torso_1-293.webp
F0CC7DEFA9D166D89EF9DBE031D9F327BEBF36C2258BA45334E4AB7AFF0C6A5B	C:\admirales\script_ver\script_ver\quarantine\under-review\17mov_CharacterSystem\web\photos\mp_f_freemode_01-torso_1-294.webp
0B5430452DEEA27BE195276502F7E11C5B3542AD11618C2015FA3A83C044DBD0	C:\admirales\script_ver\script_ver\quarantine\under-review\17mov_CharacterSystem\web\photos\mp_f_freemode_01-torso_1-295.webp
D0061E03EFC4716517497DA23E12E858105DC5E98160F2ED22814161307C9B03	C:\admirales\script_ver\script_ver\quarantine\under-review\17mov_CharacterSystem\web\photos\mp_f_freemode_01-torso_1-296.webp
D93E2F7578B6B8251806CEC4F587566ECE9435726FA4C2672ACF30C528305F9D	C:\admirales\script_ver\script_ver\quarantine\under-review\17mov_CharacterSystem\web\photos\mp_f_freemode_01-torso_1-297.webp
A1D8543F8018ADB749AE442B7C53B41EC3B55BA30CB6E83A9C1E0A134C2AC6CD	C:\admirales\script_ver\script_ver\quarantine\under-review\17mov_CharacterSystem\web\photos\mp_f_freemode_01-torso_1-298.webp
D2DAF01C52187DF0DAA12327D064E751DE08F60A45942CF6D0358F1223E68436	C:\admirales\script_ver\script_ver\quarantine\under-review\17mov_CharacterSystem\web\photos\mp_f_freemode_01-torso_1-299.webp
B54BA22EC6D69EE4680CAC6FF495FA96B185D963A0D9C8728D920FAA50060EF4	C:\admirales\script_ver\script_ver\quarantine\under-review\17mov_CharacterSystem\web\photos\mp_f_freemode_01-torso_1-3.webp
F3871088CB0B2D12A29DDD20F1FE88E35B678CBBE143C0F39FBFA59D9837D493	C:\admirales\script_ver\script_ver\quarantine\under-review\17mov_CharacterSystem\web\photos\mp_f_freemode_01-torso_1-30.webp
DC13F77D6FBA5783BD52A1F94BD6D3BF7BBB99820BB984F8C1A74FDF2EFD09E9	C:\admirales\script_ver\script_ver\quarantine\under-review\17mov_CharacterSystem\web\photos\mp_f_freemode_01-torso_1-300.webp
BBD3AC3979BF3850AC65E6562AA7E5DDA7694D7EF9D2D0DFDC9C17B7FF2A65E9	C:\admirales\script_ver\script_ver\quarantine\under-review\17mov_CharacterSystem\web\photos\mp_f_freemode_01-torso_1-301.webp
054438FABA4CA90077DDD19AB4F845DBE8096D50CEFBC1DAD2E92140979F6767	C:\admirales\script_ver\script_ver\quarantine\under-review\17mov_CharacterSystem\web\photos\mp_f_freemode_01-torso_1-302.webp
30ED97D35E8A24B5FED1F83C4AA5A71850C9EB8871BB32958C05CE1E3EBBB138	C:\admirales\script_ver\script_ver\quarantine\under-review\17mov_CharacterSystem\web\photos\mp_f_freemode_01-torso_1-303.webp
C11DBDE162854DA20774551BFFDE2806F08E2DF29D7256154F0D9191EE2B84B8	C:\admirales\script_ver\script_ver\quarantine\under-review\17mov_CharacterSystem\web\photos\mp_f_freemode_01-torso_1-304.webp
7DAE85B932E90F638D3605C0C4C6D832903571541683D776030F7FA6E6EA6A1E	C:\admirales\script_ver\script_ver\quarantine\under-review\17mov_CharacterSystem\web\photos\mp_f_freemode_01-torso_1-305.webp
9CC009429E7279DD20E3D44526953C6C6F6FEA6FFE733D5941F473F5F0314643	C:\admirales\script_ver\script_ver\quarantine\under-review\17mov_CharacterSystem\web\photos\mp_f_freemode_01-torso_1-306.webp
BCAE5679DD07E4DA6A53E00F658495C96588F19F2467B74A8C50DB8FD629147C	C:\admirales\script_ver\script_ver\quarantine\under-review\17mov_CharacterSystem\web\photos\mp_f_freemode_01-torso_1-307.webp
DA6CB64BB882A477032BF833FEF2DF07AB0DA1E8D641474F0D71486199824C8B	C:\admirales\script_ver\script_ver\quarantine\under-review\17mov_CharacterSystem\web\photos\mp_f_freemode_01-torso_1-308.webp
C4EFFDD89D788EB1B4507A2E327C4E02B74167BAAD9E4BC25655D7C4AA7C185D	C:\admirales\script_ver\script_ver\quarantine\under-review\17mov_CharacterSystem\web\photos\mp_f_freemode_01-torso_1-309.webp
716D79A233618B878D348ACA4EC96FDF116CBD2682B19166C5A4379A7B4C2F12	C:\admirales\script_ver\script_ver\quarantine\under-review\17mov_CharacterSystem\web\photos\mp_f_freemode_01-torso_1-31.webp
CCE39BB7682AD3A8F5DBA75265F762275F9076E59ADD40767EAAED96C8030CFF	C:\admirales\script_ver\script_ver\quarantine\under-review\17mov_CharacterSystem\web\photos\mp_f_freemode_01-torso_1-310.webp
025A019F4C2537EAA6B282A760F6A493EC09ECEC882D45EE532310EFFD506749	C:\admirales\script_ver\script_ver\quarantine\under-review\17mov_CharacterSystem\web\photos\mp_f_freemode_01-torso_1-311.webp
540927320D75E62097DBB248B6BF88195099C3C22CAE3BA591F98499166F8223	C:\admirales\script_ver\script_ver\quarantine\under-review\17mov_CharacterSystem\web\photos\mp_f_freemode_01-torso_1-312.webp
14751E7BA354B4DEA1653FDA7176E2D1566D1AA178A53815DBB06B914C896F0E	C:\admirales\script_ver\script_ver\quarantine\under-review\17mov_CharacterSystem\web\photos\mp_f_freemode_01-torso_1-313.webp
7F419A4D0518C990CBDE20E0450D04AE91F722A131DFA4D491A087F1057113A1	C:\admirales\script_ver\script_ver\quarantine\under-review\17mov_CharacterSystem\web\photos\mp_f_freemode_01-torso_1-314.webp
E51A68F5946B3577E4A373E406199133CA088C0A1345BCF9109576178E960C93	C:\admirales\script_ver\script_ver\quarantine\under-review\17mov_CharacterSystem\web\photos\mp_f_freemode_01-torso_1-315.webp
136509C0C0BB1AA736F5D24551B268D141EE4D689E07BD2967AA919AFEA32387	C:\admirales\script_ver\script_ver\quarantine\under-review\17mov_CharacterSystem\web\photos\mp_f_freemode_01-torso_1-316.webp
3E8AFC2A97E4D015ADDC412853C7093B24CAD16E7EB6A34633A8C6E80EA69DC7	C:\admirales\script_ver\script_ver\quarantine\under-review\17mov_CharacterSystem\web\photos\mp_f_freemode_01-torso_1-317.webp
F6CB7F193E2621ECC3B85704278B6A644CA6438CEC7ABB683405117BE6E8C872	C:\admirales\script_ver\script_ver\quarantine\under-review\17mov_CharacterSystem\web\photos\mp_f_freemode_01-torso_1-318.webp
FB6A7C4672F8401471498A9E169CF0B2C7F345B3330DB6DC0466FD5F3CF1BC56	C:\admirales\script_ver\script_ver\quarantine\under-review\17mov_CharacterSystem\web\photos\mp_f_freemode_01-torso_1-319.webp
02431B84152E1FDE16284176F2E7268FD374C89D1EC06AC9723908D2FCC81A96	C:\admirales\script_ver\script_ver\quarantine\under-review\17mov_CharacterSystem\web\photos\mp_f_freemode_01-torso_1-32.webp
87E221574A62474D00A59CB9EF1B6EFFE0AF65F36ABF8972C21E031E0ED21562	C:\admirales\script_ver\script_ver\quarantine\under-review\17mov_CharacterSystem\web\photos\mp_f_freemode_01-torso_1-320.webp
F60AA7DC9AC50A545A38F1476036471A0B53BC98C51274D5B7AD448C38D3E4E0	C:\admirales\script_ver\script_ver\quarantine\under-review\17mov_CharacterSystem\web\photos\mp_f_freemode_01-torso_1-321.webp
DB6EE86ADB293925EC985681FFDCAD398C632E4C6AF9D35CC8A5FAD91F80C449	C:\admirales\script_ver\script_ver\quarantine\under-review\17mov_CharacterSystem\web\photos\mp_f_freemode_01-torso_1-322.webp
B03D8927CC28969C60D999626DF62BC912E0613EDEFC088CBEF24E9315F5B034	C:\admirales\script_ver\script_ver\quarantine\under-review\17mov_CharacterSystem\web\photos\mp_f_freemode_01-torso_1-323.webp
32C75F027D9474F5502ECC1305DDAFEE2479017B2F0AC5229C9843B9E3832603	C:\admirales\script_ver\script_ver\quarantine\under-review\17mov_CharacterSystem\web\photos\mp_f_freemode_01-torso_1-324.webp
8AD3B945F5D0F4531A89FC08DB680DFABBC32639130D69F8AC940062CDF673F8	C:\admirales\script_ver\script_ver\quarantine\under-review\17mov_CharacterSystem\web\photos\mp_f_freemode_01-torso_1-325.webp
7DDC14A978DDCB32307A564997C6EC351B82FFB29DBA67B57BEE494163097C02	C:\admirales\script_ver\script_ver\quarantine\under-review\17mov_CharacterSystem\web\photos\mp_f_freemode_01-torso_1-326.webp
6C16BC8AEEC8351C4CAEF985EBAA72A57B84205829869579D3B95C6ABB4630CF	C:\admirales\script_ver\script_ver\quarantine\under-review\17mov_CharacterSystem\web\photos\mp_f_freemode_01-torso_1-327.webp
88A60047F08CA1FCA165BC151E3092680CC562F67465F4AAB575703AFCEDC546	C:\admirales\script_ver\script_ver\quarantine\under-review\17mov_CharacterSystem\web\photos\mp_f_freemode_01-torso_1-328.webp
9F7B1B32D9B3C21B8BCC76F7C6A85430D7E824F817D69779E108EE103B3FD61E	C:\admirales\script_ver\script_ver\quarantine\under-review\17mov_CharacterSystem\web\photos\mp_f_freemode_01-torso_1-329.webp
5CC395EB3FA75621928585F0BCFADEFF96C9643BD4DA3D3708BD76EC5E8D95BA	C:\admirales\script_ver\script_ver\quarantine\under-review\17mov_CharacterSystem\web\photos\mp_f_freemode_01-torso_1-33.webp
8E6E66E3F7D8C536146B8BA92E4370FA1D5E76A6A5D391A39B5D79738B1D71E4	C:\admirales\script_ver\script_ver\quarantine\under-review\17mov_CharacterSystem\web\photos\mp_f_freemode_01-torso_1-330.webp
F90BE1CD56AF998BEE814EB47103E17A030A558EF34B4BB4374FE68FB8FAEBD8	C:\admirales\script_ver\script_ver\quarantine\under-review\17mov_CharacterSystem\web\photos\mp_f_freemode_01-torso_1-331.webp
C995F76E8AC21FD3E50052C6077088CCE3A6C39A78CE054F888DF1D5C8218C0B	C:\admirales\script_ver\script_ver\quarantine\under-review\17mov_CharacterSystem\web\photos\mp_f_freemode_01-torso_1-332.webp
2232A3E617E54188481CD636A2CC818B0377ED77441491AFA767EF6336942EB5	C:\admirales\script_ver\script_ver\quarantine\under-review\17mov_CharacterSystem\web\photos\mp_f_freemode_01-torso_1-333.webp
995B748FD181D48CCFE3D661031769DC7F9C1857503DAE6998DD3E51212C2834	C:\admirales\script_ver\script_ver\quarantine\under-review\17mov_CharacterSystem\web\photos\mp_f_freemode_01-torso_1-334.webp
609B83D229FD159892FCE9606631183B8AE9EE49F3EBED08780A406F78E4DD0B	C:\admirales\script_ver\script_ver\quarantine\under-review\17mov_CharacterSystem\web\photos\mp_f_freemode_01-torso_1-335.webp
160FB7FEAB4F7DE9A43404C4C231D3A40FEFDA5C5BBE72DE8EA297C2D7079DB0	C:\admirales\script_ver\script_ver\quarantine\under-review\17mov_CharacterSystem\web\photos\mp_f_freemode_01-torso_1-336.webp
14253A683041820219E53D2AC77FDEBE53347CEF867F80338B50330C7E51858C	C:\admirales\script_ver\script_ver\quarantine\under-review\17mov_CharacterSystem\web\photos\mp_f_freemode_01-torso_1-337.webp
A705E779A97E66CBDF68C40813F587DB7CC5C19CFEC7006EC67D52CBB64258D1	C:\admirales\script_ver\script_ver\quarantine\under-review\17mov_CharacterSystem\web\photos\mp_f_freemode_01-torso_1-338.webp
77C73ECEE82CC27F934DA785CF43FB27342B9BD2ACDD890B94CF3F9393F2E243	C:\admirales\script_ver\script_ver\quarantine\under-review\17mov_CharacterSystem\web\photos\mp_f_freemode_01-torso_1-339.webp
9575BD6D2AFD01F7798DEE38E82E381FB699276B8F1A278ED7268A2DF83F9398	C:\admirales\script_ver\script_ver\quarantine\under-review\17mov_CharacterSystem\web\photos\mp_f_freemode_01-torso_1-34.webp
F3FB5182A7C4C46A1D390CA5BDA8FA689C0142D95FF6D6335E12CC59BEEFB022	C:\admirales\script_ver\script_ver\quarantine\under-review\17mov_CharacterSystem\web\photos\mp_f_freemode_01-torso_1-340.webp
D5070E2E9424455C91030515190B1E770E209A0BFDC6D52940F31B3AF3A379E5	C:\admirales\script_ver\script_ver\quarantine\under-review\17mov_CharacterSystem\web\photos\mp_f_freemode_01-torso_1-341.webp
96A8E8A2E77D5A6F4DF2B8E9D30055714A5A049BB74ACB5DB6F8CAB53E98EA52	C:\admirales\script_ver\script_ver\quarantine\under-review\17mov_CharacterSystem\web\photos\mp_f_freemode_01-torso_1-342.webp
AF29371AC45A7B0FB855DECDD0DD3989D79E1DF4E88CD417A05A595D8995306A	C:\admirales\script_ver\script_ver\quarantine\under-review\17mov_CharacterSystem\web\photos\mp_f_freemode_01-torso_1-343.webp
8D8C2CDEC5536791B236DA5E79A6678331BB679CE207BCF6F9E9BB5DC7225CBE	C:\admirales\script_ver\script_ver\quarantine\under-review\17mov_CharacterSystem\web\photos\mp_f_freemode_01-torso_1-344.webp
8C87A35D63A75035DEBFA1C2D915A057C94C6DC3F3A2E2FE5B66B3AC3FF56AAA	C:\admirales\script_ver\script_ver\quarantine\under-review\17mov_CharacterSystem\web\photos\mp_f_freemode_01-torso_1-345.webp
F19411D0F61C58CF09AC514851F60CD6663BF8A539EF9167721861C9BA4EBE76	C:\admirales\script_ver\script_ver\quarantine\under-review\17mov_CharacterSystem\web\photos\mp_f_freemode_01-torso_1-346.webp
28637DF0CF3ACBD4F4AC6923CA5B74C4E10C2C14015463DB8152D55E2B40A239	C:\admirales\script_ver\script_ver\quarantine\under-review\17mov_CharacterSystem\web\photos\mp_f_freemode_01-torso_1-347.webp
02B52B38AED72B5F1D9AF324F9F727247D503AB0219694788A09E88D9C1605E9	C:\admirales\script_ver\script_ver\quarantine\under-review\17mov_CharacterSystem\web\photos\mp_f_freemode_01-torso_1-348.webp
7CC3D3BD547CFBEAFB142DD822EADEA891FA2CE72D033E28B634D5F5C6DCF95C	C:\admirales\script_ver\script_ver\quarantine\under-review\17mov_CharacterSystem\web\photos\mp_f_freemode_01-torso_1-349.webp
040EBE40C441A53DEEF5E17134F10C5D97A9F983F9817AE39975B47439013606	C:\admirales\script_ver\script_ver\quarantine\under-review\17mov_CharacterSystem\web\photos\mp_f_freemode_01-torso_1-35.webp
86477A69D74636019E683CC57727C1CDE316A42F02DE52CDF8FAAF25D0AD2583	C:\admirales\script_ver\script_ver\quarantine\under-review\17mov_CharacterSystem\web\photos\mp_f_freemode_01-torso_1-350.webp
A125F7DB938315975B3CA7E405B336FD7556BCC9E17651FF62E1FD6F4A1F7360	C:\admirales\script_ver\script_ver\quarantine\under-review\17mov_CharacterSystem\web\photos\mp_f_freemode_01-torso_1-351.webp
624B4479291E6A3564137795282FAE42BF5186214C0A3C7FF1CF5FC00409400B	C:\admirales\script_ver\script_ver\quarantine\under-review\17mov_CharacterSystem\web\photos\mp_f_freemode_01-torso_1-352.webp
944055396DDEC6B213EA03185B98D7495D0CA1D68B99FC30D521B4DA3A715D47	C:\admirales\script_ver\script_ver\quarantine\under-review\17mov_CharacterSystem\web\photos\mp_f_freemode_01-torso_1-353.webp
320854362AF28777CCC7460BF97C82F0E9CD667C26F750075258FDC8E0676ED5	C:\admirales\script_ver\script_ver\quarantine\under-review\17mov_CharacterSystem\web\photos\mp_f_freemode_01-torso_1-354.webp
BFAA053133BEB9BF65BC62A144356333561295F5E605406ACD66C07ACEA3A332	C:\admirales\script_ver\script_ver\quarantine\under-review\17mov_CharacterSystem\web\photos\mp_f_freemode_01-torso_1-355.webp
86A13E0B630410B777A153BD29FB7E5E8EDB42C1051D0AABD7070EBF62BCE351	C:\admirales\script_ver\script_ver\quarantine\under-review\17mov_CharacterSystem\web\photos\mp_f_freemode_01-torso_1-356.webp
66A5653E6E66DA590760E823F5A487CFC1FC2B9D6FC2931D627CDC3F0472ECDA	C:\admirales\script_ver\script_ver\quarantine\under-review\17mov_CharacterSystem\web\photos\mp_f_freemode_01-torso_1-357.webp
35D8609D22B9ACDAC6B0033EE04463E11D4E46102E8CF3F4F9AB339AA7323AD0	C:\admirales\script_ver\script_ver\quarantine\under-review\17mov_CharacterSystem\web\photos\mp_f_freemode_01-torso_1-358.webp
581C8DA248D18E4DAEB80DC8EB20A0855D15D1BE4159E99AA6CB7F308CD061DC	C:\admirales\script_ver\script_ver\quarantine\under-review\17mov_CharacterSystem\web\photos\mp_f_freemode_01-torso_1-359.webp
D636C60DBD50F3D04FF4ACFB634724651DAB24E155603139F0A6A5BE3F0E0758	C:\admirales\script_ver\script_ver\quarantine\under-review\17mov_CharacterSystem\web\photos\mp_f_freemode_01-torso_1-36.webp
3BEC27360FA56A92602B4F2AF28D9BA98511854D41714AE04605F67579731470	C:\admirales\script_ver\script_ver\quarantine\under-review\17mov_CharacterSystem\web\photos\mp_f_freemode_01-torso_1-360.webp
6EA091BFC414CA948C73731579BABCEF64C3915DF4D350B26E52EEB691275A5C	C:\admirales\script_ver\script_ver\quarantine\under-review\17mov_CharacterSystem\web\photos\mp_f_freemode_01-torso_1-361.webp
9F71D30CDEDBDFB83292F381B88BFD74E4CE7F378F0EDC79013D8375CFD80FC1	C:\admirales\script_ver\script_ver\quarantine\under-review\17mov_CharacterSystem\web\photos\mp_f_freemode_01-torso_1-362.webp
15E3425D7ABF8723D36FF35EA811788C97F6497B45335D8D4C3EEB404C859DC6	C:\admirales\script_ver\script_ver\quarantine\under-review\17mov_CharacterSystem\web\photos\mp_f_freemode_01-torso_1-363.webp
0BD0B7B59965555C36F822606CA77E831EB3AC1AF6DDA6FD06B19EB89AF82634	C:\admirales\script_ver\script_ver\quarantine\under-review\17mov_CharacterSystem\web\photos\mp_f_freemode_01-torso_1-364.webp
2834DF5D5FDD5FE5F93962CB6F688BBDD82ED48679CAB4F81A25422042324E1F	C:\admirales\script_ver\script_ver\quarantine\under-review\17mov_CharacterSystem\web\photos\mp_f_freemode_01-torso_1-365.webp
7E23DC4A548684E9539562D51DC6050E07778C186379D6081F7997FA99D96938	C:\admirales\script_ver\script_ver\quarantine\under-review\17mov_CharacterSystem\web\photos\mp_f_freemode_01-torso_1-366.webp
C3BF5D8A861056C582701D8451C2ABBEAFEF36F4BD85E223BBEA70E287101DC1	C:\admirales\script_ver\script_ver\quarantine\under-review\17mov_CharacterSystem\web\photos\mp_f_freemode_01-torso_1-367.webp
536C5F7F0607D477555C90FB2A337D3E82B18DD07F13403A29690156F76A33FF	C:\admirales\script_ver\script_ver\quarantine\under-review\17mov_CharacterSystem\web\photos\mp_f_freemode_01-torso_1-368.webp
DE5F10554D18AB7B7C2A8550A49124C38AF1BDFCE6B0C96B17FC705BF495175C	C:\admirales\script_ver\script_ver\quarantine\under-review\17mov_CharacterSystem\web\photos\mp_f_freemode_01-torso_1-369.webp
53B6264058C772ABE0B821B6C2CB9C4E9623A66C890CE4C50AAA02B5672210BF	C:\admirales\script_ver\script_ver\quarantine\under-review\17mov_CharacterSystem\web\photos\mp_f_freemode_01-torso_1-37.webp
E69A7669B9E3EE667D5F38419CC8E753497A9DDA9C18AE08F3D3C749D66780C5	C:\admirales\script_ver\script_ver\quarantine\under-review\17mov_CharacterSystem\web\photos\mp_f_freemode_01-torso_1-370.webp
6C61B297644BF65E8F17067F7511BD54A3D842177235BCA20ED23575617671D5	C:\admirales\script_ver\script_ver\quarantine\under-review\17mov_CharacterSystem\web\photos\mp_f_freemode_01-torso_1-371.webp
7080DE58F716D77A62E789EA80E1757AC02071764F347F22A6F7BBA49BE631E3	C:\admirales\script_ver\script_ver\quarantine\under-review\17mov_CharacterSystem\web\photos\mp_f_freemode_01-torso_1-372.webp
EF02D6DAD51461CC5C91E5D37FCAF575890A147F8FE4795F635F6E5839ADB0C1	C:\admirales\script_ver\script_ver\quarantine\under-review\17mov_CharacterSystem\web\photos\mp_f_freemode_01-torso_1-373.webp
18B76350A6606CCD9CA950F54699A7BBEFC9F7CBF917129CF8E2F76EEFA38E81	C:\admirales\script_ver\script_ver\quarantine\under-review\17mov_CharacterSystem\web\photos\mp_f_freemode_01-torso_1-374.webp
82D73A738CBDA81E0DF77EE43538703CD74C3449866866799609E1624225E6AA	C:\admirales\script_ver\script_ver\quarantine\under-review\17mov_CharacterSystem\web\photos\mp_f_freemode_01-torso_1-375.webp
30ABDA921D237602C6AF4261DB1D2A95E065E1E078F1C19B3D578E97E249545F	C:\admirales\script_ver\script_ver\quarantine\under-review\17mov_CharacterSystem\web\photos\mp_f_freemode_01-torso_1-376.webp
724AF222FBF0FC1FF5084D4180E5C44AB01BA2CB2EC08CC5EAAD6898DF4F3A00	C:\admirales\script_ver\script_ver\quarantine\under-review\17mov_CharacterSystem\web\photos\mp_f_freemode_01-torso_1-377.webp
C6A611C260434CC642B5D59E4756D42B5CA9755A20274AB3C51F402EC5B8D745	C:\admirales\script_ver\script_ver\quarantine\under-review\17mov_CharacterSystem\web\photos\mp_f_freemode_01-torso_1-378.webp
34172AA904BBE24759A5FC7B262A91ABFEA35099804D995811DB6DF506D60D3E	C:\admirales\script_ver\script_ver\quarantine\under-review\17mov_CharacterSystem\web\photos\mp_f_freemode_01-torso_1-379.webp
184EE08988D026BD2E8498748BA54B8CD3F43D8B33B7993941C116DF508F267E	C:\admirales\script_ver\script_ver\quarantine\under-review\17mov_CharacterSystem\web\photos\mp_f_freemode_01-torso_1-38.webp
C9BB6C0C03E6FD21D4C2BB43B6663FF7AC691F2D992576BF504173A17A13205A	C:\admirales\script_ver\script_ver\quarantine\under-review\17mov_CharacterSystem\web\photos\mp_f_freemode_01-torso_1-380.webp
30BA69D7B70A39FD2BF86A686D159F180AEF414E58167C1A2C7C1DFBE7B59D1A	C:\admirales\script_ver\script_ver\quarantine\under-review\17mov_CharacterSystem\web\photos\mp_f_freemode_01-torso_1-381.webp
2DC513243B818D59CFA8857CC1528AF3340B1657EF48F20701A00DD6A38917EA	C:\admirales\script_ver\script_ver\quarantine\under-review\17mov_CharacterSystem\web\photos\mp_f_freemode_01-torso_1-382.webp
F5BEFC26596FF2BF6A3CF182F1C13F9A7ACD204F9A7034DB62EE24E6753388F3	C:\admirales\script_ver\script_ver\quarantine\under-review\17mov_CharacterSystem\web\photos\mp_f_freemode_01-torso_1-383.webp
FAFC26E6D8185745B48C95496CC7432A2244748B245202D63D899462D1FA76A1	C:\admirales\script_ver\script_ver\quarantine\under-review\17mov_CharacterSystem\web\photos\mp_f_freemode_01-torso_1-384.webp
B9586F9E2FB15ADB81A37CD7D988923673DB0E5D963870041E1C13BD602D67D3	C:\admirales\script_ver\script_ver\quarantine\under-review\17mov_CharacterSystem\web\photos\mp_f_freemode_01-torso_1-385.webp
3E53CAA8C27A086996151C80D1912878B989AE4A1ABAE9301FCCC1AD19FAAB7F	C:\admirales\script_ver\script_ver\quarantine\under-review\17mov_CharacterSystem\web\photos\mp_f_freemode_01-torso_1-386.webp
B92D84173C12F41F11369461378D44261A46B39A37BF65343E3113FDE0C89B81	C:\admirales\script_ver\script_ver\quarantine\under-review\17mov_CharacterSystem\web\photos\mp_f_freemode_01-torso_1-387.webp
A6C1B68D4DBFE7BB107181C5277921F9E0C6EB7FD66F0C7473C54CDE8C081DC0	C:\admirales\script_ver\script_ver\quarantine\under-review\17mov_CharacterSystem\web\photos\mp_f_freemode_01-torso_1-388.webp
40BCDA6B8D6EEFA48497A113E1F6B066BF11DFB51D3C35F5FF2F42B7F06CC6EB	C:\admirales\script_ver\script_ver\quarantine\under-review\17mov_CharacterSystem\web\photos\mp_f_freemode_01-torso_1-389.webp
BAF8147D04BABEB0A0752F18ABFECFDC38B04608EC6B2F36158FD841C35344E9	C:\admirales\script_ver\script_ver\quarantine\under-review\17mov_CharacterSystem\web\photos\mp_f_freemode_01-torso_1-39.webp
9BEDB78ED59098D3F4140CAB2450E66E15EA2C8B9001EF99C16BDE6E90491B87	C:\admirales\script_ver\script_ver\quarantine\under-review\17mov_CharacterSystem\web\photos\mp_f_freemode_01-torso_1-390.webp
29D6DFD9C4FDC5C748C190F6CAB19FD961D26EFD4F1493B36C48B7196D42D599	C:\admirales\script_ver\script_ver\quarantine\under-review\17mov_CharacterSystem\web\photos\mp_f_freemode_01-torso_1-391.webp
3FDF2950BDF87E88D156E549B673350B33001DA6C4A75B927893B2B85C8C054F	C:\admirales\script_ver\script_ver\quarantine\under-review\17mov_CharacterSystem\web\photos\mp_f_freemode_01-torso_1-392.webp
85E0C5AA30ED7991BEC36E1FB117AF7C5E418B1F532367980F449387F49EF6A0	C:\admirales\script_ver\script_ver\quarantine\under-review\17mov_CharacterSystem\web\photos\mp_f_freemode_01-torso_1-393.webp
C52F2CF85B015121292E4B9644E1D0237D979766F908B7C4BC900E0E522FFC43	C:\admirales\script_ver\script_ver\quarantine\under-review\17mov_CharacterSystem\web\photos\mp_f_freemode_01-torso_1-394.webp
53D98B57A542DA297C86EB24A8D5E46B57F8C8FB210B198199B9E7B0DAEF913A	C:\admirales\script_ver\script_ver\quarantine\under-review\17mov_CharacterSystem\web\photos\mp_f_freemode_01-torso_1-395.webp
91A1F243110F43F3CCE1945B5527C0B58B90087EE47ABD009EE765540D009104	C:\admirales\script_ver\script_ver\quarantine\under-review\17mov_CharacterSystem\web\photos\mp_f_freemode_01-torso_1-396.webp
9BB694C14FC7A01D27B82BAEF6070DE1A9207E101C2CA27D36B94EB83341FA77	C:\admirales\script_ver\script_ver\quarantine\under-review\17mov_CharacterSystem\web\photos\mp_f_freemode_01-torso_1-397.webp
9A9CF1EBEAAD93FC1E52EC7BAD446E781368D3F701B2502CAC935F73514393D3	C:\admirales\script_ver\script_ver\quarantine\under-review\17mov_CharacterSystem\web\photos\mp_f_freemode_01-torso_1-398.webp
9A5623D585E433FD9BF65F16FFC4B8F67846146361BEE1EF07D858FBE5330CB4	C:\admirales\script_ver\script_ver\quarantine\under-review\17mov_CharacterSystem\web\photos\mp_f_freemode_01-torso_1-399.webp
6BC3150638A7AFB5D5D3866F87C26C42AFA4F69CB35378073F75C0478660981F	C:\admirales\script_ver\script_ver\quarantine\under-review\17mov_CharacterSystem\web\photos\mp_f_freemode_01-torso_1-4.webp
D6F307A31B6912625A69BA8C703D59160840C8C94CB3232E81A4F4147011FDB8	C:\admirales\script_ver\script_ver\quarantine\under-review\17mov_CharacterSystem\web\photos\mp_f_freemode_01-torso_1-40.webp
4AD70224CFA60BD9A6F6F65743050F43E7FFFABBC5C6A38CDEC2C8D9E28B84E0	C:\admirales\script_ver\script_ver\quarantine\under-review\17mov_CharacterSystem\web\photos\mp_f_freemode_01-torso_1-400.webp
D4C6A944A31C4DA104AE88F20B24E4CDD9D0AA681C38D44FB784A6EA53FF8745	C:\admirales\script_ver\script_ver\quarantine\under-review\17mov_CharacterSystem\web\photos\mp_f_freemode_01-torso_1-401.webp
8531C7AEDA293F58582D8BC08D3329D1DD4853734B3A712809B6F342BC6A8489	C:\admirales\script_ver\script_ver\quarantine\under-review\17mov_CharacterSystem\web\photos\mp_f_freemode_01-torso_1-402.webp
C21DF131B1AB1483B640E6D7C3608FBC118E38F21E53EA0C9224717D7DF698B2	C:\admirales\script_ver\script_ver\quarantine\under-review\17mov_CharacterSystem\web\photos\mp_f_freemode_01-torso_1-403.webp
F5554C50F69F2FD5A62D3457BB29CA826CD425856FCCC050A160EEF16C5D880B	C:\admirales\script_ver\script_ver\quarantine\under-review\17mov_CharacterSystem\web\photos\mp_f_freemode_01-torso_1-404.webp
73EF6A2426E7CB1C48095F423E319D4683865656CE7EA5FC48809459DD79B585	C:\admirales\script_ver\script_ver\quarantine\under-review\17mov_CharacterSystem\web\photos\mp_f_freemode_01-torso_1-405.webp
38006336B83E62ACFD42264AB31045BA90A989095421141980692F0C6E05C946	C:\admirales\script_ver\script_ver\quarantine\under-review\17mov_CharacterSystem\web\photos\mp_f_freemode_01-torso_1-406.webp
57E7DD3EBF9D8D6AAFB830D5E21336F08C80B1DF19768D10B9A60E9BB665AEFC	C:\admirales\script_ver\script_ver\quarantine\under-review\17mov_CharacterSystem\web\photos\mp_f_freemode_01-torso_1-407.webp
17D4C8D946778D3CCB05D7674ECF4F7ED0DB119324A6CFB720A967779C1ED5D2	C:\admirales\script_ver\script_ver\quarantine\under-review\17mov_CharacterSystem\web\photos\mp_f_freemode_01-torso_1-408.webp
EECC8C6EE14E3D6526A24BAD1C68A3695A88679D0003D701FFD2BBFD1C0B84ED	C:\admirales\script_ver\script_ver\quarantine\under-review\17mov_CharacterSystem\web\photos\mp_f_freemode_01-torso_1-409.webp
3689F617E87DC1A71EBA734B98CC3753A06F414D02280A566FA3E5D04B386B83	C:\admirales\script_ver\script_ver\quarantine\under-review\17mov_CharacterSystem\web\photos\mp_f_freemode_01-torso_1-41.webp
00788C555929CBBA1DE18998CB69DAA2587CA69AF4511EE477398FFF19F11951	C:\admirales\script_ver\script_ver\quarantine\under-review\17mov_CharacterSystem\web\photos\mp_f_freemode_01-torso_1-410.webp
823B37B243A97F5741C0C4EE81681145D871E808E2EE64ECF3B5DB1E76A81C37	C:\admirales\script_ver\script_ver\quarantine\under-review\17mov_CharacterSystem\web\photos\mp_f_freemode_01-torso_1-411.webp
DFBD8DDE108A25F21A5AAF68E33B8AAE5EA373AA416324ADCAB03E5CA348EFB6	C:\admirales\script_ver\script_ver\quarantine\under-review\17mov_CharacterSystem\web\photos\mp_f_freemode_01-torso_1-412.webp
CCE895A28435E13D85496F1C053325806A7FEDC29350BEC96C7C498BD3D983CF	C:\admirales\script_ver\script_ver\quarantine\under-review\17mov_CharacterSystem\web\photos\mp_f_freemode_01-torso_1-413.webp
97AE2553B59FE011E7921A8EE8CC0E2639981B42F064B92BF0F333F0E481F0D8	C:\admirales\script_ver\script_ver\quarantine\under-review\17mov_CharacterSystem\web\photos\mp_f_freemode_01-torso_1-414.webp
E455823B5BD4D3878D1581B44060EC0F30C9FB0CB0D67B5326FFFDAD716C979D	C:\admirales\script_ver\script_ver\quarantine\under-review\17mov_CharacterSystem\web\photos\mp_f_freemode_01-torso_1-415.webp
88586C42DAF17871DB749839ACAD0A174E6074817B424B239EB35705EC795845	C:\admirales\script_ver\script_ver\quarantine\under-review\17mov_CharacterSystem\web\photos\mp_f_freemode_01-torso_1-416.webp
5C62D92C9C4560CD0364DB1635696C969D88EE83900DFF273A3130B9B837052A	C:\admirales\script_ver\script_ver\quarantine\under-review\17mov_CharacterSystem\web\photos\mp_f_freemode_01-torso_1-417.webp
CE56F6216B4EBCD61BDB7A540753109D46EE6767CFC81EA5B43D9FCEB1C8BB9A	C:\admirales\script_ver\script_ver\quarantine\under-review\17mov_CharacterSystem\web\photos\mp_f_freemode_01-torso_1-418.webp
0B4D952F8B8D81FCFE5D55F37FEB3EAD8F706370783750D49C6DE5BA4CC8F5D4	C:\admirales\script_ver\script_ver\quarantine\under-review\17mov_CharacterSystem\web\photos\mp_f_freemode_01-torso_1-419.webp
2929A06A41983EEB1112A9619B8D54EF29A77B252B7C6CB6BD7723A701CDB348	C:\admirales\script_ver\script_ver\quarantine\under-review\17mov_CharacterSystem\web\photos\mp_f_freemode_01-torso_1-42.webp
701BFBB3D8821E509DF909C60FAA55D3FD28C4F142B39B967EDE2C9C449C345F	C:\admirales\script_ver\script_ver\quarantine\under-review\17mov_CharacterSystem\web\photos\mp_f_freemode_01-torso_1-420.webp
21F53F8FEB13D1AF7FE4EF212EB88E104F9854DA21269A507CB2585DFD1333AB	C:\admirales\script_ver\script_ver\quarantine\under-review\17mov_CharacterSystem\web\photos\mp_f_freemode_01-torso_1-421.webp
76DE8D18EC408A0CA75B39DB45304B7369A252FBA37CE2B0B2B16BA5F8C866C2	C:\admirales\script_ver\script_ver\quarantine\under-review\17mov_CharacterSystem\web\photos\mp_f_freemode_01-torso_1-422.webp
69253D0EB1ECE04DD70F13E2FC4858491B44E32D5DA268A188B0E520FC6763AB	C:\admirales\script_ver\script_ver\quarantine\under-review\17mov_CharacterSystem\web\photos\mp_f_freemode_01-torso_1-423.webp
93C8DC5E3BF38B5BFEB53643BC4D6BD2F57329C7672A9FAFB8CA0139ED304F06	C:\admirales\script_ver\script_ver\quarantine\under-review\17mov_CharacterSystem\web\photos\mp_f_freemode_01-torso_1-424.webp
E479EF11F2100D4FFF897C1C2C6CAF29D08D9B43EE9E8D8ABE1EAE7FFA96C1EF	C:\admirales\script_ver\script_ver\quarantine\under-review\17mov_CharacterSystem\web\photos\mp_f_freemode_01-torso_1-425.webp
F73629ABE55E1B66CEE82FAE04DFBBA43666AC811646829A2A1D946E0B92BF6E	C:\admirales\script_ver\script_ver\quarantine\under-review\17mov_CharacterSystem\web\photos\mp_f_freemode_01-torso_1-426.webp
05C27741983CC48DD2F9189C7EA0038D69E2B9CC28B6EBBC62D01062AB01C8ED	C:\admirales\script_ver\script_ver\quarantine\under-review\17mov_CharacterSystem\web\photos\mp_f_freemode_01-torso_1-427.webp
D2218F3A2E5AFC4CC55FC20E168F5A7A71C18A1A46925403E91DE6D2CCCAB68D	C:\admirales\script_ver\script_ver\quarantine\under-review\17mov_CharacterSystem\web\photos\mp_f_freemode_01-torso_1-428.webp
935C861D096B2B9EB38761C94D62870A47F87C0C6CFC1991C5DF86275E50F639	C:\admirales\script_ver\script_ver\quarantine\under-review\17mov_CharacterSystem\web\photos\mp_f_freemode_01-torso_1-429.webp
9FDE0207B95E3F6D675222A93762D365987384AC5EF1CDB11DC261D3EE6D03F8	C:\admirales\script_ver\script_ver\quarantine\under-review\17mov_CharacterSystem\web\photos\mp_f_freemode_01-torso_1-43.webp
16F696ACE8A98FCD8DFFFBFCBF2AA510045E8A025139F21FA6AF8715E4619139	C:\admirales\script_ver\script_ver\quarantine\under-review\17mov_CharacterSystem\web\photos\mp_f_freemode_01-torso_1-430.webp
1205E1CB594B1DDA60D5F729ED5F4BB21BA09A500F487D76718F5A1222223EEE	C:\admirales\script_ver\script_ver\quarantine\under-review\17mov_CharacterSystem\web\photos\mp_f_freemode_01-torso_1-431.webp
5F560A2A996E67DD93C59E7C3208A7F9DD2054F84AD14A338891253AA7E22C4D	C:\admirales\script_ver\script_ver\quarantine\under-review\17mov_CharacterSystem\web\photos\mp_f_freemode_01-torso_1-432.webp
EFC695265DAEC2F8D4ACE37B0F7E7F3A07F983BA6D24F4196EAE1DF8478E7EC8	C:\admirales\script_ver\script_ver\quarantine\under-review\17mov_CharacterSystem\web\photos\mp_f_freemode_01-torso_1-433.webp
0C0CC7B66CE2D1BFA2777C2A45E8ADBB5753FD52156D94253174D1314D202061	C:\admirales\script_ver\script_ver\quarantine\under-review\17mov_CharacterSystem\web\photos\mp_f_freemode_01-torso_1-434.webp
90DE3B306EC6CF685B71FB9416FF83E62B7C207BC9D698E5300BD9B04FD83895	C:\admirales\script_ver\script_ver\quarantine\under-review\17mov_CharacterSystem\web\photos\mp_f_freemode_01-torso_1-435.webp
6EAB1444F1284E696B2C73F7E6178ACC4D654AB63ECE856430518E6C2176F2B1	C:\admirales\script_ver\script_ver\quarantine\under-review\17mov_CharacterSystem\web\photos\mp_f_freemode_01-torso_1-436.webp
0B8AE5D0275A30A584AFC5AB32301EF98733AD9A6C638C215D76E57DB21E9A0F	C:\admirales\script_ver\script_ver\quarantine\under-review\17mov_CharacterSystem\web\photos\mp_f_freemode_01-torso_1-437.webp
93F1F6DF9DA61F5098E954C87DE22E7AD2A3FEBAC6B1669CA3EFB0273DC4DF0E	C:\admirales\script_ver\script_ver\quarantine\under-review\17mov_CharacterSystem\web\photos\mp_f_freemode_01-torso_1-438.webp
2FBC1A8666CDE52DA69366A6C3B7C56A11A74AABB9B65D578DC8A9D2AB375CF0	C:\admirales\script_ver\script_ver\quarantine\under-review\17mov_CharacterSystem\web\photos\mp_f_freemode_01-torso_1-439.webp
3157A49BFEAE1A0A8E5074E45EC6C3B1F2C2A25C345AF63F3B356284CD8BDE98	C:\admirales\script_ver\script_ver\quarantine\under-review\17mov_CharacterSystem\web\photos\mp_f_freemode_01-torso_1-44.webp
072FA89B0EAD75710368328CC9043F4D1274A06D116E871DED0CDD8017066158	C:\admirales\script_ver\script_ver\quarantine\under-review\17mov_CharacterSystem\web\photos\mp_f_freemode_01-torso_1-440.webp
0188237B0BA913213D0E705010060BF838AC28F2088960BFAFF4EBE2F47411CB	C:\admirales\script_ver\script_ver\quarantine\under-review\17mov_CharacterSystem\web\photos\mp_f_freemode_01-torso_1-441.webp
2329CD765E1B7070138F079DC794D65FE016B37CF3D78DDEEC673857504C9673	C:\admirales\script_ver\script_ver\quarantine\under-review\17mov_CharacterSystem\web\photos\mp_f_freemode_01-torso_1-442.webp
3534C1B20F6B1AB509E237F57A52BAD42ADAD52358D7F88CA655160335326F3C	C:\admirales\script_ver\script_ver\quarantine\under-review\17mov_CharacterSystem\web\photos\mp_f_freemode_01-torso_1-443.webp
D2EC079B71783181E9B3779A7F57EB0F7C9BEA3BC6756630C0D600FCE2DD906D	C:\admirales\script_ver\script_ver\quarantine\under-review\17mov_CharacterSystem\web\photos\mp_f_freemode_01-torso_1-444.webp
D05AF3236AD620A272F37DC76D310B8DFF0B3CFA6C65F72D2B2D1048B9C76318	C:\admirales\script_ver\script_ver\quarantine\under-review\17mov_CharacterSystem\web\photos\mp_f_freemode_01-torso_1-445.webp
C675D7261ADB3C871FCF7CECFD2C26EE419FCE92DD8FE9CE92AAB15AE2440533	C:\admirales\script_ver\script_ver\quarantine\under-review\17mov_CharacterSystem\web\photos\mp_f_freemode_01-torso_1-446.webp
BA7A48212F9F3F94D4C09844E0749A03FDBACAD4FD9ADC3209BA14B82974EC97	C:\admirales\script_ver\script_ver\quarantine\under-review\17mov_CharacterSystem\web\photos\mp_f_freemode_01-torso_1-447.webp
BCCADD45BCAD9F0A6951D791DD5374A4828EBADB7CE0E043E4DFCC6D7C6575EC	C:\admirales\script_ver\script_ver\quarantine\under-review\17mov_CharacterSystem\web\photos\mp_f_freemode_01-torso_1-448.webp
3F0CB59AB89510F397A8DBDCFCB73B58FA54E7053BE39C9E8C6FBC48A42F26DD	C:\admirales\script_ver\script_ver\quarantine\under-review\17mov_CharacterSystem\web\photos\mp_f_freemode_01-torso_1-449.webp
E1F04584E6562340F8444E01EDFEDB0EE3C87A9982EEF175BAB69FD57737B385	C:\admirales\script_ver\script_ver\quarantine\under-review\17mov_CharacterSystem\web\photos\mp_f_freemode_01-torso_1-45.webp
E487FC02F88E69C483D2631490EEFE1FBBFDA90DD61141282991A0CE8BFAC872	C:\admirales\script_ver\script_ver\quarantine\under-review\17mov_CharacterSystem\web\photos\mp_f_freemode_01-torso_1-450.webp
B05DBC33A9B6A64F3A7D561670BEB93899F2736F64DB7B66A0B759A4AA2464BF	C:\admirales\script_ver\script_ver\quarantine\under-review\17mov_CharacterSystem\web\photos\mp_f_freemode_01-torso_1-451.webp
860FFABCC1DC657BAAA787B890011B3C375DB23AE115AA8E6538D07326B83779	C:\admirales\script_ver\script_ver\quarantine\under-review\17mov_CharacterSystem\web\photos\mp_f_freemode_01-torso_1-452.webp
501FE0C7EBBCDD3EE648210D1F1DD7E6B8CD95CEE5AFA48EC6D753042D9E93E5	C:\admirales\script_ver\script_ver\quarantine\under-review\17mov_CharacterSystem\web\photos\mp_f_freemode_01-torso_1-453.webp
CC018CA5F5519342039D1D65A40D7F8359E998E8C2EBCFF9E9E35F503CC90EED	C:\admirales\script_ver\script_ver\quarantine\under-review\17mov_CharacterSystem\web\photos\mp_f_freemode_01-torso_1-454.webp
2332B75AC70C0B4E46699621BAB9352004359A563BFF989A826E48F37D11F406	C:\admirales\script_ver\script_ver\quarantine\under-review\17mov_CharacterSystem\web\photos\mp_f_freemode_01-torso_1-455.webp
472F0206F194C2EE6FD7828AC6BA80F1FDDDBE842DB0E80E0A2920BE5497207A	C:\admirales\script_ver\script_ver\quarantine\under-review\17mov_CharacterSystem\web\photos\mp_f_freemode_01-torso_1-456.webp
24066EA245B08558700EE886A8447F293A766F97FFDF4F11206ACA7DA717BC73	C:\admirales\script_ver\script_ver\quarantine\under-review\17mov_CharacterSystem\web\photos\mp_f_freemode_01-torso_1-457.webp
D958A2F5EB15861292BCCB4A3CDC429E04470A250B1C348CE8D5D7091CCDF027	C:\admirales\script_ver\script_ver\quarantine\under-review\17mov_CharacterSystem\web\photos\mp_f_freemode_01-torso_1-458.webp
4A45614FF003113E2B8B24FB1C2718D2AAF8E26E4197B13FEF9EC0DF56F454EC	C:\admirales\script_ver\script_ver\quarantine\under-review\17mov_CharacterSystem\web\photos\mp_f_freemode_01-torso_1-459.webp
5F369E19C1D8C045E12256819C75D37121AD10E3B9524D1EE81287BF2DC0320C	C:\admirales\script_ver\script_ver\quarantine\under-review\17mov_CharacterSystem\web\photos\mp_f_freemode_01-torso_1-46.webp
CB079D83273193DE17002E62249230E0677689872E2D8F6EAFEB1361F07F6142	C:\admirales\script_ver\script_ver\quarantine\under-review\17mov_CharacterSystem\web\photos\mp_f_freemode_01-torso_1-460.webp
869FC6B252088C0BE990F0E7C493152D3AFE4A7C7ACA67D315AB4F63ED5D9FAC	C:\admirales\script_ver\script_ver\quarantine\under-review\17mov_CharacterSystem\web\photos\mp_f_freemode_01-torso_1-461.webp
58C2FD7F620C11DA5A5D2C54BC954862FE5EC307CE3FC71E4B25C5220AC72AC5	C:\admirales\script_ver\script_ver\quarantine\under-review\17mov_CharacterSystem\web\photos\mp_f_freemode_01-torso_1-462.webp
3037C84F2B3E429DB8AD584F891A03F971E0D60F5A0392A9AE04C3D232BE6A1D	C:\admirales\script_ver\script_ver\quarantine\under-review\17mov_CharacterSystem\web\photos\mp_f_freemode_01-torso_1-463.webp
395B4BBE092B7E2A2EBA6C95A620382234C03BC1473547D7244DB77D3C46D5CC	C:\admirales\script_ver\script_ver\quarantine\under-review\17mov_CharacterSystem\web\photos\mp_f_freemode_01-torso_1-464.webp
E5149917E7357F3C13F44486651285EED2E1FDAEF0B45AB3D7BBCEE937F4F2F5	C:\admirales\script_ver\script_ver\quarantine\under-review\17mov_CharacterSystem\web\photos\mp_f_freemode_01-torso_1-465.webp
A55277409A914ACC9A7EE51A63911BB5D244A977B6FF9D2723FB0A91C88CEEAB	C:\admirales\script_ver\script_ver\quarantine\under-review\17mov_CharacterSystem\web\photos\mp_f_freemode_01-torso_1-466.webp
57530F879886623877D33899E1A8F842A0749720E66A034F122760FA23F0C891	C:\admirales\script_ver\script_ver\quarantine\under-review\17mov_CharacterSystem\web\photos\mp_f_freemode_01-torso_1-467.webp
12B971C147CDFA76AC0D97464A0636977FE419F142D3BCCB3393579E2A053FAC	C:\admirales\script_ver\script_ver\quarantine\under-review\17mov_CharacterSystem\web\photos\mp_f_freemode_01-torso_1-468.webp
584A165ED92D78841534AA4385340263C052997E566A2F3CAE0EF7EA5E027196	C:\admirales\script_ver\script_ver\quarantine\under-review\17mov_CharacterSystem\web\photos\mp_f_freemode_01-torso_1-469.webp
D563AB3D0AB126F3153815A9204219964E921EA6AACB4F3D5372A3A9E081AF2E	C:\admirales\script_ver\script_ver\quarantine\under-review\17mov_CharacterSystem\web\photos\mp_f_freemode_01-torso_1-47.webp
77AF49E1A36B4ACC551B10089C3620DF29D2F83F4B9B7058A7CBAD24EBD6E510	C:\admirales\script_ver\script_ver\quarantine\under-review\17mov_CharacterSystem\web\photos\mp_f_freemode_01-torso_1-470.webp
620065D1159C46DCE547616EF9562081C280A31F89818680AE7B50D854C51706	C:\admirales\script_ver\script_ver\quarantine\under-review\17mov_CharacterSystem\web\photos\mp_f_freemode_01-torso_1-471.webp
15D9D705ACCC95AAD03369CD56BCA7004990EC04025EB82B2FCA18ADB02941B2	C:\admirales\script_ver\script_ver\quarantine\under-review\17mov_CharacterSystem\web\photos\mp_f_freemode_01-torso_1-472.webp
334CF2D6555905ECF8A9B09A5A512D1DEF8FB87B7BD99B503C5D81CD83CE562C	C:\admirales\script_ver\script_ver\quarantine\under-review\17mov_CharacterSystem\web\photos\mp_f_freemode_01-torso_1-473.webp
383C69F37AAD47569DE0EFA9673C1F149EDE0E1DAEA977458FBB35F2F807A0C3	C:\admirales\script_ver\script_ver\quarantine\under-review\17mov_CharacterSystem\web\photos\mp_f_freemode_01-torso_1-474.webp
EB4E7BF24EAD96CC1C3BB95A0F065B2B74AE56E716B47E48A59691634C00D9C6	C:\admirales\script_ver\script_ver\quarantine\under-review\17mov_CharacterSystem\web\photos\mp_f_freemode_01-torso_1-475.webp
072FA89B0EAD75710368328CC9043F4D1274A06D116E871DED0CDD8017066158	C:\admirales\script_ver\script_ver\quarantine\under-review\17mov_CharacterSystem\web\photos\mp_f_freemode_01-torso_1-476.webp
751E32586C785048915C91135B14F402847E6F31F74A37A9746E4CC2C4A89D28	C:\admirales\script_ver\script_ver\quarantine\under-review\17mov_CharacterSystem\web\photos\mp_f_freemode_01-torso_1-477.webp
072FA89B0EAD75710368328CC9043F4D1274A06D116E871DED0CDD8017066158	C:\admirales\script_ver\script_ver\quarantine\under-review\17mov_CharacterSystem\web\photos\mp_f_freemode_01-torso_1-478.webp
072FA89B0EAD75710368328CC9043F4D1274A06D116E871DED0CDD8017066158	C:\admirales\script_ver\script_ver\quarantine\under-review\17mov_CharacterSystem\web\photos\mp_f_freemode_01-torso_1-479.webp
540148E8C9FAACFC98DA54E0170DF82B38EFB3AC6EA76A4F79CF516A37C3782E	C:\admirales\script_ver\script_ver\quarantine\under-review\17mov_CharacterSystem\web\photos\mp_f_freemode_01-torso_1-48.webp
DE1B95073704627E445AD8C472C8798A83494E86A1B5404AE9B130C8373738E5	C:\admirales\script_ver\script_ver\quarantine\under-review\17mov_CharacterSystem\web\photos\mp_f_freemode_01-torso_1-480.webp
072FA89B0EAD75710368328CC9043F4D1274A06D116E871DED0CDD8017066158	C:\admirales\script_ver\script_ver\quarantine\under-review\17mov_CharacterSystem\web\photos\mp_f_freemode_01-torso_1-481.webp
072FA89B0EAD75710368328CC9043F4D1274A06D116E871DED0CDD8017066158	C:\admirales\script_ver\script_ver\quarantine\under-review\17mov_CharacterSystem\web\photos\mp_f_freemode_01-torso_1-482.webp
E1823D570347FD8B3B9638D1662E75205EDEB39FEE271C6AA22FCE39B973209A	C:\admirales\script_ver\script_ver\quarantine\under-review\17mov_CharacterSystem\web\photos\mp_f_freemode_01-torso_1-483.webp
7BBD2B5D7FBAE3D4E17DC3CED60B7B9C91DE292F302F3D61815D408F989A7638	C:\admirales\script_ver\script_ver\quarantine\under-review\17mov_CharacterSystem\web\photos\mp_f_freemode_01-torso_1-484.webp
072FA89B0EAD75710368328CC9043F4D1274A06D116E871DED0CDD8017066158	C:\admirales\script_ver\script_ver\quarantine\under-review\17mov_CharacterSystem\web\photos\mp_f_freemode_01-torso_1-485.webp
072FA89B0EAD75710368328CC9043F4D1274A06D116E871DED0CDD8017066158	C:\admirales\script_ver\script_ver\quarantine\under-review\17mov_CharacterSystem\web\photos\mp_f_freemode_01-torso_1-486.webp
072FA89B0EAD75710368328CC9043F4D1274A06D116E871DED0CDD8017066158	C:\admirales\script_ver\script_ver\quarantine\under-review\17mov_CharacterSystem\web\photos\mp_f_freemode_01-torso_1-487.webp
4ED3439E857B8AB81B6E42AA5C902AD9845306451E93DCE1F1E5D7842468A0EC	C:\admirales\script_ver\script_ver\quarantine\under-review\17mov_CharacterSystem\web\photos\mp_f_freemode_01-torso_1-488.webp
DE1B95073704627E445AD8C472C8798A83494E86A1B5404AE9B130C8373738E5	C:\admirales\script_ver\script_ver\quarantine\under-review\17mov_CharacterSystem\web\photos\mp_f_freemode_01-torso_1-489.webp
54BD2E2F90F1FA63EBB449A4BCB046FA993D9A8CA1BE642A41628766956DC55B	C:\admirales\script_ver\script_ver\quarantine\under-review\17mov_CharacterSystem\web\photos\mp_f_freemode_01-torso_1-49.webp
072FA89B0EAD75710368328CC9043F4D1274A06D116E871DED0CDD8017066158	C:\admirales\script_ver\script_ver\quarantine\under-review\17mov_CharacterSystem\web\photos\mp_f_freemode_01-torso_1-490.webp
072FA89B0EAD75710368328CC9043F4D1274A06D116E871DED0CDD8017066158	C:\admirales\script_ver\script_ver\quarantine\under-review\17mov_CharacterSystem\web\photos\mp_f_freemode_01-torso_1-491.webp
072FA89B0EAD75710368328CC9043F4D1274A06D116E871DED0CDD8017066158	C:\admirales\script_ver\script_ver\quarantine\under-review\17mov_CharacterSystem\web\photos\mp_f_freemode_01-torso_1-492.webp
072FA89B0EAD75710368328CC9043F4D1274A06D116E871DED0CDD8017066158	C:\admirales\script_ver\script_ver\quarantine\under-review\17mov_CharacterSystem\web\photos\mp_f_freemode_01-torso_1-493.webp
A2D9C89481FE7DA9275AA7DFFEB5BCA716976A4BE5F5985B446F760474D91D04	C:\admirales\script_ver\script_ver\quarantine\under-review\17mov_CharacterSystem\web\photos\mp_f_freemode_01-torso_1-494.webp
072FA89B0EAD75710368328CC9043F4D1274A06D116E871DED0CDD8017066158	C:\admirales\script_ver\script_ver\quarantine\under-review\17mov_CharacterSystem\web\photos\mp_f_freemode_01-torso_1-495.webp
A62C3E7FE8FF16B2E66435855A86218EC7D48FC57366CBEC4D59667274176BA0	C:\admirales\script_ver\script_ver\quarantine\under-review\17mov_CharacterSystem\web\photos\mp_f_freemode_01-torso_1-496.webp
E8F9EF1AC16BBAE18E2661ADDD55AACDA2AF7A1925405EE47FDE1BADEE886038	C:\admirales\script_ver\script_ver\quarantine\under-review\17mov_CharacterSystem\web\photos\mp_f_freemode_01-torso_1-497.webp
95D6A349DF2081CB6F3CAF94E89BD05ED4B074199D543481CA3192CC31D49985	C:\admirales\script_ver\script_ver\quarantine\under-review\17mov_CharacterSystem\web\photos\mp_f_freemode_01-torso_1-498.webp
072FA89B0EAD75710368328CC9043F4D1274A06D116E871DED0CDD8017066158	C:\admirales\script_ver\script_ver\quarantine\under-review\17mov_CharacterSystem\web\photos\mp_f_freemode_01-torso_1-499.webp
79689B1B4935F39BA36A8417F0DDDCB3C26D7F0FD2AAC54B7B239E87E0890083	C:\admirales\script_ver\script_ver\quarantine\under-review\17mov_CharacterSystem\web\photos\mp_f_freemode_01-torso_1-5.webp
E0C409FD0AD8AF50F0B133FAB9EDCF0231130EF6460530ABDBEECC2443164C50	C:\admirales\script_ver\script_ver\quarantine\under-review\17mov_CharacterSystem\web\photos\mp_f_freemode_01-torso_1-50.webp
072FA89B0EAD75710368328CC9043F4D1274A06D116E871DED0CDD8017066158	C:\admirales\script_ver\script_ver\quarantine\under-review\17mov_CharacterSystem\web\photos\mp_f_freemode_01-torso_1-500.webp
8B4718E9606A01FC97F68FB23757D90C0BB744C30663DFAD34F76889BA5E5274	C:\admirales\script_ver\script_ver\quarantine\under-review\17mov_CharacterSystem\web\photos\mp_f_freemode_01-torso_1-501.webp
072FA89B0EAD75710368328CC9043F4D1274A06D116E871DED0CDD8017066158	C:\admirales\script_ver\script_ver\quarantine\under-review\17mov_CharacterSystem\web\photos\mp_f_freemode_01-torso_1-502.webp
072FA89B0EAD75710368328CC9043F4D1274A06D116E871DED0CDD8017066158	C:\admirales\script_ver\script_ver\quarantine\under-review\17mov_CharacterSystem\web\photos\mp_f_freemode_01-torso_1-503.webp
072FA89B0EAD75710368328CC9043F4D1274A06D116E871DED0CDD8017066158	C:\admirales\script_ver\script_ver\quarantine\under-review\17mov_CharacterSystem\web\photos\mp_f_freemode_01-torso_1-504.webp
072FA89B0EAD75710368328CC9043F4D1274A06D116E871DED0CDD8017066158	C:\admirales\script_ver\script_ver\quarantine\under-review\17mov_CharacterSystem\web\photos\mp_f_freemode_01-torso_1-505.webp
072FA89B0EAD75710368328CC9043F4D1274A06D116E871DED0CDD8017066158	C:\admirales\script_ver\script_ver\quarantine\under-review\17mov_CharacterSystem\web\photos\mp_f_freemode_01-torso_1-506.webp
391DFF01B52B67E6B4FA44B1DD59F3839A3069E4AD1ACBF2A146B0B8F856709F	C:\admirales\script_ver\script_ver\quarantine\under-review\17mov_CharacterSystem\web\photos\mp_f_freemode_01-torso_1-507.webp
EC1673D12331E49A57A291B5A3D69964D6BE81AB5C2DCB9F387A11186232D6C5	C:\admirales\script_ver\script_ver\quarantine\under-review\17mov_CharacterSystem\web\photos\mp_f_freemode_01-torso_1-508.webp
072FA89B0EAD75710368328CC9043F4D1274A06D116E871DED0CDD8017066158	C:\admirales\script_ver\script_ver\quarantine\under-review\17mov_CharacterSystem\web\photos\mp_f_freemode_01-torso_1-509.webp
1D32581BEC4F7442662E730926BD2638AC36AF631D3739446C8E19D74A1F2282	C:\admirales\script_ver\script_ver\quarantine\under-review\17mov_CharacterSystem\web\photos\mp_f_freemode_01-torso_1-51.webp
D6A099E5BB6772B6329E558B2443EBF47A162676E01B0FCC66A4381F263F61C5	C:\admirales\script_ver\script_ver\quarantine\under-review\17mov_CharacterSystem\web\photos\mp_f_freemode_01-torso_1-510.webp
072FA89B0EAD75710368328CC9043F4D1274A06D116E871DED0CDD8017066158	C:\admirales\script_ver\script_ver\quarantine\under-review\17mov_CharacterSystem\web\photos\mp_f_freemode_01-torso_1-511.webp
072FA89B0EAD75710368328CC9043F4D1274A06D116E871DED0CDD8017066158	C:\admirales\script_ver\script_ver\quarantine\under-review\17mov_CharacterSystem\web\photos\mp_f_freemode_01-torso_1-512.webp
CA1307881B8AD71A4571C13A2FFA99D7DCE461B5C15FC2C4CB8F856E90B57F39	C:\admirales\script_ver\script_ver\quarantine\under-review\17mov_CharacterSystem\web\photos\mp_f_freemode_01-torso_1-513.webp
97129BF77ADFB5EF9F52DF36FE37D0E0B227276FF6014A209F04E3DB29CE5693	C:\admirales\script_ver\script_ver\quarantine\under-review\17mov_CharacterSystem\web\photos\mp_f_freemode_01-torso_1-514.webp
4B8EE17921F89056B501688B2DF73494EF60A184813DE02E06B75B53EF8DCA6C	C:\admirales\script_ver\script_ver\quarantine\under-review\17mov_CharacterSystem\web\photos\mp_f_freemode_01-torso_1-515.webp
71764396D4991560624AD8BD2836DB177639EC7D52C9DB720740570B61F0D12A	C:\admirales\script_ver\script_ver\quarantine\under-review\17mov_CharacterSystem\web\photos\mp_f_freemode_01-torso_1-516.webp
072FA89B0EAD75710368328CC9043F4D1274A06D116E871DED0CDD8017066158	C:\admirales\script_ver\script_ver\quarantine\under-review\17mov_CharacterSystem\web\photos\mp_f_freemode_01-torso_1-517.webp
072FA89B0EAD75710368328CC9043F4D1274A06D116E871DED0CDD8017066158	C:\admirales\script_ver\script_ver\quarantine\under-review\17mov_CharacterSystem\web\photos\mp_f_freemode_01-torso_1-518.webp
072FA89B0EAD75710368328CC9043F4D1274A06D116E871DED0CDD8017066158	C:\admirales\script_ver\script_ver\quarantine\under-review\17mov_CharacterSystem\web\photos\mp_f_freemode_01-torso_1-519.webp
65FBB40F264D0FDBC4539F97EB8FB83A91128F45EFA9E07EB4C79E324E2A6A0D	C:\admirales\script_ver\script_ver\quarantine\under-review\17mov_CharacterSystem\web\photos\mp_f_freemode_01-torso_1-52.webp
072FA89B0EAD75710368328CC9043F4D1274A06D116E871DED0CDD8017066158	C:\admirales\script_ver\script_ver\quarantine\under-review\17mov_CharacterSystem\web\photos\mp_f_freemode_01-torso_1-520.webp
072FA89B0EAD75710368328CC9043F4D1274A06D116E871DED0CDD8017066158	C:\admirales\script_ver\script_ver\quarantine\under-review\17mov_CharacterSystem\web\photos\mp_f_freemode_01-torso_1-521.webp
072FA89B0EAD75710368328CC9043F4D1274A06D116E871DED0CDD8017066158	C:\admirales\script_ver\script_ver\quarantine\under-review\17mov_CharacterSystem\web\photos\mp_f_freemode_01-torso_1-522.webp
64A4DAC77EB65E9B45DE8D89EC3B6300FD75EB5971D1A06B1995EEE06E808F1A	C:\admirales\script_ver\script_ver\quarantine\under-review\17mov_CharacterSystem\web\photos\mp_f_freemode_01-torso_1-523.webp
F145DF0D6ACE0CB80B6679D1CB51517ADF5AE218066EF2D9AC30330B6CD4AF58	C:\admirales\script_ver\script_ver\quarantine\under-review\17mov_CharacterSystem\web\photos\mp_f_freemode_01-torso_1-524.webp
072FA89B0EAD75710368328CC9043F4D1274A06D116E871DED0CDD8017066158	C:\admirales\script_ver\script_ver\quarantine\under-review\17mov_CharacterSystem\web\photos\mp_f_freemode_01-torso_1-525.webp
072FA89B0EAD75710368328CC9043F4D1274A06D116E871DED0CDD8017066158	C:\admirales\script_ver\script_ver\quarantine\under-review\17mov_CharacterSystem\web\photos\mp_f_freemode_01-torso_1-526.webp
072FA89B0EAD75710368328CC9043F4D1274A06D116E871DED0CDD8017066158	C:\admirales\script_ver\script_ver\quarantine\under-review\17mov_CharacterSystem\web\photos\mp_f_freemode_01-torso_1-527.webp
95A8133FFC594D7E1FB124E01992943E04118BED9DF0F6849EE25C807C6E5C8B	C:\admirales\script_ver\script_ver\quarantine\under-review\17mov_CharacterSystem\web\photos\mp_f_freemode_01-torso_1-528.webp
6E1D29C1CCC895D2674FD7DF8EB16D6EF982E9512404DC730F7C30CEEE170E9A	C:\admirales\script_ver\script_ver\quarantine\under-review\17mov_CharacterSystem\web\photos\mp_f_freemode_01-torso_1-529.webp
64527471EDE481D71E1443D6780D526F4B3F596E28CFF67836239B0D79029CE4	C:\admirales\script_ver\script_ver\quarantine\under-review\17mov_CharacterSystem\web\photos\mp_f_freemode_01-torso_1-53.webp
1B97723AEE18CE504E8E509C77B791F7F7C49118653A858601E3AE17DE0732BC	C:\admirales\script_ver\script_ver\quarantine\under-review\17mov_CharacterSystem\web\photos\mp_f_freemode_01-torso_1-530.webp
9C79BEDA037E7566C7AB6C08CFC1EC0C293C794F4CA6AE569199101FE055D84F	C:\admirales\script_ver\script_ver\quarantine\under-review\17mov_CharacterSystem\web\photos\mp_f_freemode_01-torso_1-531.webp
072FA89B0EAD75710368328CC9043F4D1274A06D116E871DED0CDD8017066158	C:\admirales\script_ver\script_ver\quarantine\under-review\17mov_CharacterSystem\web\photos\mp_f_freemode_01-torso_1-532.webp
072FA89B0EAD75710368328CC9043F4D1274A06D116E871DED0CDD8017066158	C:\admirales\script_ver\script_ver\quarantine\under-review\17mov_CharacterSystem\web\photos\mp_f_freemode_01-torso_1-533.webp
73571A37FC9E497CB8ACE538AF825EC919C2528C02A1EE07C562F362617F21B9	C:\admirales\script_ver\script_ver\quarantine\under-review\17mov_CharacterSystem\web\photos\mp_f_freemode_01-torso_1-534.webp
FA29C6C5DF38BBB5E08F49FBB1E0A36E9A8AAC84DBB200C855985F7660C12CFF	C:\admirales\script_ver\script_ver\quarantine\under-review\17mov_CharacterSystem\web\photos\mp_f_freemode_01-torso_1-535.webp
58202117C3F8CEF806CAABE066C90E3AD49127C6AF89F1F4F7B5F169622D68AB	C:\admirales\script_ver\script_ver\quarantine\under-review\17mov_CharacterSystem\web\photos\mp_f_freemode_01-torso_1-536.webp
38B0E29B53E4FF0B02C0E3530E4B1A63A34929C0E81E218E4AE0EFEFC69563B0	C:\admirales\script_ver\script_ver\quarantine\under-review\17mov_CharacterSystem\web\photos\mp_f_freemode_01-torso_1-537.webp
C4AD9855FF93C6AC4B366B5D43DB283EFE7212496ADB5F814749AB6047253046	C:\admirales\script_ver\script_ver\quarantine\under-review\17mov_CharacterSystem\web\photos\mp_f_freemode_01-torso_1-538.webp
072FA89B0EAD75710368328CC9043F4D1274A06D116E871DED0CDD8017066158	C:\admirales\script_ver\script_ver\quarantine\under-review\17mov_CharacterSystem\web\photos\mp_f_freemode_01-torso_1-539.webp
04B28CDD740EEC9FCBB15F7AD29D3BE1B5638EBD0874C9E846E4F140C4A02F28	C:\admirales\script_ver\script_ver\quarantine\under-review\17mov_CharacterSystem\web\photos\mp_f_freemode_01-torso_1-54.webp
B0A515C79A29763CC71A9D951FE599B3161147A6A588D0D374555DF31563354E	C:\admirales\script_ver\script_ver\quarantine\under-review\17mov_CharacterSystem\web\photos\mp_f_freemode_01-torso_1-540.webp
5344306A11BE0130D895B15892435DB505BE14316588D3D6F552F927C03F1408	C:\admirales\script_ver\script_ver\quarantine\under-review\17mov_CharacterSystem\web\photos\mp_f_freemode_01-torso_1-541.webp
072FA89B0EAD75710368328CC9043F4D1274A06D116E871DED0CDD8017066158	C:\admirales\script_ver\script_ver\quarantine\under-review\17mov_CharacterSystem\web\photos\mp_f_freemode_01-torso_1-542.webp
072FA89B0EAD75710368328CC9043F4D1274A06D116E871DED0CDD8017066158	C:\admirales\script_ver\script_ver\quarantine\under-review\17mov_CharacterSystem\web\photos\mp_f_freemode_01-torso_1-543.webp
072FA89B0EAD75710368328CC9043F4D1274A06D116E871DED0CDD8017066158	C:\admirales\script_ver\script_ver\quarantine\under-review\17mov_CharacterSystem\web\photos\mp_f_freemode_01-torso_1-544.webp
072FA89B0EAD75710368328CC9043F4D1274A06D116E871DED0CDD8017066158	C:\admirales\script_ver\script_ver\quarantine\under-review\17mov_CharacterSystem\web\photos\mp_f_freemode_01-torso_1-545.webp
435634E952405BAF4E3ACD2027A88322DCDB4DAB4F4F93D5E85B34DBB7736D1A	C:\admirales\script_ver\script_ver\quarantine\under-review\17mov_CharacterSystem\web\photos\mp_f_freemode_01-torso_1-546.webp
F352119C41C2D14C8A3C51C9011E9B545348B09D51C8D903F1C160B238FADA1F	C:\admirales\script_ver\script_ver\quarantine\under-review\17mov_CharacterSystem\web\photos\mp_f_freemode_01-torso_1-547.webp
072FA89B0EAD75710368328CC9043F4D1274A06D116E871DED0CDD8017066158	C:\admirales\script_ver\script_ver\quarantine\under-review\17mov_CharacterSystem\web\photos\mp_f_freemode_01-torso_1-548.webp
072FA89B0EAD75710368328CC9043F4D1274A06D116E871DED0CDD8017066158	C:\admirales\script_ver\script_ver\quarantine\under-review\17mov_CharacterSystem\web\photos\mp_f_freemode_01-torso_1-549.webp
44F830FDB725BAA66C623F0DBB144A8AE22A01C5D7B036F2357531F4EE4DDD2D	C:\admirales\script_ver\script_ver\quarantine\under-review\17mov_CharacterSystem\web\photos\mp_f_freemode_01-torso_1-55.webp
072FA89B0EAD75710368328CC9043F4D1274A06D116E871DED0CDD8017066158	C:\admirales\script_ver\script_ver\quarantine\under-review\17mov_CharacterSystem\web\photos\mp_f_freemode_01-torso_1-550.webp
C34E69BC19F11FA0E8B03C4E1581A34F048141E951F6A212815A8B4FE4F0ECD4	C:\admirales\script_ver\script_ver\quarantine\under-review\17mov_CharacterSystem\web\photos\mp_f_freemode_01-torso_1-551.webp
072FA89B0EAD75710368328CC9043F4D1274A06D116E871DED0CDD8017066158	C:\admirales\script_ver\script_ver\quarantine\under-review\17mov_CharacterSystem\web\photos\mp_f_freemode_01-torso_1-552.webp
615437087A6D5F1FA3CD16B1EAC73D31CE54675F445ABF2B25C321703927B12B	C:\admirales\script_ver\script_ver\quarantine\under-review\17mov_CharacterSystem\web\photos\mp_f_freemode_01-torso_1-553.webp
ECE7207D826BEB12630D2203C59B28A081A9E3E6A7AB1FECF506AB70B2399588	C:\admirales\script_ver\script_ver\quarantine\under-review\17mov_CharacterSystem\web\photos\mp_f_freemode_01-torso_1-554.webp
072FA89B0EAD75710368328CC9043F4D1274A06D116E871DED0CDD8017066158	C:\admirales\script_ver\script_ver\quarantine\under-review\17mov_CharacterSystem\web\photos\mp_f_freemode_01-torso_1-555.webp
5A176033227800B41ADD93E6693D1DE7567E00D695E0FFEA6D83A080991CD047	C:\admirales\script_ver\script_ver\quarantine\under-review\17mov_CharacterSystem\web\photos\mp_f_freemode_01-torso_1-556.webp
072FA89B0EAD75710368328CC9043F4D1274A06D116E871DED0CDD8017066158	C:\admirales\script_ver\script_ver\quarantine\under-review\17mov_CharacterSystem\web\photos\mp_f_freemode_01-torso_1-557.webp
A11B4AED0DDD6158FBE3B998A90ECF4F750FB881598D6B1179F7C67A5F867C64	C:\admirales\script_ver\script_ver\quarantine\under-review\17mov_CharacterSystem\web\photos\mp_f_freemode_01-torso_1-558.webp
758E371EEB981003D0C000F754B8DDFBD7055B069007CCBAEF7EAE65F21A726A	C:\admirales\script_ver\script_ver\quarantine\under-review\17mov_CharacterSystem\web\photos\mp_f_freemode_01-torso_1-559.webp
3A6F99549EB3C033FCA2BDDC6CCD8DE7CD75854CA1D1D170769F82636083062E	C:\admirales\script_ver\script_ver\quarantine\under-review\17mov_CharacterSystem\web\photos\mp_f_freemode_01-torso_1-56.webp
12EE5373746401C3F33A8DE197C63AC65D50A42219D29E914C84D40C0FD88FD0	C:\admirales\script_ver\script_ver\quarantine\under-review\17mov_CharacterSystem\web\photos\mp_f_freemode_01-torso_1-560.webp
4B9E5F8984DEC0BF9E56BB2BD88B56FF834B0829934AAE1174D903CAAB0CDFE9	C:\admirales\script_ver\script_ver\quarantine\under-review\17mov_CharacterSystem\web\photos\mp_f_freemode_01-torso_1-561.webp
FB5CAAB32D8D7D942CCB93EACFFB58F716F66CEB4D96B071567CDC4D0FFD8585	C:\admirales\script_ver\script_ver\quarantine\under-review\17mov_CharacterSystem\web\photos\mp_f_freemode_01-torso_1-562.webp
A432D91217C70A27D2CDB502547FEBE1EA0DB7EC6CA7271ABC99E1C0B1FF40C2	C:\admirales\script_ver\script_ver\quarantine\under-review\17mov_CharacterSystem\web\photos\mp_f_freemode_01-torso_1-563.webp
75170080F4B7255AF8A097D6703A69892BB1E7A8CB65360C2F093064BB1CD32A	C:\admirales\script_ver\script_ver\quarantine\under-review\17mov_CharacterSystem\web\photos\mp_f_freemode_01-torso_1-564.webp
F3A36CEC2A82F3A79C7DC879238EFB4AE61FAA246BC520A7813638C0EF0D4CD0	C:\admirales\script_ver\script_ver\quarantine\under-review\17mov_CharacterSystem\web\photos\mp_f_freemode_01-torso_1-565.webp
3C492239D8E1F1ECD898D532BA735CB3DE3271703E30CCD9CDE3E69D616D8822	C:\admirales\script_ver\script_ver\quarantine\under-review\17mov_CharacterSystem\web\photos\mp_f_freemode_01-torso_1-57.webp
30465D0B83CD10FD27A47A03703432C03718B5B3AD0AD1904FDFAFEAEBBF609F	C:\admirales\script_ver\script_ver\quarantine\under-review\17mov_CharacterSystem\web\photos\mp_f_freemode_01-torso_1-58.webp
C32E2A623F93BD32E8ADF53C06579FD847865FBC81ED92CC9A830B772BC8AF5F	C:\admirales\script_ver\script_ver\quarantine\under-review\17mov_CharacterSystem\web\photos\mp_f_freemode_01-torso_1-59.webp
52BD757747CA7292338A21FC3DF8A48A1D5A3EB0234B32ED8840E2FC9B0B9DF3	C:\admirales\script_ver\script_ver\quarantine\under-review\17mov_CharacterSystem\web\photos\mp_f_freemode_01-torso_1-6.webp
841555E57B10106BE1EF696239506CF336BAECE9C3EE1A2D3D11CB99A1645406	C:\admirales\script_ver\script_ver\quarantine\under-review\17mov_CharacterSystem\web\photos\mp_f_freemode_01-torso_1-60.webp
DA417DDE40772DB8C447B6EE4BEE3A7FD9C0C64556C8319948241CF246DA5D63	C:\admirales\script_ver\script_ver\quarantine\under-review\17mov_CharacterSystem\web\photos\mp_f_freemode_01-torso_1-61.webp
55B2827262B80412584D438CEB73D4A5D1987D00A5C5374DDC6EDE15E546E0B6	C:\admirales\script_ver\script_ver\quarantine\under-review\17mov_CharacterSystem\web\photos\mp_f_freemode_01-torso_1-62.webp
4E21B36377C787A8616CD9622D54A8B8A4CD79D85D5D82F6046F9F9E24B7D635	C:\admirales\script_ver\script_ver\quarantine\under-review\17mov_CharacterSystem\web\photos\mp_f_freemode_01-torso_1-63.webp
CEAF5AE800BF00A98909C76039B6F9C1569DDC8EB9778940B5A03247E7DF3F8A	C:\admirales\script_ver\script_ver\quarantine\under-review\17mov_CharacterSystem\web\photos\mp_f_freemode_01-torso_1-64.webp
1A34A96D227FBB3824C266E59E2DB16BA3A6FE5342CBF455ECEA5C9E70BC42BB	C:\admirales\script_ver\script_ver\quarantine\under-review\17mov_CharacterSystem\web\photos\mp_f_freemode_01-torso_1-65.webp
CD214DFE6C5FFD0B766BA8C436BDE89E21F03A78C54E7B2C0E8EC0192EB57AD6	C:\admirales\script_ver\script_ver\quarantine\under-review\17mov_CharacterSystem\web\photos\mp_f_freemode_01-torso_1-66.webp
DF043E008771F4C929F226396CE5A424BCEFB1115058F76DDB902A81B7F9739A	C:\admirales\script_ver\script_ver\quarantine\under-review\17mov_CharacterSystem\web\photos\mp_f_freemode_01-torso_1-67.webp
24BDA05FDFE0C4F14B588429A66D29F3129AE00B6E227EA9DAA3065549077D1F	C:\admirales\script_ver\script_ver\quarantine\under-review\17mov_CharacterSystem\web\photos\mp_f_freemode_01-torso_1-68.webp
0D24804AD275059F892137194C30E3F89C49BDF9EF71A7C2B1831CE3FF39454F	C:\admirales\script_ver\script_ver\quarantine\under-review\17mov_CharacterSystem\web\photos\mp_f_freemode_01-torso_1-69.webp
7E3C94A71352D076301BCFDFE6B50AA4686CB9A401114A59182FF31CFC30CDFC	C:\admirales\script_ver\script_ver\quarantine\under-review\17mov_CharacterSystem\web\photos\mp_f_freemode_01-torso_1-7.webp
89DB1D10AC449C747E06A2F3AA5F4B7F7EEC45CB35FAC7EDC106C5A2CC831CA8	C:\admirales\script_ver\script_ver\quarantine\under-review\17mov_CharacterSystem\web\photos\mp_f_freemode_01-torso_1-70.webp
32A12161B2C2606AFE439335657AC74B8E5422EF6AB90D054E4D58D67C10AC38	C:\admirales\script_ver\script_ver\quarantine\under-review\17mov_CharacterSystem\web\photos\mp_f_freemode_01-torso_1-71.webp
D8E7786A19AB2F08DC07E68B49B67E1B666BFF2FA519F2E1FC974583CA9D4EB9	C:\admirales\script_ver\script_ver\quarantine\under-review\17mov_CharacterSystem\web\photos\mp_f_freemode_01-torso_1-72.webp
F5CF4B5ADABF0CD0DAE512F4212305A05FA35A0C1C626E81C1EAA20622683FA8	C:\admirales\script_ver\script_ver\quarantine\under-review\17mov_CharacterSystem\web\photos\mp_f_freemode_01-torso_1-73.webp
9850564622CC1E28F15F46B238C428F4A18B9464190D3ACA51119DE5066A0581	C:\admirales\script_ver\script_ver\quarantine\under-review\17mov_CharacterSystem\web\photos\mp_f_freemode_01-torso_1-74.webp
6B81EF8AF5666C5A5B883101C32B114A582B8931E0DE50142A5B709CE7DBD656	C:\admirales\script_ver\script_ver\quarantine\under-review\17mov_CharacterSystem\web\photos\mp_f_freemode_01-torso_1-75.webp
25251D5F948329DA3F3868FBC12B1A18059C8F76113BA0984AAC770BC3EAA338	C:\admirales\script_ver\script_ver\quarantine\under-review\17mov_CharacterSystem\web\photos\mp_f_freemode_01-torso_1-76.webp
21D0C31852660EA2B48116B4CDBD8BC5BA8C74F167003EF2F3779BC422995C1C	C:\admirales\script_ver\script_ver\quarantine\under-review\17mov_CharacterSystem\web\photos\mp_f_freemode_01-torso_1-77.webp
83BE08B69649DB1C68AFFE8F6C01B3CC9F6F13FD7EA129CAF47BDA67165C4CFB	C:\admirales\script_ver\script_ver\quarantine\under-review\17mov_CharacterSystem\web\photos\mp_f_freemode_01-torso_1-78.webp
35A59AA1A7BDE9E909D19E681103A9BD154B9BCD3D15B43BB4C3F93841D2B7F8	C:\admirales\script_ver\script_ver\quarantine\under-review\17mov_CharacterSystem\web\photos\mp_f_freemode_01-torso_1-79.webp
2E956096B3459157BC6CFA9062C98FD56F7C6D53A153934464FDCBE168B13A2C	C:\admirales\script_ver\script_ver\quarantine\under-review\17mov_CharacterSystem\web\photos\mp_f_freemode_01-torso_1-8.webp
1D0A8133080FF335F51E3AE4C9D9627864931A2DA76F10AED42A417F9D01E8E5	C:\admirales\script_ver\script_ver\quarantine\under-review\17mov_CharacterSystem\web\photos\mp_f_freemode_01-torso_1-80.webp
A03CC97B8EDB4A9AE99E3BED42E61191769C6F2057921BE3A039F0CFC2A5220F	C:\admirales\script_ver\script_ver\quarantine\under-review\17mov_CharacterSystem\web\photos\mp_f_freemode_01-torso_1-81.webp
137353D84BD6C0D89E7C14A35911B7FA9287D1C9587DFDF3717AF1476A0F0141	C:\admirales\script_ver\script_ver\quarantine\under-review\17mov_CharacterSystem\web\photos\mp_f_freemode_01-torso_1-82.webp
9A9A3BF951D2C60767A16DD7258A486EC44CFF0F70C64655D2B3AEF245E3B9DF	C:\admirales\script_ver\script_ver\quarantine\under-review\17mov_CharacterSystem\web\photos\mp_f_freemode_01-torso_1-83.webp
BA842B5842DA21BC68FA7AA5EF428D6CD5EA4455EF72503314AA092F00AFF9D8	C:\admirales\script_ver\script_ver\quarantine\under-review\17mov_CharacterSystem\web\photos\mp_f_freemode_01-torso_1-84.webp
E3C2FA6A74FE74FD6DF1FF7955C7DCD1BF1A9A5E254A4AC888724CA9204DB5C5	C:\admirales\script_ver\script_ver\quarantine\under-review\17mov_CharacterSystem\web\photos\mp_f_freemode_01-torso_1-85.webp
9D12D53E51C485AEEB1EC748855741897339D5CDEDAAF0D6B607B323E2D5DAD4	C:\admirales\script_ver\script_ver\quarantine\under-review\17mov_CharacterSystem\web\photos\mp_f_freemode_01-torso_1-86.webp
7CB29DDF4316B323B8A2F2F9352F3F86FCCA046BCA378F0B7D5176C2A3A17019	C:\admirales\script_ver\script_ver\quarantine\under-review\17mov_CharacterSystem\web\photos\mp_f_freemode_01-torso_1-87.webp
E6886E249DD721E3065C4CD49D53BA8776869035805007DF5A4A3725CB7A496B	C:\admirales\script_ver\script_ver\quarantine\under-review\17mov_CharacterSystem\web\photos\mp_f_freemode_01-torso_1-88.webp
85E6EBC9FE12763AA120B12B3EA3AB9422146537F5B790EC8C76287F79B95736	C:\admirales\script_ver\script_ver\quarantine\under-review\17mov_CharacterSystem\web\photos\mp_f_freemode_01-torso_1-89.webp
25465492C841FAD0765129D74F104F471AA23973DF4E0A51F3B8D8C67C1BF1D6	C:\admirales\script_ver\script_ver\quarantine\under-review\17mov_CharacterSystem\web\photos\mp_f_freemode_01-torso_1-9.webp
6C5F2D3104A25A61F145D9362948520761940BC9F4970D7CDCF308243CCCCF0F	C:\admirales\script_ver\script_ver\quarantine\under-review\17mov_CharacterSystem\web\photos\mp_f_freemode_01-torso_1-90.webp
2955625261309D03AA10F3A2CBA295D3F811D1ED5FB1869DCB540151C441DF77	C:\admirales\script_ver\script_ver\quarantine\under-review\17mov_CharacterSystem\web\photos\mp_f_freemode_01-torso_1-91.webp
04EB46DD844F261A94164462001B116C390F40B7F429D6BB485583A868AB9C4D	C:\admirales\script_ver\script_ver\quarantine\under-review\17mov_CharacterSystem\web\photos\mp_f_freemode_01-torso_1-92.webp
65B5BA9969A57C56B81D980C59FE6ACA3C13EBBE0D5C25DB208E0313E02F50A4	C:\admirales\script_ver\script_ver\quarantine\under-review\17mov_CharacterSystem\web\photos\mp_f_freemode_01-torso_1-93.webp
A6BDE2CD443F1F3EB8965D7CAE626B3B1B9DF6AA3DBFF99CD5D6225834A94974	C:\admirales\script_ver\script_ver\quarantine\under-review\17mov_CharacterSystem\web\photos\mp_f_freemode_01-torso_1-94.webp
3DB4F4F8CC70C6963F57D9F94DBA85E9F812C528FE9FC10393B708D26B677028	C:\admirales\script_ver\script_ver\quarantine\under-review\17mov_CharacterSystem\web\photos\mp_f_freemode_01-torso_1-95.webp
F0435E4F2D050DA7F9FED97507AA720315ADFB6A71D78C0E1806E943F232FF9F	C:\admirales\script_ver\script_ver\quarantine\under-review\17mov_CharacterSystem\web\photos\mp_f_freemode_01-torso_1-96.webp
F82FDCA66A6277931E12B3D12FE5E17DF08DDC94CF25B16516680654E461C1A8	C:\admirales\script_ver\script_ver\quarantine\under-review\17mov_CharacterSystem\web\photos\mp_f_freemode_01-torso_1-97.webp
C8CC0108D6AFA3B74A7D0271DEDB791A9724F3BA62501D6A56C64F115FD61A72	C:\admirales\script_ver\script_ver\quarantine\under-review\17mov_CharacterSystem\web\photos\mp_f_freemode_01-torso_1-98.webp
FB00660F23A9B9D77CF8DC228B750EC4DC0A35AF25B4A94920AABA4376D14A05	C:\admirales\script_ver\script_ver\quarantine\under-review\17mov_CharacterSystem\web\photos\mp_f_freemode_01-torso_1-99.webp
02863F8996A1EA4B94BE80B84E297D7722AAD9716F806455BF196FF797089D1F	C:\admirales\script_ver\script_ver\quarantine\under-review\17mov_CharacterSystem\web\photos\mp_f_freemode_01-tshirt_1-0.webp
1157F18A671EA04C7743D7D3F0E49715BE78CB58EE975D14C310894CF5590364	C:\admirales\script_ver\script_ver\quarantine\under-review\17mov_CharacterSystem\web\photos\mp_f_freemode_01-tshirt_1-1.webp
DA75E6BDF11E32E4EDE5E7297F6ABB943977FA9F1CE96F41C446AE5FF6831628	C:\admirales\script_ver\script_ver\quarantine\under-review\17mov_CharacterSystem\web\photos\mp_f_freemode_01-tshirt_1-10.webp
43EA69EECA6A99193D6B078424E2F15ED3601AB551E437BFD8D7FA4238731D7D	C:\admirales\script_ver\script_ver\quarantine\under-review\17mov_CharacterSystem\web\photos\mp_f_freemode_01-tshirt_1-100.webp
3DDF9A39F9BEB19E3A67B4F08E1FF2557AEA6FA6B845E765714211D9E9A8AFD8	C:\admirales\script_ver\script_ver\quarantine\under-review\17mov_CharacterSystem\web\photos\mp_f_freemode_01-tshirt_1-101.webp
3371D0A2E723A1FE0971421CE77FBAABBECE3A300262CE93F8CDAAAE0159F612	C:\admirales\script_ver\script_ver\quarantine\under-review\17mov_CharacterSystem\web\photos\mp_f_freemode_01-tshirt_1-102.webp
4F1CBAB87281E11179AF55E166B34C144BC4B7F8822B72E5BAE1AC58437BA678	C:\admirales\script_ver\script_ver\quarantine\under-review\17mov_CharacterSystem\web\photos\mp_f_freemode_01-tshirt_1-103.webp
1BB6D9690D3ABA1A8A740ED5F4E8C73A914AB1A5B1650010FD40D0B9E7DC72E9	C:\admirales\script_ver\script_ver\quarantine\under-review\17mov_CharacterSystem\web\photos\mp_f_freemode_01-tshirt_1-104.webp
F51D45D6052547C19719C46591BA4984A7432CAAF9088A76D3FE79C3F0223354	C:\admirales\script_ver\script_ver\quarantine\under-review\17mov_CharacterSystem\web\photos\mp_f_freemode_01-tshirt_1-105.webp
3F5715BD677136D0DDDBAB793081E33DFE5B0180F2411E2734679F8B4FED1E49	C:\admirales\script_ver\script_ver\quarantine\under-review\17mov_CharacterSystem\web\photos\mp_f_freemode_01-tshirt_1-106.webp
1E9B7E9C87E8A007474BF016F964CF3E96C5B138848FA4C463D471435977E968	C:\admirales\script_ver\script_ver\quarantine\under-review\17mov_CharacterSystem\web\photos\mp_f_freemode_01-tshirt_1-107.webp
5B355BCF7DAF30A9A267EEF0217D3BB481480562953F04085497CE645E5F10C4	C:\admirales\script_ver\script_ver\quarantine\under-review\17mov_CharacterSystem\web\photos\mp_f_freemode_01-tshirt_1-108.webp
953E2121B2F90B7BD1D4C3A7B7F1C72728AF76935C30F9450B0F1774F68F7D71	C:\admirales\script_ver\script_ver\quarantine\under-review\17mov_CharacterSystem\web\photos\mp_f_freemode_01-tshirt_1-109.webp
D8B7C1E2E39123A123FDA4227695384884372AA4657D38B89A3016F2EFE551B2	C:\admirales\script_ver\script_ver\quarantine\under-review\17mov_CharacterSystem\web\photos\mp_f_freemode_01-tshirt_1-11.webp
B2345A87C47DEB3300B844B24524AC8A1944FDE842EC3F98704E90976FEF5614	C:\admirales\script_ver\script_ver\quarantine\under-review\17mov_CharacterSystem\web\photos\mp_f_freemode_01-tshirt_1-110.webp
4A313C1F4ABA1A3348D75B8C52740185758C639CA4D07ACFD9DCD58CAB6AEED6	C:\admirales\script_ver\script_ver\quarantine\under-review\17mov_CharacterSystem\web\photos\mp_f_freemode_01-tshirt_1-111.webp
D6AE587051F5277AFB0A4C9F3EB210347BD8B13DBF97258249394E79EC968605	C:\admirales\script_ver\script_ver\quarantine\under-review\17mov_CharacterSystem\web\photos\mp_f_freemode_01-tshirt_1-112.webp
DDB251DDCF3A47C31AA94E1D30656779D07C593578F40BA04654472BBA6605BC	C:\admirales\script_ver\script_ver\quarantine\under-review\17mov_CharacterSystem\web\photos\mp_f_freemode_01-tshirt_1-113.webp
4955C973341985E201270FC8A8F0341991433312E3E2BC85DA20F8903851EAEC	C:\admirales\script_ver\script_ver\quarantine\under-review\17mov_CharacterSystem\web\photos\mp_f_freemode_01-tshirt_1-114.webp
3BA98EA11AF46E84D91CFE75309CCEF1DF970BFA16845B9AE4F2D1458691908A	C:\admirales\script_ver\script_ver\quarantine\under-review\17mov_CharacterSystem\web\photos\mp_f_freemode_01-tshirt_1-115.webp
C122F0DF23969BC85EEF1C00F2FBF5C93FEB78E943CEEA9486E1DBDB39FB07B0	C:\admirales\script_ver\script_ver\quarantine\under-review\17mov_CharacterSystem\web\photos\mp_f_freemode_01-tshirt_1-116.webp
93CE19A566DB9F500A6C73D03401A07EB076AFE4798B333F59F9C4EDE056CC98	C:\admirales\script_ver\script_ver\quarantine\under-review\17mov_CharacterSystem\web\photos\mp_f_freemode_01-tshirt_1-117.webp
7388621760A2347403B41F135292C151FBE6F0B98D2D5E9810C401BFA3413354	C:\admirales\script_ver\script_ver\quarantine\under-review\17mov_CharacterSystem\web\photos\mp_f_freemode_01-tshirt_1-118.webp
313AAD9940E311F19B16C0E451D6C2869965B764BABB1FD5C2ABFC35AAF2BBE3	C:\admirales\script_ver\script_ver\quarantine\under-review\17mov_CharacterSystem\web\photos\mp_f_freemode_01-tshirt_1-119.webp
64EB8ECA2B152B7C66B564E05D2DAE2EA2666BD9334B7405EB203FEBF773ACA8	C:\admirales\script_ver\script_ver\quarantine\under-review\17mov_CharacterSystem\web\photos\mp_f_freemode_01-tshirt_1-12.webp
4BD851915AB6D363BFA6FEF3CA5373B1E18C2C765A3C8136F0952FF587104B87	C:\admirales\script_ver\script_ver\quarantine\under-review\17mov_CharacterSystem\web\photos\mp_f_freemode_01-tshirt_1-120.webp
0FBEA98649C39EE0EB41B8AEF16D94FC900F0075AD21E5E791F97F37B5FFB321	C:\admirales\script_ver\script_ver\quarantine\under-review\17mov_CharacterSystem\web\photos\mp_f_freemode_01-tshirt_1-121.webp
FB1B581BA03B1B36CB8AC76E627DFF5D44B414E5CD6EBE37F4F9DA9F29EC56D5	C:\admirales\script_ver\script_ver\quarantine\under-review\17mov_CharacterSystem\web\photos\mp_f_freemode_01-tshirt_1-122.webp
A0907F9F038D1BCC45E8C811DCF761E73665FF0379B06CD26DEBC3AAF96FB00D	C:\admirales\script_ver\script_ver\quarantine\under-review\17mov_CharacterSystem\web\photos\mp_f_freemode_01-tshirt_1-123.webp
A55304CAC965A97027B915D1D5688D85A2363299DAD1C247F61E1E0AE52379C0	C:\admirales\script_ver\script_ver\quarantine\under-review\17mov_CharacterSystem\web\photos\mp_f_freemode_01-tshirt_1-124.webp
81F79BCF9703D738758F6FBA5C415D7928C939D343E2048C0C77F7BF72FC298D	C:\admirales\script_ver\script_ver\quarantine\under-review\17mov_CharacterSystem\web\photos\mp_f_freemode_01-tshirt_1-125.webp
48622B641A67C39EB2F228BD6FF09FCA03AC1AFFD5FED1B8846ED4BCECA82084	C:\admirales\script_ver\script_ver\quarantine\under-review\17mov_CharacterSystem\web\photos\mp_f_freemode_01-tshirt_1-126.webp
B0E2609755B426E886C384210DC0D71F693DFDED5620595C1376B8F3371AAEC0	C:\admirales\script_ver\script_ver\quarantine\under-review\17mov_CharacterSystem\web\photos\mp_f_freemode_01-tshirt_1-127.webp
0ECAD281FA96ED94BBDB72FE119A5C6786B66CE6E5BC45C59DA08EE7B64CBBF8	C:\admirales\script_ver\script_ver\quarantine\under-review\17mov_CharacterSystem\web\photos\mp_f_freemode_01-tshirt_1-128.webp
3BB06CB967F12EB895E8389ACD6A81B9BC19FF7AFD9F2E0C1235683674F55953	C:\admirales\script_ver\script_ver\quarantine\under-review\17mov_CharacterSystem\web\photos\mp_f_freemode_01-tshirt_1-129.webp
F63C8A4120AD9CBC4BA73299038DF35B95ACBF794DF76F2892DC6C0EE9C17C39	C:\admirales\script_ver\script_ver\quarantine\under-review\17mov_CharacterSystem\web\photos\mp_f_freemode_01-tshirt_1-13.webp
AC18F0057D2ACD8481158685CB8D0D2BCF5DEE9834BF6C84BDBC86A8FDAF5115	C:\admirales\script_ver\script_ver\quarantine\under-review\17mov_CharacterSystem\web\photos\mp_f_freemode_01-tshirt_1-130.webp
29D3994363F0AC0380845258D755988CD30AF8C0AAB779A7F306AE3C926AF530	C:\admirales\script_ver\script_ver\quarantine\under-review\17mov_CharacterSystem\web\photos\mp_f_freemode_01-tshirt_1-131.webp
C3910C7D87AADAEC380FFF9794A136C0BA38C64EBC312A54DFB96CB1EA8B982A	C:\admirales\script_ver\script_ver\quarantine\under-review\17mov_CharacterSystem\web\photos\mp_f_freemode_01-tshirt_1-132.webp
38B28C2D3FBD6540CBEC137C542E83EC205916D3F87DD7675E2A50B91655A729	C:\admirales\script_ver\script_ver\quarantine\under-review\17mov_CharacterSystem\web\photos\mp_f_freemode_01-tshirt_1-133.webp
B2B7DA2436608E1AD32FA1A45892B1905B9F9F6C0769ADCD43BCF5A0C6B48869	C:\admirales\script_ver\script_ver\quarantine\under-review\17mov_CharacterSystem\web\photos\mp_f_freemode_01-tshirt_1-134.webp
88EBF483C1C0B92F70D49C3C1BFBEE61AA5772AC6AA71523CB59493BB968B9F0	C:\admirales\script_ver\script_ver\quarantine\under-review\17mov_CharacterSystem\web\photos\mp_f_freemode_01-tshirt_1-135.webp
CE7F3CA1E81388711BDDFEAFC63E6072A5E75F32E52D921A69D9B6DA826C1F81	C:\admirales\script_ver\script_ver\quarantine\under-review\17mov_CharacterSystem\web\photos\mp_f_freemode_01-tshirt_1-136.webp
3A107CAFF734C1A0C88E5B0DC8950CB953E580C1A3A7D646E6B4DB6893273FF6	C:\admirales\script_ver\script_ver\quarantine\under-review\17mov_CharacterSystem\web\photos\mp_f_freemode_01-tshirt_1-137.webp
3AD219BCEA4132846B4BA084CBC3A5E94C5DDD6466B635647B90ACE47F0E7858	C:\admirales\script_ver\script_ver\quarantine\under-review\17mov_CharacterSystem\web\photos\mp_f_freemode_01-tshirt_1-138.webp
DCE63F519F93134AF94E2432A3D987C6AA6118B67818B33C61B1DF394D10D23C	C:\admirales\script_ver\script_ver\quarantine\under-review\17mov_CharacterSystem\web\photos\mp_f_freemode_01-tshirt_1-139.webp
DA75E6BDF11E32E4EDE5E7297F6ABB943977FA9F1CE96F41C446AE5FF6831628	C:\admirales\script_ver\script_ver\quarantine\under-review\17mov_CharacterSystem\web\photos\mp_f_freemode_01-tshirt_1-14.webp
E4928EB66C1E7FA7A1A7F6067F185F41A1FA90AC1344B0BCEF49EC8F30CE4C7C	C:\admirales\script_ver\script_ver\quarantine\under-review\17mov_CharacterSystem\web\photos\mp_f_freemode_01-tshirt_1-140.webp
6B5A13D9DA08487BAF545DEC26E3A9D327FBFAD443A1E5AD9E4389092FF6E781	C:\admirales\script_ver\script_ver\quarantine\under-review\17mov_CharacterSystem\web\photos\mp_f_freemode_01-tshirt_1-141.webp
3FC7DE29FF8081B95282C95C3D67B364FEC60EB9B2228B554841996D52CDFDB7	C:\admirales\script_ver\script_ver\quarantine\under-review\17mov_CharacterSystem\web\photos\mp_f_freemode_01-tshirt_1-142.webp
7C62D254933D50F70608EC51812FCC6C1630C90CDD83443E93399D031E61B913	C:\admirales\script_ver\script_ver\quarantine\under-review\17mov_CharacterSystem\web\photos\mp_f_freemode_01-tshirt_1-143.webp
5D9C96114DE3D524B7C913BD64A735011E7810B2A7562BAF35DB120CE4ED909C	C:\admirales\script_ver\script_ver\quarantine\under-review\17mov_CharacterSystem\web\photos\mp_f_freemode_01-tshirt_1-144.webp
1CE2FA61F58C4FC17591B71299C0B36373F29EFC0207ABE4BC8F3885FB027509	C:\admirales\script_ver\script_ver\quarantine\under-review\17mov_CharacterSystem\web\photos\mp_f_freemode_01-tshirt_1-145.webp
FF5B0EE7EB1B8C8C26DF7883DB343E92AB2B8D663142577338A77689EA67DDC4	C:\admirales\script_ver\script_ver\quarantine\under-review\17mov_CharacterSystem\web\photos\mp_f_freemode_01-tshirt_1-146.webp
18C8F1C8243F9D98AFEEB9208781F040A7E2C1E9731FF965066FB4B64EF51CCB	C:\admirales\script_ver\script_ver\quarantine\under-review\17mov_CharacterSystem\web\photos\mp_f_freemode_01-tshirt_1-147.webp
02863F8996A1EA4B94BE80B84E297D7722AAD9716F806455BF196FF797089D1F	C:\admirales\script_ver\script_ver\quarantine\under-review\17mov_CharacterSystem\web\photos\mp_f_freemode_01-tshirt_1-148.webp
70882EFBB6899416E09F98816981D01848AD52D47E92CFA05534BFC64D0E400A	C:\admirales\script_ver\script_ver\quarantine\under-review\17mov_CharacterSystem\web\photos\mp_f_freemode_01-tshirt_1-149.webp
99FDBD36DAF9A20B1DCE463F391E23134126AC14E5E5C524554B5902F6DF9637	C:\admirales\script_ver\script_ver\quarantine\under-review\17mov_CharacterSystem\web\photos\mp_f_freemode_01-tshirt_1-15.webp
533B61A9D6F5B12D412C065F2211D372C7BCEBA6EC42B20B7AAC31704DF218F7	C:\admirales\script_ver\script_ver\quarantine\under-review\17mov_CharacterSystem\web\photos\mp_f_freemode_01-tshirt_1-150.webp
120A26C0A7D2ABF7B04C67723F537F6C47078DDD12239EFAF570B8E08E8491FC	C:\admirales\script_ver\script_ver\quarantine\under-review\17mov_CharacterSystem\web\photos\mp_f_freemode_01-tshirt_1-151.webp
D0EC9FE9B17AD005998A85F8145F1111E44272DDA1D1641A3F16C5655A364FA5	C:\admirales\script_ver\script_ver\quarantine\under-review\17mov_CharacterSystem\web\photos\mp_f_freemode_01-tshirt_1-152.webp
C0B565EDD0F764D45BAE0EF0B5212DFA240C1AACA8A5CC6E324C16F2EFA22E64	C:\admirales\script_ver\script_ver\quarantine\under-review\17mov_CharacterSystem\web\photos\mp_f_freemode_01-tshirt_1-153.webp
FA23EDDF3826809D757DD50EB7A2410E5C4F2FC5E0B54AB10F844643146993AC	C:\admirales\script_ver\script_ver\quarantine\under-review\17mov_CharacterSystem\web\photos\mp_f_freemode_01-tshirt_1-154.webp
0C66BBBD71C3AC357C1DE10685156F561EFBC9590FA377B0D4B9BD7D32AB6BDD	C:\admirales\script_ver\script_ver\quarantine\under-review\17mov_CharacterSystem\web\photos\mp_f_freemode_01-tshirt_1-155.webp
8F94F72E9D8DF5996A583F3892B85737264098F32A438F9EE83CA5D645A3D490	C:\admirales\script_ver\script_ver\quarantine\under-review\17mov_CharacterSystem\web\photos\mp_f_freemode_01-tshirt_1-156.webp
B1AD2B22E82E6E6CB2BF81C20E28CCCCDEEC2D08F2C15B2A3D08911670D190C8	C:\admirales\script_ver\script_ver\quarantine\under-review\17mov_CharacterSystem\web\photos\mp_f_freemode_01-tshirt_1-157.webp
D87F6BAB8568F20FC0AD587BA9C109936E184D84D0D4DAF3EAF9C7B26675DAE4	C:\admirales\script_ver\script_ver\quarantine\under-review\17mov_CharacterSystem\web\photos\mp_f_freemode_01-tshirt_1-158.webp
E7BD27BBC75071CF205653CDFE0FA5759E92A2BE9E6BA27E3ABBF9BB55140959	C:\admirales\script_ver\script_ver\quarantine\under-review\17mov_CharacterSystem\web\photos\mp_f_freemode_01-tshirt_1-159.webp
0ED29A5F48F9D047022D7672DD470D7F86DCC9DCD9B21FF15826AB30B42D19F3	C:\admirales\script_ver\script_ver\quarantine\under-review\17mov_CharacterSystem\web\photos\mp_f_freemode_01-tshirt_1-16.webp
0339B652D7F39C208DCC4492247045A9D660F71298E9128AA11EF71D04E9C848	C:\admirales\script_ver\script_ver\quarantine\under-review\17mov_CharacterSystem\web\photos\mp_f_freemode_01-tshirt_1-160.webp
75D7EF3CC27107DB10B738CA7A245110AEB0CEC0AC5F26A696B3D0B20C7B675F	C:\admirales\script_ver\script_ver\quarantine\under-review\17mov_CharacterSystem\web\photos\mp_f_freemode_01-tshirt_1-161.webp
A6B1847F13D27874EEBDD31FCA4338311AAA5300D0A97E86381F4E7D0C60BAE0	C:\admirales\script_ver\script_ver\quarantine\under-review\17mov_CharacterSystem\web\photos\mp_f_freemode_01-tshirt_1-162.webp
12708A059BDD64AE9983DBA7B6F91DCD96507197EE23AB94B1A7C7D9F970A6FD	C:\admirales\script_ver\script_ver\quarantine\under-review\17mov_CharacterSystem\web\photos\mp_f_freemode_01-tshirt_1-163.webp
5F5F02132FF855D3206B7A1574E2CF1D90FEC2BE75B25B8A2B5CC7C1E9C42D1A	C:\admirales\script_ver\script_ver\quarantine\under-review\17mov_CharacterSystem\web\photos\mp_f_freemode_01-tshirt_1-164.webp
76B1D04E32A75CDB162BEEA85CEEF1A56D308082685C63C8C1BA58B494C7A894	C:\admirales\script_ver\script_ver\quarantine\under-review\17mov_CharacterSystem\web\photos\mp_f_freemode_01-tshirt_1-165.webp
7F2FD139E8B57464335F1B10CC06BA5D4977EA31F365BEEDBD45C87FA851470D	C:\admirales\script_ver\script_ver\quarantine\under-review\17mov_CharacterSystem\web\photos\mp_f_freemode_01-tshirt_1-166.webp
2FB2648F08004CE9ABF5CEC5542E28A950AC13509E3507A8ADA7C54476BE94DA	C:\admirales\script_ver\script_ver\quarantine\under-review\17mov_CharacterSystem\web\photos\mp_f_freemode_01-tshirt_1-167.webp
F47CBBC5B00D8A7F1FE13928437E4674F688697DE33436464A119725AD98B592	C:\admirales\script_ver\script_ver\quarantine\under-review\17mov_CharacterSystem\web\photos\mp_f_freemode_01-tshirt_1-168.webp
70A2F62BF03C2C0C3948457658D7D20741588FD9E026AE56DB7DCF6699517EA8	C:\admirales\script_ver\script_ver\quarantine\under-review\17mov_CharacterSystem\web\photos\mp_f_freemode_01-tshirt_1-169.webp
B2DFFA9B8B598B2C1AFE16A0374D6DBB725BA5272256ADAEC37DEA85ABD335BC	C:\admirales\script_ver\script_ver\quarantine\under-review\17mov_CharacterSystem\web\photos\mp_f_freemode_01-tshirt_1-17.webp
9667B09FC239E9BE160AD29866CFCE64D8811C618B07A426D9042F9026CDEB14	C:\admirales\script_ver\script_ver\quarantine\under-review\17mov_CharacterSystem\web\photos\mp_f_freemode_01-tshirt_1-170.webp
21B123A7C0C13C4DD3AE2884586724EA803BA11F01F7C62F6E258DAC6C61C8CD	C:\admirales\script_ver\script_ver\quarantine\under-review\17mov_CharacterSystem\web\photos\mp_f_freemode_01-tshirt_1-171.webp
3EA99C110BEBD99B5C835F019C913737D8A298692B50B7CB99ED76ABA4E83C43	C:\admirales\script_ver\script_ver\quarantine\under-review\17mov_CharacterSystem\web\photos\mp_f_freemode_01-tshirt_1-172.webp
09A5F621A6A6F0CD292C1424905D58420B8DC876E7244E35658C32D19FE8F17B	C:\admirales\script_ver\script_ver\quarantine\under-review\17mov_CharacterSystem\web\photos\mp_f_freemode_01-tshirt_1-173.webp
FD28962202F78DFA38D11866C33499D1C85B22829CE0EC15E58C1067CF7BAAB3	C:\admirales\script_ver\script_ver\quarantine\under-review\17mov_CharacterSystem\web\photos\mp_f_freemode_01-tshirt_1-174.webp
A2C0189846190E9230FFA6BF55ED5E7C31BA828F50718AB931B42FCB5D759AE4	C:\admirales\script_ver\script_ver\quarantine\under-review\17mov_CharacterSystem\web\photos\mp_f_freemode_01-tshirt_1-175.webp
34025950BB6104F7EE2D4369402872A60B9C3C3F2384BFD14224BB30033B48C5	C:\admirales\script_ver\script_ver\quarantine\under-review\17mov_CharacterSystem\web\photos\mp_f_freemode_01-tshirt_1-176.webp
1C4C10A28FA2EC3AB9AB4CA50C11C24BFA9055FEAB3FE646817153B7B1C86A89	C:\admirales\script_ver\script_ver\quarantine\under-review\17mov_CharacterSystem\web\photos\mp_f_freemode_01-tshirt_1-177.webp
4DED9DC20C7CC391071BCC5BD763EB77B18C8351F25264CD891E5F557411F9F5	C:\admirales\script_ver\script_ver\quarantine\under-review\17mov_CharacterSystem\web\photos\mp_f_freemode_01-tshirt_1-178.webp
E975DCAFC29E48FFB47CCB508D9934C84174DF6EBB18FE7C2255A3B6270A0BAF	C:\admirales\script_ver\script_ver\quarantine\under-review\17mov_CharacterSystem\web\photos\mp_f_freemode_01-tshirt_1-179.webp
609A41233BADF2D9207021A3B09D8B1916271D4C04C994C2527A1089E599C57C	C:\admirales\script_ver\script_ver\quarantine\under-review\17mov_CharacterSystem\web\photos\mp_f_freemode_01-tshirt_1-18.webp
C29EF1E5F6D3E59E9D9BB0E549B64D0A09C1D13908F3DE4C03A8F6819A49C707	C:\admirales\script_ver\script_ver\quarantine\under-review\17mov_CharacterSystem\web\photos\mp_f_freemode_01-tshirt_1-180.webp
E43149A88BF3C46556FCEECE7125A19070B304EAF067F2E0AE0450F900BE3855	C:\admirales\script_ver\script_ver\quarantine\under-review\17mov_CharacterSystem\web\photos\mp_f_freemode_01-tshirt_1-181.webp
67E31CA00C3F4EAA12F04AABCD369E8DE5B44DE06D530E805BD7C39BC4420205	C:\admirales\script_ver\script_ver\quarantine\under-review\17mov_CharacterSystem\web\photos\mp_f_freemode_01-tshirt_1-182.webp
F230AB5BCB63E47F1CAE9172D02AD43367319F5AD85B3F63B861858A4C6AF13A	C:\admirales\script_ver\script_ver\quarantine\under-review\17mov_CharacterSystem\web\photos\mp_f_freemode_01-tshirt_1-183.webp
B0756B6CB085F3399C2AE26BD854FB116B8FE5E2704D07C781D1455286CD96B9	C:\admirales\script_ver\script_ver\quarantine\under-review\17mov_CharacterSystem\web\photos\mp_f_freemode_01-tshirt_1-184.webp
5D9A1815266294D64B4A0631681E47A8020E79E28126B827FFC8BBDCEB4F8EDB	C:\admirales\script_ver\script_ver\quarantine\under-review\17mov_CharacterSystem\web\photos\mp_f_freemode_01-tshirt_1-185.webp
5FB724FD163E618BEBB5F0AC548577B6915FCFE7A46C2C58EB6ECA9400C6A890	C:\admirales\script_ver\script_ver\quarantine\under-review\17mov_CharacterSystem\web\photos\mp_f_freemode_01-tshirt_1-186.webp
079A2A2DB7C9090F023B57980D0BDFC25CE429DDCB0A1B2E83D096AB30411C39	C:\admirales\script_ver\script_ver\quarantine\under-review\17mov_CharacterSystem\web\photos\mp_f_freemode_01-tshirt_1-187.webp
A8E5ED37B54BE0E9290B5B6E06BAECECEF78435E917DACF6D90F05E5AAA5290A	C:\admirales\script_ver\script_ver\quarantine\under-review\17mov_CharacterSystem\web\photos\mp_f_freemode_01-tshirt_1-188.webp
4D9B97DA2F24C0888AA0FD19C5FF8682CEFF3A96E88DD60AFCC095799F4E5FE5	C:\admirales\script_ver\script_ver\quarantine\under-review\17mov_CharacterSystem\web\photos\mp_f_freemode_01-tshirt_1-189.webp
EF81B7F30006472DF59B33D6494036E8E96EBF38381147AB7212AD69D48FD3E3	C:\admirales\script_ver\script_ver\quarantine\under-review\17mov_CharacterSystem\web\photos\mp_f_freemode_01-tshirt_1-19.webp
2BF751479FC7738719A7AF2EE0427D5361BA39EA050F3D4BBD7019A2FE38A303	C:\admirales\script_ver\script_ver\quarantine\under-review\17mov_CharacterSystem\web\photos\mp_f_freemode_01-tshirt_1-190.webp
9F8653D4529E26C97130B308581DE460CB7C80F025F035D5C746B57A7C44CAE3	C:\admirales\script_ver\script_ver\quarantine\under-review\17mov_CharacterSystem\web\photos\mp_f_freemode_01-tshirt_1-191.webp
95DFBB17A0C11AE314DF3D4044578E718EF46318ECAA02F895445EF0B08023F3	C:\admirales\script_ver\script_ver\quarantine\under-review\17mov_CharacterSystem\web\photos\mp_f_freemode_01-tshirt_1-192.webp
F83BB8924A3652EF243C13ACD5C0F9ED818B4C69B07E6A5A1BCF281248540207	C:\admirales\script_ver\script_ver\quarantine\under-review\17mov_CharacterSystem\web\photos\mp_f_freemode_01-tshirt_1-193.webp
DFA8DC429DBAE57ADB00ED914CD465342CAFB86784B7509A372F749E63FACDE6	C:\admirales\script_ver\script_ver\quarantine\under-review\17mov_CharacterSystem\web\photos\mp_f_freemode_01-tshirt_1-194.webp
37BD3D92A8C407EB98A5294FD6C87C1B8F50BACCB44AEB287DAA896F0C58CE30	C:\admirales\script_ver\script_ver\quarantine\under-review\17mov_CharacterSystem\web\photos\mp_f_freemode_01-tshirt_1-195.webp
110B749C9EE6CA4356D106654D978A901956F310AB084F301C8167260697CC47	C:\admirales\script_ver\script_ver\quarantine\under-review\17mov_CharacterSystem\web\photos\mp_f_freemode_01-tshirt_1-196.webp
1BCB64596ED5E38CD6879B4102D1EA88A15E2CAF12811911E56CD4DC1D28F355	C:\admirales\script_ver\script_ver\quarantine\under-review\17mov_CharacterSystem\web\photos\mp_f_freemode_01-tshirt_1-197.webp
58839FA68E816EB0D5E9904FD162D7F488BCA8984D070254C903FE29F05CE398	C:\admirales\script_ver\script_ver\quarantine\under-review\17mov_CharacterSystem\web\photos\mp_f_freemode_01-tshirt_1-198.webp
BCDE3AC182E4D9A34F877EEC55EC4462BB666A170B1223F1164D4172203CD530	C:\admirales\script_ver\script_ver\quarantine\under-review\17mov_CharacterSystem\web\photos\mp_f_freemode_01-tshirt_1-199.webp
DA75E6BDF11E32E4EDE5E7297F6ABB943977FA9F1CE96F41C446AE5FF6831628	C:\admirales\script_ver\script_ver\quarantine\under-review\17mov_CharacterSystem\web\photos\mp_f_freemode_01-tshirt_1-2.webp
B5A46F43E8CF3A5CD932E86DD6E8863BEF8D797D7A5B4BDF0F4BC342619F555F	C:\admirales\script_ver\script_ver\quarantine\under-review\17mov_CharacterSystem\web\photos\mp_f_freemode_01-tshirt_1-20.webp
9AF94340A8712852B73513A3B44A69A3F76BA56FA249E0542A97152294B9FF41	C:\admirales\script_ver\script_ver\quarantine\under-review\17mov_CharacterSystem\web\photos\mp_f_freemode_01-tshirt_1-200.webp
3BC16F84F7D90D59340BD120DFCBA1B9300A7685C8A47FFA4BA1197D9FFEBA77	C:\admirales\script_ver\script_ver\quarantine\under-review\17mov_CharacterSystem\web\photos\mp_f_freemode_01-tshirt_1-201.webp
8A951965C7D90A91802F5AE5F331571B27DD88082A82552E2411CF9A5A3D57B1	C:\admirales\script_ver\script_ver\quarantine\under-review\17mov_CharacterSystem\web\photos\mp_f_freemode_01-tshirt_1-202.webp
6CCD38A3EB977DA6530FAE8F3D259665344AE197E49C902F8D4A982EACE19DA2	C:\admirales\script_ver\script_ver\quarantine\under-review\17mov_CharacterSystem\web\photos\mp_f_freemode_01-tshirt_1-203.webp
E6531FAABD2167E965AB51187FD292CEB122CD92B70D1B62C6833B001B6D806D	C:\admirales\script_ver\script_ver\quarantine\under-review\17mov_CharacterSystem\web\photos\mp_f_freemode_01-tshirt_1-204.webp
1E44E34237354845C278429BD0F439DDACAA0BAF02F285956FDD06B227A1A589	C:\admirales\script_ver\script_ver\quarantine\under-review\17mov_CharacterSystem\web\photos\mp_f_freemode_01-tshirt_1-205.webp
42A60701B4928C16A2F4099FBF95C94454A5EA3C48513ADA4AA0B10C87D82DA9	C:\admirales\script_ver\script_ver\quarantine\under-review\17mov_CharacterSystem\web\photos\mp_f_freemode_01-tshirt_1-206.webp
4CC5F90D78FB871FAC9E26D303D6E8EC1F717A197EBEE7404758D0164202EA8B	C:\admirales\script_ver\script_ver\quarantine\under-review\17mov_CharacterSystem\web\photos\mp_f_freemode_01-tshirt_1-207.webp
058709A70C14E499D60BD9AD6F3F8091A2C231E69DB9A72BAA46CA391004195E	C:\admirales\script_ver\script_ver\quarantine\under-review\17mov_CharacterSystem\web\photos\mp_f_freemode_01-tshirt_1-208.webp
C7D0F62F4FD3DF40688A764A7861BDFFAF684BFEF579F972FF82CF88A3B0FCF2	C:\admirales\script_ver\script_ver\quarantine\under-review\17mov_CharacterSystem\web\photos\mp_f_freemode_01-tshirt_1-209.webp
3D6F52DE720726B6BEED8490AF9B08A5FAC1E5AB28E02B31746BD4668637E56B	C:\admirales\script_ver\script_ver\quarantine\under-review\17mov_CharacterSystem\web\photos\mp_f_freemode_01-tshirt_1-21.webp
4137055EBAD997DE673AF451FDFA451BC92AF3E267433E9CCD7CFAD11A3A3965	C:\admirales\script_ver\script_ver\quarantine\under-review\17mov_CharacterSystem\web\photos\mp_f_freemode_01-tshirt_1-210.webp
8A8D62060CC538F3381418DA9AAE6F34000BD160732B58FD387B7A793B67226E	C:\admirales\script_ver\script_ver\quarantine\under-review\17mov_CharacterSystem\web\photos\mp_f_freemode_01-tshirt_1-211.webp
BCC8406827D559909DC8199459786787EA167D04D91BADD34D52834440932C48	C:\admirales\script_ver\script_ver\quarantine\under-review\17mov_CharacterSystem\web\photos\mp_f_freemode_01-tshirt_1-212.webp
564F4CB9AC8FF25AEBD95C0D45D7FB7EFE157B86625A31AE18F9C88F6286750F	C:\admirales\script_ver\script_ver\quarantine\under-review\17mov_CharacterSystem\web\photos\mp_f_freemode_01-tshirt_1-213.webp
ED1463E2ED0071D45D8C1B2364D06F44E6114C17A239A8BEA2E8C1479E1336CF	C:\admirales\script_ver\script_ver\quarantine\under-review\17mov_CharacterSystem\web\photos\mp_f_freemode_01-tshirt_1-214.webp
23A17CE76FA77401FC4B0F9EBCA73A09A4EEAB6CADA6A0B249EF4D271E94E26A	C:\admirales\script_ver\script_ver\quarantine\under-review\17mov_CharacterSystem\web\photos\mp_f_freemode_01-tshirt_1-215.webp
BC0511B7382B5739C13406DFB3A4D39A71B09BE72D49BF7846DB3EAA340C87FE	C:\admirales\script_ver\script_ver\quarantine\under-review\17mov_CharacterSystem\web\photos\mp_f_freemode_01-tshirt_1-216.webp
691040C796A1EE84905AAC65904575E2170500805EFD23954CBFFBE0FC4A83ED	C:\admirales\script_ver\script_ver\quarantine\under-review\17mov_CharacterSystem\web\photos\mp_f_freemode_01-tshirt_1-217.webp
CB0DB9DDAC2EFF112C0B9D6D7F64243788FB0A543E0C43187A31064DE8820E6A	C:\admirales\script_ver\script_ver\quarantine\under-review\17mov_CharacterSystem\web\photos\mp_f_freemode_01-tshirt_1-218.webp
16A1FD84817DEF2AE817967FC75F2B24A148AF1D726DE62741D938EF69B2DD53	C:\admirales\script_ver\script_ver\quarantine\under-review\17mov_CharacterSystem\web\photos\mp_f_freemode_01-tshirt_1-219.webp
0D1FC73C7A53C1DCAEF35759A56ED5A3799AFC6D8998056852AA60C8C4D257E0	C:\admirales\script_ver\script_ver\quarantine\under-review\17mov_CharacterSystem\web\photos\mp_f_freemode_01-tshirt_1-22.webp
5EA88DF71C625248E304099D4D8ED6954487CB826A8536C9291A0402E6C3FBEA	C:\admirales\script_ver\script_ver\quarantine\under-review\17mov_CharacterSystem\web\photos\mp_f_freemode_01-tshirt_1-220.webp
844A9C191BD21DA4E1675DD6BE28879BE148A21B0B9CDA709548FC0376DEF717	C:\admirales\script_ver\script_ver\quarantine\under-review\17mov_CharacterSystem\web\photos\mp_f_freemode_01-tshirt_1-221.webp
531D1B4625070E6C061D8EA83BA18C385E7A5090DEF8C8BA5A8979A252B527F1	C:\admirales\script_ver\script_ver\quarantine\under-review\17mov_CharacterSystem\web\photos\mp_f_freemode_01-tshirt_1-222.webp
A7AFA1AF5F60F840B4FC2CDE97277787142D555101FCFE2DD79CF70F99D117B3	C:\admirales\script_ver\script_ver\quarantine\under-review\17mov_CharacterSystem\web\photos\mp_f_freemode_01-tshirt_1-223.webp
AD5DCEC6102D0F8D238F2932A95E30BA0B199DAB4E12F559178646787EC028B9	C:\admirales\script_ver\script_ver\quarantine\under-review\17mov_CharacterSystem\web\photos\mp_f_freemode_01-tshirt_1-224.webp
CB11299FB7C25C5AD4C66B5F3B0EC95821F14AD82FD28E830E8686134DCE0C54	C:\admirales\script_ver\script_ver\quarantine\under-review\17mov_CharacterSystem\web\photos\mp_f_freemode_01-tshirt_1-225.webp
5EFC0F6C80616F402D18AB57F0B3B929DE91E8B06D1F0B172123C0559B05E5B3	C:\admirales\script_ver\script_ver\quarantine\under-review\17mov_CharacterSystem\web\photos\mp_f_freemode_01-tshirt_1-226.webp
3364A96FE5BD35C88C41ABBF8991E112954EDEEC9138D8A67F25C36BFD4D8C60	C:\admirales\script_ver\script_ver\quarantine\under-review\17mov_CharacterSystem\web\photos\mp_f_freemode_01-tshirt_1-227.webp
A8B560B23884AA6371DF8EA6CF9262451C1D9CA9968ADCF2BC09BF0C81D79279	C:\admirales\script_ver\script_ver\quarantine\under-review\17mov_CharacterSystem\web\photos\mp_f_freemode_01-tshirt_1-228.webp
FABAD82930AF103DC0C8E18D53CA7B0A438AA5EAE8A97BEE54701418F83711D1	C:\admirales\script_ver\script_ver\quarantine\under-review\17mov_CharacterSystem\web\photos\mp_f_freemode_01-tshirt_1-229.webp
0DA7162634B992FD5178633E281E39A252ABFE9DEC5A20FC85E7C33EF367C86D	C:\admirales\script_ver\script_ver\quarantine\under-review\17mov_CharacterSystem\web\photos\mp_f_freemode_01-tshirt_1-23.webp
661565DCA095E9DE4059998761C4AF7679F5F0BA7B261D9052D379D59795A9E6	C:\admirales\script_ver\script_ver\quarantine\under-review\17mov_CharacterSystem\web\photos\mp_f_freemode_01-tshirt_1-230.webp
0913B494FFBFFE5C8F1AF18E4881436B4795EED43DBF709474960A6E9D4049E2	C:\admirales\script_ver\script_ver\quarantine\under-review\17mov_CharacterSystem\web\photos\mp_f_freemode_01-tshirt_1-231.webp
81C6F112F9557D45D6D27EF49E220377F0D80B0C6C120ED6B453359E068AC333	C:\admirales\script_ver\script_ver\quarantine\under-review\17mov_CharacterSystem\web\photos\mp_f_freemode_01-tshirt_1-232.webp
6D28DE5E2A0F1C0E814E36A5CEF4FE34EB8E79E8F9E9F074B8CD070601696B57	C:\admirales\script_ver\script_ver\quarantine\under-review\17mov_CharacterSystem\web\photos\mp_f_freemode_01-tshirt_1-233.webp
74EBF60C59BEFF0257FFCC91651F794CDC99CAAC8475366E5D8BFD40F30A3EAB	C:\admirales\script_ver\script_ver\quarantine\under-review\17mov_CharacterSystem\web\photos\mp_f_freemode_01-tshirt_1-234.webp
DF727CD06BD3D9E4A69214C235158D54F779AD0F3D33B8F4B7E3C4FF9693F91C	C:\admirales\script_ver\script_ver\quarantine\under-review\17mov_CharacterSystem\web\photos\mp_f_freemode_01-tshirt_1-235.webp
5CD44D8DBCD997FAE61902AFB96787868BDE734A26AC7ED30D7A653CFFD48034	C:\admirales\script_ver\script_ver\quarantine\under-review\17mov_CharacterSystem\web\photos\mp_f_freemode_01-tshirt_1-236.webp
3F7DC0EC5EE90BF50E45AA4FD6B9E66E4C91896D08164F38728A3A434F19CFAE	C:\admirales\script_ver\script_ver\quarantine\under-review\17mov_CharacterSystem\web\photos\mp_f_freemode_01-tshirt_1-237.webp
DA75E6BDF11E32E4EDE5E7297F6ABB943977FA9F1CE96F41C446AE5FF6831628	C:\admirales\script_ver\script_ver\quarantine\under-review\17mov_CharacterSystem\web\photos\mp_f_freemode_01-tshirt_1-238.webp
DA75E6BDF11E32E4EDE5E7297F6ABB943977FA9F1CE96F41C446AE5FF6831628	C:\admirales\script_ver\script_ver\quarantine\under-review\17mov_CharacterSystem\web\photos\mp_f_freemode_01-tshirt_1-239.webp
FD0EEDF2FA227276EF4E456FE65595F0D0E14B730D009525DD0CFFA1D84F4E79	C:\admirales\script_ver\script_ver\quarantine\under-review\17mov_CharacterSystem\web\photos\mp_f_freemode_01-tshirt_1-24.webp
DA75E6BDF11E32E4EDE5E7297F6ABB943977FA9F1CE96F41C446AE5FF6831628	C:\admirales\script_ver\script_ver\quarantine\under-review\17mov_CharacterSystem\web\photos\mp_f_freemode_01-tshirt_1-240.webp
DA75E6BDF11E32E4EDE5E7297F6ABB943977FA9F1CE96F41C446AE5FF6831628	C:\admirales\script_ver\script_ver\quarantine\under-review\17mov_CharacterSystem\web\photos\mp_f_freemode_01-tshirt_1-241.webp
DA75E6BDF11E32E4EDE5E7297F6ABB943977FA9F1CE96F41C446AE5FF6831628	C:\admirales\script_ver\script_ver\quarantine\under-review\17mov_CharacterSystem\web\photos\mp_f_freemode_01-tshirt_1-242.webp
DA75E6BDF11E32E4EDE5E7297F6ABB943977FA9F1CE96F41C446AE5FF6831628	C:\admirales\script_ver\script_ver\quarantine\under-review\17mov_CharacterSystem\web\photos\mp_f_freemode_01-tshirt_1-243.webp
852868E05F4AD3B185A77D8AF51A7672EC3E1BDF6D4A18EBA488CB445EEA1EF5	C:\admirales\script_ver\script_ver\quarantine\under-review\17mov_CharacterSystem\web\photos\mp_f_freemode_01-tshirt_1-244.webp
E9377380E7BC3432C5F7AC094EA4914BEA9F9EAAC3EE572E693A014F17D9F9BC	C:\admirales\script_ver\script_ver\quarantine\under-review\17mov_CharacterSystem\web\photos\mp_f_freemode_01-tshirt_1-245.webp
43FB17EC2D8EC158DECCC085A7A9A708CF783796EBD0DF34D1DD0010967A740E	C:\admirales\script_ver\script_ver\quarantine\under-review\17mov_CharacterSystem\web\photos\mp_f_freemode_01-tshirt_1-246.webp
C0A6CB844E9036D8F43ED928DED49FEEB7F3EADA978FFFC315EE6F36C24CB9EB	C:\admirales\script_ver\script_ver\quarantine\under-review\17mov_CharacterSystem\web\photos\mp_f_freemode_01-tshirt_1-247.webp
EAFCC0ADAB040608BE5559DD2BB60E649F85487EEA8A2B6199DA47FF7BF88755	C:\admirales\script_ver\script_ver\quarantine\under-review\17mov_CharacterSystem\web\photos\mp_f_freemode_01-tshirt_1-248.webp
DA75E6BDF11E32E4EDE5E7297F6ABB943977FA9F1CE96F41C446AE5FF6831628	C:\admirales\script_ver\script_ver\quarantine\under-review\17mov_CharacterSystem\web\photos\mp_f_freemode_01-tshirt_1-249.webp
BCE23FF7C6D7D3CCE05E8E3C02B701CB285335FDDEEB933C69BDFD6C62F4311A	C:\admirales\script_ver\script_ver\quarantine\under-review\17mov_CharacterSystem\web\photos\mp_f_freemode_01-tshirt_1-25.webp
071D15C60D25CD4F2D3DD5B24FDAD5B2F07D4F44ED4141CEEA9216B5DD92BA28	C:\admirales\script_ver\script_ver\quarantine\under-review\17mov_CharacterSystem\web\photos\mp_f_freemode_01-tshirt_1-250.webp
DA75E6BDF11E32E4EDE5E7297F6ABB943977FA9F1CE96F41C446AE5FF6831628	C:\admirales\script_ver\script_ver\quarantine\under-review\17mov_CharacterSystem\web\photos\mp_f_freemode_01-tshirt_1-251.webp
4F3096FAE1915747A3F1A5F3CD30DDCA7184F23A9E8F15B6FF145F90C4D2CEEA	C:\admirales\script_ver\script_ver\quarantine\under-review\17mov_CharacterSystem\web\photos\mp_f_freemode_01-tshirt_1-252.webp
DA75E6BDF11E32E4EDE5E7297F6ABB943977FA9F1CE96F41C446AE5FF6831628	C:\admirales\script_ver\script_ver\quarantine\under-review\17mov_CharacterSystem\web\photos\mp_f_freemode_01-tshirt_1-253.webp
A9C36409A8DCBB93DC8359B642AFDC61C49EE89E4238B7B76CBABEE2EAF7A98A	C:\admirales\script_ver\script_ver\quarantine\under-review\17mov_CharacterSystem\web\photos\mp_f_freemode_01-tshirt_1-26.webp
83CF66FCE5E45112BB485E9A0E006AA9D9752A4EE71A97233A04A8660C956790	C:\admirales\script_ver\script_ver\quarantine\under-review\17mov_CharacterSystem\web\photos\mp_f_freemode_01-tshirt_1-27.webp
DB3E4158A5B1268A7049B838B54452DA19CE3B21E10833A30147B6DB3FF665CD	C:\admirales\script_ver\script_ver\quarantine\under-review\17mov_CharacterSystem\web\photos\mp_f_freemode_01-tshirt_1-28.webp
9C202D2EACF6AC850AAF2426FEECD1EC2E9F83BE3795B398E060257BDE51DE38	C:\admirales\script_ver\script_ver\quarantine\under-review\17mov_CharacterSystem\web\photos\mp_f_freemode_01-tshirt_1-29.webp
DA75E6BDF11E32E4EDE5E7297F6ABB943977FA9F1CE96F41C446AE5FF6831628	C:\admirales\script_ver\script_ver\quarantine\under-review\17mov_CharacterSystem\web\photos\mp_f_freemode_01-tshirt_1-3.webp
E14D5BF1B68539591420280EC1F64659C1576651DFA2556F4F4F8D7D907F17F5	C:\admirales\script_ver\script_ver\quarantine\under-review\17mov_CharacterSystem\web\photos\mp_f_freemode_01-tshirt_1-30.webp
BC3C9B290199AD9C89EA89A782E8A8F466439B6422DB16DABD51AC20AEBDBDE2	C:\admirales\script_ver\script_ver\quarantine\under-review\17mov_CharacterSystem\web\photos\mp_f_freemode_01-tshirt_1-31.webp
9F4D113A9770E673DF98FA1D2B4EA36082459CEE149E9442583A8FA9CAB3EF97	C:\admirales\script_ver\script_ver\quarantine\under-review\17mov_CharacterSystem\web\photos\mp_f_freemode_01-tshirt_1-32.webp
91A6911CF572C32C18E26337264332848636E32223024F9AE9134545523D5424	C:\admirales\script_ver\script_ver\quarantine\under-review\17mov_CharacterSystem\web\photos\mp_f_freemode_01-tshirt_1-33.webp
10ECECB3AE36A43E4DD829A4CA74F5091271EF99F7CA8C2100642A4A46604E27	C:\admirales\script_ver\script_ver\quarantine\under-review\17mov_CharacterSystem\web\photos\mp_f_freemode_01-tshirt_1-34.webp
C1BCFC3F5DCAA4EAD5E2B04B31E2F4E3482B9E818B3FAC286F024591B2E88BB5	C:\admirales\script_ver\script_ver\quarantine\under-review\17mov_CharacterSystem\web\photos\mp_f_freemode_01-tshirt_1-35.webp
2EAC19C6A3037C04C0EE39D1DC3CC21A7643C21646AC5CDCA57A7259EC0D719D	C:\admirales\script_ver\script_ver\quarantine\under-review\17mov_CharacterSystem\web\photos\mp_f_freemode_01-tshirt_1-36.webp
C5166AA65E06F0AB0EA4DC399BC137591484D6EE6733CF5B4E606C2660574192	C:\admirales\script_ver\script_ver\quarantine\under-review\17mov_CharacterSystem\web\photos\mp_f_freemode_01-tshirt_1-37.webp
B56DFC0A2D7C907D9F080FA7D9C1B993AB15F0811335117E540C0F4C9FF55C4D	C:\admirales\script_ver\script_ver\quarantine\under-review\17mov_CharacterSystem\web\photos\mp_f_freemode_01-tshirt_1-38.webp
DA80C1A3DED369BD69ACD1D96B88EFC1A71663FB583638F11995746D0A0FAC6B	C:\admirales\script_ver\script_ver\quarantine\under-review\17mov_CharacterSystem\web\photos\mp_f_freemode_01-tshirt_1-39.webp
53B8559649EC83214C3FAEFA99D60E38164281C85F7F667DD96D8BD9B0E522CE	C:\admirales\script_ver\script_ver\quarantine\under-review\17mov_CharacterSystem\web\photos\mp_f_freemode_01-tshirt_1-4.webp
7B86D0702BBA0E43C76D5AD1D113C58C87E06042BF1D278903C3C60007AADE6F	C:\admirales\script_ver\script_ver\quarantine\under-review\17mov_CharacterSystem\web\photos\mp_f_freemode_01-tshirt_1-40.webp
B9AD8F9A3EBC21C11246ADB5041A0AF4CBCBB1219D2E159C084F88FD6F32B6A4	C:\admirales\script_ver\script_ver\quarantine\under-review\17mov_CharacterSystem\web\photos\mp_f_freemode_01-tshirt_1-41.webp
F8DBC8D63941EB8D93E429C19629B43409468A179BF1BD243EA37A5456500B95	C:\admirales\script_ver\script_ver\quarantine\under-review\17mov_CharacterSystem\web\photos\mp_f_freemode_01-tshirt_1-42.webp
D27AD9F827372DFB7D5DBA46115F3B7E6A8E6C7C8B67A4D45235FC3769D1544F	C:\admirales\script_ver\script_ver\quarantine\under-review\17mov_CharacterSystem\web\photos\mp_f_freemode_01-tshirt_1-43.webp
3156401AA6FA414F9CDC81B55F29948EC31BB0218D554FFABFFA20C68BB3EDF2	C:\admirales\script_ver\script_ver\quarantine\under-review\17mov_CharacterSystem\web\photos\mp_f_freemode_01-tshirt_1-44.webp
E075884F7569A8E6F323B21B3F232DB7B3C16FC5C416D35CEEF08346EAB7CFEA	C:\admirales\script_ver\script_ver\quarantine\under-review\17mov_CharacterSystem\web\photos\mp_f_freemode_01-tshirt_1-45.webp
F5A488351DEBB5BE005B7422F3E1D8B5B9127864FBA586F45E0047BA1E42F3F2	C:\admirales\script_ver\script_ver\quarantine\under-review\17mov_CharacterSystem\web\photos\mp_f_freemode_01-tshirt_1-46.webp
CE2E6CEDEA5B37CA253548BC83F01776FCB75447CB5A801E0796CF2A49EAE225	C:\admirales\script_ver\script_ver\quarantine\under-review\17mov_CharacterSystem\web\photos\mp_f_freemode_01-tshirt_1-47.webp
0DA814820ED135EA79B9738893170C6C18B2411F672863095079D99925C4ACCA	C:\admirales\script_ver\script_ver\quarantine\under-review\17mov_CharacterSystem\web\photos\mp_f_freemode_01-tshirt_1-48.webp
1B9E1933C2F1A56C723CA3D8FB9C45E6E2387000D4F4366293CF6D82AE3F864B	C:\admirales\script_ver\script_ver\quarantine\under-review\17mov_CharacterSystem\web\photos\mp_f_freemode_01-tshirt_1-49.webp
676B8E47B905D30F29410632BD601D72AA23FDAFDE25F3AC101610164313EEA1	C:\admirales\script_ver\script_ver\quarantine\under-review\17mov_CharacterSystem\web\photos\mp_f_freemode_01-tshirt_1-5.webp
D2A7DA566936A2F44A9522C40011909D78133BD1C75BFE32C40E3A880F3F8F4B	C:\admirales\script_ver\script_ver\quarantine\under-review\17mov_CharacterSystem\web\photos\mp_f_freemode_01-tshirt_1-50.webp
A962B01B30E91BF902C4FD5C14B1ED2FCD5BBCCE6D1E66ECE1998B756F9B0D2B	C:\admirales\script_ver\script_ver\quarantine\under-review\17mov_CharacterSystem\web\photos\mp_f_freemode_01-tshirt_1-51.webp
442E84876353696A0185C754B4576D29F56A7CC98177251B028C49CD1E51F161	C:\admirales\script_ver\script_ver\quarantine\under-review\17mov_CharacterSystem\web\photos\mp_f_freemode_01-tshirt_1-52.webp
ADD188A02ECA2B26F6175AE9C2B3911925FF29B95E605D5AA820C39623785C3E	C:\admirales\script_ver\script_ver\quarantine\under-review\17mov_CharacterSystem\web\photos\mp_f_freemode_01-tshirt_1-53.webp
A6C9D1E10FFB4F8EF59D171567BC70AC78FB3FE6D43B868F08EE562A79293A1E	C:\admirales\script_ver\script_ver\quarantine\under-review\17mov_CharacterSystem\web\photos\mp_f_freemode_01-tshirt_1-54.webp
56AC24C2AEEB3091D1F9BD8681777B75FFF4998B66E0926030FAE4C4E2E30A8A	C:\admirales\script_ver\script_ver\quarantine\under-review\17mov_CharacterSystem\web\photos\mp_f_freemode_01-tshirt_1-55.webp
6B27ECA50B1508F99ED5A72E36036A58344124885B9007767F90679C28FD4637	C:\admirales\script_ver\script_ver\quarantine\under-review\17mov_CharacterSystem\web\photos\mp_f_freemode_01-tshirt_1-56.webp
0C41614225DE6CC81EDBA652E4E34064A9CCF2F5AAAA7C39CE2C8446E393B3E8	C:\admirales\script_ver\script_ver\quarantine\under-review\17mov_CharacterSystem\web\photos\mp_f_freemode_01-tshirt_1-57.webp
B039810750BE8DC05A110A75CD84F6A93F4AE89748762AE033833F77C7465ED2	C:\admirales\script_ver\script_ver\quarantine\under-review\17mov_CharacterSystem\web\photos\mp_f_freemode_01-tshirt_1-58.webp
5257EE5EE6E823A4D9B28519B35566E7B9E7BF223FB3935901EAE5C313A687E7	C:\admirales\script_ver\script_ver\quarantine\under-review\17mov_CharacterSystem\web\photos\mp_f_freemode_01-tshirt_1-59.webp
DA75E6BDF11E32E4EDE5E7297F6ABB943977FA9F1CE96F41C446AE5FF6831628	C:\admirales\script_ver\script_ver\quarantine\under-review\17mov_CharacterSystem\web\photos\mp_f_freemode_01-tshirt_1-6.webp
8D485A897E120E11DA255A9B742625B23A20756748587DBE8DC6348AA31D3116	C:\admirales\script_ver\script_ver\quarantine\under-review\17mov_CharacterSystem\web\photos\mp_f_freemode_01-tshirt_1-60.webp
8654A90D47670D35153FE6E37889150ED7FBCCA54BC71DCE110ED4A8294F0559	C:\admirales\script_ver\script_ver\quarantine\under-review\17mov_CharacterSystem\web\photos\mp_f_freemode_01-tshirt_1-61.webp
403037A9E868A2678331041E96B305DE5E5314959796D76AFB65CDE7FB40B539	C:\admirales\script_ver\script_ver\quarantine\under-review\17mov_CharacterSystem\web\photos\mp_f_freemode_01-tshirt_1-62.webp
960A052086406A361A2B6013F8DD3447F32A0F0D49FF27EB60A63637C1240ED4	C:\admirales\script_ver\script_ver\quarantine\under-review\17mov_CharacterSystem\web\photos\mp_f_freemode_01-tshirt_1-63.webp
5BBBD6B3E5D712BC1A378D53430900519AD6E1565DB24860730CB74F5AF3CCAD	C:\admirales\script_ver\script_ver\quarantine\under-review\17mov_CharacterSystem\web\photos\mp_f_freemode_01-tshirt_1-64.webp
FCAD4A50FE183850B19868E53B78656E8F4E548BC0CA4270581B445F16C530E8	C:\admirales\script_ver\script_ver\quarantine\under-review\17mov_CharacterSystem\web\photos\mp_f_freemode_01-tshirt_1-65.webp
DBB530BC617BF35BF458AE14AEA14B14DF6A17613C5EABFD76E79F5CF133B1B9	C:\admirales\script_ver\script_ver\quarantine\under-review\17mov_CharacterSystem\web\photos\mp_f_freemode_01-tshirt_1-66.webp
40AD9DDA92031D6F8A2957858FA58309AC9CD0C605FE9D62C60AAE725BE9474A	C:\admirales\script_ver\script_ver\quarantine\under-review\17mov_CharacterSystem\web\photos\mp_f_freemode_01-tshirt_1-67.webp
B47BD5D7C24C06D8407717150DF954CD3DE9E179C96BF0DD12220F84824D82B0	C:\admirales\script_ver\script_ver\quarantine\under-review\17mov_CharacterSystem\web\photos\mp_f_freemode_01-tshirt_1-68.webp
9E0ADB41D3A25A7DBC94FBFFC4DDB05667F9D10D7407DEA608B6A29E1147EA6E	C:\admirales\script_ver\script_ver\quarantine\under-review\17mov_CharacterSystem\web\photos\mp_f_freemode_01-tshirt_1-69.webp
DA75E6BDF11E32E4EDE5E7297F6ABB943977FA9F1CE96F41C446AE5FF6831628	C:\admirales\script_ver\script_ver\quarantine\under-review\17mov_CharacterSystem\web\photos\mp_f_freemode_01-tshirt_1-7.webp
7399920F3B07D56CE11ADEDAF5CD609C91626ECBFC599B47DB9480C696737BF3	C:\admirales\script_ver\script_ver\quarantine\under-review\17mov_CharacterSystem\web\photos\mp_f_freemode_01-tshirt_1-70.webp
3CDE60C9E79BA823A9C4FCFB55981F99E1EC9AF57E234030EE65BAEBFCE1EA58	C:\admirales\script_ver\script_ver\quarantine\under-review\17mov_CharacterSystem\web\photos\mp_f_freemode_01-tshirt_1-71.webp
31E090C2E94C46741AD9FD3B1DF6F9FC10E3864E90E0823457D7A83F01E3F6EF	C:\admirales\script_ver\script_ver\quarantine\under-review\17mov_CharacterSystem\web\photos\mp_f_freemode_01-tshirt_1-72.webp
1A79961E1424244FDE2C98A830950EE6C20157563D0A447BB65391959C804516	C:\admirales\script_ver\script_ver\quarantine\under-review\17mov_CharacterSystem\web\photos\mp_f_freemode_01-tshirt_1-73.webp
30C86A664E1F0DFBEA7112E0E015D78CF81242A6AE085679E3876F4D997D2DC8	C:\admirales\script_ver\script_ver\quarantine\under-review\17mov_CharacterSystem\web\photos\mp_f_freemode_01-tshirt_1-74.webp
E7CD5C8C330FE614978CF7FC7B876834CD6ABA143695A30994DA54E5275C39D9	C:\admirales\script_ver\script_ver\quarantine\under-review\17mov_CharacterSystem\web\photos\mp_f_freemode_01-tshirt_1-75.webp
8B6798FABC11D8F2C37BF2329F7B1AFBB981F4480047AB2492407F923A0296D7	C:\admirales\script_ver\script_ver\quarantine\under-review\17mov_CharacterSystem\web\photos\mp_f_freemode_01-tshirt_1-76.webp
2A8A5EC440655B4248037C3F0073B6737B9C578C65B50D906AB5521DF9149869	C:\admirales\script_ver\script_ver\quarantine\under-review\17mov_CharacterSystem\web\photos\mp_f_freemode_01-tshirt_1-77.webp
28316B5662CAB71FEA8DBAA0CEE85A834A94AB8448946982A19D1755FFAE3EB1	C:\admirales\script_ver\script_ver\quarantine\under-review\17mov_CharacterSystem\web\photos\mp_f_freemode_01-tshirt_1-78.webp
E70EA8DC4EC34D81A78D7C174367A3FB5DE592FEFB6809D16E6BAF81E670C02D	C:\admirales\script_ver\script_ver\quarantine\under-review\17mov_CharacterSystem\web\photos\mp_f_freemode_01-tshirt_1-79.webp
DA75E6BDF11E32E4EDE5E7297F6ABB943977FA9F1CE96F41C446AE5FF6831628	C:\admirales\script_ver\script_ver\quarantine\under-review\17mov_CharacterSystem\web\photos\mp_f_freemode_01-tshirt_1-8.webp
6680652F0997E6A7C48A193ACFA41C1E7D79DE0881DAB0855F24F8BEFFBA131D	C:\admirales\script_ver\script_ver\quarantine\under-review\17mov_CharacterSystem\web\photos\mp_f_freemode_01-tshirt_1-80.webp
03BC6A2B793E44B47FCC2F2D2CF2CE48BBA6143DBF02A6C11AA706028DF2FF29	C:\admirales\script_ver\script_ver\quarantine\under-review\17mov_CharacterSystem\web\photos\mp_f_freemode_01-tshirt_1-81.webp
097A6B6498C4FF8EB241DCDF82F92F4AA95665F223BFA14314BCE09DC08DCAAF	C:\admirales\script_ver\script_ver\quarantine\under-review\17mov_CharacterSystem\web\photos\mp_f_freemode_01-tshirt_1-82.webp
371D5C2C2927C7E73F8C8AD56DF6B6E6124E074171D7AA64CB65F9D419189643	C:\admirales\script_ver\script_ver\quarantine\under-review\17mov_CharacterSystem\web\photos\mp_f_freemode_01-tshirt_1-83.webp
16F09368E281F9A78D923BE40ACE95D324FAAD93D11828E5D6536A9A25107D9C	C:\admirales\script_ver\script_ver\quarantine\under-review\17mov_CharacterSystem\web\photos\mp_f_freemode_01-tshirt_1-84.webp
EF435DA50B7672F32F69DD7D62CA4C7F49025CABB0A5506D02D05FA0183F3993	C:\admirales\script_ver\script_ver\quarantine\under-review\17mov_CharacterSystem\web\photos\mp_f_freemode_01-tshirt_1-85.webp
4F066190308316C00EE86D8746EE656E56B87CA4881D7456D0D4CACA7E49CCE5	C:\admirales\script_ver\script_ver\quarantine\under-review\17mov_CharacterSystem\web\photos\mp_f_freemode_01-tshirt_1-86.webp
693C2147D0A72E57E192D5275456647635BE5E230CFC969AA8137CD453820A7B	C:\admirales\script_ver\script_ver\quarantine\under-review\17mov_CharacterSystem\web\photos\mp_f_freemode_01-tshirt_1-87.webp
10D0BABA612D71F7F6B9B5F32D3661194F8369B15ADD5478C5C05E9C6AF52CE8	C:\admirales\script_ver\script_ver\quarantine\under-review\17mov_CharacterSystem\web\photos\mp_f_freemode_01-tshirt_1-88.webp
2FADCFB9BC47769C4F239844B6D80BEAD562333D84371918CBB0F962073FC7D8	C:\admirales\script_ver\script_ver\quarantine\under-review\17mov_CharacterSystem\web\photos\mp_f_freemode_01-tshirt_1-89.webp
DA75E6BDF11E32E4EDE5E7297F6ABB943977FA9F1CE96F41C446AE5FF6831628	C:\admirales\script_ver\script_ver\quarantine\under-review\17mov_CharacterSystem\web\photos\mp_f_freemode_01-tshirt_1-9.webp
9FEBB337F5512B71D61224A9F6E025610BD87A3FBFB7F8CD8332EAD124FF789E	C:\admirales\script_ver\script_ver\quarantine\under-review\17mov_CharacterSystem\web\photos\mp_f_freemode_01-tshirt_1-90.webp
539E6491709D5E69A4C422415CA28FE46911A538CC52A21B6D9585B9F9C173FA	C:\admirales\script_ver\script_ver\quarantine\under-review\17mov_CharacterSystem\web\photos\mp_f_freemode_01-tshirt_1-91.webp
791882DEEB23CD51A76442D3EF716F52EACADC0A00E7DEC09E66D609C504AD03	C:\admirales\script_ver\script_ver\quarantine\under-review\17mov_CharacterSystem\web\photos\mp_f_freemode_01-tshirt_1-92.webp
728FF655029D2417A00012208129F65E731A19E0A9A756C87EF1F61AF7B20558	C:\admirales\script_ver\script_ver\quarantine\under-review\17mov_CharacterSystem\web\photos\mp_f_freemode_01-tshirt_1-93.webp
E23B1B8F51629A028B7C822EC33C5AEF685F2AA6BB09E6FB91499DFC28747CBC	C:\admirales\script_ver\script_ver\quarantine\under-review\17mov_CharacterSystem\web\photos\mp_f_freemode_01-tshirt_1-94.webp
C59E8C5E1648054F2465015C4105E93B4A42A5A2DCDA98C5778DE48385CD3BAB	C:\admirales\script_ver\script_ver\quarantine\under-review\17mov_CharacterSystem\web\photos\mp_f_freemode_01-tshirt_1-95.webp
2AC671176696F9CA68EEFBC2A264F778F916E21A037AE63A8D83A4D6EA6BAA29	C:\admirales\script_ver\script_ver\quarantine\under-review\17mov_CharacterSystem\web\photos\mp_f_freemode_01-tshirt_1-96.webp
8D69B5474AF9AA31A1AA72EBC17CF7AEB6045CDE45AA432336E62EAD4D12BF8E	C:\admirales\script_ver\script_ver\quarantine\under-review\17mov_CharacterSystem\web\photos\mp_f_freemode_01-tshirt_1-97.webp
EE439C11C51F7CD4513C63F7F511901AFF5DED7827CFB709BB572DBCCCEBABDB	C:\admirales\script_ver\script_ver\quarantine\under-review\17mov_CharacterSystem\web\photos\mp_f_freemode_01-tshirt_1-98.webp
39E686DBFA9A4212554A9C7236CD91DECBAC746FA3022CC8F191AE2B09D539D9	C:\admirales\script_ver\script_ver\quarantine\under-review\17mov_CharacterSystem\web\photos\mp_f_freemode_01-tshirt_1-99.webp
9FFEA3CC2F793DBDE596666B5EA832B73BC0C3F9C42408792FEF9193FFEE6171	C:\admirales\script_ver\script_ver\quarantine\under-review\17mov_CharacterSystem\web\photos\mp_f_freemode_01-watches_1-0.webp
3892A63D61D2C2F95C700492E61CC4AA01994F740705EFB4A1D1F0FACE8D4CCE	C:\admirales\script_ver\script_ver\quarantine\under-review\17mov_CharacterSystem\web\photos\mp_f_freemode_01-watches_1-1.webp
B18F7D0481E48BA1688EEA84FE0E82AC5D2A6AA1AF93380F0129BED702093278	C:\admirales\script_ver\script_ver\quarantine\under-review\17mov_CharacterSystem\web\photos\mp_f_freemode_01-watches_1-10.webp
DD4E74A67A26E52800C468517909286501DED4E94AE7EE20A5257A1E204FBEE7	C:\admirales\script_ver\script_ver\quarantine\under-review\17mov_CharacterSystem\web\photos\mp_f_freemode_01-watches_1-11.webp
81C927DCEB99EF1065696A520310B9E0768CCC28F04B53AC350C5631BE4FCC33	C:\admirales\script_ver\script_ver\quarantine\under-review\17mov_CharacterSystem\web\photos\mp_f_freemode_01-watches_1-12.webp
3CCA04E82B37B03C631CA3A47B4B5600EE95E27AB2A0C41C004BD1D8814E0805	C:\admirales\script_ver\script_ver\quarantine\under-review\17mov_CharacterSystem\web\photos\mp_f_freemode_01-watches_1-13.webp
5BFB52CBE6B9275670865E96CAC2B7860DAC38DDD7ACF47D2B35B9A8E1FECED8	C:\admirales\script_ver\script_ver\quarantine\under-review\17mov_CharacterSystem\web\photos\mp_f_freemode_01-watches_1-14.webp
EBBEC7723DF3C82E7950D1C67BCAD30287470F6B6E4A872CEEEEBDEEA4052301	C:\admirales\script_ver\script_ver\quarantine\under-review\17mov_CharacterSystem\web\photos\mp_f_freemode_01-watches_1-15.webp
0D6ED7AB90A4B8F2C6F06417932C112F3A27334AAC973F683EEBD5F5449B6F4F	C:\admirales\script_ver\script_ver\quarantine\under-review\17mov_CharacterSystem\web\photos\mp_f_freemode_01-watches_1-16.webp
CD46925A42ACAE109A8A93CC176FBDC98AE69E29BEB2A534C3AA896D834704B3	C:\admirales\script_ver\script_ver\quarantine\under-review\17mov_CharacterSystem\web\photos\mp_f_freemode_01-watches_1-17.webp
B47983ADA9B8D16AEA375054F51B0F64D172E03388DD32865491BB987137DA03	C:\admirales\script_ver\script_ver\quarantine\under-review\17mov_CharacterSystem\web\photos\mp_f_freemode_01-watches_1-18.webp
2C12C75A297810287D38132FF689F53004AE417E43C6AB8759CED32109A8E516	C:\admirales\script_ver\script_ver\quarantine\under-review\17mov_CharacterSystem\web\photos\mp_f_freemode_01-watches_1-19.webp
F80AF0D27980CD0D7A3AEFCA9BACD511106D0508238CB232439EB7B00854737B	C:\admirales\script_ver\script_ver\quarantine\under-review\17mov_CharacterSystem\web\photos\mp_f_freemode_01-watches_1-2.webp
3387880A4237F67EB1781116762DDF2CC49BAD6144F18E78114A59876B73B11A	C:\admirales\script_ver\script_ver\quarantine\under-review\17mov_CharacterSystem\web\photos\mp_f_freemode_01-watches_1-20.webp
9594E32013D7052740C8C2FFF630684A5DF696D6090393E0D340974993C2E119	C:\admirales\script_ver\script_ver\quarantine\under-review\17mov_CharacterSystem\web\photos\mp_f_freemode_01-watches_1-21.webp
52026AB9040D1899D46F3F0FC1C625CADF8811E9ED7A8D6D954B92F8ACB91F32	C:\admirales\script_ver\script_ver\quarantine\under-review\17mov_CharacterSystem\web\photos\mp_f_freemode_01-watches_1-22.webp
C9A1C402B40635CAFDF8E821BEE7CE7D0E11D9EFE3BFAB15CD696B9D3A7F97A3	C:\admirales\script_ver\script_ver\quarantine\under-review\17mov_CharacterSystem\web\photos\mp_f_freemode_01-watches_1-23.webp
D6403B84BF10C670420CA248B737910E351EEF11769F1A04EA3AC012482F5E72	C:\admirales\script_ver\script_ver\quarantine\under-review\17mov_CharacterSystem\web\photos\mp_f_freemode_01-watches_1-24.webp
A81305E2612D15275163949D7114720D34FAB22BE416BA4BA00C48F48B9B5D93	C:\admirales\script_ver\script_ver\quarantine\under-review\17mov_CharacterSystem\web\photos\mp_f_freemode_01-watches_1-25.webp
EC3D3ABCB639EA1AE1E70365E56C9A6F676967B530F0A2527DF3EE830081DFB6	C:\admirales\script_ver\script_ver\quarantine\under-review\17mov_CharacterSystem\web\photos\mp_f_freemode_01-watches_1-26.webp
AD87AE0BEBB4DA0448C88791C4F1109A931D25B8E701758D78D4F257916F24AD	C:\admirales\script_ver\script_ver\quarantine\under-review\17mov_CharacterSystem\web\photos\mp_f_freemode_01-watches_1-27.webp
5DCBE5F05B091966B8023FA88CB1C05EC4230F7D191BF8C7D7DB0C879961BCE2	C:\admirales\script_ver\script_ver\quarantine\under-review\17mov_CharacterSystem\web\photos\mp_f_freemode_01-watches_1-28.webp
43555E6DD9992CF373294B740043865011FB5DD6FEE026B610282C3DF5187C7D	C:\admirales\script_ver\script_ver\quarantine\under-review\17mov_CharacterSystem\web\photos\mp_f_freemode_01-watches_1-29.webp
B6C7BC9626AE22C66C44640EF70906CAD9C180E7341A028A391A2EE197586AAF	C:\admirales\script_ver\script_ver\quarantine\under-review\17mov_CharacterSystem\web\photos\mp_f_freemode_01-watches_1-3.webp
136A1C66AEA83005A3504F2BEFBB9B7159163E9B84AD94EBB5A09006C0ACA802	C:\admirales\script_ver\script_ver\quarantine\under-review\17mov_CharacterSystem\web\photos\mp_f_freemode_01-watches_1-30.webp
69A2AF2176826BE3E64E64FBE0F4D540D2423B480EA90D70CCE6D2F1A22280E5	C:\admirales\script_ver\script_ver\quarantine\under-review\17mov_CharacterSystem\web\photos\mp_f_freemode_01-watches_1-31.webp
09DDF979A831E4F7B263D023E0B480B3845A6CEF21398C0AC30022E72363BF35	C:\admirales\script_ver\script_ver\quarantine\under-review\17mov_CharacterSystem\web\photos\mp_f_freemode_01-watches_1-32.webp
6D37EF00334FC40230635CF72984DBEF9A633F6BE203821E1B0B86CCDA67907C	C:\admirales\script_ver\script_ver\quarantine\under-review\17mov_CharacterSystem\web\photos\mp_f_freemode_01-watches_1-33.webp
0B6EFF989C947E4C5ACF9BDDEA417CE08782603372687CA5BD2216B1F7183A06	C:\admirales\script_ver\script_ver\quarantine\under-review\17mov_CharacterSystem\web\photos\mp_f_freemode_01-watches_1-34.webp
82A5257F3E1D5F120EA27AF520CB7B566DE68E434F8A0E6C9E83F6BCFB5AC47F	C:\admirales\script_ver\script_ver\quarantine\under-review\17mov_CharacterSystem\web\photos\mp_f_freemode_01-watches_1-35.webp
BCF4B527B86F18A0311D2D7CC337773FF6E412C10D0872A7C243FAAE8E5AD143	C:\admirales\script_ver\script_ver\quarantine\under-review\17mov_CharacterSystem\web\photos\mp_f_freemode_01-watches_1-36.webp
752826232B3F5132B1F3B828EA153106EFBF2534D88ABDDC7AAC7AFF103BA819	C:\admirales\script_ver\script_ver\quarantine\under-review\17mov_CharacterSystem\web\photos\mp_f_freemode_01-watches_1-4.webp
7ABD90F7E8851A868D9650E6B0C28F5C7DB6C0CE8C4D244D068D27399E6A23F8	C:\admirales\script_ver\script_ver\quarantine\under-review\17mov_CharacterSystem\web\photos\mp_f_freemode_01-watches_1-5.webp
3AEDC168EA7F32EFD53BAE0E07914EC7CB2FCBBB694081FD37267ED66AEC1A9C	C:\admirales\script_ver\script_ver\quarantine\under-review\17mov_CharacterSystem\web\photos\mp_f_freemode_01-watches_1-6.webp
532D006D08EE03800677BB6A78263EAE058F07B5ACC9063287EA9D9FCF035D5A	C:\admirales\script_ver\script_ver\quarantine\under-review\17mov_CharacterSystem\web\photos\mp_f_freemode_01-watches_1-7.webp
B7BD32EBF5B730BE0BB502CA03088D02E1050EFA2F6AD0446A73B63D124BBD33	C:\admirales\script_ver\script_ver\quarantine\under-review\17mov_CharacterSystem\web\photos\mp_f_freemode_01-watches_1-8.webp
5EFCDF2CC8941694E427342719BC717AD9C20887DE6FA8E003DA66EDA22457A4	C:\admirales\script_ver\script_ver\quarantine\under-review\17mov_CharacterSystem\web\photos\mp_f_freemode_01-watches_1-9.webp
65EAC518090DDB704C6C532B7B0D42DC512C0BCF40AE996E91305C45582C4052	C:\admirales\script_ver\script_ver\quarantine\under-review\17mov_CharacterSystem\web\photos\mp_m_freemode_01-arms-0.webp
6968DD0D8CAD40CC7E14122AF09732F93C926701CA2DE5BE7E521BB6AD515506	C:\admirales\script_ver\script_ver\quarantine\under-review\17mov_CharacterSystem\web\photos\mp_m_freemode_01-arms-1.webp
DCCEE08A82552E5EE41D70B53E305EB50F09D0BEB633CF61FA993CD9251A136E	C:\admirales\script_ver\script_ver\quarantine\under-review\17mov_CharacterSystem\web\photos\mp_m_freemode_01-arms-10.webp
C078117276F6D0FFAAD95158EBC66254C1E25776881ADCB5B2C94CFD3723FA68	C:\admirales\script_ver\script_ver\quarantine\under-review\17mov_CharacterSystem\web\photos\mp_m_freemode_01-arms-100.webp
C56D36CFE42C6CB494E37A9A5FCC43A9D96A12D2617029A760111A14B3882A92	C:\admirales\script_ver\script_ver\quarantine\under-review\17mov_CharacterSystem\web\photos\mp_m_freemode_01-arms-101.webp
60A247BDB19D467C9859EA7C8BDF2EAC8544EFF70989DD2AC07B82151D5923B5	C:\admirales\script_ver\script_ver\quarantine\under-review\17mov_CharacterSystem\web\photos\mp_m_freemode_01-arms-102.webp
82DBCB9FFDD13520CCD4231CB187E70DFC0B5F0E1C219B0C0DE03F9E3F825B3B	C:\admirales\script_ver\script_ver\quarantine\under-review\17mov_CharacterSystem\web\photos\mp_m_freemode_01-arms-103.webp
62488F5BB7E650290A13A51DE5F6E49CBA31B3E4CE905ABC1B9EBC9ADD30CD4E	C:\admirales\script_ver\script_ver\quarantine\under-review\17mov_CharacterSystem\web\photos\mp_m_freemode_01-arms-104.webp
68DCF22D7EFCCEC0DF33C41C01FB80DABEEF20A2439DA0C1C7BD840EE33BE823	C:\admirales\script_ver\script_ver\quarantine\under-review\17mov_CharacterSystem\web\photos\mp_m_freemode_01-arms-105.webp
58CE7CBED2DF0E0D328BBAA8F74B901B4ADEFA06B818E66D257E42A58D9DCBEE	C:\admirales\script_ver\script_ver\quarantine\under-review\17mov_CharacterSystem\web\photos\mp_m_freemode_01-arms-106.webp
E9F746033510AB668CACBECF0B7D4B0F275DACC6EF953584C422414B51DA3D0D	C:\admirales\script_ver\script_ver\quarantine\under-review\17mov_CharacterSystem\web\photos\mp_m_freemode_01-arms-107.webp
9E33F2B07AEFA4E8C44BAD8FA224A3EE9DF4F02DF259AEE7BCB1E0D7D9A7CD2C	C:\admirales\script_ver\script_ver\quarantine\under-review\17mov_CharacterSystem\web\photos\mp_m_freemode_01-arms-108.webp
0160B110D556F7A862ACF11D1C079DD7940F6F2785D9CD7EBC526278BB705F74	C:\admirales\script_ver\script_ver\quarantine\under-review\17mov_CharacterSystem\web\photos\mp_m_freemode_01-arms-109.webp
589418E479CFB4084F19CDBC19C679191E0B6FF0F665B4ED1E87811B03BFA877	C:\admirales\script_ver\script_ver\quarantine\under-review\17mov_CharacterSystem\web\photos\mp_m_freemode_01-arms-11.webp
13AB0FED183595CAE1E1827B0C0AE7BB1A1775EAA75E1DF648C96F480F70E3E9	C:\admirales\script_ver\script_ver\quarantine\under-review\17mov_CharacterSystem\web\photos\mp_m_freemode_01-arms-110.webp
82C843F8C68C514F023BEE03CA0A1C7D4BACD43792CBAC05990C15F50B3CA53C	C:\admirales\script_ver\script_ver\quarantine\under-review\17mov_CharacterSystem\web\photos\mp_m_freemode_01-arms-111.webp
01770EDB6152C577F37335F93713F16768E4C8DE056351E066A982EB714E775C	C:\admirales\script_ver\script_ver\quarantine\under-review\17mov_CharacterSystem\web\photos\mp_m_freemode_01-arms-112.webp
76F6058E18777CD32E5EADEE67EAD4B463CE852ECB695BC81BAA5F7A88994F6E	C:\admirales\script_ver\script_ver\quarantine\under-review\17mov_CharacterSystem\web\photos\mp_m_freemode_01-arms-113.webp
636A2AD8261551203E7BF2F6901DF50BA3102ACC6E538928CDA0AAB328433B6B	C:\admirales\script_ver\script_ver\quarantine\under-review\17mov_CharacterSystem\web\photos\mp_m_freemode_01-arms-114.webp
ECF74D0D1EFBF8840A92D85BCE87BC4F47BC433CBE10AC210E7211539019A420	C:\admirales\script_ver\script_ver\quarantine\under-review\17mov_CharacterSystem\web\photos\mp_m_freemode_01-arms-115.webp
6037B39FC092F820E5C9D1C13E06BF2BB156AC638DF83C6DDEE0918FE514EE1C	C:\admirales\script_ver\script_ver\quarantine\under-review\17mov_CharacterSystem\web\photos\mp_m_freemode_01-arms-116.webp
0C0DC9558735A89503B21E5EBBC0A11E11DD856F31A4C9310EFD4E28D0F609FB	C:\admirales\script_ver\script_ver\quarantine\under-review\17mov_CharacterSystem\web\photos\mp_m_freemode_01-arms-117.webp
95E9E637FF0C44E108C27F2BB42BB62DD98BC93F30ED32EC77A0B451BE61582E	C:\admirales\script_ver\script_ver\quarantine\under-review\17mov_CharacterSystem\web\photos\mp_m_freemode_01-arms-118.webp
ABB67D752A495EE7546ED73BC8C3D669F95D24FA8C788F26662068576A1C973F	C:\admirales\script_ver\script_ver\quarantine\under-review\17mov_CharacterSystem\web\photos\mp_m_freemode_01-arms-119.webp
C651DCEB75EB13BC19CB05F5C87F30F626997B8E7A58A5113D86B47498EF7505	C:\admirales\script_ver\script_ver\quarantine\under-review\17mov_CharacterSystem\web\photos\mp_m_freemode_01-arms-12.webp
C456562372736ED20CF51404A7FBE8A1038163B47DBC13B1AA19164E665A4D5D	C:\admirales\script_ver\script_ver\quarantine\under-review\17mov_CharacterSystem\web\photos\mp_m_freemode_01-arms-120.webp
144138BC857670D008ABFCDAA456E95BFF3BF1A4A4606D14D9BDAEC6C5681EE8	C:\admirales\script_ver\script_ver\quarantine\under-review\17mov_CharacterSystem\web\photos\mp_m_freemode_01-arms-121.webp
9CCA1EBFEBD0B88D14279CFCC1ED98E2A0DEB11EE0A18908DED2E107D1969E70	C:\admirales\script_ver\script_ver\quarantine\under-review\17mov_CharacterSystem\web\photos\mp_m_freemode_01-arms-122.webp
BD1BC08F8DB0092CFF46E729BF205C17A8A8C2B0206EEB6B3D88D16E7B8FD61D	C:\admirales\script_ver\script_ver\quarantine\under-review\17mov_CharacterSystem\web\photos\mp_m_freemode_01-arms-123.webp
F2E8A2397FE9F98192270310C8FEC562432AEF51230BBCC725032D332EFE2951	C:\admirales\script_ver\script_ver\quarantine\under-review\17mov_CharacterSystem\web\photos\mp_m_freemode_01-arms-124.webp
66D5DB6945360B9A8603B5677E374AA04582D9FAF783FAD744B312941B5D8C86	C:\admirales\script_ver\script_ver\quarantine\under-review\17mov_CharacterSystem\web\photos\mp_m_freemode_01-arms-125.webp
D068A6D82B50E03261EFF206FB0105D848CE9B3B2A674F13B6B2280CD4A71A9C	C:\admirales\script_ver\script_ver\quarantine\under-review\17mov_CharacterSystem\web\photos\mp_m_freemode_01-arms-126.webp
B60A2B3E5EAB54E22E6C1B964099AE7F4B19617DB383EC2E7F273B301E7B5B7E	C:\admirales\script_ver\script_ver\quarantine\under-review\17mov_CharacterSystem\web\photos\mp_m_freemode_01-arms-127.webp
DB4072139F3DE3B5BDDF9B3A9C6313166E3BB86932A5FF300E6E66952C66EE54	C:\admirales\script_ver\script_ver\quarantine\under-review\17mov_CharacterSystem\web\photos\mp_m_freemode_01-arms-128.webp
6C02B34760303D2DE67CB1CDBC3193979C3EC24CE00A10282A283B9F06204E5F	C:\admirales\script_ver\script_ver\quarantine\under-review\17mov_CharacterSystem\web\photos\mp_m_freemode_01-arms-129.webp
20F6763E6E159493C792749F5D05CBDD25C4C45A8B1EACFC211390526D65E83E	C:\admirales\script_ver\script_ver\quarantine\under-review\17mov_CharacterSystem\web\photos\mp_m_freemode_01-arms-13.webp
F936BD1BAE7B310BAADAF4E23E58380137257385A88C7F5BF09F612EAB2A28EC	C:\admirales\script_ver\script_ver\quarantine\under-review\17mov_CharacterSystem\web\photos\mp_m_freemode_01-arms-130.webp
595388D593AA1E4133CCE5A86A5069847AF7CB590A84B996E6B0F9B93C5099A3	C:\admirales\script_ver\script_ver\quarantine\under-review\17mov_CharacterSystem\web\photos\mp_m_freemode_01-arms-131.webp
812EEFE932EC0A36E8069C4CD86850B8D844E771E3FE4EECD69A5F1B9EB403E3	C:\admirales\script_ver\script_ver\quarantine\under-review\17mov_CharacterSystem\web\photos\mp_m_freemode_01-arms-132.webp
BAE773EE6554E879A03B01F9CF2A8594B61DEF67CDD96847B95A90ED9EEB1966	C:\admirales\script_ver\script_ver\quarantine\under-review\17mov_CharacterSystem\web\photos\mp_m_freemode_01-arms-133.webp
B7F2184C220CAB4EECAB79D94C22507C2C70F607631C3D7D2FDBDC90034203CD	C:\admirales\script_ver\script_ver\quarantine\under-review\17mov_CharacterSystem\web\photos\mp_m_freemode_01-arms-134.webp
3172A4E87A9E8FAE90A9C5DBBEEED6612B7862E7DA4BD7B02E2109641F5A0EC0	C:\admirales\script_ver\script_ver\quarantine\under-review\17mov_CharacterSystem\web\photos\mp_m_freemode_01-arms-135.webp
B7C3F44446D924AD5B72C99B18A8AA76FFEEAE9EA6737B2205C94E9E8D8AD3C4	C:\admirales\script_ver\script_ver\quarantine\under-review\17mov_CharacterSystem\web\photos\mp_m_freemode_01-arms-136.webp
5DE10245B25EB85E0D42737C3EFD666C3D5300B40CC10314F3F431513D0A71AA	C:\admirales\script_ver\script_ver\quarantine\under-review\17mov_CharacterSystem\web\photos\mp_m_freemode_01-arms-137.webp
C8C9488ED062D97AB4713AF9481FCAE6D99193771E1DA8429B8BFE2671F68CBB	C:\admirales\script_ver\script_ver\quarantine\under-review\17mov_CharacterSystem\web\photos\mp_m_freemode_01-arms-138.webp
34CC2F15D41536DCB5F143443425338FEE9B0D22CC63F687F5AF73D74761E90D	C:\admirales\script_ver\script_ver\quarantine\under-review\17mov_CharacterSystem\web\photos\mp_m_freemode_01-arms-139.webp
C283E79E5B7A9D39F4B375C974D0C7DE4C06C3068F7B0F27A9743E1571D7190E	C:\admirales\script_ver\script_ver\quarantine\under-review\17mov_CharacterSystem\web\photos\mp_m_freemode_01-arms-14.webp
E8867A5A986DEA2C74924CB51E609792D5C2318D6F4FE0D4E3D8A52485A041FB	C:\admirales\script_ver\script_ver\quarantine\under-review\17mov_CharacterSystem\web\photos\mp_m_freemode_01-arms-140.webp
7D4D69E9D183162432465B17ED84473BADC94B70BEA5FBFAA2AB91A8A96D4388	C:\admirales\script_ver\script_ver\quarantine\under-review\17mov_CharacterSystem\web\photos\mp_m_freemode_01-arms-141.webp
9EAAB8F71CD09C8877A92D2E65616B6F0ECE0262D05AADA23BF5A7E5785AA175	C:\admirales\script_ver\script_ver\quarantine\under-review\17mov_CharacterSystem\web\photos\mp_m_freemode_01-arms-142.webp
33507C84DB8682C7410687E9A7E46796017110B5A355D6215CB537DC1DBF316C	C:\admirales\script_ver\script_ver\quarantine\under-review\17mov_CharacterSystem\web\photos\mp_m_freemode_01-arms-143.webp
C65B6F25571CFB46F37B0F1C319B2D17FC64867CFB978D9AA5139FA98C299049	C:\admirales\script_ver\script_ver\quarantine\under-review\17mov_CharacterSystem\web\photos\mp_m_freemode_01-arms-144.webp
8DD3DD346819622C46CEABB59E282EB52D491872455514787D807121532C33E2	C:\admirales\script_ver\script_ver\quarantine\under-review\17mov_CharacterSystem\web\photos\mp_m_freemode_01-arms-145.webp
83EEF5F0766AD775151BEFF5B835571520A2EB0FBE27956FC270CC193F79A457	C:\admirales\script_ver\script_ver\quarantine\under-review\17mov_CharacterSystem\web\photos\mp_m_freemode_01-arms-146.webp
FCCD75422983BCBEDD202C64DC477004B1BF5EA81879AFED20F85AD603A1F677	C:\admirales\script_ver\script_ver\quarantine\under-review\17mov_CharacterSystem\web\photos\mp_m_freemode_01-arms-147.webp
D5A4E81AA185D2841C541CFEB9DE04B26FEAFAE930DF5BF4EA7629BC1BE3F807	C:\admirales\script_ver\script_ver\quarantine\under-review\17mov_CharacterSystem\web\photos\mp_m_freemode_01-arms-148.webp
8DB069EA1A9AEAD646ED109F9B2C17398F2676ED682BA85302610DBB573BE3D5	C:\admirales\script_ver\script_ver\quarantine\under-review\17mov_CharacterSystem\web\photos\mp_m_freemode_01-arms-149.webp
C88FD5C5DE0691ED5C2EF60A6D318284FFF825DD04A6DF050E72A116B2A25907	C:\admirales\script_ver\script_ver\quarantine\under-review\17mov_CharacterSystem\web\photos\mp_m_freemode_01-arms-15.webp
8E20BC4E190FDA75CFD9C4A9A3AE1F224933CB94387BB673373DE82649196A14	C:\admirales\script_ver\script_ver\quarantine\under-review\17mov_CharacterSystem\web\photos\mp_m_freemode_01-arms-150.webp
4B718370B084099495FF5CDCFA0953A6239029827E33DB94D03C3F0AAED33932	C:\admirales\script_ver\script_ver\quarantine\under-review\17mov_CharacterSystem\web\photos\mp_m_freemode_01-arms-151.webp
01748E023B8312C391536BF668413DC17D9E14F240BAA59B7965C2126A9BB88F	C:\admirales\script_ver\script_ver\quarantine\under-review\17mov_CharacterSystem\web\photos\mp_m_freemode_01-arms-152.webp
712F0158080EFEA467187E047C2097431FCB41E72F77CA686B72E63263510373	C:\admirales\script_ver\script_ver\quarantine\under-review\17mov_CharacterSystem\web\photos\mp_m_freemode_01-arms-153.webp
C5B55A3E847A9450007023A3BB3C284032CD367213A99DEE8FF1CFB20D1B0171	C:\admirales\script_ver\script_ver\quarantine\under-review\17mov_CharacterSystem\web\photos\mp_m_freemode_01-arms-154.webp
1B47D675C6E4C79ED10C4995DFD9E50C81F80F78C87DBB17E3F9D05F16764927	C:\admirales\script_ver\script_ver\quarantine\under-review\17mov_CharacterSystem\web\photos\mp_m_freemode_01-arms-155.webp
12D8C138F41FDE0A2C4350E34BE6A7286A7D1EB1C5A1D85D7F1ACAACA325E9D5	C:\admirales\script_ver\script_ver\quarantine\under-review\17mov_CharacterSystem\web\photos\mp_m_freemode_01-arms-156.webp
6449655C44681560A5C3FFAD63BC5D17519A02C5A3CA72DE0B243ADD7D754F93	C:\admirales\script_ver\script_ver\quarantine\under-review\17mov_CharacterSystem\web\photos\mp_m_freemode_01-arms-157.webp
856118935A625E0D1E918AB4E0EF3949F834CE9E0E32D9EB9B6BE609AA534842	C:\admirales\script_ver\script_ver\quarantine\under-review\17mov_CharacterSystem\web\photos\mp_m_freemode_01-arms-158.webp
D2612FB98C721B1253EBA55DF561F24C5857D25861648D30E616356AC45C5B8B	C:\admirales\script_ver\script_ver\quarantine\under-review\17mov_CharacterSystem\web\photos\mp_m_freemode_01-arms-159.webp
6BBF5433DD2CF6BA3FFBAABB0F269476FFDA6726249A72DB81A3FE9718C58D1E	C:\admirales\script_ver\script_ver\quarantine\under-review\17mov_CharacterSystem\web\photos\mp_m_freemode_01-arms-16.webp
36620A02CFEAE0E991E7B7A1F784ED1D45980C2C8297B4515810B353C9804562	C:\admirales\script_ver\script_ver\quarantine\under-review\17mov_CharacterSystem\web\photos\mp_m_freemode_01-arms-160.webp
2868E8A109AFD216969FB275E8D9E75EAC0E480D9881DA3D719490467262EF6B	C:\admirales\script_ver\script_ver\quarantine\under-review\17mov_CharacterSystem\web\photos\mp_m_freemode_01-arms-161.webp
045759E547F2574E5AD93BB1E2B4CFAF5666FEDB28AD86F99E49198D323E333E	C:\admirales\script_ver\script_ver\quarantine\under-review\17mov_CharacterSystem\web\photos\mp_m_freemode_01-arms-162.webp
22345D5E438BE2B69FD8184E31168E3BF93F29251C7E8335AD46E23C04E09D89	C:\admirales\script_ver\script_ver\quarantine\under-review\17mov_CharacterSystem\web\photos\mp_m_freemode_01-arms-163.webp
742CD43F35DA2C4202340012D6E7314FAD3639075E3B0667221F690D97B51070	C:\admirales\script_ver\script_ver\quarantine\under-review\17mov_CharacterSystem\web\photos\mp_m_freemode_01-arms-164.webp
E279ED1DABBB27376825B72AE53F42A48AEED7886D4451E159B78A42A1E4D354	C:\admirales\script_ver\script_ver\quarantine\under-review\17mov_CharacterSystem\web\photos\mp_m_freemode_01-arms-165.webp
F3DCC7C9AD676A40C2F3BDA3A6CA8671773363D75766DE2CA83A58384985642B	C:\admirales\script_ver\script_ver\quarantine\under-review\17mov_CharacterSystem\web\photos\mp_m_freemode_01-arms-166.webp
D69B84BF0E33CD475BDB12C6A576E5F4193F81BE9148F158087A9C89E39855AC	C:\admirales\script_ver\script_ver\quarantine\under-review\17mov_CharacterSystem\web\photos\mp_m_freemode_01-arms-167.webp
CE5ADF4021F6FB80CBBB1638D668FE5D1A0484F12450B853E39A106228165CA5	C:\admirales\script_ver\script_ver\quarantine\under-review\17mov_CharacterSystem\web\photos\mp_m_freemode_01-arms-168.webp
5B9A4D961B5B9043E7F452F73A7E1763F1B14B7191655911AAAAA3390BCB3C7E	C:\admirales\script_ver\script_ver\quarantine\under-review\17mov_CharacterSystem\web\photos\mp_m_freemode_01-arms-169.webp
7520A34DE0B21118E657BC13881568A63A0F265A3F5A9CC122E69483FEB5B423	C:\admirales\script_ver\script_ver\quarantine\under-review\17mov_CharacterSystem\web\photos\mp_m_freemode_01-arms-17.webp
CA5537578CEA363B6FF9563AADB2723C721FC0050EA8F0EE9739264DB634F387	C:\admirales\script_ver\script_ver\quarantine\under-review\17mov_CharacterSystem\web\photos\mp_m_freemode_01-arms-170.webp
E348E64A477EBAA6FD9B39F8C758A9FFA2BC6FAA1AE49E3A970D40ED1867A557	C:\admirales\script_ver\script_ver\quarantine\under-review\17mov_CharacterSystem\web\photos\mp_m_freemode_01-arms-171.webp
F9468B2F0E0E8673A71AF51D9D60C2718AC49BDB1B075722D0D867EF45F4D714	C:\admirales\script_ver\script_ver\quarantine\under-review\17mov_CharacterSystem\web\photos\mp_m_freemode_01-arms-172.webp
38EDBAA06F04386C5C384EE70E1E0F8F8F57873F9F07D25F9494AF8DD7E8277E	C:\admirales\script_ver\script_ver\quarantine\under-review\17mov_CharacterSystem\web\photos\mp_m_freemode_01-arms-173.webp
8D2FD817CCBE6E28EEFEB77A688EBF1C27842283E5D63CCB71BCB270748634B4	C:\admirales\script_ver\script_ver\quarantine\under-review\17mov_CharacterSystem\web\photos\mp_m_freemode_01-arms-174.webp
7EFC539987CE179E6E7A2DF5DE5B80343D8936B6E269F0A97554D6ECABB944CE	C:\admirales\script_ver\script_ver\quarantine\under-review\17mov_CharacterSystem\web\photos\mp_m_freemode_01-arms-175.webp
0068127173950996C759F9E2CF07C9BB16A4BED2C0405E05F8FCEB261B4E8FA0	C:\admirales\script_ver\script_ver\quarantine\under-review\17mov_CharacterSystem\web\photos\mp_m_freemode_01-arms-176.webp
E99FCE1B6AFD1766EAA7469DC1F12CE148B663B6967124EB4068A36F01EB9832	C:\admirales\script_ver\script_ver\quarantine\under-review\17mov_CharacterSystem\web\photos\mp_m_freemode_01-arms-177.webp
DA373151E647D361855103C3D25F043C6732450597FBB32D9600E4D41D4C7945	C:\admirales\script_ver\script_ver\quarantine\under-review\17mov_CharacterSystem\web\photos\mp_m_freemode_01-arms-178.webp
44C49563B0E38B6693D56DD1842DF30B9F1E83DB04E98845E1B43AF56561F572	C:\admirales\script_ver\script_ver\quarantine\under-review\17mov_CharacterSystem\web\photos\mp_m_freemode_01-arms-179.webp
2BDEB499DB6784AD94E2A95D0305CDBF2402A14B74E02366221B44614D6682A5	C:\admirales\script_ver\script_ver\quarantine\under-review\17mov_CharacterSystem\web\photos\mp_m_freemode_01-arms-18.webp
5BADB9588523B3AA419B8C7FBAAE71698E76EC375C6CDE659E30F4F330D2D5E4	C:\admirales\script_ver\script_ver\quarantine\under-review\17mov_CharacterSystem\web\photos\mp_m_freemode_01-arms-180.webp
3A08283E6161559D2746F0B302D2A688A55F08DDB6262CADF838170F6A37EE03	C:\admirales\script_ver\script_ver\quarantine\under-review\17mov_CharacterSystem\web\photos\mp_m_freemode_01-arms-181.webp
0E94450BFDF26FF398222B486A758B3AA0689A60241C51D8802243CF260CD4C0	C:\admirales\script_ver\script_ver\quarantine\under-review\17mov_CharacterSystem\web\photos\mp_m_freemode_01-arms-182.webp
640E3DB89399B9FE98FF3BEF2C3074B57D9A570550F26DE73E73A2D476E13D38	C:\admirales\script_ver\script_ver\quarantine\under-review\17mov_CharacterSystem\web\photos\mp_m_freemode_01-arms-183.webp
237BCB79FCF53B60C77D220D5AE096C80E51D7FEDA0948C15552EFCB8F53C774	C:\admirales\script_ver\script_ver\quarantine\under-review\17mov_CharacterSystem\web\photos\mp_m_freemode_01-arms-184.webp
6CDDBF4A5729ED778A4EBEB2D803FC92B883A8723DB41EEA3E2B95360DF3ED6B	C:\admirales\script_ver\script_ver\quarantine\under-review\17mov_CharacterSystem\web\photos\mp_m_freemode_01-arms-185.webp
32B8E47793EBFD31D477C8D27704B2C5F459535E6145A7FCCDE14DCBA6CF037F	C:\admirales\script_ver\script_ver\quarantine\under-review\17mov_CharacterSystem\web\photos\mp_m_freemode_01-arms-186.webp
99AB504E2C44F4FD8C66BBB2EF98BFDF42ACD07FF39F55E6CC308B1C056A9DB4	C:\admirales\script_ver\script_ver\quarantine\under-review\17mov_CharacterSystem\web\photos\mp_m_freemode_01-arms-187.webp
452CF0DEE4BA24B547520B693526370F3782CBDF1E2AAFEEB27CD19F43BD1352	C:\admirales\script_ver\script_ver\quarantine\under-review\17mov_CharacterSystem\web\photos\mp_m_freemode_01-arms-188.webp
A48D92A0513CE6E270B0A1EE9436A75BAA0E211F52E1CFDC7244E5157F5F3DCC	C:\admirales\script_ver\script_ver\quarantine\under-review\17mov_CharacterSystem\web\photos\mp_m_freemode_01-arms-189.webp
C6055C19627795A6D08AD98E7D9CA08850BDFDE8102538B4E35903509C3D1EBA	C:\admirales\script_ver\script_ver\quarantine\under-review\17mov_CharacterSystem\web\photos\mp_m_freemode_01-arms-19.webp
7A2A70C9226FFB89C847D65C2393E5A5DE96D3B581BA21D9494502C2A806C6B3	C:\admirales\script_ver\script_ver\quarantine\under-review\17mov_CharacterSystem\web\photos\mp_m_freemode_01-arms-190.webp
93D1C688F60ED9851633EEDD9755A5697A033E8F2182342D4D62EE903E0DEAFC	C:\admirales\script_ver\script_ver\quarantine\under-review\17mov_CharacterSystem\web\photos\mp_m_freemode_01-arms-191.webp
C149956CAB371A16061CD45B1097EC5E7CA7B929CAE83856E251B49B5C97EF54	C:\admirales\script_ver\script_ver\quarantine\under-review\17mov_CharacterSystem\web\photos\mp_m_freemode_01-arms-192.webp
6F5D998C55E6C0F1BAF6EEEB0D8A85810C6E91C91B3AFD04E2B66A0086A6E636	C:\admirales\script_ver\script_ver\quarantine\under-review\17mov_CharacterSystem\web\photos\mp_m_freemode_01-arms-193.webp
9C5DCBFF7C7AEB8A40124CFA22FFC5014D0BE1068458C7D4579F8E41BB7CBAB4	C:\admirales\script_ver\script_ver\quarantine\under-review\17mov_CharacterSystem\web\photos\mp_m_freemode_01-arms-194.webp
3CFEB9A712D235C9335D34227ED5315F16849474C68986D71CF686B4A0F72393	C:\admirales\script_ver\script_ver\quarantine\under-review\17mov_CharacterSystem\web\photos\mp_m_freemode_01-arms-195.webp
5E13AB07189410A843925B7521B25C3D32DAA04E531A9E8A517BBE04672B749B	C:\admirales\script_ver\script_ver\quarantine\under-review\17mov_CharacterSystem\web\photos\mp_m_freemode_01-arms-196.webp
B106FD29B916AA4D53D0461BF8D28C57C654BE80A6CAC01D933EF2F9F40F1C9B	C:\admirales\script_ver\script_ver\quarantine\under-review\17mov_CharacterSystem\web\photos\mp_m_freemode_01-arms-197.webp
F8D501D20D4366455BA919BE6600D05789E7E68B69B271A2D225FD1B7C86BEF6	C:\admirales\script_ver\script_ver\quarantine\under-review\17mov_CharacterSystem\web\photos\mp_m_freemode_01-arms-198.webp
636FF3CEBE64D75D5622449742C6DB85FAC32BE9C3CF9CB884ADABBA945C028C	C:\admirales\script_ver\script_ver\quarantine\under-review\17mov_CharacterSystem\web\photos\mp_m_freemode_01-arms-199.webp
219A211C64EB972E486EA725DC7F988A01622E70A4ABB0F09D500BAA37714142	C:\admirales\script_ver\script_ver\quarantine\under-review\17mov_CharacterSystem\web\photos\mp_m_freemode_01-arms-2.webp
51CF498C369333CFF6E74954B9A4DC35B455FC5709557337D448DB6A7046A95F	C:\admirales\script_ver\script_ver\quarantine\under-review\17mov_CharacterSystem\web\photos\mp_m_freemode_01-arms-20.webp
EE4FF014E528DDD75BC2F9FB62422B4D7AACAF47AA720CD390A0B1217E5921C3	C:\admirales\script_ver\script_ver\quarantine\under-review\17mov_CharacterSystem\web\photos\mp_m_freemode_01-arms-200.webp
8B2B209E317A9270E4EC6C1C379FEE041928FB1E55E3830ACF7998F3FC9F4F1B	C:\admirales\script_ver\script_ver\quarantine\under-review\17mov_CharacterSystem\web\photos\mp_m_freemode_01-arms-201.webp
2A6CA7C4BCDE3D310E5D4917A66E9D9A73546BB2C5A7862D6D3C99807DAEA6DC	C:\admirales\script_ver\script_ver\quarantine\under-review\17mov_CharacterSystem\web\photos\mp_m_freemode_01-arms-202.webp
DC0A915EBF96B2C3C359871E0C9B73502313548D272B56F2858FCA8D3A14D642	C:\admirales\script_ver\script_ver\quarantine\under-review\17mov_CharacterSystem\web\photos\mp_m_freemode_01-arms-203.webp
0F20B08237372E8B15D3EB78B9F197F06A5489ED52579789CCB5951A0D0D4444	C:\admirales\script_ver\script_ver\quarantine\under-review\17mov_CharacterSystem\web\photos\mp_m_freemode_01-arms-204.webp
536EAC22FFE8DDFC6F61DCA3C9BEC32623A73FFF1913374E93D1388C73E4C123	C:\admirales\script_ver\script_ver\quarantine\under-review\17mov_CharacterSystem\web\photos\mp_m_freemode_01-arms-205.webp
FC689BA0208FF285D427501C981C9419B154752D8D0912D78466FC8D2EB4D35B	C:\admirales\script_ver\script_ver\quarantine\under-review\17mov_CharacterSystem\web\photos\mp_m_freemode_01-arms-206.webp
AC0C7A05287DCCA265790FC32500D3BA9AFC1EBB1D1C79E3CE7154762EA9F86D	C:\admirales\script_ver\script_ver\quarantine\under-review\17mov_CharacterSystem\web\photos\mp_m_freemode_01-arms-207.webp
59107E0D624906016EEF449A0C90B62CF35D66E2FB950D4D1EEFE96706AF9E9F	C:\admirales\script_ver\script_ver\quarantine\under-review\17mov_CharacterSystem\web\photos\mp_m_freemode_01-arms-208.webp
B4FA9DC197DE06A52A03339845053620D416E8900134316FA011B8EA1D041DE2	C:\admirales\script_ver\script_ver\quarantine\under-review\17mov_CharacterSystem\web\photos\mp_m_freemode_01-arms-209.webp
E585B1CC82CBC21E7FD0FA9A391087EB00B5362B56B3CB748A9BB629AEA0E4AF	C:\admirales\script_ver\script_ver\quarantine\under-review\17mov_CharacterSystem\web\photos\mp_m_freemode_01-arms-21.webp
10B6DD4FE3E1D35B1034BAB4C156B82D5AF92AD8FA1F340AFE200ABC7B2958FC	C:\admirales\script_ver\script_ver\quarantine\under-review\17mov_CharacterSystem\web\photos\mp_m_freemode_01-arms-210.webp
068F38D530441DFA4EB250D136E0F5D13304315ED1E291AD2BDD705FD8628EE7	C:\admirales\script_ver\script_ver\quarantine\under-review\17mov_CharacterSystem\web\photos\mp_m_freemode_01-arms-211.webp
FA5435F0D315DBB05D85CF6D48A2CE8213272AF154C624607252EBEC8E964C7D	C:\admirales\script_ver\script_ver\quarantine\under-review\17mov_CharacterSystem\web\photos\mp_m_freemode_01-arms-212.webp
E99EB15A620D219ADD6CD0C6BD26B37F45BA4566F751D7B65FE3BF5279F5DEB7	C:\admirales\script_ver\script_ver\quarantine\under-review\17mov_CharacterSystem\web\photos\mp_m_freemode_01-arms-213.webp
58A9DDC413A03EF577A6B97B33091D9FBBCDDBCDF86BBBC0A88521BA6361521F	C:\admirales\script_ver\script_ver\quarantine\under-review\17mov_CharacterSystem\web\photos\mp_m_freemode_01-arms-214.webp
159B89E64DF44C2F08D1ECDDB51D167A7D6CCC740A9F075AF733262454FF082C	C:\admirales\script_ver\script_ver\quarantine\under-review\17mov_CharacterSystem\web\photos\mp_m_freemode_01-arms-22.webp
455D975A4D39A357DF27FC15739E74FDECD0C92C0C00D0EFF616FA56772B15EA	C:\admirales\script_ver\script_ver\quarantine\under-review\17mov_CharacterSystem\web\photos\mp_m_freemode_01-arms-23.webp
31C458B3BF14D341DB9DE154B2DFAA34B217853596ED31B7AFC71939E701BEDF	C:\admirales\script_ver\script_ver\quarantine\under-review\17mov_CharacterSystem\web\photos\mp_m_freemode_01-arms-24.webp
0C8A4D9450855B902A8604372FA6C3D93183C1B00E41ADCF7D3A247F66D22C0D	C:\admirales\script_ver\script_ver\quarantine\under-review\17mov_CharacterSystem\web\photos\mp_m_freemode_01-arms-25.webp
A8C7B771F2860BECB40FCDD2B54FC225E84C828D545DEF8B7FB9006C9F102A16	C:\admirales\script_ver\script_ver\quarantine\under-review\17mov_CharacterSystem\web\photos\mp_m_freemode_01-arms-26.webp
BFEE36EE57D3101BDF3D7B7834080FB46632589BB2CFE94E67D21518B85C41E3	C:\admirales\script_ver\script_ver\quarantine\under-review\17mov_CharacterSystem\web\photos\mp_m_freemode_01-arms-27.webp
D98D843C62681DAA0390E776019FDF19F68ABAF5C73BB0BA20E3DFDCECA62288	C:\admirales\script_ver\script_ver\quarantine\under-review\17mov_CharacterSystem\web\photos\mp_m_freemode_01-arms-28.webp
C2309B52D0AD2404C274BCE45E5F0965F190E2DE3FA9570F33B84E6743C6FE38	C:\admirales\script_ver\script_ver\quarantine\under-review\17mov_CharacterSystem\web\photos\mp_m_freemode_01-arms-29.webp
DCCEE08A82552E5EE41D70B53E305EB50F09D0BEB633CF61FA993CD9251A136E	C:\admirales\script_ver\script_ver\quarantine\under-review\17mov_CharacterSystem\web\photos\mp_m_freemode_01-arms-3.webp
579DAC13CF51FFB9243837DA77F85D62BB8E87DA2503D10D183B0767EC3A15FC	C:\admirales\script_ver\script_ver\quarantine\under-review\17mov_CharacterSystem\web\photos\mp_m_freemode_01-arms-30.webp
CA841A694AB1B74C9F1BEB7F9D69BF5195BC443C021537B21390CF408B15F92D	C:\admirales\script_ver\script_ver\quarantine\under-review\17mov_CharacterSystem\web\photos\mp_m_freemode_01-arms-31.webp
4BD4823453395870D0E3A13E0A20E4151A60CE5EBF021C99330450BCC284605C	C:\admirales\script_ver\script_ver\quarantine\under-review\17mov_CharacterSystem\web\photos\mp_m_freemode_01-arms-32.webp
5DA72FB5873811ED3EC223CF8A8BA0F7939F4227CFECA20B2BA027A3D108BE14	C:\admirales\script_ver\script_ver\quarantine\under-review\17mov_CharacterSystem\web\photos\mp_m_freemode_01-arms-33.webp
005E447F1EF7AEE0FF8769AAEB748FE401FB0F1546BCB213AFAA526ADE8836F1	C:\admirales\script_ver\script_ver\quarantine\under-review\17mov_CharacterSystem\web\photos\mp_m_freemode_01-arms-34.webp
1E7121A08B5BB243210EC29C044994ED2431D354018B4512E61368C220CC2A34	C:\admirales\script_ver\script_ver\quarantine\under-review\17mov_CharacterSystem\web\photos\mp_m_freemode_01-arms-35.webp
3ABB400F4EC140B1C545C67466A24E27AA2B028463A6031018584B09AC317DEB	C:\admirales\script_ver\script_ver\quarantine\under-review\17mov_CharacterSystem\web\photos\mp_m_freemode_01-arms-36.webp
32BE7AC7D03701E7C86D19980575D1675B183101C217D7838B093CB80E86E60D	C:\admirales\script_ver\script_ver\quarantine\under-review\17mov_CharacterSystem\web\photos\mp_m_freemode_01-arms-37.webp
FCD4D5969D78AEB923B5BD107144D516F2DB9ECAF2823C675160239DE22B80C2	C:\admirales\script_ver\script_ver\quarantine\under-review\17mov_CharacterSystem\web\photos\mp_m_freemode_01-arms-38.webp
55EE10696F771C15FF2F2B794A9A4A5892387BC1D7FFB760C3CD9B8C25587C9E	C:\admirales\script_ver\script_ver\quarantine\under-review\17mov_CharacterSystem\web\photos\mp_m_freemode_01-arms-39.webp
0A8461F8C19C31865A062A1472D909CAB74994A24AB6864768EA0D7DBFDAB629	C:\admirales\script_ver\script_ver\quarantine\under-review\17mov_CharacterSystem\web\photos\mp_m_freemode_01-arms-4.webp
1911B3BD65742C8D7A9AE7FB888356A919EDDFBDB4DEDF2695D78429422DFBF4	C:\admirales\script_ver\script_ver\quarantine\under-review\17mov_CharacterSystem\web\photos\mp_m_freemode_01-arms-40.webp
8B1A79875DA909679DBEBA48612BE32F4DEABE6F9044F8821693A34D27D1648A	C:\admirales\script_ver\script_ver\quarantine\under-review\17mov_CharacterSystem\web\photos\mp_m_freemode_01-arms-41.webp
B3E712DA957E3645144968B984498C5DE150BAA09C07A86FC7C6F13F4EF33134	C:\admirales\script_ver\script_ver\quarantine\under-review\17mov_CharacterSystem\web\photos\mp_m_freemode_01-arms-42.webp
4FD742E381DBC9C4F144AF55A68C96577567025B030BDA222939E26AE5EDC60B	C:\admirales\script_ver\script_ver\quarantine\under-review\17mov_CharacterSystem\web\photos\mp_m_freemode_01-arms-43.webp
8C6EFBCE1B50FCEFAC6FDBB682C4D8E4E6A66274B1BA59367CA8D2F9D1E97A9E	C:\admirales\script_ver\script_ver\quarantine\under-review\17mov_CharacterSystem\web\photos\mp_m_freemode_01-arms-44.webp
6C26A233A06D6EE58B9BA9FFFD86A1985E6D37A20D698B8A5A5D56BE191C87C1	C:\admirales\script_ver\script_ver\quarantine\under-review\17mov_CharacterSystem\web\photos\mp_m_freemode_01-arms-45.webp
EAB6BE63F5A2BC947BCDE07313DA07A13C1332AD34DA24947FF919EE4E1D41D3	C:\admirales\script_ver\script_ver\quarantine\under-review\17mov_CharacterSystem\web\photos\mp_m_freemode_01-arms-46.webp
159ED0C52A9790CA65790C732746A167EA12F3469F6F670F239F11FEBA29863F	C:\admirales\script_ver\script_ver\quarantine\under-review\17mov_CharacterSystem\web\photos\mp_m_freemode_01-arms-47.webp
699F34A07C3780C307DB5D0C05B29FC4B83D8B2B1C894E92C60D2D03055F400D	C:\admirales\script_ver\script_ver\quarantine\under-review\17mov_CharacterSystem\web\photos\mp_m_freemode_01-arms-48.webp
C4937A77182FE293601EC11D3043D64BF961DF2D32F4C82348FCC868BFBAE3B4	C:\admirales\script_ver\script_ver\quarantine\under-review\17mov_CharacterSystem\web\photos\mp_m_freemode_01-arms-49.webp
C01B32A1BE474AC113528ADEC677C6AF9899E0B8AB3614467167800CEB6066FA	C:\admirales\script_ver\script_ver\quarantine\under-review\17mov_CharacterSystem\web\photos\mp_m_freemode_01-arms-5.webp
0CDB646ED359FC7E72F52FD7F21E9C0DCF16C9624D133A926A953211CAE804ED	C:\admirales\script_ver\script_ver\quarantine\under-review\17mov_CharacterSystem\web\photos\mp_m_freemode_01-arms-50.webp
6E90BDBA8DFFC5B696F4DA42155DF5A26043D67925FBCDA05E66EB2E788BB717	C:\admirales\script_ver\script_ver\quarantine\under-review\17mov_CharacterSystem\web\photos\mp_m_freemode_01-arms-51.webp
48CD2474795943BD0E49A54E3593395CD6A5758E3AA1241D311DDEC713E36DFA	C:\admirales\script_ver\script_ver\quarantine\under-review\17mov_CharacterSystem\web\photos\mp_m_freemode_01-arms-52.webp
96534983ABD1CB8FE6DED9530A01B40B95ED20CD052D88EE57A976335B516450	C:\admirales\script_ver\script_ver\quarantine\under-review\17mov_CharacterSystem\web\photos\mp_m_freemode_01-arms-53.webp
F720EEE53E7DC6F27F1AF7390A90DE98C901D677B0B3CA067B01457931F6D271	C:\admirales\script_ver\script_ver\quarantine\under-review\17mov_CharacterSystem\web\photos\mp_m_freemode_01-arms-54.webp
098F4C17503570A1349E3D781EEBD31CD608E64DE739162B764A8FE98C343FCD	C:\admirales\script_ver\script_ver\quarantine\under-review\17mov_CharacterSystem\web\photos\mp_m_freemode_01-arms-55.webp
B1B8DB656C905D9061C9960E03A9FE49A9CE2377229A5A13F04BE87F350F0CD9	C:\admirales\script_ver\script_ver\quarantine\under-review\17mov_CharacterSystem\web\photos\mp_m_freemode_01-arms-56.webp
73FBEE04AD88F6C8FC6FFF7D2BD61B2317AE38CC0DE82156138FD5400872E12B	C:\admirales\script_ver\script_ver\quarantine\under-review\17mov_CharacterSystem\web\photos\mp_m_freemode_01-arms-57.webp
CD6461416217062EF1B20F96F2A48D505280ACBD74D6843FEA8C4F8F6B90D596	C:\admirales\script_ver\script_ver\quarantine\under-review\17mov_CharacterSystem\web\photos\mp_m_freemode_01-arms-58.webp
AFA447EBFBE3BA7B8700F6F50E57EE052E847F98B85B7A6B1B3BF72C2CFA6068	C:\admirales\script_ver\script_ver\quarantine\under-review\17mov_CharacterSystem\web\photos\mp_m_freemode_01-arms-59.webp
520A23C889B9106007C57B7F74744E1D3B1957E86B901E327087ADEDE35CBDAC	C:\admirales\script_ver\script_ver\quarantine\under-review\17mov_CharacterSystem\web\photos\mp_m_freemode_01-arms-6.webp
1E6275ED6BED0328814D0D335582E3D98912AA68FCD5E439B3991BC347F0762A	C:\admirales\script_ver\script_ver\quarantine\under-review\17mov_CharacterSystem\web\photos\mp_m_freemode_01-arms-60.webp
BD02CF7BA4AF828D188C622593A2B40413EFB026E3D114A100DB416E1CA98FA5	C:\admirales\script_ver\script_ver\quarantine\under-review\17mov_CharacterSystem\web\photos\mp_m_freemode_01-arms-61.webp
300477F7F04EA18C3563233DA7099910ED00BBCA70D3EFE1BCCD8876AB53F52F	C:\admirales\script_ver\script_ver\quarantine\under-review\17mov_CharacterSystem\web\photos\mp_m_freemode_01-arms-62.webp
F2C0A2B3619CE04C8FB431AAF0B11F997D548783FD472A0A1538576B6BB3A487	C:\admirales\script_ver\script_ver\quarantine\under-review\17mov_CharacterSystem\web\photos\mp_m_freemode_01-arms-63.webp
6942091B6C3357B0B205A0DE288DC3E5807B0DB2A211A4AA5038022086F1F534	C:\admirales\script_ver\script_ver\quarantine\under-review\17mov_CharacterSystem\web\photos\mp_m_freemode_01-arms-64.webp
CB78DAC000DA7A8854691A66785B39FA0D11E0C493E86A3834E74897CC9019C1	C:\admirales\script_ver\script_ver\quarantine\under-review\17mov_CharacterSystem\web\photos\mp_m_freemode_01-arms-65.webp
AAFC9DA905D99848C8D977A5E4844C86F167134B6C7104AB7921CEE794354A20	C:\admirales\script_ver\script_ver\quarantine\under-review\17mov_CharacterSystem\web\photos\mp_m_freemode_01-arms-66.webp
D32AB237808795AAC98303EC6840EA3173824C00CC1C3609EABFFA668BA58AF0	C:\admirales\script_ver\script_ver\quarantine\under-review\17mov_CharacterSystem\web\photos\mp_m_freemode_01-arms-67.webp
3DA84183D25856811A9147251520FD3450508408D662071042751EB0DA6B481F	C:\admirales\script_ver\script_ver\quarantine\under-review\17mov_CharacterSystem\web\photos\mp_m_freemode_01-arms-68.webp
4E8D34E884CA6E1283A283327B92E2DE208196876198A01EF0B528CC0E3AAA50	C:\admirales\script_ver\script_ver\quarantine\under-review\17mov_CharacterSystem\web\photos\mp_m_freemode_01-arms-69.webp
20F6763E6E159493C792749F5D05CBDD25C4C45A8B1EACFC211390526D65E83E	C:\admirales\script_ver\script_ver\quarantine\under-review\17mov_CharacterSystem\web\photos\mp_m_freemode_01-arms-7.webp
F8BA4C6D4402C9014DB9423BA34BB72F310A1041D63C6474DB95D60D14628207	C:\admirales\script_ver\script_ver\quarantine\under-review\17mov_CharacterSystem\web\photos\mp_m_freemode_01-arms-70.webp
861E234B9CA63B47B78A492C69D0E7A9FDC420211335224B6A1431C4ED3D43B0	C:\admirales\script_ver\script_ver\quarantine\under-review\17mov_CharacterSystem\web\photos\mp_m_freemode_01-arms-71.webp
E4C2F15CF03EDDE2B669E487D61997F033C2A137F49166FA61E9E61DE1B00A78	C:\admirales\script_ver\script_ver\quarantine\under-review\17mov_CharacterSystem\web\photos\mp_m_freemode_01-arms-72.webp
84731A7342114272D0F09FF752E66F34B3EB76A33EC700C6AF6093CCCD53892D	C:\admirales\script_ver\script_ver\quarantine\under-review\17mov_CharacterSystem\web\photos\mp_m_freemode_01-arms-73.webp
49123F76F8A6FC6EB5D929194C68A954A6653BC8AF9F5D562BF087A6DE25E48D	C:\admirales\script_ver\script_ver\quarantine\under-review\17mov_CharacterSystem\web\photos\mp_m_freemode_01-arms-74.webp
B475F9D785F22F2C05FD9EE7051C97B3A5ADB758D00ECC38614EA9409830E7F0	C:\admirales\script_ver\script_ver\quarantine\under-review\17mov_CharacterSystem\web\photos\mp_m_freemode_01-arms-75.webp
DF152AA751E2C5A97F555ADDF354BBE7C370C6152DB4ADCE1784B006638A7B84	C:\admirales\script_ver\script_ver\quarantine\under-review\17mov_CharacterSystem\web\photos\mp_m_freemode_01-arms-76.webp
E40651E31B416556B705C5B079B653A65D16913951468209F4F96631ACA0C2C4	C:\admirales\script_ver\script_ver\quarantine\under-review\17mov_CharacterSystem\web\photos\mp_m_freemode_01-arms-77.webp
BC4226105356C798949103F95D3DD90A9A5A0DEB01E936ADDD6A3F269DB2D252	C:\admirales\script_ver\script_ver\quarantine\under-review\17mov_CharacterSystem\web\photos\mp_m_freemode_01-arms-78.webp
CE6FB442CFC2DDFC45EBA70A5E582F5EC7DBCA44E25B6C8B3C709EBE5299C5A0	C:\admirales\script_ver\script_ver\quarantine\under-review\17mov_CharacterSystem\web\photos\mp_m_freemode_01-arms-79.webp
BC190C23C1C97F781A6E2AAF6C83C05337F50736C914E4267007317312455E0F	C:\admirales\script_ver\script_ver\quarantine\under-review\17mov_CharacterSystem\web\photos\mp_m_freemode_01-arms-8.webp
4A0C5094C8B9DAA358C04F0DF0E23453F0625964F4DAF595F085EB5DDFD5D5BE	C:\admirales\script_ver\script_ver\quarantine\under-review\17mov_CharacterSystem\web\photos\mp_m_freemode_01-arms-80.webp
BB0E78A12832D1C6B2C587431F5FC7E717DBD0A0A1BEB87229F9C70B0C39A80C	C:\admirales\script_ver\script_ver\quarantine\under-review\17mov_CharacterSystem\web\photos\mp_m_freemode_01-arms-81.webp
99DB21F5F1FD0AE8D5CFA54D91A87A420B6671F29E3BE8A07F6723DD2E19C815	C:\admirales\script_ver\script_ver\quarantine\under-review\17mov_CharacterSystem\web\photos\mp_m_freemode_01-arms-82.webp
A2D613C41B2D2D507FC7C89FD70666B1F0FD6E4DA4579BC2F7EC86B4769F86BD	C:\admirales\script_ver\script_ver\quarantine\under-review\17mov_CharacterSystem\web\photos\mp_m_freemode_01-arms-83.webp
CB81D8297C8D3DF931BD486643E38B2720249AE2B7FB70B84BB11578B3B0C9D2	C:\admirales\script_ver\script_ver\quarantine\under-review\17mov_CharacterSystem\web\photos\mp_m_freemode_01-arms-84.webp
2C2A41416925BF8BDF3EA809BA8AAFDD5F325135884A38E280A3CE12C0A00E73	C:\admirales\script_ver\script_ver\quarantine\under-review\17mov_CharacterSystem\web\photos\mp_m_freemode_01-arms-85.webp
8673F11E889DE76979796464A56ABE872E67106703A47ACD921EE1F623466D2C	C:\admirales\script_ver\script_ver\quarantine\under-review\17mov_CharacterSystem\web\photos\mp_m_freemode_01-arms-86.webp
D49D5BF5AEF95AFD20A4B29576AC8E46C35D536DCA6AB13D46C35EF23004F518	C:\admirales\script_ver\script_ver\quarantine\under-review\17mov_CharacterSystem\web\photos\mp_m_freemode_01-arms-87.webp
EA76007D31EA1F2EFB804B26A24316BF73852611CB16ED8872E97F3ACAA3EB55	C:\admirales\script_ver\script_ver\quarantine\under-review\17mov_CharacterSystem\web\photos\mp_m_freemode_01-arms-88.webp
031F78F733885D838C9E5A226C74F070C82F5232E7C4F6E1D4B6B31BBFD6CE9B	C:\admirales\script_ver\script_ver\quarantine\under-review\17mov_CharacterSystem\web\photos\mp_m_freemode_01-arms-89.webp
20F6763E6E159493C792749F5D05CBDD25C4C45A8B1EACFC211390526D65E83E	C:\admirales\script_ver\script_ver\quarantine\under-review\17mov_CharacterSystem\web\photos\mp_m_freemode_01-arms-9.webp
E6C0D3DD6EDE383509F409B65FC978229A47CE92E3C7E85060E6CBE7998C59D4	C:\admirales\script_ver\script_ver\quarantine\under-review\17mov_CharacterSystem\web\photos\mp_m_freemode_01-arms-90.webp
5B323130EE2478FF96513DA03A27C9A34CF547F1FA707AE04F90A1E885EA13F6	C:\admirales\script_ver\script_ver\quarantine\under-review\17mov_CharacterSystem\web\photos\mp_m_freemode_01-arms-91.webp
93F82F0BC5C59F44D9CAFA499491B61F32C5C29D0A6D208BC361D03F846B8D56	C:\admirales\script_ver\script_ver\quarantine\under-review\17mov_CharacterSystem\web\photos\mp_m_freemode_01-arms-92.webp
238E9BD7694BF773780C258146629F956F265917AF443ACB1FF8C2F5D6E30F6E	C:\admirales\script_ver\script_ver\quarantine\under-review\17mov_CharacterSystem\web\photos\mp_m_freemode_01-arms-93.webp
DEEC62A7F6BE2292EAFF60B117519AC4BA449BF408D109CE5794177B67B132CB	C:\admirales\script_ver\script_ver\quarantine\under-review\17mov_CharacterSystem\web\photos\mp_m_freemode_01-arms-94.webp
0094C09705C5D816F08AAFF3991C1C1EC2104245CC4AD8EBD9A217D33768795A	C:\admirales\script_ver\script_ver\quarantine\under-review\17mov_CharacterSystem\web\photos\mp_m_freemode_01-arms-95.webp
6DDE5DF2D8322131F4EED2D2DDCC463A610E877754FFF97DAFEDDBC54D58783D	C:\admirales\script_ver\script_ver\quarantine\under-review\17mov_CharacterSystem\web\photos\mp_m_freemode_01-arms-96.webp
C9AA80156F2F64F5590A7F940894FE56A0BFCA1B121FFA6021CAF27A9C091584	C:\admirales\script_ver\script_ver\quarantine\under-review\17mov_CharacterSystem\web\photos\mp_m_freemode_01-arms-97.webp
3EC522FC12156B5E97BCADC6F6C3B70BFA560C27A1BEE5B49B9C5F5CDDAF9359	C:\admirales\script_ver\script_ver\quarantine\under-review\17mov_CharacterSystem\web\photos\mp_m_freemode_01-arms-98.webp
DA68F37C42804A8E833673E9623C7300200B8D6724C4A21D344D9C988587B563	C:\admirales\script_ver\script_ver\quarantine\under-review\17mov_CharacterSystem\web\photos\mp_m_freemode_01-arms-99.webp
F80AF0D27980CD0D7A3AEFCA9BACD511106D0508238CB232439EB7B00854737B	C:\admirales\script_ver\script_ver\quarantine\under-review\17mov_CharacterSystem\web\photos\mp_m_freemode_01-bags_1-0.webp
1D31252A9D506497CEDF077B11ECC752EEEE66F461D86AC05CF6A1A23B2523B1	C:\admirales\script_ver\script_ver\quarantine\under-review\17mov_CharacterSystem\web\photos\mp_m_freemode_01-bags_1-1.webp
6CC070E6DDAA6267283AAD38DB4F77946DC380FC3F30344EA3095DB33FE923A3	C:\admirales\script_ver\script_ver\quarantine\under-review\17mov_CharacterSystem\web\photos\mp_m_freemode_01-bags_1-10.webp
5242C1F799213A62EA6B951A22D188939F21036CFBC172DB6CE448D2AD03B609	C:\admirales\script_ver\script_ver\quarantine\under-review\17mov_CharacterSystem\web\photos\mp_m_freemode_01-bags_1-100.webp
1F52A9E76AD624E17A1CE60DFE1471AF902C1DB909C0DD7D2A76890EDEA35C22	C:\admirales\script_ver\script_ver\quarantine\under-review\17mov_CharacterSystem\web\photos\mp_m_freemode_01-bags_1-101.webp
4E7100C9750177B504EE6694E6FAF258C1AEBE9F53EE2FC52F1AB58B0603E843	C:\admirales\script_ver\script_ver\quarantine\under-review\17mov_CharacterSystem\web\photos\mp_m_freemode_01-bags_1-102.webp
00DDAD64CE1325BE59225FB8053B75651C74CF45F64FAB177F801FC66BC2DE53	C:\admirales\script_ver\script_ver\quarantine\under-review\17mov_CharacterSystem\web\photos\mp_m_freemode_01-bags_1-103.webp
E9A2B8B645A68872A17A2EEFB76FD398DF5E503CF08D25D40BEF032017AC8D0A	C:\admirales\script_ver\script_ver\quarantine\under-review\17mov_CharacterSystem\web\photos\mp_m_freemode_01-bags_1-104.webp
F33E73F71265BA6B7C8DB29245EF84F3CE7E3EABFF65A6104E2B0C49523C1516	C:\admirales\script_ver\script_ver\quarantine\under-review\17mov_CharacterSystem\web\photos\mp_m_freemode_01-bags_1-105.webp
E6DB569ABFC9B2058C8280DC1BA3137172474817A3AB1735E90A84AE6219020C	C:\admirales\script_ver\script_ver\quarantine\under-review\17mov_CharacterSystem\web\photos\mp_m_freemode_01-bags_1-106.webp
3213B00C0EF6C1EEE0823C4C6C7E1C9938FC5D041FB5F97E65A7A3FFC9D7F25A	C:\admirales\script_ver\script_ver\quarantine\under-review\17mov_CharacterSystem\web\photos\mp_m_freemode_01-bags_1-107.webp
526147BFD366D2B2B0F85DB68DE0686C1C5A16493D2A6AF14AC1B7167529E01A	C:\admirales\script_ver\script_ver\quarantine\under-review\17mov_CharacterSystem\web\photos\mp_m_freemode_01-bags_1-108.webp
902639C38B9229DF492C9D46AF38C23A190B9E19EABCFE1F251970B85DC54A0A	C:\admirales\script_ver\script_ver\quarantine\under-review\17mov_CharacterSystem\web\photos\mp_m_freemode_01-bags_1-109.webp
099978BA80E05F234DACF62FE095C0E3CCB1185A895E65D697B0F027B142F8EE	C:\admirales\script_ver\script_ver\quarantine\under-review\17mov_CharacterSystem\web\photos\mp_m_freemode_01-bags_1-11.webp
A3AFA450A9FE39076E26AE64EB60A949593F9BC007A05D045003FFBD01AC6839	C:\admirales\script_ver\script_ver\quarantine\under-review\17mov_CharacterSystem\web\photos\mp_m_freemode_01-bags_1-110.webp
F80AF0D27980CD0D7A3AEFCA9BACD511106D0508238CB232439EB7B00854737B	C:\admirales\script_ver\script_ver\quarantine\under-review\17mov_CharacterSystem\web\photos\mp_m_freemode_01-bags_1-111.webp
9672D8393BC5F9A5A5C5ADE767C1F7B41D7A0A11C0FDB8501EB2904E6B5A3F07	C:\admirales\script_ver\script_ver\quarantine\under-review\17mov_CharacterSystem\web\photos\mp_m_freemode_01-bags_1-12.webp
4F0639043F525D5AB7DB4648229889014866D83346199889EEA245D59397C998	C:\admirales\script_ver\script_ver\quarantine\under-review\17mov_CharacterSystem\web\photos\mp_m_freemode_01-bags_1-13.webp
B13E00F110CFACD6411D16E9C7759A0EFD4577CBD34FD693016FC442D1BA5DD3	C:\admirales\script_ver\script_ver\quarantine\under-review\17mov_CharacterSystem\web\photos\mp_m_freemode_01-bags_1-14.webp
0D01A720ADB6F0AE2748D7BFB6D68ABDF278CEAA4106A2BEF5F5AAB26C31A573	C:\admirales\script_ver\script_ver\quarantine\under-review\17mov_CharacterSystem\web\photos\mp_m_freemode_01-bags_1-15.webp
F4E90E4C3ED536EF6691C04AD210D6F244826D9BF31851BF623EC9262B5D2AEC	C:\admirales\script_ver\script_ver\quarantine\under-review\17mov_CharacterSystem\web\photos\mp_m_freemode_01-bags_1-16.webp
07D4B57A52DF0E831DF21E877F68D60E7CEFD5E918BF20656BFCB4B1F5A08E4D	C:\admirales\script_ver\script_ver\quarantine\under-review\17mov_CharacterSystem\web\photos\mp_m_freemode_01-bags_1-17.webp
190C1FDD62BABE71205155E6D8CB3C320D70E0E19183F24DA371C96C7E01C972	C:\admirales\script_ver\script_ver\quarantine\under-review\17mov_CharacterSystem\web\photos\mp_m_freemode_01-bags_1-18.webp
6BDCD66CF43A2F6592AAD9668063CA135B05BC9D32C7F962271727EC752EBDAB	C:\admirales\script_ver\script_ver\quarantine\under-review\17mov_CharacterSystem\web\photos\mp_m_freemode_01-bags_1-19.webp
F477B77BF607D2C8B51299019FF61B407828A39AA1CA99097233E008E3EF7AB9	C:\admirales\script_ver\script_ver\quarantine\under-review\17mov_CharacterSystem\web\photos\mp_m_freemode_01-bags_1-2.webp
F80AF0D27980CD0D7A3AEFCA9BACD511106D0508238CB232439EB7B00854737B	C:\admirales\script_ver\script_ver\quarantine\under-review\17mov_CharacterSystem\web\photos\mp_m_freemode_01-bags_1-20.webp
26A40FC0B4E97AE485A054EDA08B6CB1F9ED899881E64F43C169EB68CE8A3B78	C:\admirales\script_ver\script_ver\quarantine\under-review\17mov_CharacterSystem\web\photos\mp_m_freemode_01-bags_1-21.webp
2E198A507FF5FC5C73A6CA71EFF2E99F369EA55079B6BFD93768CE5F837E4194	C:\admirales\script_ver\script_ver\quarantine\under-review\17mov_CharacterSystem\web\photos\mp_m_freemode_01-bags_1-22.webp
583966470B76F1C5513724D7F91B8B91451A30C416C7E2A09613009F8D247583	C:\admirales\script_ver\script_ver\quarantine\under-review\17mov_CharacterSystem\web\photos\mp_m_freemode_01-bags_1-23.webp
5A048500698630940C2A5FAC2D17B6C47B4C0C1A184A5ABC1C0F563CCE47EFCC	C:\admirales\script_ver\script_ver\quarantine\under-review\17mov_CharacterSystem\web\photos\mp_m_freemode_01-bags_1-24.webp
5F7A3A8873A1507D0E1EAF3281F8B439516E46E125128785E6849C2B5CDB4CCC	C:\admirales\script_ver\script_ver\quarantine\under-review\17mov_CharacterSystem\web\photos\mp_m_freemode_01-bags_1-25.webp
456E96A7A7A0C299E1C865BB6B01C45E8490847D8147AB094579C5288C864CBB	C:\admirales\script_ver\script_ver\quarantine\under-review\17mov_CharacterSystem\web\photos\mp_m_freemode_01-bags_1-26.webp
92BE7440A9FF40FA5B592BB673AF2992E3D9B4429AE25DB612ABD236704A5598	C:\admirales\script_ver\script_ver\quarantine\under-review\17mov_CharacterSystem\web\photos\mp_m_freemode_01-bags_1-27.webp
17D64DD0397B5CFD38DF258E1D41F1FCED8760E3970D17F8BB6A4DC6EF63E254	C:\admirales\script_ver\script_ver\quarantine\under-review\17mov_CharacterSystem\web\photos\mp_m_freemode_01-bags_1-28.webp
1683322A173B06A4610E73E1A155A03B423A84808DCF6C047AB4B8AA02343D04	C:\admirales\script_ver\script_ver\quarantine\under-review\17mov_CharacterSystem\web\photos\mp_m_freemode_01-bags_1-29.webp
402C9C5B57ED72C098B1999AC1F6FFBEA87FF741B283BA47029031FF9DFE23CD	C:\admirales\script_ver\script_ver\quarantine\under-review\17mov_CharacterSystem\web\photos\mp_m_freemode_01-bags_1-3.webp
F80AF0D27980CD0D7A3AEFCA9BACD511106D0508238CB232439EB7B00854737B	C:\admirales\script_ver\script_ver\quarantine\under-review\17mov_CharacterSystem\web\photos\mp_m_freemode_01-bags_1-30.webp
8109E5B5E61C179FEC0FE841C8BF34901DD7887B5E93EBCD3C8F982E5A2E9AD7	C:\admirales\script_ver\script_ver\quarantine\under-review\17mov_CharacterSystem\web\photos\mp_m_freemode_01-bags_1-31.webp
3F1FCB4B7017E0AE1AA0A50D4186641954BA9001685CC483C778C65E930BA246	C:\admirales\script_ver\script_ver\quarantine\under-review\17mov_CharacterSystem\web\photos\mp_m_freemode_01-bags_1-32.webp
CD20372E32D934A4B53764443EFFB8682F3886523FC882FB8F51B306CA5BED24	C:\admirales\script_ver\script_ver\quarantine\under-review\17mov_CharacterSystem\web\photos\mp_m_freemode_01-bags_1-33.webp
8106FD1ED30CE19E2AA5D749938038CB8F6B261C56CDB9CE8C8E205733DCE099	C:\admirales\script_ver\script_ver\quarantine\under-review\17mov_CharacterSystem\web\photos\mp_m_freemode_01-bags_1-34.webp
394354D362ACA446329DD312C2E793CC42D327C707BF271EA8056EB92F811F5D	C:\admirales\script_ver\script_ver\quarantine\under-review\17mov_CharacterSystem\web\photos\mp_m_freemode_01-bags_1-35.webp
5B9B31B8560B892C69C519E18FE154608DC66AAB1AC424AB37876A0D32ABAAC2	C:\admirales\script_ver\script_ver\quarantine\under-review\17mov_CharacterSystem\web\photos\mp_m_freemode_01-bags_1-36.webp
1781C4FA26E364A54528A8831078AC9F8990EF85B1AC16D8976E53379B8D86B2	C:\admirales\script_ver\script_ver\quarantine\under-review\17mov_CharacterSystem\web\photos\mp_m_freemode_01-bags_1-37.webp
4ACF6EB97C9195A533206B66DC20B013EF2E1A3C2C9ED5E494B4220C0AFC16EE	C:\admirales\script_ver\script_ver\quarantine\under-review\17mov_CharacterSystem\web\photos\mp_m_freemode_01-bags_1-38.webp
FB47937AE30991588666BF943A76DB4DFD076C834E1B09853E511D43A6AF846D	C:\admirales\script_ver\script_ver\quarantine\under-review\17mov_CharacterSystem\web\photos\mp_m_freemode_01-bags_1-39.webp
9397CB7157B0C16251BB62363CB980B767E21CE13A99BEC9FF9798D97F5DB458	C:\admirales\script_ver\script_ver\quarantine\under-review\17mov_CharacterSystem\web\photos\mp_m_freemode_01-bags_1-4.webp
2C6CB92D0FFCE7E948E8A0786493099D014312229A76E012DB08DD98FB1D7735	C:\admirales\script_ver\script_ver\quarantine\under-review\17mov_CharacterSystem\web\photos\mp_m_freemode_01-bags_1-40.webp
2DB14F5A6C2790CD03D8B636E33015FD2787CE91F915C36540A337D4CB6DAF62	C:\admirales\script_ver\script_ver\quarantine\under-review\17mov_CharacterSystem\web\photos\mp_m_freemode_01-bags_1-41.webp
F80AF0D27980CD0D7A3AEFCA9BACD511106D0508238CB232439EB7B00854737B	C:\admirales\script_ver\script_ver\quarantine\under-review\17mov_CharacterSystem\web\photos\mp_m_freemode_01-bags_1-42.webp
F80AF0D27980CD0D7A3AEFCA9BACD511106D0508238CB232439EB7B00854737B	C:\admirales\script_ver\script_ver\quarantine\under-review\17mov_CharacterSystem\web\photos\mp_m_freemode_01-bags_1-43.webp
CA01608EF8B40C5044F095F1289ADE7A96F4597B5C3DF3F19D20CAC8055752AC	C:\admirales\script_ver\script_ver\quarantine\under-review\17mov_CharacterSystem\web\photos\mp_m_freemode_01-bags_1-44.webp
FADE30275CB0C7D113F4DA4EDBA8170C1B6E5284D5610BD7FF9A6FAFC16B8D4C	C:\admirales\script_ver\script_ver\quarantine\under-review\17mov_CharacterSystem\web\photos\mp_m_freemode_01-bags_1-45.webp
F80AF0D27980CD0D7A3AEFCA9BACD511106D0508238CB232439EB7B00854737B	C:\admirales\script_ver\script_ver\quarantine\under-review\17mov_CharacterSystem\web\photos\mp_m_freemode_01-bags_1-46.webp
F80AF0D27980CD0D7A3AEFCA9BACD511106D0508238CB232439EB7B00854737B	C:\admirales\script_ver\script_ver\quarantine\under-review\17mov_CharacterSystem\web\photos\mp_m_freemode_01-bags_1-47.webp
6F493223D57DC1244C1FF471237D840CDAF8AC38D65A034589D837FDAFED67CF	C:\admirales\script_ver\script_ver\quarantine\under-review\17mov_CharacterSystem\web\photos\mp_m_freemode_01-bags_1-48.webp
74665C89B8BF1165716FF36AB9BF36B8DD7F1A75C2163519D85EA26EF2310DBF	C:\admirales\script_ver\script_ver\quarantine\under-review\17mov_CharacterSystem\web\photos\mp_m_freemode_01-bags_1-49.webp
D4A0FEFF6C503CE165CBA96ECA2A9D15C537A73237231FB3EA9F295468EA6C19	C:\admirales\script_ver\script_ver\quarantine\under-review\17mov_CharacterSystem\web\photos\mp_m_freemode_01-bags_1-5.webp
F488492A8B42FECBC5CCC1DB55E9B831A25EC2A3512DE867A119F6FAEFC4035F	C:\admirales\script_ver\script_ver\quarantine\under-review\17mov_CharacterSystem\web\photos\mp_m_freemode_01-bags_1-50.webp
97DEC1E43CA9EDCC9DB6FFA3CF5C014B54820564863B03A67E768B4CD61A2E28	C:\admirales\script_ver\script_ver\quarantine\under-review\17mov_CharacterSystem\web\photos\mp_m_freemode_01-bags_1-51.webp
F157ED47B783B22E71A03D6D6F62427CD604588AE3EC4DB2688CE24CF10AA8F5	C:\admirales\script_ver\script_ver\quarantine\under-review\17mov_CharacterSystem\web\photos\mp_m_freemode_01-bags_1-52.webp
C629DAFE4353922852BB0C6177C8FC0449A4810348D2AB6DE4DEFE1BED2BA02E	C:\admirales\script_ver\script_ver\quarantine\under-review\17mov_CharacterSystem\web\photos\mp_m_freemode_01-bags_1-53.webp
8A607918DAFFEE958529560FF8C2F5AB2F3B287B14559EB73A454875C39ECD55	C:\admirales\script_ver\script_ver\quarantine\under-review\17mov_CharacterSystem\web\photos\mp_m_freemode_01-bags_1-54.webp
EDAE27A8BFC4398B1E1896012C776DC2D440A55A9FF7D99295EED5700FAAB482	C:\admirales\script_ver\script_ver\quarantine\under-review\17mov_CharacterSystem\web\photos\mp_m_freemode_01-bags_1-55.webp
C943176BD911FA4E280F1BB9C02A11A1EE07F2BF3F74CC455CFC2022C41D448A	C:\admirales\script_ver\script_ver\quarantine\under-review\17mov_CharacterSystem\web\photos\mp_m_freemode_01-bags_1-56.webp
9E5F7AA4F6B555D0FC6B1B9BD4DEA7CF94D507C47DB4EA173F59CEF21246EC16	C:\admirales\script_ver\script_ver\quarantine\under-review\17mov_CharacterSystem\web\photos\mp_m_freemode_01-bags_1-57.webp
77A71A9FF010FEFFFCDBC1AFA662C044A7B6C68A86A2087A3EC3AEA8D64C47EB	C:\admirales\script_ver\script_ver\quarantine\under-review\17mov_CharacterSystem\web\photos\mp_m_freemode_01-bags_1-58.webp
ACA596C6370393C54CECE2BA2B7E5A5AA959D1EBF64D476EE78435D4E3669076	C:\admirales\script_ver\script_ver\quarantine\under-review\17mov_CharacterSystem\web\photos\mp_m_freemode_01-bags_1-59.webp
49C2A1C59CD4C84EA4CD52E98F65EB42DF2DFD6DE8326382B6AD49E30730F451	C:\admirales\script_ver\script_ver\quarantine\under-review\17mov_CharacterSystem\web\photos\mp_m_freemode_01-bags_1-6.webp
1C1253AB52BB6A1BCD088E1C19D9F219A7FF15F6D8EDDBAA132275EF184F2B4F	C:\admirales\script_ver\script_ver\quarantine\under-review\17mov_CharacterSystem\web\photos\mp_m_freemode_01-bags_1-60.webp
4EABDED08619AFD35DEE3AFA0CA00F1541B79646D432399B15A271AC2085B34A	C:\admirales\script_ver\script_ver\quarantine\under-review\17mov_CharacterSystem\web\photos\mp_m_freemode_01-bags_1-61.webp
49BD99B02EF70C532AAE32166A3B58524C223DE7AE240E5DA54ACF727CA5D001	C:\admirales\script_ver\script_ver\quarantine\under-review\17mov_CharacterSystem\web\photos\mp_m_freemode_01-bags_1-62.webp
49C0C5E7277719BC5E83C55636582B89AEE5B8A60CCCB02AF483B786261C34C0	C:\admirales\script_ver\script_ver\quarantine\under-review\17mov_CharacterSystem\web\photos\mp_m_freemode_01-bags_1-63.webp
3D2DCCB97266593408AECEB476385B76FE596937D3073C7E8460986D173C7B9C	C:\admirales\script_ver\script_ver\quarantine\under-review\17mov_CharacterSystem\web\photos\mp_m_freemode_01-bags_1-64.webp
C9843877839D671A409CCA8BCB7372FE6CF8B499045DFFEF35DE64BBDF8941D8	C:\admirales\script_ver\script_ver\quarantine\under-review\17mov_CharacterSystem\web\photos\mp_m_freemode_01-bags_1-65.webp
9E1A60245C5B1F51EE34F309D1BB1E65E075524E18A10C592BE94AF82251E905	C:\admirales\script_ver\script_ver\quarantine\under-review\17mov_CharacterSystem\web\photos\mp_m_freemode_01-bags_1-66.webp
74A8699564393A6739ADFD38B2F92BF5C51827775A5D24A9A563A44C85A5EF2D	C:\admirales\script_ver\script_ver\quarantine\under-review\17mov_CharacterSystem\web\photos\mp_m_freemode_01-bags_1-67.webp
49C0C5E7277719BC5E83C55636582B89AEE5B8A60CCCB02AF483B786261C34C0	C:\admirales\script_ver\script_ver\quarantine\under-review\17mov_CharacterSystem\web\photos\mp_m_freemode_01-bags_1-68.webp
D1A60869749C3589876AC1061E6702C0D420045C49B98913BCA8585930298D61	C:\admirales\script_ver\script_ver\quarantine\under-review\17mov_CharacterSystem\web\photos\mp_m_freemode_01-bags_1-69.webp
3A3A8F622293646CAE6D97E473839F41F011DB8717F4669BFE44EA8F36FF3382	C:\admirales\script_ver\script_ver\quarantine\under-review\17mov_CharacterSystem\web\photos\mp_m_freemode_01-bags_1-7.webp
4B82D9FAFCF621405C1794262FF3F8453334B5BEF44AE689F4B8EE3851F0F830	C:\admirales\script_ver\script_ver\quarantine\under-review\17mov_CharacterSystem\web\photos\mp_m_freemode_01-bags_1-70.webp
28559B295455A6E0B7254E016469F1A7109B332FC23025BC84DD73F04806D361	C:\admirales\script_ver\script_ver\quarantine\under-review\17mov_CharacterSystem\web\photos\mp_m_freemode_01-bags_1-71.webp
543F8B5763587BEB6C9E7520778D7DE3D290129CED1864F761D6132CA4469685	C:\admirales\script_ver\script_ver\quarantine\under-review\17mov_CharacterSystem\web\photos\mp_m_freemode_01-bags_1-72.webp
459B0EC28B1F7C915C84AE264E0589468278C37C0406A56F0CD7C7F21F300869	C:\admirales\script_ver\script_ver\quarantine\under-review\17mov_CharacterSystem\web\photos\mp_m_freemode_01-bags_1-73.webp
A646D579DF8DD062DE23FDCFD65334B416CD809D33F4C5E767E090B9F595568D	C:\admirales\script_ver\script_ver\quarantine\under-review\17mov_CharacterSystem\web\photos\mp_m_freemode_01-bags_1-74.webp
74FFFB3E563AF1AC0DC627D6C65A75FC225248FD17F77C3525C5460DF30FF380	C:\admirales\script_ver\script_ver\quarantine\under-review\17mov_CharacterSystem\web\photos\mp_m_freemode_01-bags_1-75.webp
F190A4A91EC7F4A0C537B7DAD6EC59D084E2723FBCB23C66B4EE58B326F6703C	C:\admirales\script_ver\script_ver\quarantine\under-review\17mov_CharacterSystem\web\photos\mp_m_freemode_01-bags_1-76.webp
33D084FBB3C968564E75C9B730DE4A02EDFB5A22F8EF42E94551AA1088858D1A	C:\admirales\script_ver\script_ver\quarantine\under-review\17mov_CharacterSystem\web\photos\mp_m_freemode_01-bags_1-77.webp
A2779524916653083DEF01BA91B1A6EFF940247633B5865F2A01136C3227DBD9	C:\admirales\script_ver\script_ver\quarantine\under-review\17mov_CharacterSystem\web\photos\mp_m_freemode_01-bags_1-78.webp
184AC301C022F5A90401E5A63AB48795379665A3068352A42B634E87BAE38D17	C:\admirales\script_ver\script_ver\quarantine\under-review\17mov_CharacterSystem\web\photos\mp_m_freemode_01-bags_1-79.webp
742A056F1D25DB88CFBF5018F26391834035097EAA1BBDB58A8DCD2E9CA7FA98	C:\admirales\script_ver\script_ver\quarantine\under-review\17mov_CharacterSystem\web\photos\mp_m_freemode_01-bags_1-8.webp
F348E30629510A32858AA6E57B16426BAE290D26793B580503F98FEA1C3D38C3	C:\admirales\script_ver\script_ver\quarantine\under-review\17mov_CharacterSystem\web\photos\mp_m_freemode_01-bags_1-80.webp
BC284FB0D21CB31E02248B43D00A8D0B488E5D67DC1DE60D7198B633A87B8448	C:\admirales\script_ver\script_ver\quarantine\under-review\17mov_CharacterSystem\web\photos\mp_m_freemode_01-bags_1-81.webp
18E4F98E511B123216A93F3C89BF7FD7AE077E4672DAE465A26EFD7A2C9AC5A1	C:\admirales\script_ver\script_ver\quarantine\under-review\17mov_CharacterSystem\web\photos\mp_m_freemode_01-bags_1-82.webp
F80AF0D27980CD0D7A3AEFCA9BACD511106D0508238CB232439EB7B00854737B	C:\admirales\script_ver\script_ver\quarantine\under-review\17mov_CharacterSystem\web\photos\mp_m_freemode_01-bags_1-83.webp
F80AF0D27980CD0D7A3AEFCA9BACD511106D0508238CB232439EB7B00854737B	C:\admirales\script_ver\script_ver\quarantine\under-review\17mov_CharacterSystem\web\photos\mp_m_freemode_01-bags_1-84.webp
8A7DAC9B3F1107017083CAA958A0F93B3719A47448D58860795E2A0FAE88B2A2	C:\admirales\script_ver\script_ver\quarantine\under-review\17mov_CharacterSystem\web\photos\mp_m_freemode_01-bags_1-85.webp
9FAEBB10C0A68492B194F11EFD5809F41D1142F7A458401F471EF03EA7C2CFE4	C:\admirales\script_ver\script_ver\quarantine\under-review\17mov_CharacterSystem\web\photos\mp_m_freemode_01-bags_1-86.webp
F80AF0D27980CD0D7A3AEFCA9BACD511106D0508238CB232439EB7B00854737B	C:\admirales\script_ver\script_ver\quarantine\under-review\17mov_CharacterSystem\web\photos\mp_m_freemode_01-bags_1-87.webp
F80AF0D27980CD0D7A3AEFCA9BACD511106D0508238CB232439EB7B00854737B	C:\admirales\script_ver\script_ver\quarantine\under-review\17mov_CharacterSystem\web\photos\mp_m_freemode_01-bags_1-88.webp
FD1CB6EA8D10FBB1859467AF159FAF4F1C38632547D3E89A71430E94F6B4EB73	C:\admirales\script_ver\script_ver\quarantine\under-review\17mov_CharacterSystem\web\photos\mp_m_freemode_01-bags_1-89.webp
F80AF0D27980CD0D7A3AEFCA9BACD511106D0508238CB232439EB7B00854737B	C:\admirales\script_ver\script_ver\quarantine\under-review\17mov_CharacterSystem\web\photos\mp_m_freemode_01-bags_1-9.webp
5CA36F4900061288733A313E948455899892E0E42FAA87900BE5268D9B34E7FB	C:\admirales\script_ver\script_ver\quarantine\under-review\17mov_CharacterSystem\web\photos\mp_m_freemode_01-bags_1-90.webp
5F4CB7D72C4FDBCB46A54CCD973A4BC9B3261C0FEE7CA0E33C211867F7E2B351	C:\admirales\script_ver\script_ver\quarantine\under-review\17mov_CharacterSystem\web\photos\mp_m_freemode_01-bags_1-91.webp
C1EDDE9F2177277A0955CA530CC17D31BED572760726A7B71357B87FF4382474	C:\admirales\script_ver\script_ver\quarantine\under-review\17mov_CharacterSystem\web\photos\mp_m_freemode_01-bags_1-92.webp
7FCBEAFC5218525F8E3D10F1AB6F9DC141FBA33E77473132FC56DC54ADFAE3C8	C:\admirales\script_ver\script_ver\quarantine\under-review\17mov_CharacterSystem\web\photos\mp_m_freemode_01-bags_1-93.webp
C679D2C234E9AE34AF6F88D68DE4FFFE1A37263D857374BB4B6ED8976AE658C4	C:\admirales\script_ver\script_ver\quarantine\under-review\17mov_CharacterSystem\web\photos\mp_m_freemode_01-bags_1-94.webp
F6A5736354AF676AC66E752A11554BAE291663DCE699BAC7E30140890A86EBF5	C:\admirales\script_ver\script_ver\quarantine\under-review\17mov_CharacterSystem\web\photos\mp_m_freemode_01-bags_1-95.webp
F391AF3DAAC6EB6EC49E1863643635EF8CABA19507130EB0E53679C50350FE69	C:\admirales\script_ver\script_ver\quarantine\under-review\17mov_CharacterSystem\web\photos\mp_m_freemode_01-bags_1-96.webp
3AE65E4559DF61D9B4BEFDDA977CA32AE8AB6CDB1A531D10AE1A3C24701ECCEB	C:\admirales\script_ver\script_ver\quarantine\under-review\17mov_CharacterSystem\web\photos\mp_m_freemode_01-bags_1-97.webp
D2FEB01799C677D8F593719EF4AADCABA31277A53F06B3515821608E755C1486	C:\admirales\script_ver\script_ver\quarantine\under-review\17mov_CharacterSystem\web\photos\mp_m_freemode_01-bags_1-98.webp
96575716D18F4C1536716A180557F7F32EBE9208EAEE30E3E7DBF23DCBBECB2F	C:\admirales\script_ver\script_ver\quarantine\under-review\17mov_CharacterSystem\web\photos\mp_m_freemode_01-bags_1-99.webp
42D7BB9B568B121E4EA9C9CD323C941BF902BB1C762E2ED6150FACE7CB91578F	C:\admirales\script_ver\script_ver\quarantine\under-review\17mov_CharacterSystem\web\photos\mp_m_freemode_01-bproof_1-0.webp
30964DDF7854EFDAAB90FD33678DCDA1825331C7E11E3D1C191D382BCAAD0FC4	C:\admirales\script_ver\script_ver\quarantine\under-review\17mov_CharacterSystem\web\photos\mp_m_freemode_01-bproof_1-1.webp
153BF1CE0AD68207D3813A7B302157FE2699F8F35AE98F771A9CB7B16B1D1D5D	C:\admirales\script_ver\script_ver\quarantine\under-review\17mov_CharacterSystem\web\photos\mp_m_freemode_01-bproof_1-10.webp
94065397DF745C319F1504129D8AC6110AF887611552398BC278C63273EB8B22	C:\admirales\script_ver\script_ver\quarantine\under-review\17mov_CharacterSystem\web\photos\mp_m_freemode_01-bproof_1-11.webp
7F0CD94F53929DC10285D99D71C30EA798B779D3E99FDD1EE9F9E2010F0E2A56	C:\admirales\script_ver\script_ver\quarantine\under-review\17mov_CharacterSystem\web\photos\mp_m_freemode_01-bproof_1-12.webp
62EB8EEA487B6E67593D1C4341D747A3A97F5CF7A072896081D7E09B29724271	C:\admirales\script_ver\script_ver\quarantine\under-review\17mov_CharacterSystem\web\photos\mp_m_freemode_01-bproof_1-13.webp
9D213443173430346EE11AE6F3B44C50C83267012E8EDED8E92A508D1792F426	C:\admirales\script_ver\script_ver\quarantine\under-review\17mov_CharacterSystem\web\photos\mp_m_freemode_01-bproof_1-14.webp
244D1CD18E97A7AF84C0BCEAFF8B38ECA12533BF3ED0158D2DCD3C7DDBD0571C	C:\admirales\script_ver\script_ver\quarantine\under-review\17mov_CharacterSystem\web\photos\mp_m_freemode_01-bproof_1-15.webp
FDBAE40692EBA7034E21042A0AA8901E9B060845E502524C13D58AE3BBDE2194	C:\admirales\script_ver\script_ver\quarantine\under-review\17mov_CharacterSystem\web\photos\mp_m_freemode_01-bproof_1-16.webp
DEAF946F24F278DAD656E81302F259A0195CC7FD35AE0B1777D6CE6C89F6069C	C:\admirales\script_ver\script_ver\quarantine\under-review\17mov_CharacterSystem\web\photos\mp_m_freemode_01-bproof_1-17.webp
4459A89922C591515D78DFA86AC9D18B6C744CF393FA0B0282FAC2337BA72A83	C:\admirales\script_ver\script_ver\quarantine\under-review\17mov_CharacterSystem\web\photos\mp_m_freemode_01-bproof_1-18.webp
8D0E74BC5843E7196D3674BC2C139616ED81EFDF6DFDF51DF98D4F0C85FA4D95	C:\admirales\script_ver\script_ver\quarantine\under-review\17mov_CharacterSystem\web\photos\mp_m_freemode_01-bproof_1-19.webp
5D5FD790B33024A10502C2ACC6A7DFDC9ECDDD72040926B6DF39F2CB0A36CE51	C:\admirales\script_ver\script_ver\quarantine\under-review\17mov_CharacterSystem\web\photos\mp_m_freemode_01-bproof_1-2.webp
AEBA725EA1A3D247AD22747C878AE2CF4C8422E390844B17A83A247529A674DD	C:\admirales\script_ver\script_ver\quarantine\under-review\17mov_CharacterSystem\web\photos\mp_m_freemode_01-bproof_1-20.webp
97A0C36A1FAA4331417307A36D64AED29F7DABE1E93591D6493E2F8D259635F1	C:\admirales\script_ver\script_ver\quarantine\under-review\17mov_CharacterSystem\web\photos\mp_m_freemode_01-bproof_1-21.webp
B023991DC9824ED37D554E24F49F19D7B214ACAF1F1E39AE80208B16BF1AC942	C:\admirales\script_ver\script_ver\quarantine\under-review\17mov_CharacterSystem\web\photos\mp_m_freemode_01-bproof_1-22.webp
3255A84CA5C5157751F0AD6457C66B655AF88E87600424004E964BF09463948E	C:\admirales\script_ver\script_ver\quarantine\under-review\17mov_CharacterSystem\web\photos\mp_m_freemode_01-bproof_1-23.webp
CC197079BB4F45AFBDD576D30DAE03C03E9A9400B286FAD345248AC22C14D1BF	C:\admirales\script_ver\script_ver\quarantine\under-review\17mov_CharacterSystem\web\photos\mp_m_freemode_01-bproof_1-24.webp
EE4D535A2756BCE329EFF3CEB5D39AB0EFC60758166101CE8E8DB3CA80B47E03	C:\admirales\script_ver\script_ver\quarantine\under-review\17mov_CharacterSystem\web\photos\mp_m_freemode_01-bproof_1-25.webp
7FEA1527D4FEBEAA67D0E29E90E45F694750A8750BF3BC13FBDF0C39575B932C	C:\admirales\script_ver\script_ver\quarantine\under-review\17mov_CharacterSystem\web\photos\mp_m_freemode_01-bproof_1-26.webp
4DC327388F59F5EA563B5CD0A6F4BF92CF887062E4B4D920148693AF85EF92A0	C:\admirales\script_ver\script_ver\quarantine\under-review\17mov_CharacterSystem\web\photos\mp_m_freemode_01-bproof_1-27.webp
0BC8B972C96B61A7F7D7FA58AEA2E1A2D5245E05F2BB835C3B7E6FC6AF47EBF2	C:\admirales\script_ver\script_ver\quarantine\under-review\17mov_CharacterSystem\web\photos\mp_m_freemode_01-bproof_1-28.webp
B0CDFE1DEC184AADF93E5BEED0D9DF458442BAF1357ABCC0EC4598067DEB7D0A	C:\admirales\script_ver\script_ver\quarantine\under-review\17mov_CharacterSystem\web\photos\mp_m_freemode_01-bproof_1-29.webp
7C6B5BC444AFBD1AFC714CB6255406A8D8463C55EBA3B051073BB917C6F3CF60	C:\admirales\script_ver\script_ver\quarantine\under-review\17mov_CharacterSystem\web\photos\mp_m_freemode_01-bproof_1-3.webp
62EB8EEA487B6E67593D1C4341D747A3A97F5CF7A072896081D7E09B29724271	C:\admirales\script_ver\script_ver\quarantine\under-review\17mov_CharacterSystem\web\photos\mp_m_freemode_01-bproof_1-30.webp
62EB8EEA487B6E67593D1C4341D747A3A97F5CF7A072896081D7E09B29724271	C:\admirales\script_ver\script_ver\quarantine\under-review\17mov_CharacterSystem\web\photos\mp_m_freemode_01-bproof_1-31.webp
62EB8EEA487B6E67593D1C4341D747A3A97F5CF7A072896081D7E09B29724271	C:\admirales\script_ver\script_ver\quarantine\under-review\17mov_CharacterSystem\web\photos\mp_m_freemode_01-bproof_1-32.webp
62EB8EEA487B6E67593D1C4341D747A3A97F5CF7A072896081D7E09B29724271	C:\admirales\script_ver\script_ver\quarantine\under-review\17mov_CharacterSystem\web\photos\mp_m_freemode_01-bproof_1-33.webp
62EB8EEA487B6E67593D1C4341D747A3A97F5CF7A072896081D7E09B29724271	C:\admirales\script_ver\script_ver\quarantine\under-review\17mov_CharacterSystem\web\photos\mp_m_freemode_01-bproof_1-34.webp
62EB8EEA487B6E67593D1C4341D747A3A97F5CF7A072896081D7E09B29724271	C:\admirales\script_ver\script_ver\quarantine\under-review\17mov_CharacterSystem\web\photos\mp_m_freemode_01-bproof_1-35.webp
62EB8EEA487B6E67593D1C4341D747A3A97F5CF7A072896081D7E09B29724271	C:\admirales\script_ver\script_ver\quarantine\under-review\17mov_CharacterSystem\web\photos\mp_m_freemode_01-bproof_1-36.webp
62EB8EEA487B6E67593D1C4341D747A3A97F5CF7A072896081D7E09B29724271	C:\admirales\script_ver\script_ver\quarantine\under-review\17mov_CharacterSystem\web\photos\mp_m_freemode_01-bproof_1-37.webp
62EB8EEA487B6E67593D1C4341D747A3A97F5CF7A072896081D7E09B29724271	C:\admirales\script_ver\script_ver\quarantine\under-review\17mov_CharacterSystem\web\photos\mp_m_freemode_01-bproof_1-38.webp
62EB8EEA487B6E67593D1C4341D747A3A97F5CF7A072896081D7E09B29724271	C:\admirales\script_ver\script_ver\quarantine\under-review\17mov_CharacterSystem\web\photos\mp_m_freemode_01-bproof_1-39.webp
B158D8052D3EBBF6D2F1F5E815CF49E0312BDEA7DEA7D646A90B05E766E59498	C:\admirales\script_ver\script_ver\quarantine\under-review\17mov_CharacterSystem\web\photos\mp_m_freemode_01-bproof_1-4.webp
62EB8EEA487B6E67593D1C4341D747A3A97F5CF7A072896081D7E09B29724271	C:\admirales\script_ver\script_ver\quarantine\under-review\17mov_CharacterSystem\web\photos\mp_m_freemode_01-bproof_1-40.webp
62EB8EEA487B6E67593D1C4341D747A3A97F5CF7A072896081D7E09B29724271	C:\admirales\script_ver\script_ver\quarantine\under-review\17mov_CharacterSystem\web\photos\mp_m_freemode_01-bproof_1-41.webp
62EB8EEA487B6E67593D1C4341D747A3A97F5CF7A072896081D7E09B29724271	C:\admirales\script_ver\script_ver\quarantine\under-review\17mov_CharacterSystem\web\photos\mp_m_freemode_01-bproof_1-42.webp
62EB8EEA487B6E67593D1C4341D747A3A97F5CF7A072896081D7E09B29724271	C:\admirales\script_ver\script_ver\quarantine\under-review\17mov_CharacterSystem\web\photos\mp_m_freemode_01-bproof_1-43.webp
62EB8EEA487B6E67593D1C4341D747A3A97F5CF7A072896081D7E09B29724271	C:\admirales\script_ver\script_ver\quarantine\under-review\17mov_CharacterSystem\web\photos\mp_m_freemode_01-bproof_1-44.webp
62EB8EEA487B6E67593D1C4341D747A3A97F5CF7A072896081D7E09B29724271	C:\admirales\script_ver\script_ver\quarantine\under-review\17mov_CharacterSystem\web\photos\mp_m_freemode_01-bproof_1-45.webp
62EB8EEA487B6E67593D1C4341D747A3A97F5CF7A072896081D7E09B29724271	C:\admirales\script_ver\script_ver\quarantine\under-review\17mov_CharacterSystem\web\photos\mp_m_freemode_01-bproof_1-46.webp
62EB8EEA487B6E67593D1C4341D747A3A97F5CF7A072896081D7E09B29724271	C:\admirales\script_ver\script_ver\quarantine\under-review\17mov_CharacterSystem\web\photos\mp_m_freemode_01-bproof_1-47.webp
62EB8EEA487B6E67593D1C4341D747A3A97F5CF7A072896081D7E09B29724271	C:\admirales\script_ver\script_ver\quarantine\under-review\17mov_CharacterSystem\web\photos\mp_m_freemode_01-bproof_1-48.webp
62EB8EEA487B6E67593D1C4341D747A3A97F5CF7A072896081D7E09B29724271	C:\admirales\script_ver\script_ver\quarantine\under-review\17mov_CharacterSystem\web\photos\mp_m_freemode_01-bproof_1-49.webp
37EC9226A6DFC029414D808B935B4E2EDE17905D3DD2EA3A0CE905497DB58D07	C:\admirales\script_ver\script_ver\quarantine\under-review\17mov_CharacterSystem\web\photos\mp_m_freemode_01-bproof_1-5.webp
62EB8EEA487B6E67593D1C4341D747A3A97F5CF7A072896081D7E09B29724271	C:\admirales\script_ver\script_ver\quarantine\under-review\17mov_CharacterSystem\web\photos\mp_m_freemode_01-bproof_1-50.webp
62EB8EEA487B6E67593D1C4341D747A3A97F5CF7A072896081D7E09B29724271	C:\admirales\script_ver\script_ver\quarantine\under-review\17mov_CharacterSystem\web\photos\mp_m_freemode_01-bproof_1-51.webp
62EB8EEA487B6E67593D1C4341D747A3A97F5CF7A072896081D7E09B29724271	C:\admirales\script_ver\script_ver\quarantine\under-review\17mov_CharacterSystem\web\photos\mp_m_freemode_01-bproof_1-52.webp
7E9E1EDF083F7A5F38FE3D13E7D170D3725A59CE96AA319A9CE3F4E2D1ADB572	C:\admirales\script_ver\script_ver\quarantine\under-review\17mov_CharacterSystem\web\photos\mp_m_freemode_01-bproof_1-53.webp
510B247AA695D692BC8FD60D8CC42E792F188DD2EF4C9D5196743A193DDC0641	C:\admirales\script_ver\script_ver\quarantine\under-review\17mov_CharacterSystem\web\photos\mp_m_freemode_01-bproof_1-54.webp
39F7D120FF24215A87365649EC89A90816FF78B1823834D92F8649AB31BF917B	C:\admirales\script_ver\script_ver\quarantine\under-review\17mov_CharacterSystem\web\photos\mp_m_freemode_01-bproof_1-55.webp
62EB8EEA487B6E67593D1C4341D747A3A97F5CF7A072896081D7E09B29724271	C:\admirales\script_ver\script_ver\quarantine\under-review\17mov_CharacterSystem\web\photos\mp_m_freemode_01-bproof_1-56.webp
6A213B8E5A24B6DC689105F4E97FBAD1D474B6730B3B4BB62656CF4CADC5D15B	C:\admirales\script_ver\script_ver\quarantine\under-review\17mov_CharacterSystem\web\photos\mp_m_freemode_01-bproof_1-57.webp
7ADA6B94F4200E695BE8A1F6D30B9219D19047E7905D428EDD8D51079D3C9E58	C:\admirales\script_ver\script_ver\quarantine\under-review\17mov_CharacterSystem\web\photos\mp_m_freemode_01-bproof_1-58.webp
6ABC586420EFAE457CB71DCB03F561B049E0B4F79FA4C25754CA06AD16FA72B9	C:\admirales\script_ver\script_ver\quarantine\under-review\17mov_CharacterSystem\web\photos\mp_m_freemode_01-bproof_1-59.webp
83489D91DB457B9CECE15A23B456E7DB28722A979CB40DE26629E18F12195C66	C:\admirales\script_ver\script_ver\quarantine\under-review\17mov_CharacterSystem\web\photos\mp_m_freemode_01-bproof_1-6.webp
E869DD4805E232704A0CEDD3ADAF59FD39027C94FD21E2DD6F2FED12322CCEDA	C:\admirales\script_ver\script_ver\quarantine\under-review\17mov_CharacterSystem\web\photos\mp_m_freemode_01-bproof_1-60.webp
B4FE8FA8110372105AC180F92E3AD7C6E2CAA2C2A7B54DBB9296F8290B6ABB77	C:\admirales\script_ver\script_ver\quarantine\under-review\17mov_CharacterSystem\web\photos\mp_m_freemode_01-bproof_1-61.webp
42D7BB9B568B121E4EA9C9CD323C941BF902BB1C762E2ED6150FACE7CB91578F	C:\admirales\script_ver\script_ver\quarantine\under-review\17mov_CharacterSystem\web\photos\mp_m_freemode_01-bproof_1-62.webp
98DB7D901FB64BEEAF06533A9CD13BECB4B5FFBD486D71E272E0DD54C4E96D15	C:\admirales\script_ver\script_ver\quarantine\under-review\17mov_CharacterSystem\web\photos\mp_m_freemode_01-bproof_1-7.webp
8F717D34EAE39668E5992E6573A625F6E2B31104490F5D8D480F99B987D06CFB	C:\admirales\script_ver\script_ver\quarantine\under-review\17mov_CharacterSystem\web\photos\mp_m_freemode_01-bproof_1-8.webp
95E08EE22B8E3255B1D3409643648075A697200CF3519BE6CE2C24CBC270E59D	C:\admirales\script_ver\script_ver\quarantine\under-review\17mov_CharacterSystem\web\photos\mp_m_freemode_01-bproof_1-9.webp
F80AF0D27980CD0D7A3AEFCA9BACD511106D0508238CB232439EB7B00854737B	C:\admirales\script_ver\script_ver\quarantine\under-review\17mov_CharacterSystem\web\photos\mp_m_freemode_01-bracelets_1-0.webp
527C0EFB50A85A73F058E9B61DF9DB26E83BD52D0C91D43C516B300F34BC6C5B	C:\admirales\script_ver\script_ver\quarantine\under-review\17mov_CharacterSystem\web\photos\mp_m_freemode_01-bracelets_1-1.webp
DA3CF041A2EBC9A779A1C7F72D29FDDAB41A9DC046B308223D6622787507D4B8	C:\admirales\script_ver\script_ver\quarantine\under-review\17mov_CharacterSystem\web\photos\mp_m_freemode_01-bracelets_1-10.webp
E769B7D72CE3E9FABD87168D50D908C0B3FFD4D1D1A4AE9B671B8077943BAF79	C:\admirales\script_ver\script_ver\quarantine\under-review\17mov_CharacterSystem\web\photos\mp_m_freemode_01-bracelets_1-11.webp
8433FB271F991CC9DD9647A08CB3331C4A590753D97F54BC172AE5DD434F57D4	C:\admirales\script_ver\script_ver\quarantine\under-review\17mov_CharacterSystem\web\photos\mp_m_freemode_01-bracelets_1-12.webp
86D139DD52A8528F70792BFA09509CAD6233579C03EC85CE6D7E70EA45A56844	C:\admirales\script_ver\script_ver\quarantine\under-review\17mov_CharacterSystem\web\photos\mp_m_freemode_01-bracelets_1-13.webp
E0A40B8739808FFB717713B3BB1400B345B2B1E452393C37ED4FC7C0C796C7B5	C:\admirales\script_ver\script_ver\quarantine\under-review\17mov_CharacterSystem\web\photos\mp_m_freemode_01-bracelets_1-14.webp
18D95DE2C6F72B0DACA156AD5539D40D8ED6EE4E5A99236C64AD7EA5A245DBF6	C:\admirales\script_ver\script_ver\quarantine\under-review\17mov_CharacterSystem\web\photos\mp_m_freemode_01-bracelets_1-2.webp
DE9B5873B7BC14599D43C016B98305E01700D06EFF86F260EA87BDDC8B2B4886	C:\admirales\script_ver\script_ver\quarantine\under-review\17mov_CharacterSystem\web\photos\mp_m_freemode_01-bracelets_1-3.webp
0C36A989C68BB8FA84B4FF0217C24C62238BB91A1786F1057F779C86012C9C30	C:\admirales\script_ver\script_ver\quarantine\under-review\17mov_CharacterSystem\web\photos\mp_m_freemode_01-bracelets_1-4.webp
C41F2FABD18199F67319BBE7636E91920E4B2B56964448A31221C8462D0AB38C	C:\admirales\script_ver\script_ver\quarantine\under-review\17mov_CharacterSystem\web\photos\mp_m_freemode_01-bracelets_1-5.webp
64BF80E2CB06972FF4E5035013CF5B534652297862E72A2FF166B5CCF976B730	C:\admirales\script_ver\script_ver\quarantine\under-review\17mov_CharacterSystem\web\photos\mp_m_freemode_01-bracelets_1-6.webp
8A325A5FEA2002FA29A1A94C29E0B2039BC1B37AA6C45A3169C0E591964647F1	C:\admirales\script_ver\script_ver\quarantine\under-review\17mov_CharacterSystem\web\photos\mp_m_freemode_01-bracelets_1-7.webp
38CB6C2AFDA34FDAA307480500B9A1390E579C2E982F7559110A62239593CB4C	C:\admirales\script_ver\script_ver\quarantine\under-review\17mov_CharacterSystem\web\photos\mp_m_freemode_01-bracelets_1-8.webp
082A2B73CDB1DA24C62908A871ECAD241769842D6C2F4EF90D792D423CAB9AEF	C:\admirales\script_ver\script_ver\quarantine\under-review\17mov_CharacterSystem\web\photos\mp_m_freemode_01-bracelets_1-9.webp
24580DF2537A31FECB77B49A8112939D24D242D013244F5D3018167B222E305C	C:\admirales\script_ver\script_ver\quarantine\under-review\17mov_CharacterSystem\web\photos\mp_m_freemode_01-chain_1-0.webp
0EBA361F023591D627CC1F88871AC884EF9B301255E2AE018A4A33B996FBA511	C:\admirales\script_ver\script_ver\quarantine\under-review\17mov_CharacterSystem\web\photos\mp_m_freemode_01-chain_1-1.webp
4744449B77889AD3A2CDD8537F1E3A9D04B83614E8B893E0DF82B0A5ABFAFD80	C:\admirales\script_ver\script_ver\quarantine\under-review\17mov_CharacterSystem\web\photos\mp_m_freemode_01-chain_1-10.webp
70DF66EDF3FE1BF2BB1948520A735DE634BC629B02DBDD236C3212F46072DC79	C:\admirales\script_ver\script_ver\quarantine\under-review\17mov_CharacterSystem\web\photos\mp_m_freemode_01-chain_1-100.webp
74F94359D06321FE9D7B5231F5BA8FEBD21F3BD55FABF7F2860BE2E88475DD97	C:\admirales\script_ver\script_ver\quarantine\under-review\17mov_CharacterSystem\web\photos\mp_m_freemode_01-chain_1-101.webp
70DF66EDF3FE1BF2BB1948520A735DE634BC629B02DBDD236C3212F46072DC79	C:\admirales\script_ver\script_ver\quarantine\under-review\17mov_CharacterSystem\web\photos\mp_m_freemode_01-chain_1-102.webp
70DF66EDF3FE1BF2BB1948520A735DE634BC629B02DBDD236C3212F46072DC79	C:\admirales\script_ver\script_ver\quarantine\under-review\17mov_CharacterSystem\web\photos\mp_m_freemode_01-chain_1-103.webp
9C345584D3807FC127FD22DA83015A83B2F6555B441D97E3C78A744D3EC2750A	C:\admirales\script_ver\script_ver\quarantine\under-review\17mov_CharacterSystem\web\photos\mp_m_freemode_01-chain_1-104.webp
70DF66EDF3FE1BF2BB1948520A735DE634BC629B02DBDD236C3212F46072DC79	C:\admirales\script_ver\script_ver\quarantine\under-review\17mov_CharacterSystem\web\photos\mp_m_freemode_01-chain_1-105.webp
9C345584D3807FC127FD22DA83015A83B2F6555B441D97E3C78A744D3EC2750A	C:\admirales\script_ver\script_ver\quarantine\under-review\17mov_CharacterSystem\web\photos\mp_m_freemode_01-chain_1-106.webp
74F94359D06321FE9D7B5231F5BA8FEBD21F3BD55FABF7F2860BE2E88475DD97	C:\admirales\script_ver\script_ver\quarantine\under-review\17mov_CharacterSystem\web\photos\mp_m_freemode_01-chain_1-107.webp
74F94359D06321FE9D7B5231F5BA8FEBD21F3BD55FABF7F2860BE2E88475DD97	C:\admirales\script_ver\script_ver\quarantine\under-review\17mov_CharacterSystem\web\photos\mp_m_freemode_01-chain_1-108.webp
74F94359D06321FE9D7B5231F5BA8FEBD21F3BD55FABF7F2860BE2E88475DD97	C:\admirales\script_ver\script_ver\quarantine\under-review\17mov_CharacterSystem\web\photos\mp_m_freemode_01-chain_1-109.webp
ADBD85243E38CCE81D2540593BB7ECEDEF316F378879DE5ECD6B5EC7CECCCE42	C:\admirales\script_ver\script_ver\quarantine\under-review\17mov_CharacterSystem\web\photos\mp_m_freemode_01-chain_1-11.webp
64A5C84E5BF4B2613D090ABD34AE4C5DD7A05E93589A7413756A4ADA5295BD2F	C:\admirales\script_ver\script_ver\quarantine\under-review\17mov_CharacterSystem\web\photos\mp_m_freemode_01-chain_1-110.webp
0FD6A4483C93817CCACB21BB0850244BBDEED13812607B3B59D157EF0CD174DF	C:\admirales\script_ver\script_ver\quarantine\under-review\17mov_CharacterSystem\web\photos\mp_m_freemode_01-chain_1-111.webp
0783E35642E3B655078816E026783EE9818927F095DA51324CBAE7102784B2F1	C:\admirales\script_ver\script_ver\quarantine\under-review\17mov_CharacterSystem\web\photos\mp_m_freemode_01-chain_1-112.webp
FA3036B7D99FDCE6715E3BE9122CD10E9BBC3F8E5D855EF9464E0171FAF43528	C:\admirales\script_ver\script_ver\quarantine\under-review\17mov_CharacterSystem\web\photos\mp_m_freemode_01-chain_1-113.webp
6AEC18C5C348B7AA39078BDDD6CEB3EC5B0F44B8756A81F8B92A39D4315B6EF8	C:\admirales\script_ver\script_ver\quarantine\under-review\17mov_CharacterSystem\web\photos\mp_m_freemode_01-chain_1-114.webp
585F55F3181FA37B00C357E1289A35117F668DD24D464C2B367C2F43AB8F9FF7	C:\admirales\script_ver\script_ver\quarantine\under-review\17mov_CharacterSystem\web\photos\mp_m_freemode_01-chain_1-115.webp
48121DAF7E0FE94EEBCCB4760522179EEF4412E7FEC8A4EDF18147462127C89D	C:\admirales\script_ver\script_ver\quarantine\under-review\17mov_CharacterSystem\web\photos\mp_m_freemode_01-chain_1-116.webp
2C176205A82B2FC9CF6067D73FA7788DA6B6D70C284EF69D8305B4A3C0F38883	C:\admirales\script_ver\script_ver\quarantine\under-review\17mov_CharacterSystem\web\photos\mp_m_freemode_01-chain_1-117.webp
C2BBDA1591869FC57719AF48B9FD41246B6A068C3A1DC2B1EF2D15DEFF495E95	C:\admirales\script_ver\script_ver\quarantine\under-review\17mov_CharacterSystem\web\photos\mp_m_freemode_01-chain_1-118.webp
1CDA25D8ED95A7259A12050E4F9C9F1AF2F2BFB0C5F34B94EB0CFB20B1E74FDE	C:\admirales\script_ver\script_ver\quarantine\under-review\17mov_CharacterSystem\web\photos\mp_m_freemode_01-chain_1-119.webp
AC3844A12159C3A354A651DBA168B8911119D69895033C6738052C479290F319	C:\admirales\script_ver\script_ver\quarantine\under-review\17mov_CharacterSystem\web\photos\mp_m_freemode_01-chain_1-12.webp
D45055925712ECF84792E179DD5DCCF255A6D31935DBBBB2C47263C87F099E5A	C:\admirales\script_ver\script_ver\quarantine\under-review\17mov_CharacterSystem\web\photos\mp_m_freemode_01-chain_1-120.webp
12CDEE2839AF373DD3B1ED0F6CE73F1DFD3F02A3BF306C2B09F6F44F4D8C87BC	C:\admirales\script_ver\script_ver\quarantine\under-review\17mov_CharacterSystem\web\photos\mp_m_freemode_01-chain_1-121.webp
CBE42C34C1A210C96C41131D0EEC67C25BBC4B85E61FD96D86C59871AA616BD7	C:\admirales\script_ver\script_ver\quarantine\under-review\17mov_CharacterSystem\web\photos\mp_m_freemode_01-chain_1-122.webp
850BEB4F53D073A030DBE5C4BA4196975B32592D8A5615BA00E635E58EED3422	C:\admirales\script_ver\script_ver\quarantine\under-review\17mov_CharacterSystem\web\photos\mp_m_freemode_01-chain_1-123.webp
0A540AE5F30F3E17DA27C241607061606CAA38FE68330B23ED79CECA60F434CE	C:\admirales\script_ver\script_ver\quarantine\under-review\17mov_CharacterSystem\web\photos\mp_m_freemode_01-chain_1-124.webp
DFA583F43628C7F982D61CBB9AE5181A3CC1576DA62D776DA41995EBC2922DD0	C:\admirales\script_ver\script_ver\quarantine\under-review\17mov_CharacterSystem\web\photos\mp_m_freemode_01-chain_1-125.webp
1195311837BA91C7E0C579412C4FB27B29D0D33B2E75127C8D799166AED95104	C:\admirales\script_ver\script_ver\quarantine\under-review\17mov_CharacterSystem\web\photos\mp_m_freemode_01-chain_1-126.webp
CC139AAFF0D8EA6950A05730372AA47DCC94AAE695341702045C83FC0DD4D32F	C:\admirales\script_ver\script_ver\quarantine\under-review\17mov_CharacterSystem\web\photos\mp_m_freemode_01-chain_1-127.webp
0E8DD6A423E746D4C9A7DDC318780C2E22B56B23B5EDAAAF4FEE7A79C447D3E8	C:\admirales\script_ver\script_ver\quarantine\under-review\17mov_CharacterSystem\web\photos\mp_m_freemode_01-chain_1-128.webp
4476038192FB8F0CCCE0256D2FCBC760C7F01DE8B6F541627D35B5F12BF5EDB9	C:\admirales\script_ver\script_ver\quarantine\under-review\17mov_CharacterSystem\web\photos\mp_m_freemode_01-chain_1-129.webp
935E82BAC184240F0F22B845AF584C9C7AA1AAAF5C8A2CE0CD8E10D5ABC28A74	C:\admirales\script_ver\script_ver\quarantine\under-review\17mov_CharacterSystem\web\photos\mp_m_freemode_01-chain_1-13.webp
753CC10DD27BFF4D593F0F42A8F809A84D41E4016CA0FC2AF768ED207A253784	C:\admirales\script_ver\script_ver\quarantine\under-review\17mov_CharacterSystem\web\photos\mp_m_freemode_01-chain_1-130.webp
6CE00E1FDCE1E85355A311E123FDA8B0188C1AE04F71FC3A586F84E9AC9B0CD9	C:\admirales\script_ver\script_ver\quarantine\under-review\17mov_CharacterSystem\web\photos\mp_m_freemode_01-chain_1-131.webp
3A0D93021FF75A9E4DF3E0D7EC2B70EC4ABEAFA37414F36B81B8BDBDD257C4D4	C:\admirales\script_ver\script_ver\quarantine\under-review\17mov_CharacterSystem\web\photos\mp_m_freemode_01-chain_1-132.webp
ED63A87F052751673865B1C4ECDC65604429CB5668260CBBE61F2B3B0A627E0F	C:\admirales\script_ver\script_ver\quarantine\under-review\17mov_CharacterSystem\web\photos\mp_m_freemode_01-chain_1-133.webp
A825516636A89F8FD815F007622709F29EC7197652764440F84615A0B5AF37E4	C:\admirales\script_ver\script_ver\quarantine\under-review\17mov_CharacterSystem\web\photos\mp_m_freemode_01-chain_1-134.webp
0F9852081CC9643A9A7060962877A3F98E0011B954267C10384767922DFCAA1A	C:\admirales\script_ver\script_ver\quarantine\under-review\17mov_CharacterSystem\web\photos\mp_m_freemode_01-chain_1-135.webp
DD3685BE81846B5FDF7269022506877DBE4A295F58C933A3759BDE9CAD0B430B	C:\admirales\script_ver\script_ver\quarantine\under-review\17mov_CharacterSystem\web\photos\mp_m_freemode_01-chain_1-136.webp
3E2FB216EB4B9A236EDB3CDB04A027A3EAE053DA16087812F909939D8151E5F4	C:\admirales\script_ver\script_ver\quarantine\under-review\17mov_CharacterSystem\web\photos\mp_m_freemode_01-chain_1-137.webp
BCC472564CA7E5A0CF8E72B3CB0EADC3CDBB2B7F547C463BE61604E78DF6C06F	C:\admirales\script_ver\script_ver\quarantine\under-review\17mov_CharacterSystem\web\photos\mp_m_freemode_01-chain_1-138.webp
E2D9D2990530252BCD207E3AE3836D0592E103DCEBA9DC90632C668261ED8E7B	C:\admirales\script_ver\script_ver\quarantine\under-review\17mov_CharacterSystem\web\photos\mp_m_freemode_01-chain_1-139.webp
520D7FA3225AFB158FCD7AF4B09630F123F90271B1CBC3AAC793B39DB0AF8A53	C:\admirales\script_ver\script_ver\quarantine\under-review\17mov_CharacterSystem\web\photos\mp_m_freemode_01-chain_1-14.webp
D1E3CB3C5CE3D4AC7959793A423EAE28E66F52BD12A5CE1E159376D1D566547C	C:\admirales\script_ver\script_ver\quarantine\under-review\17mov_CharacterSystem\web\photos\mp_m_freemode_01-chain_1-140.webp
429ECE809F2F8DCE422312EF10957D2067529973640472E32919D6D51906DF40	C:\admirales\script_ver\script_ver\quarantine\under-review\17mov_CharacterSystem\web\photos\mp_m_freemode_01-chain_1-141.webp
EEB0DEFFF84F8D265ED37623DA66E06AA3AC082A8245AACCF9CEA4724FB6C317	C:\admirales\script_ver\script_ver\quarantine\under-review\17mov_CharacterSystem\web\photos\mp_m_freemode_01-chain_1-142.webp
6690517CDA3BC7427B5D0EC632DAF9E96D18D8DCD416AD4F814313CC266F95DA	C:\admirales\script_ver\script_ver\quarantine\under-review\17mov_CharacterSystem\web\photos\mp_m_freemode_01-chain_1-143.webp
F936612BAA41F2C1BBE0ABC2B337673C9AB6D4C6C430380B3D88E80EED6DFFF3	C:\admirales\script_ver\script_ver\quarantine\under-review\17mov_CharacterSystem\web\photos\mp_m_freemode_01-chain_1-144.webp
2D0DD694ADDDD7C7A1FE9D9AA5FC59FB83CD1941D901F97599081E1BFB83061C	C:\admirales\script_ver\script_ver\quarantine\under-review\17mov_CharacterSystem\web\photos\mp_m_freemode_01-chain_1-145.webp
6962D75F7EF573EF4AAB2BC1FA75C2B72A12283E3EA04387239D2A85B1426C1B	C:\admirales\script_ver\script_ver\quarantine\under-review\17mov_CharacterSystem\web\photos\mp_m_freemode_01-chain_1-146.webp
A5686ED6D656CBF915A092FF94A5547BE89448FF21F50EE88EC8BBEB909D4F78	C:\admirales\script_ver\script_ver\quarantine\under-review\17mov_CharacterSystem\web\photos\mp_m_freemode_01-chain_1-147.webp
DCD9A509F2CE083C0C80C737827EF5C9E5F158740510653F1C743BB9ED0A0D16	C:\admirales\script_ver\script_ver\quarantine\under-review\17mov_CharacterSystem\web\photos\mp_m_freemode_01-chain_1-148.webp
F9B9645BF288D5359EE2EBCBC1C26DF0F614E2037534DCFD96FC36031A51587C	C:\admirales\script_ver\script_ver\quarantine\under-review\17mov_CharacterSystem\web\photos\mp_m_freemode_01-chain_1-149.webp
DDA759C30AE1CD74A6A7CFD68C1F252F87431102A7F81FF7444575C52EFD78D4	C:\admirales\script_ver\script_ver\quarantine\under-review\17mov_CharacterSystem\web\photos\mp_m_freemode_01-chain_1-15.webp
C2F8752E2AE2E12364A0AB196A4B99DFC4ECFFA59763C97D23156B722332A09E	C:\admirales\script_ver\script_ver\quarantine\under-review\17mov_CharacterSystem\web\photos\mp_m_freemode_01-chain_1-150.webp
BDAF496BB8F2E74432160C85E33F1B08B7662131EE6F28E8E87AC80D2F27314A	C:\admirales\script_ver\script_ver\quarantine\under-review\17mov_CharacterSystem\web\photos\mp_m_freemode_01-chain_1-151.webp
28E7FA2AA65A6ACC561706A9A3494F245F35E7A37D82C9320B5B4BA8CFBF7FF7	C:\admirales\script_ver\script_ver\quarantine\under-review\17mov_CharacterSystem\web\photos\mp_m_freemode_01-chain_1-152.webp
4227527A85994ABEF75B6158ADDF008D0925A6DC19CB4E5DB138967FE540A032	C:\admirales\script_ver\script_ver\quarantine\under-review\17mov_CharacterSystem\web\photos\mp_m_freemode_01-chain_1-153.webp
E9D39DAB455CCEAE7321615E55E53545BEB91E5CE98A1BCE905B59656EF7E823	C:\admirales\script_ver\script_ver\quarantine\under-review\17mov_CharacterSystem\web\photos\mp_m_freemode_01-chain_1-154.webp
93BE5F98BD82F52237E74AC7FCAF500FFE03DC1C29776267ACC3A1D8B58E190A	C:\admirales\script_ver\script_ver\quarantine\under-review\17mov_CharacterSystem\web\photos\mp_m_freemode_01-chain_1-155.webp
DE9854A754FC1B53A2C99D09BD1F1A806871C76CE17F91C180D9B8F6DAF2D186	C:\admirales\script_ver\script_ver\quarantine\under-review\17mov_CharacterSystem\web\photos\mp_m_freemode_01-chain_1-156.webp
3861F720EBF5B17485A3387B086548FB625946F861707A88F59ECD057782E6ED	C:\admirales\script_ver\script_ver\quarantine\under-review\17mov_CharacterSystem\web\photos\mp_m_freemode_01-chain_1-157.webp
05975DE97D4BD422672B01863CCB3B0EB0CDC02B4F53F94777D5DF75EF6FD566	C:\admirales\script_ver\script_ver\quarantine\under-review\17mov_CharacterSystem\web\photos\mp_m_freemode_01-chain_1-158.webp
95118BF3FA25718845A1FBB6E6A608C12D3591455567ED1B75632404725822A4	C:\admirales\script_ver\script_ver\quarantine\under-review\17mov_CharacterSystem\web\photos\mp_m_freemode_01-chain_1-159.webp
ED28E6416F836B8F5FC06B8FD45CEE7BA221E1FB69E6037A2AEE25CAC2D12D61	C:\admirales\script_ver\script_ver\quarantine\under-review\17mov_CharacterSystem\web\photos\mp_m_freemode_01-chain_1-16.webp
BADC20F435662125C320E9C7740D953F7C4B1F0571FCCEE5691E2C0B47E8F46A	C:\admirales\script_ver\script_ver\quarantine\under-review\17mov_CharacterSystem\web\photos\mp_m_freemode_01-chain_1-160.webp
A90958964A9896F6BFF248FEC620C562F013A6420B01AE210B87BC8F539EC874	C:\admirales\script_ver\script_ver\quarantine\under-review\17mov_CharacterSystem\web\photos\mp_m_freemode_01-chain_1-161.webp
767F29F9468827A3CE343015ACD32A0C68E24ABED030748FDA7F24ED90143824	C:\admirales\script_ver\script_ver\quarantine\under-review\17mov_CharacterSystem\web\photos\mp_m_freemode_01-chain_1-162.webp
96D71CBBD39772347E8CFD1C38D72D2C7F62320CDC6D2A48BB83ED6D2A61F18E	C:\admirales\script_ver\script_ver\quarantine\under-review\17mov_CharacterSystem\web\photos\mp_m_freemode_01-chain_1-163.webp
917E7922BE4AC4DA3F92DC7A390831504175689FA3DEE77234BB1DA23DE6082A	C:\admirales\script_ver\script_ver\quarantine\under-review\17mov_CharacterSystem\web\photos\mp_m_freemode_01-chain_1-164.webp
E9291BCA34738D20294CA989D678734F922D71DBE527FE64A86FBED2C5EDFB3A	C:\admirales\script_ver\script_ver\quarantine\under-review\17mov_CharacterSystem\web\photos\mp_m_freemode_01-chain_1-165.webp
1E527CCC5B125A466DF8A41D379876F690A151D937F3ED06F6E4BEA6A7340D44	C:\admirales\script_ver\script_ver\quarantine\under-review\17mov_CharacterSystem\web\photos\mp_m_freemode_01-chain_1-166.webp
935E82BAC184240F0F22B845AF584C9C7AA1AAAF5C8A2CE0CD8E10D5ABC28A74	C:\admirales\script_ver\script_ver\quarantine\under-review\17mov_CharacterSystem\web\photos\mp_m_freemode_01-chain_1-167.webp
935E82BAC184240F0F22B845AF584C9C7AA1AAAF5C8A2CE0CD8E10D5ABC28A74	C:\admirales\script_ver\script_ver\quarantine\under-review\17mov_CharacterSystem\web\photos\mp_m_freemode_01-chain_1-168.webp
935E82BAC184240F0F22B845AF584C9C7AA1AAAF5C8A2CE0CD8E10D5ABC28A74	C:\admirales\script_ver\script_ver\quarantine\under-review\17mov_CharacterSystem\web\photos\mp_m_freemode_01-chain_1-169.webp
E0821F0BA7A971AA4FD4FB0BB462846C9019F309CD3DFFC6F36E773B0E88D53B	C:\admirales\script_ver\script_ver\quarantine\under-review\17mov_CharacterSystem\web\photos\mp_m_freemode_01-chain_1-17.webp
935E82BAC184240F0F22B845AF584C9C7AA1AAAF5C8A2CE0CD8E10D5ABC28A74	C:\admirales\script_ver\script_ver\quarantine\under-review\17mov_CharacterSystem\web\photos\mp_m_freemode_01-chain_1-170.webp
D2AB3635AFD1D8EA26F666BC0A3B89C0784E0D7BD5896458B28979FE04988EDC	C:\admirales\script_ver\script_ver\quarantine\under-review\17mov_CharacterSystem\web\photos\mp_m_freemode_01-chain_1-171.webp
8800C7B47FC2048F97A3D99522B2BC4A084EEFE5C8CB76A9F818FB7DC53CF72A	C:\admirales\script_ver\script_ver\quarantine\under-review\17mov_CharacterSystem\web\photos\mp_m_freemode_01-chain_1-172.webp
935E82BAC184240F0F22B845AF584C9C7AA1AAAF5C8A2CE0CD8E10D5ABC28A74	C:\admirales\script_ver\script_ver\quarantine\under-review\17mov_CharacterSystem\web\photos\mp_m_freemode_01-chain_1-173.webp
935E82BAC184240F0F22B845AF584C9C7AA1AAAF5C8A2CE0CD8E10D5ABC28A74	C:\admirales\script_ver\script_ver\quarantine\under-review\17mov_CharacterSystem\web\photos\mp_m_freemode_01-chain_1-174.webp
1A4ACC1424C3A89F7ADFA72B08C494E3027E4A6FB0556EEBD34D0EA5F2310427	C:\admirales\script_ver\script_ver\quarantine\under-review\17mov_CharacterSystem\web\photos\mp_m_freemode_01-chain_1-175.webp
BFBE25A388C6DB671210847AE0135B499DB58DC642F0D6B1260F76CC227187EA	C:\admirales\script_ver\script_ver\quarantine\under-review\17mov_CharacterSystem\web\photos\mp_m_freemode_01-chain_1-176.webp
652C562A2F108A25D7A4F4EB77E1C3FFCF526AF2BB9CD853661E73137F18021E	C:\admirales\script_ver\script_ver\quarantine\under-review\17mov_CharacterSystem\web\photos\mp_m_freemode_01-chain_1-177.webp
DDA759C30AE1CD74A6A7CFD68C1F252F87431102A7F81FF7444575C52EFD78D4	C:\admirales\script_ver\script_ver\quarantine\under-review\17mov_CharacterSystem\web\photos\mp_m_freemode_01-chain_1-178.webp
A8259BE719FE0EC5CF919B99F182547E434BCE7F9400AE8F7DCE6180922F87E2	C:\admirales\script_ver\script_ver\quarantine\under-review\17mov_CharacterSystem\web\photos\mp_m_freemode_01-chain_1-18.webp
AC6C2EBCA3DEC92A7D28077FF04979821A299EDF9E550B773C318E750DA97A9C	C:\admirales\script_ver\script_ver\quarantine\under-review\17mov_CharacterSystem\web\photos\mp_m_freemode_01-chain_1-19.webp
01E29A1A503A5090334A7C4E566468CA544050557CA7216A970EE58DB0C038FE	C:\admirales\script_ver\script_ver\quarantine\under-review\17mov_CharacterSystem\web\photos\mp_m_freemode_01-chain_1-2.webp
B0A12FAA18CC18A8F224AC0AD29127C4F7A09C065013DC673739D80C8C9DA73C	C:\admirales\script_ver\script_ver\quarantine\under-review\17mov_CharacterSystem\web\photos\mp_m_freemode_01-chain_1-20.webp
596DE7C60FC9C1F0E69C1AA38DADBF4559CD68CC63146C46692E13E847C64524	C:\admirales\script_ver\script_ver\quarantine\under-review\17mov_CharacterSystem\web\photos\mp_m_freemode_01-chain_1-21.webp
42D60774FCB1294D1E3029215677A2918F8F563ABAF003518CEA711001FC6061	C:\admirales\script_ver\script_ver\quarantine\under-review\17mov_CharacterSystem\web\photos\mp_m_freemode_01-chain_1-22.webp
5482C96D4CDB5535CB44229CCE0BE28C1A45E815819759B7A084851B9D69376F	C:\admirales\script_ver\script_ver\quarantine\under-review\17mov_CharacterSystem\web\photos\mp_m_freemode_01-chain_1-23.webp
C507150C419662162DE9D90ED37BE58943F4E2C85E8F184EC096633B0223705E	C:\admirales\script_ver\script_ver\quarantine\under-review\17mov_CharacterSystem\web\photos\mp_m_freemode_01-chain_1-24.webp
4D1EB27691C1A38CEAFF8C8414C8454D8D87E3F3F3BEA91AF47940CD8349CBA5	C:\admirales\script_ver\script_ver\quarantine\under-review\17mov_CharacterSystem\web\photos\mp_m_freemode_01-chain_1-25.webp
7BBB34F2DD1DABA05B94EA803D5352DD0F110128437EC7DAF4AAE3EF86619CBE	C:\admirales\script_ver\script_ver\quarantine\under-review\17mov_CharacterSystem\web\photos\mp_m_freemode_01-chain_1-26.webp
F635F92A5BC23B51033496F64AE6DEE94D78B74E3737350853E243A0929ABED4	C:\admirales\script_ver\script_ver\quarantine\under-review\17mov_CharacterSystem\web\photos\mp_m_freemode_01-chain_1-27.webp
E6886F47F691EB852B5553F7A19724B2A6422AA5921678A15EA456070B110AF3	C:\admirales\script_ver\script_ver\quarantine\under-review\17mov_CharacterSystem\web\photos\mp_m_freemode_01-chain_1-28.webp
324689F14C3150C6C14BAF20D120DBC64FA403B4FE42580496D8CD64D4174DA5	C:\admirales\script_ver\script_ver\quarantine\under-review\17mov_CharacterSystem\web\photos\mp_m_freemode_01-chain_1-29.webp
520D7FA3225AFB158FCD7AF4B09630F123F90271B1CBC3AAC793B39DB0AF8A53	C:\admirales\script_ver\script_ver\quarantine\under-review\17mov_CharacterSystem\web\photos\mp_m_freemode_01-chain_1-3.webp
40C6E67DDACDBE3C742AFC6AD9CFEDE9BD999295A07E6CE6A96DC9BADDA5827C	C:\admirales\script_ver\script_ver\quarantine\under-review\17mov_CharacterSystem\web\photos\mp_m_freemode_01-chain_1-30.webp
D81D9B78F8DE4D9479F44C507D6D3F80307E1429472A840E0D1DA87AAE5ACDA6	C:\admirales\script_ver\script_ver\quarantine\under-review\17mov_CharacterSystem\web\photos\mp_m_freemode_01-chain_1-31.webp
A74BA8A7580A25BE210A0A9D5DD4547C4152DC8EF5F5F849E0E8C53845E0A1FF	C:\admirales\script_ver\script_ver\quarantine\under-review\17mov_CharacterSystem\web\photos\mp_m_freemode_01-chain_1-32.webp
AF15D9E68E9632BCD71E2F317074211D93438A9ECD03CE9E2C1B865AA4048C7F	C:\admirales\script_ver\script_ver\quarantine\under-review\17mov_CharacterSystem\web\photos\mp_m_freemode_01-chain_1-33.webp
13D281BD455CA02AA81E39FA3B406A7D16FF828C26A136264C4959B810ACC8B3	C:\admirales\script_ver\script_ver\quarantine\under-review\17mov_CharacterSystem\web\photos\mp_m_freemode_01-chain_1-34.webp
F4EB207444AE156C4ACD83321E1585FB16D86D77C14F49C157ADC39F7A23A1B7	C:\admirales\script_ver\script_ver\quarantine\under-review\17mov_CharacterSystem\web\photos\mp_m_freemode_01-chain_1-35.webp
800004FFF943DBF40C75EAAF5BACBA2161D278E5C11070733B6465C3AA949A97	C:\admirales\script_ver\script_ver\quarantine\under-review\17mov_CharacterSystem\web\photos\mp_m_freemode_01-chain_1-36.webp
121470261D8790E196939A1975FA5E05D55075136DF43A91A911396FCD87D9BB	C:\admirales\script_ver\script_ver\quarantine\under-review\17mov_CharacterSystem\web\photos\mp_m_freemode_01-chain_1-37.webp
31C42C9C66216F45CF1BB8C3D0954A78B5BDB32448F42E8754EDF1878BF9ADD1	C:\admirales\script_ver\script_ver\quarantine\under-review\17mov_CharacterSystem\web\photos\mp_m_freemode_01-chain_1-38.webp
724A32E906E808F06CA093F070E80333403D040DA52FE5861899B45D14853EE0	C:\admirales\script_ver\script_ver\quarantine\under-review\17mov_CharacterSystem\web\photos\mp_m_freemode_01-chain_1-39.webp
935E82BAC184240F0F22B845AF584C9C7AA1AAAF5C8A2CE0CD8E10D5ABC28A74	C:\admirales\script_ver\script_ver\quarantine\under-review\17mov_CharacterSystem\web\photos\mp_m_freemode_01-chain_1-4.webp
A4642202643D955823864474A75EE8B135108BDADA6A3B7A247834627DCD6F59	C:\admirales\script_ver\script_ver\quarantine\under-review\17mov_CharacterSystem\web\photos\mp_m_freemode_01-chain_1-40.webp
935E82BAC184240F0F22B845AF584C9C7AA1AAAF5C8A2CE0CD8E10D5ABC28A74	C:\admirales\script_ver\script_ver\quarantine\under-review\17mov_CharacterSystem\web\photos\mp_m_freemode_01-chain_1-41.webp
D2DA0C9C946B7D1D93690C75CA734BDE99EEF1804B709B03DAA20838EBDAFA55	C:\admirales\script_ver\script_ver\quarantine\under-review\17mov_CharacterSystem\web\photos\mp_m_freemode_01-chain_1-42.webp
C058112472267E9DC8EA0F91076711F3366A6A6CA2B20AB5C277464C9FF5E8D3	C:\admirales\script_ver\script_ver\quarantine\under-review\17mov_CharacterSystem\web\photos\mp_m_freemode_01-chain_1-43.webp
566CD1B5EA8E6E00CB3A1A72DE504BD37FC773C01ED9D04F897CBD6A84BA4CCC	C:\admirales\script_ver\script_ver\quarantine\under-review\17mov_CharacterSystem\web\photos\mp_m_freemode_01-chain_1-44.webp
02147231DE898EBCDECA1D4231F161FF17B6ED072E13B37F05BE8F8BA68B049C	C:\admirales\script_ver\script_ver\quarantine\under-review\17mov_CharacterSystem\web\photos\mp_m_freemode_01-chain_1-45.webp
EB9A0B091F463F1B79B73FE1B8F8730E236FC8C56B10C2BD5415C021BEEACF11	C:\admirales\script_ver\script_ver\quarantine\under-review\17mov_CharacterSystem\web\photos\mp_m_freemode_01-chain_1-46.webp
FA71E87D2BE3B4D3C775D756B995A0435142F2BDAF5C185D5D2F2035140A48AB	C:\admirales\script_ver\script_ver\quarantine\under-review\17mov_CharacterSystem\web\photos\mp_m_freemode_01-chain_1-47.webp
02714FFF532782D09BDF2CBB99CC0377A126BAE731B9D16088CEAEFF7C2FED54	C:\admirales\script_ver\script_ver\quarantine\under-review\17mov_CharacterSystem\web\photos\mp_m_freemode_01-chain_1-48.webp
1E3B9E3286E442FA5F5D563710D853E6BB17EA1A363C582A204F557DC7029A4A	C:\admirales\script_ver\script_ver\quarantine\under-review\17mov_CharacterSystem\web\photos\mp_m_freemode_01-chain_1-49.webp
935E82BAC184240F0F22B845AF584C9C7AA1AAAF5C8A2CE0CD8E10D5ABC28A74	C:\admirales\script_ver\script_ver\quarantine\under-review\17mov_CharacterSystem\web\photos\mp_m_freemode_01-chain_1-5.webp
D0830F0E5D3D7BADFB098531152953524DD310DF396D4245E86C3113B4FDD1FC	C:\admirales\script_ver\script_ver\quarantine\under-review\17mov_CharacterSystem\web\photos\mp_m_freemode_01-chain_1-50.webp
07F3E1C72F403E7776A7D1AB28BAA215C68B1398D215774BD131A3C96AEDE369	C:\admirales\script_ver\script_ver\quarantine\under-review\17mov_CharacterSystem\web\photos\mp_m_freemode_01-chain_1-51.webp
A711E9C715C5022B0991B6F0180A9A5518FEA50D1E4566189B19CE07033BE90C	C:\admirales\script_ver\script_ver\quarantine\under-review\17mov_CharacterSystem\web\photos\mp_m_freemode_01-chain_1-52.webp
40E20A5560E15F49F5D1DF4949E407BC6F80626BAD8D3FFD86289C56FE5570FF	C:\admirales\script_ver\script_ver\quarantine\under-review\17mov_CharacterSystem\web\photos\mp_m_freemode_01-chain_1-53.webp
0139F6461C7985B7A2DB86685949D265E4101D8F0ACDDD120E844CB2670E504B	C:\admirales\script_ver\script_ver\quarantine\under-review\17mov_CharacterSystem\web\photos\mp_m_freemode_01-chain_1-54.webp
DF7525318ADD7D2258220F7887B3686F20B14F677CF049968DDB50A5EFA0BF63	C:\admirales\script_ver\script_ver\quarantine\under-review\17mov_CharacterSystem\web\photos\mp_m_freemode_01-chain_1-55.webp
EF27C51EB20B9599AF9AC390FE10487A5F40BDC03A909A4317E8F0DE107B4768	C:\admirales\script_ver\script_ver\quarantine\under-review\17mov_CharacterSystem\web\photos\mp_m_freemode_01-chain_1-56.webp
EF27C51EB20B9599AF9AC390FE10487A5F40BDC03A909A4317E8F0DE107B4768	C:\admirales\script_ver\script_ver\quarantine\under-review\17mov_CharacterSystem\web\photos\mp_m_freemode_01-chain_1-57.webp
EF27C51EB20B9599AF9AC390FE10487A5F40BDC03A909A4317E8F0DE107B4768	C:\admirales\script_ver\script_ver\quarantine\under-review\17mov_CharacterSystem\web\photos\mp_m_freemode_01-chain_1-58.webp
EF27C51EB20B9599AF9AC390FE10487A5F40BDC03A909A4317E8F0DE107B4768	C:\admirales\script_ver\script_ver\quarantine\under-review\17mov_CharacterSystem\web\photos\mp_m_freemode_01-chain_1-59.webp
935E82BAC184240F0F22B845AF584C9C7AA1AAAF5C8A2CE0CD8E10D5ABC28A74	C:\admirales\script_ver\script_ver\quarantine\under-review\17mov_CharacterSystem\web\photos\mp_m_freemode_01-chain_1-6.webp
EF27C51EB20B9599AF9AC390FE10487A5F40BDC03A909A4317E8F0DE107B4768	C:\admirales\script_ver\script_ver\quarantine\under-review\17mov_CharacterSystem\web\photos\mp_m_freemode_01-chain_1-60.webp
EF27C51EB20B9599AF9AC390FE10487A5F40BDC03A909A4317E8F0DE107B4768	C:\admirales\script_ver\script_ver\quarantine\under-review\17mov_CharacterSystem\web\photos\mp_m_freemode_01-chain_1-61.webp
EF27C51EB20B9599AF9AC390FE10487A5F40BDC03A909A4317E8F0DE107B4768	C:\admirales\script_ver\script_ver\quarantine\under-review\17mov_CharacterSystem\web\photos\mp_m_freemode_01-chain_1-62.webp
EF27C51EB20B9599AF9AC390FE10487A5F40BDC03A909A4317E8F0DE107B4768	C:\admirales\script_ver\script_ver\quarantine\under-review\17mov_CharacterSystem\web\photos\mp_m_freemode_01-chain_1-63.webp
EF27C51EB20B9599AF9AC390FE10487A5F40BDC03A909A4317E8F0DE107B4768	C:\admirales\script_ver\script_ver\quarantine\under-review\17mov_CharacterSystem\web\photos\mp_m_freemode_01-chain_1-64.webp
EF27C51EB20B9599AF9AC390FE10487A5F40BDC03A909A4317E8F0DE107B4768	C:\admirales\script_ver\script_ver\quarantine\under-review\17mov_CharacterSystem\web\photos\mp_m_freemode_01-chain_1-65.webp
EF27C51EB20B9599AF9AC390FE10487A5F40BDC03A909A4317E8F0DE107B4768	C:\admirales\script_ver\script_ver\quarantine\under-review\17mov_CharacterSystem\web\photos\mp_m_freemode_01-chain_1-66.webp
EF27C51EB20B9599AF9AC390FE10487A5F40BDC03A909A4317E8F0DE107B4768	C:\admirales\script_ver\script_ver\quarantine\under-review\17mov_CharacterSystem\web\photos\mp_m_freemode_01-chain_1-67.webp
EF27C51EB20B9599AF9AC390FE10487A5F40BDC03A909A4317E8F0DE107B4768	C:\admirales\script_ver\script_ver\quarantine\under-review\17mov_CharacterSystem\web\photos\mp_m_freemode_01-chain_1-68.webp
EF27C51EB20B9599AF9AC390FE10487A5F40BDC03A909A4317E8F0DE107B4768	C:\admirales\script_ver\script_ver\quarantine\under-review\17mov_CharacterSystem\web\photos\mp_m_freemode_01-chain_1-69.webp
33BC5DF9798C44A3E4F8C4EBA662C6CAB9F460EA814DA456237A7BD90A8B720E	C:\admirales\script_ver\script_ver\quarantine\under-review\17mov_CharacterSystem\web\photos\mp_m_freemode_01-chain_1-7.webp
EF27C51EB20B9599AF9AC390FE10487A5F40BDC03A909A4317E8F0DE107B4768	C:\admirales\script_ver\script_ver\quarantine\under-review\17mov_CharacterSystem\web\photos\mp_m_freemode_01-chain_1-70.webp
EF27C51EB20B9599AF9AC390FE10487A5F40BDC03A909A4317E8F0DE107B4768	C:\admirales\script_ver\script_ver\quarantine\under-review\17mov_CharacterSystem\web\photos\mp_m_freemode_01-chain_1-71.webp
EF27C51EB20B9599AF9AC390FE10487A5F40BDC03A909A4317E8F0DE107B4768	C:\admirales\script_ver\script_ver\quarantine\under-review\17mov_CharacterSystem\web\photos\mp_m_freemode_01-chain_1-72.webp
EF27C51EB20B9599AF9AC390FE10487A5F40BDC03A909A4317E8F0DE107B4768	C:\admirales\script_ver\script_ver\quarantine\under-review\17mov_CharacterSystem\web\photos\mp_m_freemode_01-chain_1-73.webp
CF3F7199EF1569BCDD4B309E47A3CAC07850E4405D01DB2F985AB3B51744D837	C:\admirales\script_ver\script_ver\quarantine\under-review\17mov_CharacterSystem\web\photos\mp_m_freemode_01-chain_1-74.webp
4A1B038F82A75ED63B9EA4B4D09DAC588A56DA143D8B4CEEDBF451FA738D6206	C:\admirales\script_ver\script_ver\quarantine\under-review\17mov_CharacterSystem\web\photos\mp_m_freemode_01-chain_1-75.webp
2E99E4F1BB01297C44AD60EC64F9CE8506E0E9E6263A36D4A99995D5D322CA13	C:\admirales\script_ver\script_ver\quarantine\under-review\17mov_CharacterSystem\web\photos\mp_m_freemode_01-chain_1-76.webp
929BB2EBBA61D9AB11AA6C82B5C794A9616634F7F5EC83D49EA7FD6E76F45697	C:\admirales\script_ver\script_ver\quarantine\under-review\17mov_CharacterSystem\web\photos\mp_m_freemode_01-chain_1-77.webp
8950041D35C1E99296FF599D30849FA37762EF49C569D3D505B47D456FE90CD9	C:\admirales\script_ver\script_ver\quarantine\under-review\17mov_CharacterSystem\web\photos\mp_m_freemode_01-chain_1-78.webp
607A7778CD6B2CA78F9CA848DCDF7A9194DBF9069CF9236C81905ED0BD8A5B31	C:\admirales\script_ver\script_ver\quarantine\under-review\17mov_CharacterSystem\web\photos\mp_m_freemode_01-chain_1-79.webp
935E82BAC184240F0F22B845AF584C9C7AA1AAAF5C8A2CE0CD8E10D5ABC28A74	C:\admirales\script_ver\script_ver\quarantine\under-review\17mov_CharacterSystem\web\photos\mp_m_freemode_01-chain_1-8.webp
3D8818BC2D3182065384508A312A9D777D165E20C00F480BA99795A5E96034B6	C:\admirales\script_ver\script_ver\quarantine\under-review\17mov_CharacterSystem\web\photos\mp_m_freemode_01-chain_1-80.webp
F1DB664C224AA722EEBD5398540AC09234A7A67AD1AE33489939472AC82EB979	C:\admirales\script_ver\script_ver\quarantine\under-review\17mov_CharacterSystem\web\photos\mp_m_freemode_01-chain_1-81.webp
0A92501207F6829500B0B6C73A5BEBE0C2B7D01F76B0B7D4326BA99EA85919A1	C:\admirales\script_ver\script_ver\quarantine\under-review\17mov_CharacterSystem\web\photos\mp_m_freemode_01-chain_1-82.webp
7A6F35184C6EC11C317B87148B18AAC98F3577C28BF886B0D548A2C96DFA5985	C:\admirales\script_ver\script_ver\quarantine\under-review\17mov_CharacterSystem\web\photos\mp_m_freemode_01-chain_1-83.webp
935E82BAC184240F0F22B845AF584C9C7AA1AAAF5C8A2CE0CD8E10D5ABC28A74	C:\admirales\script_ver\script_ver\quarantine\under-review\17mov_CharacterSystem\web\photos\mp_m_freemode_01-chain_1-84.webp
8A53DF663421DDBC450E113A3C66F250283339B17315DC29E17672E4CB518B54	C:\admirales\script_ver\script_ver\quarantine\under-review\17mov_CharacterSystem\web\photos\mp_m_freemode_01-chain_1-85.webp
29BB021F0A54EF815F438FA0D4C2560B57CEE637DBEE75ECC3F1AB8C6768AD3F	C:\admirales\script_ver\script_ver\quarantine\under-review\17mov_CharacterSystem\web\photos\mp_m_freemode_01-chain_1-86.webp
48BDE6D4F4D7B95DBCB691E46D14720AA5EE4EE450CC2702D49D21582064A905	C:\admirales\script_ver\script_ver\quarantine\under-review\17mov_CharacterSystem\web\photos\mp_m_freemode_01-chain_1-87.webp
A5BE75405564E665684FC2BE41E8ADAA1F26D3D2A9610AEFEC78BF01230BC0C6	C:\admirales\script_ver\script_ver\quarantine\under-review\17mov_CharacterSystem\web\photos\mp_m_freemode_01-chain_1-88.webp
CD83C30C89E9EB6450DE9E11634B43DFD84A6311AC6DAA853BDA1DB6C25F25F9	C:\admirales\script_ver\script_ver\quarantine\under-review\17mov_CharacterSystem\web\photos\mp_m_freemode_01-chain_1-89.webp
520D7FA3225AFB158FCD7AF4B09630F123F90271B1CBC3AAC793B39DB0AF8A53	C:\admirales\script_ver\script_ver\quarantine\under-review\17mov_CharacterSystem\web\photos\mp_m_freemode_01-chain_1-9.webp
6DA02EB74A775179A3D2DB197BFCB7700171F08C944959CE470C289935E4A247	C:\admirales\script_ver\script_ver\quarantine\under-review\17mov_CharacterSystem\web\photos\mp_m_freemode_01-chain_1-90.webp
14DF8587BFEF9D3566F2D0BA7E084F905EBD00C18C436911A8658478F5EC832B	C:\admirales\script_ver\script_ver\quarantine\under-review\17mov_CharacterSystem\web\photos\mp_m_freemode_01-chain_1-91.webp
6B219371B8983219F4BE1AE85D7EE6C5AC24B2CA8AE27010E036E50FFE225C10	C:\admirales\script_ver\script_ver\quarantine\under-review\17mov_CharacterSystem\web\photos\mp_m_freemode_01-chain_1-92.webp
ACEAAD454D6C0FDAA65AEAB9845925DF266611B943CAC64CF1AD7216FF22A8F3	C:\admirales\script_ver\script_ver\quarantine\under-review\17mov_CharacterSystem\web\photos\mp_m_freemode_01-chain_1-93.webp
2341E16433B0CB2ABC26E0C8F7FEA7655BBD056A8DB66ADC71FC7A94BCBB355B	C:\admirales\script_ver\script_ver\quarantine\under-review\17mov_CharacterSystem\web\photos\mp_m_freemode_01-chain_1-94.webp
9DD6AA88677356B61B1D9DD4D99CD75B0D79CA2446133629BC765238BBF540B8	C:\admirales\script_ver\script_ver\quarantine\under-review\17mov_CharacterSystem\web\photos\mp_m_freemode_01-chain_1-95.webp
70DF66EDF3FE1BF2BB1948520A735DE634BC629B02DBDD236C3212F46072DC79	C:\admirales\script_ver\script_ver\quarantine\under-review\17mov_CharacterSystem\web\photos\mp_m_freemode_01-chain_1-96.webp
74F94359D06321FE9D7B5231F5BA8FEBD21F3BD55FABF7F2860BE2E88475DD97	C:\admirales\script_ver\script_ver\quarantine\under-review\17mov_CharacterSystem\web\photos\mp_m_freemode_01-chain_1-97.webp
05B5F92BAD4536633FE0718AB86A52768B93E42BBF537FFA4BA8F97DA6AEDD05	C:\admirales\script_ver\script_ver\quarantine\under-review\17mov_CharacterSystem\web\photos\mp_m_freemode_01-chain_1-98.webp
9C345584D3807FC127FD22DA83015A83B2F6555B441D97E3C78A744D3EC2750A	C:\admirales\script_ver\script_ver\quarantine\under-review\17mov_CharacterSystem\web\photos\mp_m_freemode_01-chain_1-99.webp
32DEA2FE23ACBE1DB80A36D3F66C51AB6294CCD15F7925049DCE8AC71DF00949	C:\admirales\script_ver\script_ver\quarantine\under-review\17mov_CharacterSystem\web\photos\mp_m_freemode_01-dad-0.webp
E0164634653BE6470A734D025BCB4974E0C7FF9C926D83AE89D1A196E7D86B5E	C:\admirales\script_ver\script_ver\quarantine\under-review\17mov_CharacterSystem\web\photos\mp_m_freemode_01-dad-1.webp
B66A305784141D773E55670C49B14368C64F65FFA1F9267E170462F1A640043F	C:\admirales\script_ver\script_ver\quarantine\under-review\17mov_CharacterSystem\web\photos\mp_m_freemode_01-dad-10.webp
F01A131072CEC71DCDC58C203991A4C57C4A95C23F8FC303ABEB63F90DC535E9	C:\admirales\script_ver\script_ver\quarantine\under-review\17mov_CharacterSystem\web\photos\mp_m_freemode_01-dad-11.webp
B41A438511B42B2EBBFD6BD271500161034B25FCB617F463A7CA86D6554C4F1D	C:\admirales\script_ver\script_ver\quarantine\under-review\17mov_CharacterSystem\web\photos\mp_m_freemode_01-dad-12.webp
BC2162E7E1A8680B6E915DA959643C1AF2D8360E32EF9F70D1C870ECAB5E4476	C:\admirales\script_ver\script_ver\quarantine\under-review\17mov_CharacterSystem\web\photos\mp_m_freemode_01-dad-13.webp
AA49F01F888A3FC243101E29FBC4F97E39506A57FFC51448B5B56436B9F1FDD9	C:\admirales\script_ver\script_ver\quarantine\under-review\17mov_CharacterSystem\web\photos\mp_m_freemode_01-dad-14.webp
9B2A05FEBAB083B34EEB92DB4C07652A38BABF573122E2A4281C6553ED1B7B22	C:\admirales\script_ver\script_ver\quarantine\under-review\17mov_CharacterSystem\web\photos\mp_m_freemode_01-dad-15.webp
527A2C3F9F7AF634CEC636E0ED423C17FACF69A5207A6C7E15EDB7D376E2C4ED	C:\admirales\script_ver\script_ver\quarantine\under-review\17mov_CharacterSystem\web\photos\mp_m_freemode_01-dad-16.webp
2BA75FC7A9FEAD5AF0F43B058A85EDBEC51BB6A506029CD973CEFDDCB1CF9BC6	C:\admirales\script_ver\script_ver\quarantine\under-review\17mov_CharacterSystem\web\photos\mp_m_freemode_01-dad-17.webp
7C1928678D9E5B2CAE96AC63481CFD6DA929AC756099E7440B944489E6918D17	C:\admirales\script_ver\script_ver\quarantine\under-review\17mov_CharacterSystem\web\photos\mp_m_freemode_01-dad-18.webp
5BEA6128E925D2AD392402BBDE2D5F4E474AED86E055FABCFB3A2002A9302897	C:\admirales\script_ver\script_ver\quarantine\under-review\17mov_CharacterSystem\web\photos\mp_m_freemode_01-dad-19.webp
E12727453640FA03246C1DBAFC74D12AE02AC274FC24B1665C55978D0F26A12E	C:\admirales\script_ver\script_ver\quarantine\under-review\17mov_CharacterSystem\web\photos\mp_m_freemode_01-dad-2.webp
C9C7B5F0527882F308DDABA5BBABF961AA00B688C87738C736A961E1FAB2680A	C:\admirales\script_ver\script_ver\quarantine\under-review\17mov_CharacterSystem\web\photos\mp_m_freemode_01-dad-20.webp
BD835C5E07D75B7FC654D8925DC3C95617CD064223C7B1D0BDA131188EBB2843	C:\admirales\script_ver\script_ver\quarantine\under-review\17mov_CharacterSystem\web\photos\mp_m_freemode_01-dad-21.webp
912DA76BC614137019261085E2C65FD9090AA28A329D1B4B412E9F30A34DC7F6	C:\admirales\script_ver\script_ver\quarantine\under-review\17mov_CharacterSystem\web\photos\mp_m_freemode_01-dad-22.webp
A69CE5A60AFDA6E6C4B74739D8EB9A4A6715A8D14724CEFE2654D7678880013C	C:\admirales\script_ver\script_ver\quarantine\under-review\17mov_CharacterSystem\web\photos\mp_m_freemode_01-dad-23.webp
7A3F3E740AA47F1AD6016683ACB2D24F64A616C6335F5C3A92F9DF2F5875EB95	C:\admirales\script_ver\script_ver\quarantine\under-review\17mov_CharacterSystem\web\photos\mp_m_freemode_01-dad-24.webp
5AC11C5680C56555063B7E47C5374B78412B812945A6F609EE9CFA3FC2DE16B8	C:\admirales\script_ver\script_ver\quarantine\under-review\17mov_CharacterSystem\web\photos\mp_m_freemode_01-dad-25.webp
2E193F2D131797D9F6A65D79A49D8187C5812951D5D0076FE19E8DF8995E0FD7	C:\admirales\script_ver\script_ver\quarantine\under-review\17mov_CharacterSystem\web\photos\mp_m_freemode_01-dad-26.webp
EE7EF8CB6BD05F57BA8C3785B1A579294846A1036C8027B144260C6305EB8D3B	C:\admirales\script_ver\script_ver\quarantine\under-review\17mov_CharacterSystem\web\photos\mp_m_freemode_01-dad-27.webp
8E24DA05CC5BE250570C01CD621A192552847AF421EEE7EA536CC49AF42B62E8	C:\admirales\script_ver\script_ver\quarantine\under-review\17mov_CharacterSystem\web\photos\mp_m_freemode_01-dad-28.webp
4A8764E97588B36696260BAC1AC168E668375C315960E66784F28E869FDE61BC	C:\admirales\script_ver\script_ver\quarantine\under-review\17mov_CharacterSystem\web\photos\mp_m_freemode_01-dad-29.webp
17700F564FC69D8A35D779F9E3C3AE5749176968229C20694362036475B8FDB7	C:\admirales\script_ver\script_ver\quarantine\under-review\17mov_CharacterSystem\web\photos\mp_m_freemode_01-dad-3.webp
FF4F1FDD6851C4C2B8BC616CC8B06BD0B4E5D9AE19E6C802E8BCC249B6DE0583	C:\admirales\script_ver\script_ver\quarantine\under-review\17mov_CharacterSystem\web\photos\mp_m_freemode_01-dad-30.webp
B03EBACD01F30E928AB863F86C0EE18FF2BD5418AA1B7E852D84DD00B0D6B5BF	C:\admirales\script_ver\script_ver\quarantine\under-review\17mov_CharacterSystem\web\photos\mp_m_freemode_01-dad-31.webp
73F54E4A419B0CE9C41B3A0A6E4484C382B6E3DED3D89B4AB8941C058C2BAD37	C:\admirales\script_ver\script_ver\quarantine\under-review\17mov_CharacterSystem\web\photos\mp_m_freemode_01-dad-32.webp
D23852987FCD92487ED8F3636AFF22F3AEB7A4254951C1F5B272C1BEA40D195A	C:\admirales\script_ver\script_ver\quarantine\under-review\17mov_CharacterSystem\web\photos\mp_m_freemode_01-dad-33.webp
9B0A927C0E218F134BBA1BD5377194171E34AB093D4499DF77328B9292662AE2	C:\admirales\script_ver\script_ver\quarantine\under-review\17mov_CharacterSystem\web\photos\mp_m_freemode_01-dad-34.webp
E97407B7C6C8221F5450B4D8F981AC0E3A8B938CC90250572BF55A4AB00B72A7	C:\admirales\script_ver\script_ver\quarantine\under-review\17mov_CharacterSystem\web\photos\mp_m_freemode_01-dad-35.webp
64F3DC3114057DC98F15A85D9157BDC108F0D19CC05F1BB15F0B019C0549EA27	C:\admirales\script_ver\script_ver\quarantine\under-review\17mov_CharacterSystem\web\photos\mp_m_freemode_01-dad-36.webp
E31BFF648BFF23C6EEF248D5447A9A9AF67451E011AEBA4CA9E33FB306FB2A36	C:\admirales\script_ver\script_ver\quarantine\under-review\17mov_CharacterSystem\web\photos\mp_m_freemode_01-dad-37.webp
9829EBD99CB628A51DB217371F392A1F9053416AE6107FFE83F214C9620C445A	C:\admirales\script_ver\script_ver\quarantine\under-review\17mov_CharacterSystem\web\photos\mp_m_freemode_01-dad-38.webp
2B8B4DBA388EEC6C9593BDB248E282CBCD462DD2E36DACF308F53EB4A4D40DB7	C:\admirales\script_ver\script_ver\quarantine\under-review\17mov_CharacterSystem\web\photos\mp_m_freemode_01-dad-39.webp
1152DF9F50148811395C9D64458F57E2A4A5F80775E72C98855C5BFB0D0D3E9C	C:\admirales\script_ver\script_ver\quarantine\under-review\17mov_CharacterSystem\web\photos\mp_m_freemode_01-dad-4.webp
011B9C1B5E3CDA2ED1B1C6C1B439CF4E20144B43BAE95D4BA5E7CCF0E4928907	C:\admirales\script_ver\script_ver\quarantine\under-review\17mov_CharacterSystem\web\photos\mp_m_freemode_01-dad-40.webp
42F05FEFDA04E92EE2B57C8A9F8C2FBAB14300E537CE18061FD47515D3E4B659	C:\admirales\script_ver\script_ver\quarantine\under-review\17mov_CharacterSystem\web\photos\mp_m_freemode_01-dad-41.webp
53888B423548E5D2D4902CEAF76AB73C6056A19DDB3642686BA9129A7AFED34E	C:\admirales\script_ver\script_ver\quarantine\under-review\17mov_CharacterSystem\web\photos\mp_m_freemode_01-dad-42.webp
3305E3F9CB285402D6912966A8D57A201ECC666F700786A3CA125675603EDC7B	C:\admirales\script_ver\script_ver\quarantine\under-review\17mov_CharacterSystem\web\photos\mp_m_freemode_01-dad-43.webp
33C7F5CF0A215B688D7DF2589CC1E1CCB5F635B1396B678ADACF1330A722ADFE	C:\admirales\script_ver\script_ver\quarantine\under-review\17mov_CharacterSystem\web\photos\mp_m_freemode_01-dad-44.webp
64A572F8EC019C122AEBA7DC6B7AD3FAEB3671E8E61BB3E2E040F30C31BDF833	C:\admirales\script_ver\script_ver\quarantine\under-review\17mov_CharacterSystem\web\photos\mp_m_freemode_01-dad-45.webp
018E42F40982EC935D4D7CD8BA599E368566DE56D836CDD083CCE0589534EC9F	C:\admirales\script_ver\script_ver\quarantine\under-review\17mov_CharacterSystem\web\photos\mp_m_freemode_01-dad-46.webp
816AD1819D302C762AA0A518A642337C801E06DA18E6884A49F047EB1273B624	C:\admirales\script_ver\script_ver\quarantine\under-review\17mov_CharacterSystem\web\photos\mp_m_freemode_01-dad-47.webp
962E145CCF822CD2E07566C07B9C6A2CE44E7119F0B91B9E495C261D77EAC930	C:\admirales\script_ver\script_ver\quarantine\under-review\17mov_CharacterSystem\web\photos\mp_m_freemode_01-dad-5.webp
2C2EC2B0FBE63F2788E16342C5B7CA3BA09A0B32958FAC424983F21A9E5D5F21	C:\admirales\script_ver\script_ver\quarantine\under-review\17mov_CharacterSystem\web\photos\mp_m_freemode_01-dad-6.webp
3EE578BC97254714BA53BBE59733E533E910C21F85E44668BE82D296B518A5FD	C:\admirales\script_ver\script_ver\quarantine\under-review\17mov_CharacterSystem\web\photos\mp_m_freemode_01-dad-7.webp
CE66AF870E206F8AA992DFD0C3131B1714442675E5E77B3907D3F21BF3473195	C:\admirales\script_ver\script_ver\quarantine\under-review\17mov_CharacterSystem\web\photos\mp_m_freemode_01-dad-8.webp
070C5FDFDCDB5DC2E5DC3E522E6BA8A9106EDF126B5C3BB29A79FA4F4B9235F6	C:\admirales\script_ver\script_ver\quarantine\under-review\17mov_CharacterSystem\web\photos\mp_m_freemode_01-dad-9.webp
544209C07F7B65DABC38E215B7FA39A99907A05137939BFE3EEEAF0C287DC90B	C:\admirales\script_ver\script_ver\quarantine\under-review\17mov_CharacterSystem\web\photos\mp_m_freemode_01-ear_1-0.webp
A6051DD4AB3F8609F47FFC28C3E0FA412BF6FE6C017D43C6650731FD32A71467	C:\admirales\script_ver\script_ver\quarantine\under-review\17mov_CharacterSystem\web\photos\mp_m_freemode_01-ear_1-1.webp
8F71193D125784BEFB5D0553C1462CDB2C92550EF4824CD224D8331ABDE760FD	C:\admirales\script_ver\script_ver\quarantine\under-review\17mov_CharacterSystem\web\photos\mp_m_freemode_01-ear_1-10.webp
934C942C569EF81C497B565E2755B79953FD16E7EBAAEAE8581681616762C21C	C:\admirales\script_ver\script_ver\quarantine\under-review\17mov_CharacterSystem\web\photos\mp_m_freemode_01-ear_1-11.webp
8507CCE96D844422A96020BC24E74C5F68F105D96369F0DFCD9226FB31F0AF3C	C:\admirales\script_ver\script_ver\quarantine\under-review\17mov_CharacterSystem\web\photos\mp_m_freemode_01-ear_1-12.webp
68B25200CD52C5B7DF2D36F3B33DA47A9F24D3FA6C22691B6D5A3F70C147EEC5	C:\admirales\script_ver\script_ver\quarantine\under-review\17mov_CharacterSystem\web\photos\mp_m_freemode_01-ear_1-13.webp
F5D060AFA644A2B9A92B690D7D165B718AAD7FD13CA77CF6A66BBC9899D87313	C:\admirales\script_ver\script_ver\quarantine\under-review\17mov_CharacterSystem\web\photos\mp_m_freemode_01-ear_1-14.webp
0E8C24EC30F7F8C7DAB4C9DC03DFB66FD5294EF6CC62028422BD093EA685E9FD	C:\admirales\script_ver\script_ver\quarantine\under-review\17mov_CharacterSystem\web\photos\mp_m_freemode_01-ear_1-15.webp
C148094F010E757860BBA859B467454EB1E53B298E367828582BA582E1625348	C:\admirales\script_ver\script_ver\quarantine\under-review\17mov_CharacterSystem\web\photos\mp_m_freemode_01-ear_1-16.webp
6DF8CD2622B5E78C0C2E63C3BDC80D98CC78CEDBD6CA9C1D1527B8607D11E938	C:\admirales\script_ver\script_ver\quarantine\under-review\17mov_CharacterSystem\web\photos\mp_m_freemode_01-ear_1-17.webp
8396D0D5E2FF610C23390B2F4B46317AD5C03803B6788561BBD3CD4EA37E3718	C:\admirales\script_ver\script_ver\quarantine\under-review\17mov_CharacterSystem\web\photos\mp_m_freemode_01-ear_1-18.webp
96A5F0846D6BC5FAA3B0BDF7CBFE370147A3D41D7FC1747B35ADE8D2265E4C04	C:\admirales\script_ver\script_ver\quarantine\under-review\17mov_CharacterSystem\web\photos\mp_m_freemode_01-ear_1-19.webp
7C48C4D46FE0055AF6F67D6D3023AFA1AB98A96E99988DCB00EBA0D47D5A8A0A	C:\admirales\script_ver\script_ver\quarantine\under-review\17mov_CharacterSystem\web\photos\mp_m_freemode_01-ear_1-2.webp
631DE35135F42C6BB4DB1AD9D541CAFD85ACD238C41807ADBA335A66A3D5A283	C:\admirales\script_ver\script_ver\quarantine\under-review\17mov_CharacterSystem\web\photos\mp_m_freemode_01-ear_1-20.webp
A6517F67FD1D1FBF9DA2167904DA0E5F1D869B47651664107F639BB68CB06491	C:\admirales\script_ver\script_ver\quarantine\under-review\17mov_CharacterSystem\web\photos\mp_m_freemode_01-ear_1-21.webp
1DC9B6BF57392411911CFCEF94BAF5D5CA49C72516BC249667A56503DD2E4594	C:\admirales\script_ver\script_ver\quarantine\under-review\17mov_CharacterSystem\web\photos\mp_m_freemode_01-ear_1-22.webp
748CCE896559606930E7D8C1B499D3F7B531D2422DB038FCC9F28F2EF5663C38	C:\admirales\script_ver\script_ver\quarantine\under-review\17mov_CharacterSystem\web\photos\mp_m_freemode_01-ear_1-23.webp
69CBAE6C8841F9946BA2044CE5C4D84284ADB3FCEF35C13B37B8C8F190B48D94	C:\admirales\script_ver\script_ver\quarantine\under-review\17mov_CharacterSystem\web\photos\mp_m_freemode_01-ear_1-24.webp
4DA54B875BB019281648476C61580D7EE856679609CD27E85DAFA6325925B81B	C:\admirales\script_ver\script_ver\quarantine\under-review\17mov_CharacterSystem\web\photos\mp_m_freemode_01-ear_1-25.webp
8CE72298DA33D79B0EB54E2A939A836EECEBA6EA7C306E230056C2D931E01D55	C:\admirales\script_ver\script_ver\quarantine\under-review\17mov_CharacterSystem\web\photos\mp_m_freemode_01-ear_1-26.webp
83924FD7791C9FF6BDB1578AEF93228F8321EBEF4A3A8CE8488F3AF0B8C8F427	C:\admirales\script_ver\script_ver\quarantine\under-review\17mov_CharacterSystem\web\photos\mp_m_freemode_01-ear_1-27.webp
7AD9D07E5DF4825A0EB494FA7B58691837B3F32DC313C6E475C035FA8B5A69E2	C:\admirales\script_ver\script_ver\quarantine\under-review\17mov_CharacterSystem\web\photos\mp_m_freemode_01-ear_1-28.webp
2FA67799C41606213DC8169AEDEF508D043691C4157455CA8923516F5F07120D	C:\admirales\script_ver\script_ver\quarantine\under-review\17mov_CharacterSystem\web\photos\mp_m_freemode_01-ear_1-29.webp
410E633FCC229CFC8EF0D5952BBE1F4F1F63FEFB0F534A5FF4635E958B9EEBC0	C:\admirales\script_ver\script_ver\quarantine\under-review\17mov_CharacterSystem\web\photos\mp_m_freemode_01-ear_1-3.webp
451386DEF48E92B11E104C8E0DE9F5A3869376BCA2009726F26BA2AD173BEA71	C:\admirales\script_ver\script_ver\quarantine\under-review\17mov_CharacterSystem\web\photos\mp_m_freemode_01-ear_1-30.webp
132A50C6B98D2058EB74F30E172CBE182F89087BAE5FBE2B848240F02EEDE55E	C:\admirales\script_ver\script_ver\quarantine\under-review\17mov_CharacterSystem\web\photos\mp_m_freemode_01-ear_1-31.webp
D582C10DDAC76D74C462D896A3B2919ED93A969496DC28D0216227A77AA95F23	C:\admirales\script_ver\script_ver\quarantine\under-review\17mov_CharacterSystem\web\photos\mp_m_freemode_01-ear_1-32.webp
653F8BA2620AFEB32E22C8882562FB16B76D48B90AEE94FA7EC8F0A5EEE2FB94	C:\admirales\script_ver\script_ver\quarantine\under-review\17mov_CharacterSystem\web\photos\mp_m_freemode_01-ear_1-33.webp
7B318BF2BEACF1245A049DF204894B9833124A0BFAE6061D771FBB2BF4976CE8	C:\admirales\script_ver\script_ver\quarantine\under-review\17mov_CharacterSystem\web\photos\mp_m_freemode_01-ear_1-34.webp
ABC3D8047286561DDCC5F2D5A77C352A4996E7717ED4479464BE0BDA6330A4F1	C:\admirales\script_ver\script_ver\quarantine\under-review\17mov_CharacterSystem\web\photos\mp_m_freemode_01-ear_1-35.webp
326528A9511C48C4540C90D2291EB871040649516D959EFE4DDDA79F4E1BC424	C:\admirales\script_ver\script_ver\quarantine\under-review\17mov_CharacterSystem\web\photos\mp_m_freemode_01-ear_1-36.webp
3A5A0A5CCBE1066AFE52C10C6C1E7A5F48AC892DF819EB82604DA355BFB4E5F6	C:\admirales\script_ver\script_ver\quarantine\under-review\17mov_CharacterSystem\web\photos\mp_m_freemode_01-ear_1-37.webp
28FB789F211CB96A1B7B20758E723CEADF4D711774E18E3924764949585A720B	C:\admirales\script_ver\script_ver\quarantine\under-review\17mov_CharacterSystem\web\photos\mp_m_freemode_01-ear_1-38.webp
A627762696C27AFB531D8420F659E28748217AB890F0791F76B86B7D7B10AA1E	C:\admirales\script_ver\script_ver\quarantine\under-review\17mov_CharacterSystem\web\photos\mp_m_freemode_01-ear_1-39.webp
99D0EEFE72E3973B8DA5D899059E6B643385AD375DD2D4BBF864B6E81F4C2431	C:\admirales\script_ver\script_ver\quarantine\under-review\17mov_CharacterSystem\web\photos\mp_m_freemode_01-ear_1-4.webp
FB5C35407DAB9E0E2CCAE42984E5C14912B2B7D2E31ECD0407ECCB1672256113	C:\admirales\script_ver\script_ver\quarantine\under-review\17mov_CharacterSystem\web\photos\mp_m_freemode_01-ear_1-40.webp
17A3E8E3915662C0B91E9B39DF90C49103617725844FD49D176DC257DF86C09A	C:\admirales\script_ver\script_ver\quarantine\under-review\17mov_CharacterSystem\web\photos\mp_m_freemode_01-ear_1-41.webp
FE30482658C25A3BC6DD906449F11E44FCB4D239969574B685998B5D4F9D1EE9	C:\admirales\script_ver\script_ver\quarantine\under-review\17mov_CharacterSystem\web\photos\mp_m_freemode_01-ear_1-42.webp
4FEA68989D79F630D61ADABC8BB532867501186FF24D3665081FB5E465FC8262	C:\admirales\script_ver\script_ver\quarantine\under-review\17mov_CharacterSystem\web\photos\mp_m_freemode_01-ear_1-5.webp
95E66DA5C2B1F64F6AB10CD87A0486E843A1F8EFC462A913E06F873A91D22CE7	C:\admirales\script_ver\script_ver\quarantine\under-review\17mov_CharacterSystem\web\photos\mp_m_freemode_01-ear_1-6.webp
AA06E7F3E61234735A12089F7134A105C4D958555EFC3EE01FF27E900C396B9D	C:\admirales\script_ver\script_ver\quarantine\under-review\17mov_CharacterSystem\web\photos\mp_m_freemode_01-ear_1-7.webp
B30A28818B9F3633107073C8990D2319E796AEB73704F11BD433B7F428D2BAF1	C:\admirales\script_ver\script_ver\quarantine\under-review\17mov_CharacterSystem\web\photos\mp_m_freemode_01-ear_1-8.webp
0FFD24EF2A03EA18411E89B34697027BDCE0B086059466850D2E73BA808F163A	C:\admirales\script_ver\script_ver\quarantine\under-review\17mov_CharacterSystem\web\photos\mp_m_freemode_01-ear_1-9.webp
F80AF0D27980CD0D7A3AEFCA9BACD511106D0508238CB232439EB7B00854737B	C:\admirales\script_ver\script_ver\quarantine\under-review\17mov_CharacterSystem\web\photos\mp_m_freemode_01-glasses_1-0.webp
5C6A811249F1FD9454E01669F185B781D352E27C41D11BA810DBAE188A8E30FE	C:\admirales\script_ver\script_ver\quarantine\under-review\17mov_CharacterSystem\web\photos\mp_m_freemode_01-glasses_1-1.webp
7B5BFA6FD110D698B73C008785073ED224487AD5F1753B2133F5A2E31DE13010	C:\admirales\script_ver\script_ver\quarantine\under-review\17mov_CharacterSystem\web\photos\mp_m_freemode_01-glasses_1-10.webp
4E8D25139D58349A9EDCCE5F162387BA3EB793106638926E16EFA2F181A30815	C:\admirales\script_ver\script_ver\quarantine\under-review\17mov_CharacterSystem\web\photos\mp_m_freemode_01-glasses_1-11.webp
BE7B5DDBD09908F641D61BB718CBF311C68FD6EBCD561CB72FF25BE318E3F36E	C:\admirales\script_ver\script_ver\quarantine\under-review\17mov_CharacterSystem\web\photos\mp_m_freemode_01-glasses_1-12.webp
D1C6AB4DCFF510CAB263B90F8FFF5A8FF58720C4430D3492F894ECD0BAD04184	C:\admirales\script_ver\script_ver\quarantine\under-review\17mov_CharacterSystem\web\photos\mp_m_freemode_01-glasses_1-13.webp
7861B016A50F65C0F58B7DC3D03C6FB742E6EE23D1E2FDBDB768ABF4D5273C51	C:\admirales\script_ver\script_ver\quarantine\under-review\17mov_CharacterSystem\web\photos\mp_m_freemode_01-glasses_1-14.webp
03E55595C4C43AA79A5DC6145B0FE826B416CB7EAEF3C4F9DBA6A78B4AF19191	C:\admirales\script_ver\script_ver\quarantine\under-review\17mov_CharacterSystem\web\photos\mp_m_freemode_01-glasses_1-15.webp
3112FF512DAE8982556C8D79A510CBC90495B7F1DD48B84CF6370A9167C45AB6	C:\admirales\script_ver\script_ver\quarantine\under-review\17mov_CharacterSystem\web\photos\mp_m_freemode_01-glasses_1-16.webp
355579BAB055BF76EC2E22780C1C02ADE09AB9E95B94D643E253F72EDC42C93E	C:\admirales\script_ver\script_ver\quarantine\under-review\17mov_CharacterSystem\web\photos\mp_m_freemode_01-glasses_1-17.webp
CD0ADF5F96E9D8A65F2B120AA9F6DA3CD8A9618B9DBCA7AE6F23161C046133ED	C:\admirales\script_ver\script_ver\quarantine\under-review\17mov_CharacterSystem\web\photos\mp_m_freemode_01-glasses_1-18.webp
5E0736FAAB4D1893F9ADE8E95A2B6EA16ECFB4EF4F9FFA484A56A15454719A93	C:\admirales\script_ver\script_ver\quarantine\under-review\17mov_CharacterSystem\web\photos\mp_m_freemode_01-glasses_1-19.webp
922A006122A0F4397360B9A20056B3A4877A7D7F0F4FE09098A4D2E4C0818F4E	C:\admirales\script_ver\script_ver\quarantine\under-review\17mov_CharacterSystem\web\photos\mp_m_freemode_01-glasses_1-2.webp
18A08AFE0FEC9D40520D952D08113A75E709759F3AC997EACDBE3AC61F2F6ABB	C:\admirales\script_ver\script_ver\quarantine\under-review\17mov_CharacterSystem\web\photos\mp_m_freemode_01-glasses_1-20.webp
8A734C582B57707B7FD03939EE613CBFA8046AC077A9D94AA72CF72D5A773B70	C:\admirales\script_ver\script_ver\quarantine\under-review\17mov_CharacterSystem\web\photos\mp_m_freemode_01-glasses_1-21.webp
6076C72DD4C4F0CB4BFF02D2C60545713197551C09895540B8C43CC6E53CE852	C:\admirales\script_ver\script_ver\quarantine\under-review\17mov_CharacterSystem\web\photos\mp_m_freemode_01-glasses_1-22.webp
661EC1CFA9FD107B67512E1309024A4AF1F8B5D1A2A11117FD919DD8F266965E	C:\admirales\script_ver\script_ver\quarantine\under-review\17mov_CharacterSystem\web\photos\mp_m_freemode_01-glasses_1-23.webp
9774C56A27EF14550DD68492C8BA1C39A6BBF497D0CD5E342C1EB434D176AC6F	C:\admirales\script_ver\script_ver\quarantine\under-review\17mov_CharacterSystem\web\photos\mp_m_freemode_01-glasses_1-24.webp
3A3DDBE6ABCF2005AAE5243B00D349942006E1C5BA5D8FC47B07AAF9B829760E	C:\admirales\script_ver\script_ver\quarantine\under-review\17mov_CharacterSystem\web\photos\mp_m_freemode_01-glasses_1-25.webp
A71C6A2DC8E3F7F3AB61384E6CFD5927375478D92DBA5EEFF408578FAE57DF14	C:\admirales\script_ver\script_ver\quarantine\under-review\17mov_CharacterSystem\web\photos\mp_m_freemode_01-glasses_1-26.webp
BC097E2E3A99773ED3A325FC2CCDBBDE1E5C9C9E924AFA499E614E20670EA441	C:\admirales\script_ver\script_ver\quarantine\under-review\17mov_CharacterSystem\web\photos\mp_m_freemode_01-glasses_1-27.webp
125515778DB668C9ABEE22F4A1174AAC2FA449ECEDD3C894E18D98D7D87693D6	C:\admirales\script_ver\script_ver\quarantine\under-review\17mov_CharacterSystem\web\photos\mp_m_freemode_01-glasses_1-28.webp
64DDCBFB926C92D0CA5D5F710DD94D8A344301F4E227465F5D3CAADDA971B8F9	C:\admirales\script_ver\script_ver\quarantine\under-review\17mov_CharacterSystem\web\photos\mp_m_freemode_01-glasses_1-29.webp
F522AF8709D9544C077BFFB24ED267C836121746903907824E0E319C051CEFE1	C:\admirales\script_ver\script_ver\quarantine\under-review\17mov_CharacterSystem\web\photos\mp_m_freemode_01-glasses_1-3.webp
CC421ED1C4D9E14EE24B50DD03C02DC0AAECF7BD4EEFDCFEDD17D958F247D943	C:\admirales\script_ver\script_ver\quarantine\under-review\17mov_CharacterSystem\web\photos\mp_m_freemode_01-glasses_1-30.webp
1C379AA2AA0943FBC9A4FC74C456B2CF89902CB1A9DAECF85184C9E866AAD6DF	C:\admirales\script_ver\script_ver\quarantine\under-review\17mov_CharacterSystem\web\photos\mp_m_freemode_01-glasses_1-31.webp
B9C39D11D7E9C699883188A38474AF1D6E00885664F2A2DF4AA9054593ECF197	C:\admirales\script_ver\script_ver\quarantine\under-review\17mov_CharacterSystem\web\photos\mp_m_freemode_01-glasses_1-32.webp
E4FF35F5E3A70FB560FDD7D10F3C3D0E4B4EA10F473DE4372262AA6407D4DFE1	C:\admirales\script_ver\script_ver\quarantine\under-review\17mov_CharacterSystem\web\photos\mp_m_freemode_01-glasses_1-33.webp
6D6381BE05EB3F7BEACFBF8EF0373D14E62A89E7504C05BB61C678F2F2BB1297	C:\admirales\script_ver\script_ver\quarantine\under-review\17mov_CharacterSystem\web\photos\mp_m_freemode_01-glasses_1-34.webp
49023D63856B263209FF75B678C9E511504E769C3BB6AB9414E32110D357C534	C:\admirales\script_ver\script_ver\quarantine\under-review\17mov_CharacterSystem\web\photos\mp_m_freemode_01-glasses_1-35.webp
D31CE8175F8D7D2A04DDE36CDF6B846BBDD24029728B300CA374430E9B07968A	C:\admirales\script_ver\script_ver\quarantine\under-review\17mov_CharacterSystem\web\photos\mp_m_freemode_01-glasses_1-36.webp
1EFB807F5412CFF3D205671F0C2947CE398E91A11750425762946F364A3EDA51	C:\admirales\script_ver\script_ver\quarantine\under-review\17mov_CharacterSystem\web\photos\mp_m_freemode_01-glasses_1-37.webp
68392A4351683C5ED6E27CCC2FC5693729EFA060B8C213C128C3A692513E6C42	C:\admirales\script_ver\script_ver\quarantine\under-review\17mov_CharacterSystem\web\photos\mp_m_freemode_01-glasses_1-38.webp
1D08DDB9E065DF3DC614A4095F8FD073AFC8AA07C0D30A1310E5726B0D303CE6	C:\admirales\script_ver\script_ver\quarantine\under-review\17mov_CharacterSystem\web\photos\mp_m_freemode_01-glasses_1-39.webp
10AA58EA339A9DD8EE68307A9CFF530C1BFFA408B59A67D54CF6E2CC1BAEB7B1	C:\admirales\script_ver\script_ver\quarantine\under-review\17mov_CharacterSystem\web\photos\mp_m_freemode_01-glasses_1-4.webp
CB4CDBEE6CB7F49F0B0C1B71A430CE5A673FE4702A6AC71900EFC61BC156E19D	C:\admirales\script_ver\script_ver\quarantine\under-review\17mov_CharacterSystem\web\photos\mp_m_freemode_01-glasses_1-40.webp
B9E93C147F04A33DB93F8A833C83C04D6B3E89320B1781A693D6D8A259C83D4E	C:\admirales\script_ver\script_ver\quarantine\under-review\17mov_CharacterSystem\web\photos\mp_m_freemode_01-glasses_1-41.webp
96109F1AA15022E8D9E802E121BE663E176A4E459A0639C826EC6390361D260E	C:\admirales\script_ver\script_ver\quarantine\under-review\17mov_CharacterSystem\web\photos\mp_m_freemode_01-glasses_1-42.webp
D35821E97F01A335BD826BB9D9FD3EA65800A4259A8B63DB7D4A90BAB167E57A	C:\admirales\script_ver\script_ver\quarantine\under-review\17mov_CharacterSystem\web\photos\mp_m_freemode_01-glasses_1-43.webp
035A2B910C53EA0299C848B58BD88E396DC158B85871BF2B7268C6DDBD888A9B	C:\admirales\script_ver\script_ver\quarantine\under-review\17mov_CharacterSystem\web\photos\mp_m_freemode_01-glasses_1-44.webp
FC659C4E9A2D8BB3C6DFD2ED32C28AE72B5E7178F62F00123F1D8D53C3D2A46B	C:\admirales\script_ver\script_ver\quarantine\under-review\17mov_CharacterSystem\web\photos\mp_m_freemode_01-glasses_1-45.webp
A8684CE4A5FFD64C8F3E879FC437F131CCE13DD88EB4AD34610A7362DED2EE61	C:\admirales\script_ver\script_ver\quarantine\under-review\17mov_CharacterSystem\web\photos\mp_m_freemode_01-glasses_1-46.webp
DA4069031AFA68E3E09FFC7F2BFE3D1E5F1D1C7CFFEE46A71A98E78B8D5FE5E3	C:\admirales\script_ver\script_ver\quarantine\under-review\17mov_CharacterSystem\web\photos\mp_m_freemode_01-glasses_1-47.webp
2F71339921B6D911595AB63173283E88761F1AC81A8C55F9E976B623BE591A9C	C:\admirales\script_ver\script_ver\quarantine\under-review\17mov_CharacterSystem\web\photos\mp_m_freemode_01-glasses_1-48.webp
B690D3770C25A1B6CEBF427AB9C8A6F98032E579661049FA351BF2106ACDD126	C:\admirales\script_ver\script_ver\quarantine\under-review\17mov_CharacterSystem\web\photos\mp_m_freemode_01-glasses_1-49.webp
5F7C1549A474CAFB14047ECB7D825507EADD396182BF90D0F382F0797EA597C2	C:\admirales\script_ver\script_ver\quarantine\under-review\17mov_CharacterSystem\web\photos\mp_m_freemode_01-glasses_1-5.webp
F80AF0D27980CD0D7A3AEFCA9BACD511106D0508238CB232439EB7B00854737B	C:\admirales\script_ver\script_ver\quarantine\under-review\17mov_CharacterSystem\web\photos\mp_m_freemode_01-glasses_1-50.webp
F80AF0D27980CD0D7A3AEFCA9BACD511106D0508238CB232439EB7B00854737B	C:\admirales\script_ver\script_ver\quarantine\under-review\17mov_CharacterSystem\web\photos\mp_m_freemode_01-glasses_1-51.webp
8582ECF6106B68DBF28860157A81CD631476F136E15CF71E16BD14F501E01608	C:\admirales\script_ver\script_ver\quarantine\under-review\17mov_CharacterSystem\web\photos\mp_m_freemode_01-glasses_1-52.webp
EF929B6DDD289CE57F8B85BD6DF33480AC16BF32F6B3E8B0515484B60F7358A9	C:\admirales\script_ver\script_ver\quarantine\under-review\17mov_CharacterSystem\web\photos\mp_m_freemode_01-glasses_1-53.webp
9F7EFF69E4DEEC6740CA6E30FE7A6CBBBEDF9751B7CB0F1CB6BCB456472BEEAD	C:\admirales\script_ver\script_ver\quarantine\under-review\17mov_CharacterSystem\web\photos\mp_m_freemode_01-glasses_1-54.webp
67FF50D0155EA00384F26D7874E138CB167CD7BA1003D7A8FF3402DB53F21B51	C:\admirales\script_ver\script_ver\quarantine\under-review\17mov_CharacterSystem\web\photos\mp_m_freemode_01-glasses_1-55.webp
84B64F7DC3B79261E99A7BF922C0D18C8BA60C28CC4D1AD408D186F5EB8086DA	C:\admirales\script_ver\script_ver\quarantine\under-review\17mov_CharacterSystem\web\photos\mp_m_freemode_01-glasses_1-56.webp
B96BDABF9EAE04B96BDBF4C8982005DB8374AD4429745A09AE6ED8C7714099F7	C:\admirales\script_ver\script_ver\quarantine\under-review\17mov_CharacterSystem\web\photos\mp_m_freemode_01-glasses_1-6.webp
D82B607B2340C1E8F1634CC72E70AAF392C4B3C4665D09B120B127608E937C22	C:\admirales\script_ver\script_ver\quarantine\under-review\17mov_CharacterSystem\web\photos\mp_m_freemode_01-glasses_1-7.webp
0AB61B2D3B506D7514AB8FCD8E7684199A2A3363D731723E424F1A2244EDDB78	C:\admirales\script_ver\script_ver\quarantine\under-review\17mov_CharacterSystem\web\photos\mp_m_freemode_01-glasses_1-8.webp
8DE3386C780FA0B338763E8AAD3BC4BF9434EA62FA2E6294C4C5272D2B416244	C:\admirales\script_ver\script_ver\quarantine\under-review\17mov_CharacterSystem\web\photos\mp_m_freemode_01-glasses_1-9.webp
3EC859CEC2516860A38CFAFA8304372E963090A4AFEB5372E90EB990807B80BA	C:\admirales\script_ver\script_ver\quarantine\under-review\17mov_CharacterSystem\web\photos\mp_m_freemode_01-hair_1-0.webp
2F5B638452F250DCF6354BBD57B260C6977ED860833972BDD5CF7F3C458A594E	C:\admirales\script_ver\script_ver\quarantine\under-review\17mov_CharacterSystem\web\photos\mp_m_freemode_01-hair_1-1.webp
6E4401326DEC2395665D01FBF690021F6917110B87211ECEA3FF348BC2D99A54	C:\admirales\script_ver\script_ver\quarantine\under-review\17mov_CharacterSystem\web\photos\mp_m_freemode_01-hair_1-10.webp
02AED23CD6AB93168483D02506494DDDF2CB50BEDC335E1985C3B016FB2B55E4	C:\admirales\script_ver\script_ver\quarantine\under-review\17mov_CharacterSystem\web\photos\mp_m_freemode_01-hair_1-11.webp
3A93416469849E84E2786CCBF0BEA7CBBD5E5244F2764BF62A9DCA77603D93DE	C:\admirales\script_ver\script_ver\quarantine\under-review\17mov_CharacterSystem\web\photos\mp_m_freemode_01-hair_1-12.webp
56F5556808273A18E3B14348FD123F4168918F9B4CC6327BD7712AE5C439D6BE	C:\admirales\script_ver\script_ver\quarantine\under-review\17mov_CharacterSystem\web\photos\mp_m_freemode_01-hair_1-13.webp
4A21629DACA3E6C84A91988EB891CE159F4A807E857797A84E14CA7B56514548	C:\admirales\script_ver\script_ver\quarantine\under-review\17mov_CharacterSystem\web\photos\mp_m_freemode_01-hair_1-14.webp
48D4DBC0F5ACC8D4F12947EB0F2A85FF7C4B356F6C35F2CB310035C3429ED4C6	C:\admirales\script_ver\script_ver\quarantine\under-review\17mov_CharacterSystem\web\photos\mp_m_freemode_01-hair_1-15.webp
26AE9FD4B9A8B759BB3E2741EF359EBEC07F0FA293D523B206D5E96DE2918AC5	C:\admirales\script_ver\script_ver\quarantine\under-review\17mov_CharacterSystem\web\photos\mp_m_freemode_01-hair_1-16.webp
2188EA6FC6FA78DD671499FDD5A74610AE0D6D999C54986C683FEF52067B64EE	C:\admirales\script_ver\script_ver\quarantine\under-review\17mov_CharacterSystem\web\photos\mp_m_freemode_01-hair_1-17.webp
E3E42D7E2C7DED09965703B4AAE6E3ACF00E46E23498C46A3D13827AC15B3096	C:\admirales\script_ver\script_ver\quarantine\under-review\17mov_CharacterSystem\web\photos\mp_m_freemode_01-hair_1-18.webp
27F33B55196AB275FAC539F133D4D1C01F75A2DC61FBBD282BDD69645B61E384	C:\admirales\script_ver\script_ver\quarantine\under-review\17mov_CharacterSystem\web\photos\mp_m_freemode_01-hair_1-19.webp
255378A187B1F9436616F0D38607A8F4BE1E712060488B0A426ECD5C74D9FBE8	C:\admirales\script_ver\script_ver\quarantine\under-review\17mov_CharacterSystem\web\photos\mp_m_freemode_01-hair_1-2.webp
A6D0224D719C012678D786CF8AB4F19D838B7A2E1A3D6137AD8B6DA0B606701F	C:\admirales\script_ver\script_ver\quarantine\under-review\17mov_CharacterSystem\web\photos\mp_m_freemode_01-hair_1-20.webp
EBE2B6FBAF3F623D2F3446054181AC536586EE5B9907117175DB01E2D45612B1	C:\admirales\script_ver\script_ver\quarantine\under-review\17mov_CharacterSystem\web\photos\mp_m_freemode_01-hair_1-21.webp
C511C510FEBED10AA6F68D3CAA976A8A3CF533952310BAFBFDEA3DF24393B5D1	C:\admirales\script_ver\script_ver\quarantine\under-review\17mov_CharacterSystem\web\photos\mp_m_freemode_01-hair_1-22.webp
5D67707DFFF8F112E5990B7EBFFA36DEFF349C87BF9C705798F9DE52AA939BEA	C:\admirales\script_ver\script_ver\quarantine\under-review\17mov_CharacterSystem\web\photos\mp_m_freemode_01-hair_1-23.webp
F6C8D832C36EF48250D3F7FD3E1D34214CD055F603EC52E4707FD722AF1AEB54	C:\admirales\script_ver\script_ver\quarantine\under-review\17mov_CharacterSystem\web\photos\mp_m_freemode_01-hair_1-24.webp
BAA32BDF67389D2FC313D46C366DC3D87571AC8AE25227AAF9C1F695D8A086E9	C:\admirales\script_ver\script_ver\quarantine\under-review\17mov_CharacterSystem\web\photos\mp_m_freemode_01-hair_1-25.webp
6ABF200C056137070C8A1D69A61D2EDF81F9C68518AEC7883CC47B0B1C02F152	C:\admirales\script_ver\script_ver\quarantine\under-review\17mov_CharacterSystem\web\photos\mp_m_freemode_01-hair_1-26.webp
12CD901ABA3E2B80FA60DE58674834AF428AFAFE5965AC2C2DDBB2199C00EFE6	C:\admirales\script_ver\script_ver\quarantine\under-review\17mov_CharacterSystem\web\photos\mp_m_freemode_01-hair_1-27.webp
B0D05848B5864C174DE453DFDDCC0A8C0953346D3C8A952E946657F1830FECE7	C:\admirales\script_ver\script_ver\quarantine\under-review\17mov_CharacterSystem\web\photos\mp_m_freemode_01-hair_1-28.webp
E08C1630880A9DA41811849BB07820C8635A813B782E7A6EEE2051F01801F03F	C:\admirales\script_ver\script_ver\quarantine\under-review\17mov_CharacterSystem\web\photos\mp_m_freemode_01-hair_1-29.webp
26DA877D2F8D68B495E6205D5ADEB733C1BC60EFB8F1A21A56A5C485F2F3EA91	C:\admirales\script_ver\script_ver\quarantine\under-review\17mov_CharacterSystem\web\photos\mp_m_freemode_01-hair_1-3.webp
63762B311F1C18CDEDB9E7EF7C7145D88CB7C7E3238A150DDC2E42A7E8910C4C	C:\admirales\script_ver\script_ver\quarantine\under-review\17mov_CharacterSystem\web\photos\mp_m_freemode_01-hair_1-30.webp
3DB91C3DE8C99257E5A63456A8D21621E434B3D3E79295F52EC2FFBE803E45DC	C:\admirales\script_ver\script_ver\quarantine\under-review\17mov_CharacterSystem\web\photos\mp_m_freemode_01-hair_1-31.webp
8C2E36EA8289F3B4FE7F587CCBE8E70563536FDB19B09B94788321CF8C819285	C:\admirales\script_ver\script_ver\quarantine\under-review\17mov_CharacterSystem\web\photos\mp_m_freemode_01-hair_1-32.webp
1798436AEA8D8A491022E20099431B87483C20E2BD44B78BF00F3E16488E7CCF	C:\admirales\script_ver\script_ver\quarantine\under-review\17mov_CharacterSystem\web\photos\mp_m_freemode_01-hair_1-33.webp
ECF8E79DD15D8B858BE83969B18FAD3B56642A35C22CBDF71BFA3395A25F444B	C:\admirales\script_ver\script_ver\quarantine\under-review\17mov_CharacterSystem\web\photos\mp_m_freemode_01-hair_1-34.webp
4A0D12F7855E85A1BE2DD1E47D802F71255B4931CDA3E4998EC134B8708F0995	C:\admirales\script_ver\script_ver\quarantine\under-review\17mov_CharacterSystem\web\photos\mp_m_freemode_01-hair_1-35.webp
C24837E1A4A3C7102AF2011D3DD80C4A397214DEDB4B2A07CF23D7F674BF8DBE	C:\admirales\script_ver\script_ver\quarantine\under-review\17mov_CharacterSystem\web\photos\mp_m_freemode_01-hair_1-36.webp
C35BFC61A3FC27F8332FA915368B3E082B3086DEFDD8364EA40E281FBBBB727F	C:\admirales\script_ver\script_ver\quarantine\under-review\17mov_CharacterSystem\web\photos\mp_m_freemode_01-hair_1-37.webp
67F33B880214CC00CDFCEA89E732AC4FE4BE3A4F813F2F10626DCC58CA6096E7	C:\admirales\script_ver\script_ver\quarantine\under-review\17mov_CharacterSystem\web\photos\mp_m_freemode_01-hair_1-38.webp
F3B1772869CEA99BB4B7665929F88D03572B8FFA7111CB1DA7F3C807B221FAF9	C:\admirales\script_ver\script_ver\quarantine\under-review\17mov_CharacterSystem\web\photos\mp_m_freemode_01-hair_1-39.webp
D9B841B00165E5C7746E5A4CF1CAC516E8B4DF01587BBA57FD3320F4D43C226C	C:\admirales\script_ver\script_ver\quarantine\under-review\17mov_CharacterSystem\web\photos\mp_m_freemode_01-hair_1-4.webp
BE6B831EDAE9452EF7626D6D6204D61842202AEA5B63621A06A47ED06D3F33D5	C:\admirales\script_ver\script_ver\quarantine\under-review\17mov_CharacterSystem\web\photos\mp_m_freemode_01-hair_1-40.webp
22ADA751A45D8765BACF6CBCEBA66A8F9D4678AC5710697BDCBD537059F4148A	C:\admirales\script_ver\script_ver\quarantine\under-review\17mov_CharacterSystem\web\photos\mp_m_freemode_01-hair_1-41.webp
0857D37634BC9284096CD80226FF934D31EC58C7FD1D7325B2C167808B7F11A3	C:\admirales\script_ver\script_ver\quarantine\under-review\17mov_CharacterSystem\web\photos\mp_m_freemode_01-hair_1-42.webp
277DE62AC003B039D94ECBAD8C795E833DE0EDD3EB421CBD7524DAB407054200	C:\admirales\script_ver\script_ver\quarantine\under-review\17mov_CharacterSystem\web\photos\mp_m_freemode_01-hair_1-43.webp
0728B7F380DB2092B54A577C333D815F0C8CD3DB854089DCB3ABBB88107901C7	C:\admirales\script_ver\script_ver\quarantine\under-review\17mov_CharacterSystem\web\photos\mp_m_freemode_01-hair_1-44.webp
C7AB29ECBCE8BBC12777D2198783A2899836AF6C5590529F632A69E03D513CE7	C:\admirales\script_ver\script_ver\quarantine\under-review\17mov_CharacterSystem\web\photos\mp_m_freemode_01-hair_1-45.webp
254C3F8F53658508EF3B4F5A5BE98723DA6095504EF9B05F718668513E3BC12D	C:\admirales\script_ver\script_ver\quarantine\under-review\17mov_CharacterSystem\web\photos\mp_m_freemode_01-hair_1-46.webp
3FC54A7D26D328D7E74DA1AB33B2E655BF2A10C640541E1DEB1DA49497F746C7	C:\admirales\script_ver\script_ver\quarantine\under-review\17mov_CharacterSystem\web\photos\mp_m_freemode_01-hair_1-47.webp
A11952710402A83610E1B8E097F736EB63C8AEAE55555350FF1C14DC7A3EEAF0	C:\admirales\script_ver\script_ver\quarantine\under-review\17mov_CharacterSystem\web\photos\mp_m_freemode_01-hair_1-48.webp
0E24D216DB706ED9294BF8F28C9FCF9B682431DCFD92F17C32E91733D85754A1	C:\admirales\script_ver\script_ver\quarantine\under-review\17mov_CharacterSystem\web\photos\mp_m_freemode_01-hair_1-49.webp
6C52F274798B60281D3ED92D3E75DBE2C846C8FDFF9CAEDD0E088D461047C4BC	C:\admirales\script_ver\script_ver\quarantine\under-review\17mov_CharacterSystem\web\photos\mp_m_freemode_01-hair_1-5.webp
990DC663B104DB67EA2D540A247EF19BB3CC63D0D959A55A737898AAFE11C550	C:\admirales\script_ver\script_ver\quarantine\under-review\17mov_CharacterSystem\web\photos\mp_m_freemode_01-hair_1-50.webp
146010322F39B73B1EDDFE79BCCAFE1AC5DC9E104005CDE4FE1B203FF8C7F5D7	C:\admirales\script_ver\script_ver\quarantine\under-review\17mov_CharacterSystem\web\photos\mp_m_freemode_01-hair_1-51.webp
3861CF674180BD456C5B8E9E8D91DC29DF7A9CDB4A880E8AB6C23994E59AC489	C:\admirales\script_ver\script_ver\quarantine\under-review\17mov_CharacterSystem\web\photos\mp_m_freemode_01-hair_1-52.webp
3916C5C2782F73275E14EE3F5AB95146C651565A6E7BDB198DEED669B861BDA6	C:\admirales\script_ver\script_ver\quarantine\under-review\17mov_CharacterSystem\web\photos\mp_m_freemode_01-hair_1-53.webp
DF667958902D0EF4080695D9133AA3DDD7DAF35F8672D875382BA3D1E8F59D91	C:\admirales\script_ver\script_ver\quarantine\under-review\17mov_CharacterSystem\web\photos\mp_m_freemode_01-hair_1-54.webp
D713B7D7C86254FCBC0667584F6CB7BB0FAC68C08B2CA7C95088DE6C69D373B4	C:\admirales\script_ver\script_ver\quarantine\under-review\17mov_CharacterSystem\web\photos\mp_m_freemode_01-hair_1-55.webp
553C79217BF5372694C87A5F491FC378E4851EE42255D617689BACE48381B6EC	C:\admirales\script_ver\script_ver\quarantine\under-review\17mov_CharacterSystem\web\photos\mp_m_freemode_01-hair_1-56.webp
8C4A0B032D99CA71346638F81602F0B913D2208C2C7002E993F91AB334CAE865	C:\admirales\script_ver\script_ver\quarantine\under-review\17mov_CharacterSystem\web\photos\mp_m_freemode_01-hair_1-57.webp
7D951BA40924CEC53FAE74AC87BE6D73D222BBDF08C3050CDD738143F7C4C01E	C:\admirales\script_ver\script_ver\quarantine\under-review\17mov_CharacterSystem\web\photos\mp_m_freemode_01-hair_1-58.webp
E65734405AFD40EF297B6E5654E6F187F9EAAED0FCF679AEDB4CC9B88755D56F	C:\admirales\script_ver\script_ver\quarantine\under-review\17mov_CharacterSystem\web\photos\mp_m_freemode_01-hair_1-59.webp
07B74C7BDE78BD4654AA321B90C188F8BB4A269C89816CB15934211DC28C6467	C:\admirales\script_ver\script_ver\quarantine\under-review\17mov_CharacterSystem\web\photos\mp_m_freemode_01-hair_1-6.webp
CFE1094A4F20CEA58FDBCCCDB3D2892EC689119BEC5F390663BFCEA1857E7ACF	C:\admirales\script_ver\script_ver\quarantine\under-review\17mov_CharacterSystem\web\photos\mp_m_freemode_01-hair_1-60.webp
C0F46A7B37540CEA61BC9425379746C0EECEF106521EACCE0D3FE086B157F0AC	C:\admirales\script_ver\script_ver\quarantine\under-review\17mov_CharacterSystem\web\photos\mp_m_freemode_01-hair_1-61.webp
AC366E2722354A1DB5007D8B0ED2505EEB063B0CE071B2BB3050F43C7DC0EFA4	C:\admirales\script_ver\script_ver\quarantine\under-review\17mov_CharacterSystem\web\photos\mp_m_freemode_01-hair_1-62.webp
BD0481C8E46C75ED29E5EA3037D28D626698424C4E3B40316EA7D43DEC8F35B9	C:\admirales\script_ver\script_ver\quarantine\under-review\17mov_CharacterSystem\web\photos\mp_m_freemode_01-hair_1-63.webp
516A1A6D1911BC6B3925355887E71C85F87ED602BB1AE11E40DAE251F4D9687D	C:\admirales\script_ver\script_ver\quarantine\under-review\17mov_CharacterSystem\web\photos\mp_m_freemode_01-hair_1-64.webp
16310ACE9A72B7EF1F243FC57F075125B0F69397E868A86C2FB05696797DE9A9	C:\admirales\script_ver\script_ver\quarantine\under-review\17mov_CharacterSystem\web\photos\mp_m_freemode_01-hair_1-65.webp
A9864916CC1AB551C4DB3FE446C5C6753AD1D109FCDABFAC93279797A7EA1DAC	C:\admirales\script_ver\script_ver\quarantine\under-review\17mov_CharacterSystem\web\photos\mp_m_freemode_01-hair_1-66.webp
8BDBD127836D82A1B7E4EFF026FDDD3F26407F7A7D91CBB98FE6059FE3FF2246	C:\admirales\script_ver\script_ver\quarantine\under-review\17mov_CharacterSystem\web\photos\mp_m_freemode_01-hair_1-67.webp
364BE7EE19A769F8CDF2AFDC1524DB138205937DDB66A79922A88BAC6B113112	C:\admirales\script_ver\script_ver\quarantine\under-review\17mov_CharacterSystem\web\photos\mp_m_freemode_01-hair_1-68.webp
638D06C3F39729AE1BFE1B403D30713C46821A0CE34434E77236051023D407D8	C:\admirales\script_ver\script_ver\quarantine\under-review\17mov_CharacterSystem\web\photos\mp_m_freemode_01-hair_1-69.webp
7FC8AB52B564DCECD9FF1740CDF938B014C21F78AF676E20BEF410296F33429E	C:\admirales\script_ver\script_ver\quarantine\under-review\17mov_CharacterSystem\web\photos\mp_m_freemode_01-hair_1-7.webp
2D18D26989CAEF45DC0FDB3FF3F5D4FE2C7A51F520593DFADECFFA51BB1F4F8F	C:\admirales\script_ver\script_ver\quarantine\under-review\17mov_CharacterSystem\web\photos\mp_m_freemode_01-hair_1-70.webp
1200CA70E697062EBB9539646865FA1A8CD98F18B428A51FC5F930A9052ED956	C:\admirales\script_ver\script_ver\quarantine\under-review\17mov_CharacterSystem\web\photos\mp_m_freemode_01-hair_1-71.webp
D47C007837E38D9F53504F433F32FFA97088FE1170F90B080E071C23838531E2	C:\admirales\script_ver\script_ver\quarantine\under-review\17mov_CharacterSystem\web\photos\mp_m_freemode_01-hair_1-72.webp
0D09D980C81ED5E8591FE00267FC49780A3196A725530CC440F5F9C5E708E23D	C:\admirales\script_ver\script_ver\quarantine\under-review\17mov_CharacterSystem\web\photos\mp_m_freemode_01-hair_1-73.webp
E1E92EA0800D7573A73D4D21E0B6100AD0907F6E93548560657114D1054F0181	C:\admirales\script_ver\script_ver\quarantine\under-review\17mov_CharacterSystem\web\photos\mp_m_freemode_01-hair_1-74.webp
E0BD7A83F279B186D9355E7E9F8B6757D403587BFF830D316118EA5054B1FDE1	C:\admirales\script_ver\script_ver\quarantine\under-review\17mov_CharacterSystem\web\photos\mp_m_freemode_01-hair_1-75.webp
9BB77E9EC55A2BD28F9769DF56CC0A11B56D1C5FCD0F519D92D45C67ECF22BAA	C:\admirales\script_ver\script_ver\quarantine\under-review\17mov_CharacterSystem\web\photos\mp_m_freemode_01-hair_1-76.webp
0B93BB1D019C10FF226A75BE7031EA6575BDDF559E72BD3D2EFA46DF69D08F8D	C:\admirales\script_ver\script_ver\quarantine\under-review\17mov_CharacterSystem\web\photos\mp_m_freemode_01-hair_1-77.webp
CCF9A96778A7674C000BBCB1FCA8D8AC5F0CA409249AAC740C2FB8230FE16335	C:\admirales\script_ver\script_ver\quarantine\under-review\17mov_CharacterSystem\web\photos\mp_m_freemode_01-hair_1-78.webp
6CEB71A75AF1EF1DE2B87EEBEA48F75A90F2094AB6D6A99422A6308553E64CA7	C:\admirales\script_ver\script_ver\quarantine\under-review\17mov_CharacterSystem\web\photos\mp_m_freemode_01-hair_1-79.webp
8FC2CA75423D45DCE6D2BB7BDD0AA29996B029C4CC0162F8A803886C23650736	C:\admirales\script_ver\script_ver\quarantine\under-review\17mov_CharacterSystem\web\photos\mp_m_freemode_01-hair_1-8.webp
86A663738EF41BE2A09ACFAE9E1BDEA220D35AA319E8B66C443480F1003543D1	C:\admirales\script_ver\script_ver\quarantine\under-review\17mov_CharacterSystem\web\photos\mp_m_freemode_01-hair_1-80.webp
B125EB25A3AD83F0E854DFACA7DA8E6727E0407BB9726934D8BB16411690D7D0	C:\admirales\script_ver\script_ver\quarantine\under-review\17mov_CharacterSystem\web\photos\mp_m_freemode_01-hair_1-81.webp
0B0114B537ECC24DB41E22F8007ED4D6F515F931E5CF7E026D956BFE18145543	C:\admirales\script_ver\script_ver\quarantine\under-review\17mov_CharacterSystem\web\photos\mp_m_freemode_01-hair_1-82.webp
8CB1BEE49FB1F65F94744AED75DAC248B7670877616899840D3004C01053E8DE	C:\admirales\script_ver\script_ver\quarantine\under-review\17mov_CharacterSystem\web\photos\mp_m_freemode_01-hair_1-9.webp
F80AF0D27980CD0D7A3AEFCA9BACD511106D0508238CB232439EB7B00854737B	C:\admirales\script_ver\script_ver\quarantine\under-review\17mov_CharacterSystem\web\photos\mp_m_freemode_01-helmet_1-0.webp
7682C732FAE3B889DF7D244806898A970AFBD98ECEB467CCC04946383E5A462A	C:\admirales\script_ver\script_ver\quarantine\under-review\17mov_CharacterSystem\web\photos\mp_m_freemode_01-helmet_1-1.webp
279D199DBBA42D063C7532D6A3BB7A6B8A11C6008A5ACFEBA1A6C699C72494C9	C:\admirales\script_ver\script_ver\quarantine\under-review\17mov_CharacterSystem\web\photos\mp_m_freemode_01-helmet_1-10.webp
2485685266D5BFB60900B7F3AB104C5DD64FFDD44488E614FC4C567F5B58A2B2	C:\admirales\script_ver\script_ver\quarantine\under-review\17mov_CharacterSystem\web\photos\mp_m_freemode_01-helmet_1-100.webp
525FED857DCC0AA9CD6B377C26B7FFB0D4AF07BCDFD5F13EE842A1FD9945A92C	C:\admirales\script_ver\script_ver\quarantine\under-review\17mov_CharacterSystem\web\photos\mp_m_freemode_01-helmet_1-101.webp
7262899EE023C7B6C4A94D5F2167F6E9E93C2A789C882C93ED721F38AB794F7E	C:\admirales\script_ver\script_ver\quarantine\under-review\17mov_CharacterSystem\web\photos\mp_m_freemode_01-helmet_1-102.webp
CAC050592691BEB4B4B2CE37BCDD3B769295D19AF2224AC80109F04BB830E8E4	C:\admirales\script_ver\script_ver\quarantine\under-review\17mov_CharacterSystem\web\photos\mp_m_freemode_01-helmet_1-103.webp
313A06ED4CE9ACE4548EFADACF79EC7ADBFA7D99A76E98F85C01287869121902	C:\admirales\script_ver\script_ver\quarantine\under-review\17mov_CharacterSystem\web\photos\mp_m_freemode_01-helmet_1-104.webp
58413A72E19405F2D23EDF5B86D03E66C0F1AE67E274B9C3DE5652936DECB2DC	C:\admirales\script_ver\script_ver\quarantine\under-review\17mov_CharacterSystem\web\photos\mp_m_freemode_01-helmet_1-105.webp
DA45EE8777DB38664AEE5F6BC8337728DEE368A92887B1B5D3006A7C12260CC3	C:\admirales\script_ver\script_ver\quarantine\under-review\17mov_CharacterSystem\web\photos\mp_m_freemode_01-helmet_1-106.webp
BB5951A95A59D13F14A7AA07F624310E3893DEEE2BC89602CBA97B2688DEE2EA	C:\admirales\script_ver\script_ver\quarantine\under-review\17mov_CharacterSystem\web\photos\mp_m_freemode_01-helmet_1-107.webp
57595FCD4ED5495B728854F7088506F7CDCAB59AA5639A299F44657F6DD4377D	C:\admirales\script_ver\script_ver\quarantine\under-review\17mov_CharacterSystem\web\photos\mp_m_freemode_01-helmet_1-108.webp
A9228E809501DC2A16B64154D63475B5A14DD32FBDE053384BAC17B0B8AEA95B	C:\admirales\script_ver\script_ver\quarantine\under-review\17mov_CharacterSystem\web\photos\mp_m_freemode_01-helmet_1-109.webp
9479276A84E63C985DFE9266B8AA12E885C6851CD336B5ACC6A74FED467716C0	C:\admirales\script_ver\script_ver\quarantine\under-review\17mov_CharacterSystem\web\photos\mp_m_freemode_01-helmet_1-11.webp
5471B1714BFE1B3ABE522179C1CE284FCA3E086D54621610AB18AC87027F2DD1	C:\admirales\script_ver\script_ver\quarantine\under-review\17mov_CharacterSystem\web\photos\mp_m_freemode_01-helmet_1-110.webp
74C840DE18775F58E6AC8A9724B8546DF40583E397C8E7D0AFBE15E5492D4B4F	C:\admirales\script_ver\script_ver\quarantine\under-review\17mov_CharacterSystem\web\photos\mp_m_freemode_01-helmet_1-111.webp
35157371B2A416EB580FE4AC459B1718FA64D1A0960D98F113C587F9FB59E6FB	C:\admirales\script_ver\script_ver\quarantine\under-review\17mov_CharacterSystem\web\photos\mp_m_freemode_01-helmet_1-112.webp
62A0E7F2DA8E0304173E92C2133260891BF460A1EDFA376A47BFDB5302A9717E	C:\admirales\script_ver\script_ver\quarantine\under-review\17mov_CharacterSystem\web\photos\mp_m_freemode_01-helmet_1-113.webp
F28CEAD64F53E77287E485E31D7A2D4E167D17ABDDC8E4F56CF3BD69E346A6AD	C:\admirales\script_ver\script_ver\quarantine\under-review\17mov_CharacterSystem\web\photos\mp_m_freemode_01-helmet_1-114.webp
07BF4D9A7A4DBE3076A490D3B184E751A73CA3281DF34C5097434D9A57424C59	C:\admirales\script_ver\script_ver\quarantine\under-review\17mov_CharacterSystem\web\photos\mp_m_freemode_01-helmet_1-115.webp
D21E0A1EA70C79141302B7361B2FAB828DB11E77C8A841DCF702B04E9BA29029	C:\admirales\script_ver\script_ver\quarantine\under-review\17mov_CharacterSystem\web\photos\mp_m_freemode_01-helmet_1-116.webp
7F11877388A6FB73685C6F3643BF6FAE8D1AA5454EB7FA39A5028D546B16ABE2	C:\admirales\script_ver\script_ver\quarantine\under-review\17mov_CharacterSystem\web\photos\mp_m_freemode_01-helmet_1-117.webp
EBCDCD1C00D8A8F8D7D7D18613FC037E4FF54CEF50F5D64D5CDA9DF58E777D39	C:\admirales\script_ver\script_ver\quarantine\under-review\17mov_CharacterSystem\web\photos\mp_m_freemode_01-helmet_1-118.webp
E0C242AC4B4E93A7E1BA868B3D134FCD19717FBFDA41BDBA3F274B9E3084F064	C:\admirales\script_ver\script_ver\quarantine\under-review\17mov_CharacterSystem\web\photos\mp_m_freemode_01-helmet_1-119.webp
452B80D49270F93907ED2526019B014F784DAD3035A192D9606EAFBB2551E31A	C:\admirales\script_ver\script_ver\quarantine\under-review\17mov_CharacterSystem\web\photos\mp_m_freemode_01-helmet_1-12.webp
22BF88F3E389A6BB5F1CB324620342A1A627E5AFE1B32FE0F176A362FA92BDBC	C:\admirales\script_ver\script_ver\quarantine\under-review\17mov_CharacterSystem\web\photos\mp_m_freemode_01-helmet_1-120.webp
454EAB2D60F258D204DC48E4C8709A1E3F6F41ADC8EEA55299F87A815737A475	C:\admirales\script_ver\script_ver\quarantine\under-review\17mov_CharacterSystem\web\photos\mp_m_freemode_01-helmet_1-121.webp
0AA86E3211F1875897FC74D305DA42AF86B68D96AE51AD30F3622ACCAAADB9BC	C:\admirales\script_ver\script_ver\quarantine\under-review\17mov_CharacterSystem\web\photos\mp_m_freemode_01-helmet_1-122.webp
1DB1683B46D55298E3BCA2AFD5403124A755372B4DE2F532AF2EF2FA561E34A1	C:\admirales\script_ver\script_ver\quarantine\under-review\17mov_CharacterSystem\web\photos\mp_m_freemode_01-helmet_1-123.webp
AF36CC032FB59200AF0EF83D12FAEC5AD2FFDC79ED95998196735360E0F72803	C:\admirales\script_ver\script_ver\quarantine\under-review\17mov_CharacterSystem\web\photos\mp_m_freemode_01-helmet_1-124.webp
D4EB31A32C08EC563D178F93F34E87CD4F5A04DF260502DF01CB63DBBF722652	C:\admirales\script_ver\script_ver\quarantine\under-review\17mov_CharacterSystem\web\photos\mp_m_freemode_01-helmet_1-125.webp
EB7E2F94AD458F0AD5CE2BA6A7305A235DB818414CEA4C6B270F5AC126509CC4	C:\admirales\script_ver\script_ver\quarantine\under-review\17mov_CharacterSystem\web\photos\mp_m_freemode_01-helmet_1-126.webp
E3F012E07464F938007E193141C2DDBF01867D0346D586B0364BD6FCF846E10D	C:\admirales\script_ver\script_ver\quarantine\under-review\17mov_CharacterSystem\web\photos\mp_m_freemode_01-helmet_1-127.webp
DD3793490AACEBCB577726A6C8EF182929D0BFB791825B775FF7982F5DBBD1EA	C:\admirales\script_ver\script_ver\quarantine\under-review\17mov_CharacterSystem\web\photos\mp_m_freemode_01-helmet_1-128.webp
C0D0A789E130FEE7A7A76089E1156938FB2932C2E62FEBD790CDB814BB43948C	C:\admirales\script_ver\script_ver\quarantine\under-review\17mov_CharacterSystem\web\photos\mp_m_freemode_01-helmet_1-129.webp
15EE6CB7D879F6787DE905C44DFAA2000B58A5BDDC2B56E0DD4CC4F6DA257E2F	C:\admirales\script_ver\script_ver\quarantine\under-review\17mov_CharacterSystem\web\photos\mp_m_freemode_01-helmet_1-13.webp
6FBE98E5CB9165F046D9F893725BF190B047609F6778B67CC91D1A1CF6F18EA2	C:\admirales\script_ver\script_ver\quarantine\under-review\17mov_CharacterSystem\web\photos\mp_m_freemode_01-helmet_1-130.webp
65040116EF0EA34B8120BF8AAC7DE487EC25171187A30B6BF5B2FDEB464A2E11	C:\admirales\script_ver\script_ver\quarantine\under-review\17mov_CharacterSystem\web\photos\mp_m_freemode_01-helmet_1-131.webp
32854616428B58FE0A668DF95C50449BE44229FB9584916DFC08DF3728C01964	C:\admirales\script_ver\script_ver\quarantine\under-review\17mov_CharacterSystem\web\photos\mp_m_freemode_01-helmet_1-132.webp
2E00D3B9CA6ECC56B7BCBC2163BE85BFE3D9B108A23A7B91A44CE9E05ECD155F	C:\admirales\script_ver\script_ver\quarantine\under-review\17mov_CharacterSystem\web\photos\mp_m_freemode_01-helmet_1-133.webp
DEF1A21C62921DEC4B7EFDE8A156E98C8BDD5CF0D2E5D9C200C05B80B90B334E	C:\admirales\script_ver\script_ver\quarantine\under-review\17mov_CharacterSystem\web\photos\mp_m_freemode_01-helmet_1-134.webp
7D001EBE31CBFE70D7D6F8E8753EC2FA41F077E2410EC1CDB276369216978466	C:\admirales\script_ver\script_ver\quarantine\under-review\17mov_CharacterSystem\web\photos\mp_m_freemode_01-helmet_1-135.webp
E0FB1EB23D32A1BCAD0E24EFBE2B9E82E846AD1B8666676BA2C6C5117EE6BE66	C:\admirales\script_ver\script_ver\quarantine\under-review\17mov_CharacterSystem\web\photos\mp_m_freemode_01-helmet_1-136.webp
419B0B087DF7785C07D5FC551F242B123A934425E7AD4DB5D15D4083AD56151A	C:\admirales\script_ver\script_ver\quarantine\under-review\17mov_CharacterSystem\web\photos\mp_m_freemode_01-helmet_1-137.webp
2C7ADE0E140C098019D2D097D81333192B5648E8608C0615D1585CC226EEF6DF	C:\admirales\script_ver\script_ver\quarantine\under-review\17mov_CharacterSystem\web\photos\mp_m_freemode_01-helmet_1-138.webp
30431B462B4860B92A70FD3E2977C04B118275796B68998253E05C2C7665484F	C:\admirales\script_ver\script_ver\quarantine\under-review\17mov_CharacterSystem\web\photos\mp_m_freemode_01-helmet_1-139.webp
4E4205925C797CA6687E95EFCF57E2C23C0BB4E136812A5F85C31CD1934167DC	C:\admirales\script_ver\script_ver\quarantine\under-review\17mov_CharacterSystem\web\photos\mp_m_freemode_01-helmet_1-14.webp
10866006DEFDE16B4DF9B53A6F5B6F6A3D0093E6BE2788725157034F192F044B	C:\admirales\script_ver\script_ver\quarantine\under-review\17mov_CharacterSystem\web\photos\mp_m_freemode_01-helmet_1-140.webp
278A5CB4F4CB8152275E7A62C64594FF74FEF00051805BA08BEBA6D720B7DA3F	C:\admirales\script_ver\script_ver\quarantine\under-review\17mov_CharacterSystem\web\photos\mp_m_freemode_01-helmet_1-141.webp
4BE0E100643CB9660B8A9C87757181A2EDF65844FF8B862BFBF1AEF918610AD8	C:\admirales\script_ver\script_ver\quarantine\under-review\17mov_CharacterSystem\web\photos\mp_m_freemode_01-helmet_1-142.webp
ABEB931DA77F9B412AAECF8773AAD69B4E4F538AF70856D7F056B32C59B64506	C:\admirales\script_ver\script_ver\quarantine\under-review\17mov_CharacterSystem\web\photos\mp_m_freemode_01-helmet_1-143.webp
F508C114F3D2CA9B3FCEEBDB016D0004C9AC0B17F9B46E2BEA88FF9D9C4E0369	C:\admirales\script_ver\script_ver\quarantine\under-review\17mov_CharacterSystem\web\photos\mp_m_freemode_01-helmet_1-144.webp
3154ACF3278C7E1688215E786DC71DEB5F0F7FA4BB484D7A8B7A23F6592B1C9B	C:\admirales\script_ver\script_ver\quarantine\under-review\17mov_CharacterSystem\web\photos\mp_m_freemode_01-helmet_1-145.webp
9CB88B46B825215D9507EC909CB103F218DC936D62960BA39F74972DBD71E88F	C:\admirales\script_ver\script_ver\quarantine\under-review\17mov_CharacterSystem\web\photos\mp_m_freemode_01-helmet_1-146.webp
945D891D356434AFBC5131388D5FAB7B7180F626820EC65BFABEA80788E2BFA3	C:\admirales\script_ver\script_ver\quarantine\under-review\17mov_CharacterSystem\web\photos\mp_m_freemode_01-helmet_1-147.webp
861E52BEBCA98441CE0B103A4065ECA621FC63B38A7FDD36C3F688003E0C6AA0	C:\admirales\script_ver\script_ver\quarantine\under-review\17mov_CharacterSystem\web\photos\mp_m_freemode_01-helmet_1-148.webp
7DCCE00377082905A266DAE8D8A812EFDAEBA8EE8202BB4124D0A6165FD2ADE0	C:\admirales\script_ver\script_ver\quarantine\under-review\17mov_CharacterSystem\web\photos\mp_m_freemode_01-helmet_1-149.webp
EE73F7A61424336F135F74D5A07764DDDEBEAC49C2A4C1CA8B7FDBE3B0ACC1D5	C:\admirales\script_ver\script_ver\quarantine\under-review\17mov_CharacterSystem\web\photos\mp_m_freemode_01-helmet_1-15.webp
18312AED55A6D08F57680AC9FBEC6F93BEB58DA9F59BFCEB639D8F1AE6E9DFB0	C:\admirales\script_ver\script_ver\quarantine\under-review\17mov_CharacterSystem\web\photos\mp_m_freemode_01-helmet_1-150.webp
53844675661B6FAE48905AA5679FFF49A15F2C9CDAC686ADF7CFA9648A4635B4	C:\admirales\script_ver\script_ver\quarantine\under-review\17mov_CharacterSystem\web\photos\mp_m_freemode_01-helmet_1-151.webp
C0C1EE750A0B1F523CC6A2E5E72221288B52E1BC4D368B0471C4FDF644B6D82D	C:\admirales\script_ver\script_ver\quarantine\under-review\17mov_CharacterSystem\web\photos\mp_m_freemode_01-helmet_1-152.webp
8BF2EBE18520F28C67D12715D3A1A790526DBFDF3E9E3D1263BF269C4404EE5C	C:\admirales\script_ver\script_ver\quarantine\under-review\17mov_CharacterSystem\web\photos\mp_m_freemode_01-helmet_1-153.webp
6C50483333B2CAFDA64AAA9A59B3986875BDA782BF4ACDFC48980392AD9CA1D1	C:\admirales\script_ver\script_ver\quarantine\under-review\17mov_CharacterSystem\web\photos\mp_m_freemode_01-helmet_1-154.webp
C45047B619F582D95B7DAC304E6BEC32EC1519B00543A25BF142765E6BCA2294	C:\admirales\script_ver\script_ver\quarantine\under-review\17mov_CharacterSystem\web\photos\mp_m_freemode_01-helmet_1-155.webp
AFDE4C2D4F88430D646C92AFD94024EEB34C21695AC3E621890D7F079F823BFB	C:\admirales\script_ver\script_ver\quarantine\under-review\17mov_CharacterSystem\web\photos\mp_m_freemode_01-helmet_1-156.webp
75A110B7DB5959AE142E1CFAB48D2837478AEB25FA66DD1958A6114C363D31E8	C:\admirales\script_ver\script_ver\quarantine\under-review\17mov_CharacterSystem\web\photos\mp_m_freemode_01-helmet_1-157.webp
38AD0C6F705396043A079A2963BE4ED0D76DBEE8132CB2B82E0B9FFA29CFA3F6	C:\admirales\script_ver\script_ver\quarantine\under-review\17mov_CharacterSystem\web\photos\mp_m_freemode_01-helmet_1-158.webp
3388D3F02BC8867F2582E7A58FB704802FEEDC467F3CB320E753CAF3AD7DB8D4	C:\admirales\script_ver\script_ver\quarantine\under-review\17mov_CharacterSystem\web\photos\mp_m_freemode_01-helmet_1-159.webp
9072391098932E63EA845BE9708FB06BBC79A177ED54266B72BEF11677BB1B48	C:\admirales\script_ver\script_ver\quarantine\under-review\17mov_CharacterSystem\web\photos\mp_m_freemode_01-helmet_1-16.webp
859F5A7697AA06A304EF11D2CF071B543DBC0FD89E2575BD0D88211683B8D5D9	C:\admirales\script_ver\script_ver\quarantine\under-review\17mov_CharacterSystem\web\photos\mp_m_freemode_01-helmet_1-160.webp
090A028FDE43A891A838FFF4041D8FBC30536D4313960E59629AB636EE6DDB1E	C:\admirales\script_ver\script_ver\quarantine\under-review\17mov_CharacterSystem\web\photos\mp_m_freemode_01-helmet_1-161.webp
4D8FCE93AD45661E59912E00F7241F545EEF31E375C2173BFFC180743117E06A	C:\admirales\script_ver\script_ver\quarantine\under-review\17mov_CharacterSystem\web\photos\mp_m_freemode_01-helmet_1-162.webp
1CFEEF1B0B4BA82930BFDE5A825CC4C1898DED5DF622DBFB03DA5043EFC771AB	C:\admirales\script_ver\script_ver\quarantine\under-review\17mov_CharacterSystem\web\photos\mp_m_freemode_01-helmet_1-163.webp
9BD5BAAFF3A54AF4EAB24507E839C69F8B80B41B97E9A800CDC164BEAEB7EBBF	C:\admirales\script_ver\script_ver\quarantine\under-review\17mov_CharacterSystem\web\photos\mp_m_freemode_01-helmet_1-164.webp
5155CCDFCBFD26FA9D8E02C4CEE721BBD5B075440972722BF6426C3E64118687	C:\admirales\script_ver\script_ver\quarantine\under-review\17mov_CharacterSystem\web\photos\mp_m_freemode_01-helmet_1-165.webp
203E00FF0EB9BA2F93DAE2F284F91C353D575D8E411E2D911F4228F13B4CF0BB	C:\admirales\script_ver\script_ver\quarantine\under-review\17mov_CharacterSystem\web\photos\mp_m_freemode_01-helmet_1-166.webp
66CBF61D42DB7FDF509E27D0CC006C2191F80E4C8F65196453658BE43F87269A	C:\admirales\script_ver\script_ver\quarantine\under-review\17mov_CharacterSystem\web\photos\mp_m_freemode_01-helmet_1-167.webp
5C6F3CCB7C88E6D37E638212AF583AF4C29BCEBA777DE250E84CF2968908AC44	C:\admirales\script_ver\script_ver\quarantine\under-review\17mov_CharacterSystem\web\photos\mp_m_freemode_01-helmet_1-168.webp
838F9EA53BBA4E30F0778CF30AD34AAF2FD990156AC01AF658DAE19BBFA22E74	C:\admirales\script_ver\script_ver\quarantine\under-review\17mov_CharacterSystem\web\photos\mp_m_freemode_01-helmet_1-169.webp
F097AD6A17BAE1DB7A8831046067EAFEE24A041DB3BCDD6C3F6E3A564B02B199	C:\admirales\script_ver\script_ver\quarantine\under-review\17mov_CharacterSystem\web\photos\mp_m_freemode_01-helmet_1-17.webp
81BC4DE75660348AA7AD66FD0D223A8A754C53F624BDC5E8E807537E254CC5D9	C:\admirales\script_ver\script_ver\quarantine\under-review\17mov_CharacterSystem\web\photos\mp_m_freemode_01-helmet_1-170.webp
A52412B3F3A5579A7D15F515377A4EFD679722A767B85C2FBFD053FAA69D484A	C:\admirales\script_ver\script_ver\quarantine\under-review\17mov_CharacterSystem\web\photos\mp_m_freemode_01-helmet_1-171.webp
5DCD7FAFF92C09945E73F88D4E8DD2CC8B33C992EA25EEFB25297742EB7EE78E	C:\admirales\script_ver\script_ver\quarantine\under-review\17mov_CharacterSystem\web\photos\mp_m_freemode_01-helmet_1-172.webp
1E296689FC60545D88416C8ECFD62551A7471175F20AC9AB1B2371D2FF3D52D6	C:\admirales\script_ver\script_ver\quarantine\under-review\17mov_CharacterSystem\web\photos\mp_m_freemode_01-helmet_1-173.webp
2D0F38C37E8DCE1A6D1ECB58D389E777E740FA6FD803802640EEB5FD4B0612DC	C:\admirales\script_ver\script_ver\quarantine\under-review\17mov_CharacterSystem\web\photos\mp_m_freemode_01-helmet_1-174.webp
7C4B807B983825ED5392F0D90F7206AA57EE1D30F72F6676FA0BD9980A8C8FE3	C:\admirales\script_ver\script_ver\quarantine\under-review\17mov_CharacterSystem\web\photos\mp_m_freemode_01-helmet_1-175.webp
1F5AD5D3372572927BF6A56130E2551CFCC83E3F21812CCC8384ACABE8A1C6EE	C:\admirales\script_ver\script_ver\quarantine\under-review\17mov_CharacterSystem\web\photos\mp_m_freemode_01-helmet_1-176.webp
9274E65BD5AE2777272753E08ED9C6C19FB7AC31E9E496ED728BDDF0BAEED5BA	C:\admirales\script_ver\script_ver\quarantine\under-review\17mov_CharacterSystem\web\photos\mp_m_freemode_01-helmet_1-177.webp
7491EB3A69864CEEC2C77AB823CB0AAD5FE768E7369030D1D2B614C5204F4A7F	C:\admirales\script_ver\script_ver\quarantine\under-review\17mov_CharacterSystem\web\photos\mp_m_freemode_01-helmet_1-178.webp
899D7BBAB616C877E59721A8AEC15A578F7AB14339E0B1F86007EE80C78263AF	C:\admirales\script_ver\script_ver\quarantine\under-review\17mov_CharacterSystem\web\photos\mp_m_freemode_01-helmet_1-179.webp
9D508D451E537DE03EB9869828E4586754219E1331A9EBC2CFB0CDC26CF3CB6C	C:\admirales\script_ver\script_ver\quarantine\under-review\17mov_CharacterSystem\web\photos\mp_m_freemode_01-helmet_1-18.webp
828AAFE18F3C9E56836889D023B4476EB67E217F9939727125A83576DF225548	C:\admirales\script_ver\script_ver\quarantine\under-review\17mov_CharacterSystem\web\photos\mp_m_freemode_01-helmet_1-180.webp
9C60A1CB3A702F057E8AC7B28FF5C79C83C87C2D689885DD8B0AF65BCF4A8020	C:\admirales\script_ver\script_ver\quarantine\under-review\17mov_CharacterSystem\web\photos\mp_m_freemode_01-helmet_1-181.webp
668697283B5A8CD9DB1F7C7FB68BF531448F80471481EC49855BEFF1979C760A	C:\admirales\script_ver\script_ver\quarantine\under-review\17mov_CharacterSystem\web\photos\mp_m_freemode_01-helmet_1-182.webp
F851E09E64C1966270685AE222CFCEE6647DB4A43FEB3C7DBFA484210A717650	C:\admirales\script_ver\script_ver\quarantine\under-review\17mov_CharacterSystem\web\photos\mp_m_freemode_01-helmet_1-183.webp
0371E70C92CD0A8DAAD69ECFE50996FADF86C451095B3893CCC610A02AD9CBE5	C:\admirales\script_ver\script_ver\quarantine\under-review\17mov_CharacterSystem\web\photos\mp_m_freemode_01-helmet_1-184.webp
B02B684652A65924B2A5C200C71C313DCFBA18D6844D9784C43BAA9548D1F0B6	C:\admirales\script_ver\script_ver\quarantine\under-review\17mov_CharacterSystem\web\photos\mp_m_freemode_01-helmet_1-185.webp
E3C423684A4EA5A9DD4BC965F15C9239F3A836DCBFB4D8E5812C687951C83D14	C:\admirales\script_ver\script_ver\quarantine\under-review\17mov_CharacterSystem\web\photos\mp_m_freemode_01-helmet_1-186.webp
E328EFCFF80C7035D2B5568DC54B7459A3A7E2BD2A006305E171E7F96A3AB94E	C:\admirales\script_ver\script_ver\quarantine\under-review\17mov_CharacterSystem\web\photos\mp_m_freemode_01-helmet_1-187.webp
28A2C83ECDCE28F7F660C9D304D8AC4678E3A2D56BC1A58AB51D4111438D8578	C:\admirales\script_ver\script_ver\quarantine\under-review\17mov_CharacterSystem\web\photos\mp_m_freemode_01-helmet_1-188.webp
AD2D33D8D7E2A8D38472ACE8AFD5DC9D02E219D1D6F887AE880B65F6A606E7DD	C:\admirales\script_ver\script_ver\quarantine\under-review\17mov_CharacterSystem\web\photos\mp_m_freemode_01-helmet_1-189.webp
2C3352A74B6708A329F01F20ABB387AB371EF53F32400EB43C708FDEF8011F71	C:\admirales\script_ver\script_ver\quarantine\under-review\17mov_CharacterSystem\web\photos\mp_m_freemode_01-helmet_1-19.webp
78BA2EF2F247BE33D21795B84868704E1DA4F3211FA2691AA5EE4542AD7F361F	C:\admirales\script_ver\script_ver\quarantine\under-review\17mov_CharacterSystem\web\photos\mp_m_freemode_01-helmet_1-190.webp
F80AF0D27980CD0D7A3AEFCA9BACD511106D0508238CB232439EB7B00854737B	C:\admirales\script_ver\script_ver\quarantine\under-review\17mov_CharacterSystem\web\photos\mp_m_freemode_01-helmet_1-191.webp
F80AF0D27980CD0D7A3AEFCA9BACD511106D0508238CB232439EB7B00854737B	C:\admirales\script_ver\script_ver\quarantine\under-review\17mov_CharacterSystem\web\photos\mp_m_freemode_01-helmet_1-192.webp
E576E11272DFB2C8BEDDC0AE69012777794977869513E3D5C37D78A72F16C2E5	C:\admirales\script_ver\script_ver\quarantine\under-review\17mov_CharacterSystem\web\photos\mp_m_freemode_01-helmet_1-193.webp
CB7BE49BCCE2FC55847070317C697680B2E36A0E95D1BDD7B624A8CFC4EDD438	C:\admirales\script_ver\script_ver\quarantine\under-review\17mov_CharacterSystem\web\photos\mp_m_freemode_01-helmet_1-194.webp
CA890F3EB71333FFAD8A633773774BF6E6C834284882BF62710FE395052873FD	C:\admirales\script_ver\script_ver\quarantine\under-review\17mov_CharacterSystem\web\photos\mp_m_freemode_01-helmet_1-195.webp
5B0D02B66581075DC556596E9A7602C57404CEB815758F4C1C2FF5AD5EA7D62C	C:\admirales\script_ver\script_ver\quarantine\under-review\17mov_CharacterSystem\web\photos\mp_m_freemode_01-helmet_1-196.webp
C9E9829BAF21D3AC0A397F5380FA7B04A76C9D5D7B82FE800EC6BA79D2E1F6DD	C:\admirales\script_ver\script_ver\quarantine\under-review\17mov_CharacterSystem\web\photos\mp_m_freemode_01-helmet_1-197.webp
B39BBF594C76C457BEDE4DAF5E01EFED7DD62D87E7ED8110DC12AA4CA0D32350	C:\admirales\script_ver\script_ver\quarantine\under-review\17mov_CharacterSystem\web\photos\mp_m_freemode_01-helmet_1-198.webp
5473E7A76348BBF8508801E8FD6D6C8C7B5D489D07C091FD13DBFEB45A586875	C:\admirales\script_ver\script_ver\quarantine\under-review\17mov_CharacterSystem\web\photos\mp_m_freemode_01-helmet_1-199.webp
E62AF3C51623D93E4923E9A918A42A5BA196519A1B87564D74225FEF4AB20307	C:\admirales\script_ver\script_ver\quarantine\under-review\17mov_CharacterSystem\web\photos\mp_m_freemode_01-helmet_1-2.webp
4A664D27C8CF82202FD320329180432004877B3C3D8AEE5AF2E01621BABC5393	C:\admirales\script_ver\script_ver\quarantine\under-review\17mov_CharacterSystem\web\photos\mp_m_freemode_01-helmet_1-20.webp
526D4403A73B868B0D0A52D261CD5CF73E6DA2A1A53DEFFB1DBF66F613BE1C77	C:\admirales\script_ver\script_ver\quarantine\under-review\17mov_CharacterSystem\web\photos\mp_m_freemode_01-helmet_1-200.webp
DA751F5BBD80C86A9A7F1B2F386FD84E0260EF159677D63D53FE08BBD0624B3B	C:\admirales\script_ver\script_ver\quarantine\under-review\17mov_CharacterSystem\web\photos\mp_m_freemode_01-helmet_1-201.webp
F80AF0D27980CD0D7A3AEFCA9BACD511106D0508238CB232439EB7B00854737B	C:\admirales\script_ver\script_ver\quarantine\under-review\17mov_CharacterSystem\web\photos\mp_m_freemode_01-helmet_1-202.webp
F80AF0D27980CD0D7A3AEFCA9BACD511106D0508238CB232439EB7B00854737B	C:\admirales\script_ver\script_ver\quarantine\under-review\17mov_CharacterSystem\web\photos\mp_m_freemode_01-helmet_1-203.webp
954F193203F5DD69375AE16108407AAC96D03B0171716AF53453DA55411A25AF	C:\admirales\script_ver\script_ver\quarantine\under-review\17mov_CharacterSystem\web\photos\mp_m_freemode_01-helmet_1-204.webp
64E04D5A328EE6894C278833BCA4ECDD604AB8C87A94566047C23FE06ED91E60	C:\admirales\script_ver\script_ver\quarantine\under-review\17mov_CharacterSystem\web\photos\mp_m_freemode_01-helmet_1-205.webp
5F5EED760685F8B9F11FFAF21C496DFA857C025622C627E1BF784A253957D46E	C:\admirales\script_ver\script_ver\quarantine\under-review\17mov_CharacterSystem\web\photos\mp_m_freemode_01-helmet_1-206.webp
222293AEE5F96C0995FC53E5F50A591BE4985DBB2AB48E26C2599DC525B66F3F	C:\admirales\script_ver\script_ver\quarantine\under-review\17mov_CharacterSystem\web\photos\mp_m_freemode_01-helmet_1-207.webp
F80AF0D27980CD0D7A3AEFCA9BACD511106D0508238CB232439EB7B00854737B	C:\admirales\script_ver\script_ver\quarantine\under-review\17mov_CharacterSystem\web\photos\mp_m_freemode_01-helmet_1-208.webp
F80AF0D27980CD0D7A3AEFCA9BACD511106D0508238CB232439EB7B00854737B	C:\admirales\script_ver\script_ver\quarantine\under-review\17mov_CharacterSystem\web\photos\mp_m_freemode_01-helmet_1-209.webp
B8A0D127A6D3AEBCC44111EB63E82857B5A3A7F50E862A333B324D841C7F36B4	C:\admirales\script_ver\script_ver\quarantine\under-review\17mov_CharacterSystem\web\photos\mp_m_freemode_01-helmet_1-21.webp
033B7BFA73E084FA007BF16E6A12620C514D2747ED246FF925C752ECC45838B1	C:\admirales\script_ver\script_ver\quarantine\under-review\17mov_CharacterSystem\web\photos\mp_m_freemode_01-helmet_1-210.webp
9290505FB4D4F636963A43F2DB6D229A84C48E3C106B6A3B7F483ECA77A33EEB	C:\admirales\script_ver\script_ver\quarantine\under-review\17mov_CharacterSystem\web\photos\mp_m_freemode_01-helmet_1-211.webp
3C8AFA9B69F3777B32EF2D2971D5C164A5365CF46E43CACECEE7BF631B830908	C:\admirales\script_ver\script_ver\quarantine\under-review\17mov_CharacterSystem\web\photos\mp_m_freemode_01-helmet_1-212.webp
EFD9E6A946DE4C4B37F6FA2DA6DD5AE3EE6BD1BB19AB19828C6D5DD1FEFF9129	C:\admirales\script_ver\script_ver\quarantine\under-review\17mov_CharacterSystem\web\photos\mp_m_freemode_01-helmet_1-213.webp
71DD631FC4F0A7D5367507ABAD5F017C3D85806017E0AF898FC2287601381076	C:\admirales\script_ver\script_ver\quarantine\under-review\17mov_CharacterSystem\web\photos\mp_m_freemode_01-helmet_1-214.webp
AA96F4B48204DCA26DAAC075EE9CAE965219DC916D5FC63C58A2D9C10CC18FC7	C:\admirales\script_ver\script_ver\quarantine\under-review\17mov_CharacterSystem\web\photos\mp_m_freemode_01-helmet_1-22.webp
8DD1781DA6F59C8BA5094464D9837707D58701ECED9A5C9A62394BD20EC989A5	C:\admirales\script_ver\script_ver\quarantine\under-review\17mov_CharacterSystem\web\photos\mp_m_freemode_01-helmet_1-23.webp
9A9EABFEAE8538F0CB8AE1D65E2C9A0198C9D239980BD6117CD1988B621952E2	C:\admirales\script_ver\script_ver\quarantine\under-review\17mov_CharacterSystem\web\photos\mp_m_freemode_01-helmet_1-24.webp
07D29FBB60027B0F346A461DC72D55D4863F40B603B29E9C8BB1E09183BF2959	C:\admirales\script_ver\script_ver\quarantine\under-review\17mov_CharacterSystem\web\photos\mp_m_freemode_01-helmet_1-25.webp
3DF355DCDF1A6CB65DA4481F0EC750BC954A400B52A835C866C4F7B8700FA9E0	C:\admirales\script_ver\script_ver\quarantine\under-review\17mov_CharacterSystem\web\photos\mp_m_freemode_01-helmet_1-26.webp
4DC910A35343381A4766203B492C13631B0519A83C868277F19048F6CD0ADEAA	C:\admirales\script_ver\script_ver\quarantine\under-review\17mov_CharacterSystem\web\photos\mp_m_freemode_01-helmet_1-27.webp
C6917EC8C45A523E2FDE2065BE6667B03A53DE9B576369F0F231978E01427A25	C:\admirales\script_ver\script_ver\quarantine\under-review\17mov_CharacterSystem\web\photos\mp_m_freemode_01-helmet_1-28.webp
2B7DD087DB2EF7B14ED2B318B931204629D6627EF79207A999039374A82715F1	C:\admirales\script_ver\script_ver\quarantine\under-review\17mov_CharacterSystem\web\photos\mp_m_freemode_01-helmet_1-29.webp
84A2C1674A09D8C8E83296D7EAFF9FC0D8E86B11FE066ABFF541686AA65442E8	C:\admirales\script_ver\script_ver\quarantine\under-review\17mov_CharacterSystem\web\photos\mp_m_freemode_01-helmet_1-3.webp
A57BEBBE1E47A90630D403603CC838D08A877060AD1AD923CA5DB137B942B116	C:\admirales\script_ver\script_ver\quarantine\under-review\17mov_CharacterSystem\web\photos\mp_m_freemode_01-helmet_1-30.webp
CA79D65A952BDC393B33D6A5C280DECADA3D4CAD3CC0325FEC033B655C90BDCE	C:\admirales\script_ver\script_ver\quarantine\under-review\17mov_CharacterSystem\web\photos\mp_m_freemode_01-helmet_1-31.webp
1883EC73C502DE4E167A1ED26A6451BB5F739AD2E3B2B0D7D93F8BDF93F9FAF0	C:\admirales\script_ver\script_ver\quarantine\under-review\17mov_CharacterSystem\web\photos\mp_m_freemode_01-helmet_1-32.webp
D83C989F97A2BB8A283BBC420A38369D70D9488894E986DB2BE56A6BAC68B05E	C:\admirales\script_ver\script_ver\quarantine\under-review\17mov_CharacterSystem\web\photos\mp_m_freemode_01-helmet_1-33.webp
44A47D0B662437FB19AEAEA4D7307679F466BA5CB86A419049FE577768D193EF	C:\admirales\script_ver\script_ver\quarantine\under-review\17mov_CharacterSystem\web\photos\mp_m_freemode_01-helmet_1-34.webp
3B97A276D9B4252E8D084F04DD1B05554125FF39A46953D5710833D62E361C74	C:\admirales\script_ver\script_ver\quarantine\under-review\17mov_CharacterSystem\web\photos\mp_m_freemode_01-helmet_1-35.webp
F0B7A4D6D35CC14EF5D8ED36F5C816314C35C03428BCD62B26B1B675BC9283AE	C:\admirales\script_ver\script_ver\quarantine\under-review\17mov_CharacterSystem\web\photos\mp_m_freemode_01-helmet_1-36.webp
2DA7A2265797CBD2F6AA7F571BD83B283869081ECA4261F0A4956DF3473871A2	C:\admirales\script_ver\script_ver\quarantine\under-review\17mov_CharacterSystem\web\photos\mp_m_freemode_01-helmet_1-37.webp
01CD1B68A7B168867980D826EC8FEEDB193E32269A428FDD81CA0C50DB33EDB1	C:\admirales\script_ver\script_ver\quarantine\under-review\17mov_CharacterSystem\web\photos\mp_m_freemode_01-helmet_1-38.webp
1F8536923FF9C6CB55494682C04F10B8C341B5EC8459245AE9205681C5D9B49A	C:\admirales\script_ver\script_ver\quarantine\under-review\17mov_CharacterSystem\web\photos\mp_m_freemode_01-helmet_1-39.webp
9E4099AAD55B42EE9E8E04B826055D647DB757473093F724BB41DEE2C71DFB0A	C:\admirales\script_ver\script_ver\quarantine\under-review\17mov_CharacterSystem\web\photos\mp_m_freemode_01-helmet_1-4.webp
B5E9ABFD557D6245D93D4B46BB2FC48FC7A927F24D71DD5AEC975DD9576EB574	C:\admirales\script_ver\script_ver\quarantine\under-review\17mov_CharacterSystem\web\photos\mp_m_freemode_01-helmet_1-40.webp
D0290516817F6573A842BDF253383CAF89EF775F20A94D3407308A19CEF864D6	C:\admirales\script_ver\script_ver\quarantine\under-review\17mov_CharacterSystem\web\photos\mp_m_freemode_01-helmet_1-41.webp
C874AF6104451FEB19B8788BFABA37DC381DCB43A8D3F8D18BAE656C19B762B3	C:\admirales\script_ver\script_ver\quarantine\under-review\17mov_CharacterSystem\web\photos\mp_m_freemode_01-helmet_1-42.webp
5AA8EB984AAF389C7FE2300FD7CA98F1BD2454F1DF43A4F2426210809F3759FD	C:\admirales\script_ver\script_ver\quarantine\under-review\17mov_CharacterSystem\web\photos\mp_m_freemode_01-helmet_1-43.webp
4E84458375066DF0D3F7A0977F05DD2A693125173A482609E3EC7F166D50A100	C:\admirales\script_ver\script_ver\quarantine\under-review\17mov_CharacterSystem\web\photos\mp_m_freemode_01-helmet_1-44.webp
0D9FC10D9098DB5339032C9B64D78784BAC5D756FB4AB0861308562EB26D71F7	C:\admirales\script_ver\script_ver\quarantine\under-review\17mov_CharacterSystem\web\photos\mp_m_freemode_01-helmet_1-45.webp
691D3C258D978057D4AE083F4BAF9B912375FC60C37F9D4F50C21134E9B526EC	C:\admirales\script_ver\script_ver\quarantine\under-review\17mov_CharacterSystem\web\photos\mp_m_freemode_01-helmet_1-46.webp
D0035317A41DA643C0631CE6EE7401799BBDA0FDDA44758797C4C36C6F88211E	C:\admirales\script_ver\script_ver\quarantine\under-review\17mov_CharacterSystem\web\photos\mp_m_freemode_01-helmet_1-47.webp
9D58D046526EADE3C164E8973AAF46CFCCB756214888463AAD5B4554D9BC9C64	C:\admirales\script_ver\script_ver\quarantine\under-review\17mov_CharacterSystem\web\photos\mp_m_freemode_01-helmet_1-48.webp
F15BE18F7AB2D1A75CF2054A36EABA57EB03C6E6A8171C1DE94EE2EE55541CC0	C:\admirales\script_ver\script_ver\quarantine\under-review\17mov_CharacterSystem\web\photos\mp_m_freemode_01-helmet_1-49.webp
21BD6090A583C62BD5FAAECBED108B70CA1DF755E36E8CC0BDCF926ED899A22E	C:\admirales\script_ver\script_ver\quarantine\under-review\17mov_CharacterSystem\web\photos\mp_m_freemode_01-helmet_1-5.webp
634299CC2035C8D8AEA935DABCD58EDFCE727EC98518F7D0FB96FF622A1BE277	C:\admirales\script_ver\script_ver\quarantine\under-review\17mov_CharacterSystem\web\photos\mp_m_freemode_01-helmet_1-50.webp
13B14458CC3DDC3078106DD6750FD5476B75B3561D4636B055E67D66D38A8176	C:\admirales\script_ver\script_ver\quarantine\under-review\17mov_CharacterSystem\web\photos\mp_m_freemode_01-helmet_1-51.webp
405569A273717E928ABA2E53275B6BF87413D2A74A9EFD3AD9CD86BB40F6BE43	C:\admirales\script_ver\script_ver\quarantine\under-review\17mov_CharacterSystem\web\photos\mp_m_freemode_01-helmet_1-52.webp
23852FB236EAB77058F20ADE0B6ECC5605664194629E6D6B3BAD63E2564EED7E	C:\admirales\script_ver\script_ver\quarantine\under-review\17mov_CharacterSystem\web\photos\mp_m_freemode_01-helmet_1-53.webp
0C17FE8058EC8847A5A5AB3E425B2B85147E76308221C51731C7C497EE62342D	C:\admirales\script_ver\script_ver\quarantine\under-review\17mov_CharacterSystem\web\photos\mp_m_freemode_01-helmet_1-54.webp
122AD4FD9EEBBE045832F72EF0276F7AD7013EA55720539F5FDA420D257AC239	C:\admirales\script_ver\script_ver\quarantine\under-review\17mov_CharacterSystem\web\photos\mp_m_freemode_01-helmet_1-55.webp
02E59B3E06738B980AFB76B149DB499CAE7A267536CDB2C39CC2F31AD0264471	C:\admirales\script_ver\script_ver\quarantine\under-review\17mov_CharacterSystem\web\photos\mp_m_freemode_01-helmet_1-56.webp
AC592E0F2DB200DBE75968F09C5B25B1EBFAD5296E44814F3FA0D9FEA72E8B0C	C:\admirales\script_ver\script_ver\quarantine\under-review\17mov_CharacterSystem\web\photos\mp_m_freemode_01-helmet_1-57.webp
A12843A90D06B9AAFF44D7D6B7A3356E3F5472A989A28923F5C535B61E043BFF	C:\admirales\script_ver\script_ver\quarantine\under-review\17mov_CharacterSystem\web\photos\mp_m_freemode_01-helmet_1-58.webp
3FFA7BD7239BFCF870C2D8579514763D11F0C14CF110AA97D099DBE44B3E36D0	C:\admirales\script_ver\script_ver\quarantine\under-review\17mov_CharacterSystem\web\photos\mp_m_freemode_01-helmet_1-59.webp
A22053C6B2E16ACBB81FD314A1FD7B74000D72ADB8981C04A5315C63E1706484	C:\admirales\script_ver\script_ver\quarantine\under-review\17mov_CharacterSystem\web\photos\mp_m_freemode_01-helmet_1-6.webp
D779714484C1A943716506FBEDC3398CEA0CED5EAFB36017E8E1F6CB31523701	C:\admirales\script_ver\script_ver\quarantine\under-review\17mov_CharacterSystem\web\photos\mp_m_freemode_01-helmet_1-60.webp
633230AB43B8F95AE0FFC2E5892446D815DDAC958F98EF024A0F5C1CEA466B24	C:\admirales\script_ver\script_ver\quarantine\under-review\17mov_CharacterSystem\web\photos\mp_m_freemode_01-helmet_1-61.webp
1067CCC28F3E278E5C8167781C9DB1BEA52D2E2C39BD426AB61FE8CF4EBD0497	C:\admirales\script_ver\script_ver\quarantine\under-review\17mov_CharacterSystem\web\photos\mp_m_freemode_01-helmet_1-62.webp
0889031ED247E714A5029576491D2D92729D5574D1D60FA107E8CF4BE516306B	C:\admirales\script_ver\script_ver\quarantine\under-review\17mov_CharacterSystem\web\photos\mp_m_freemode_01-helmet_1-63.webp
66CEA8BCFA08384F248CD1CA46D7426AEBEC5EC3CAB08C7A20F20EE33B5350A0	C:\admirales\script_ver\script_ver\quarantine\under-review\17mov_CharacterSystem\web\photos\mp_m_freemode_01-helmet_1-64.webp
CA8F2CC87BA9D44344A0F95DE20EBE96012783D3DAA3FBDA3A1880B9DF985ECD	C:\admirales\script_ver\script_ver\quarantine\under-review\17mov_CharacterSystem\web\photos\mp_m_freemode_01-helmet_1-65.webp
E444CC689120CEB4FA6BADCB29B1356F1BFC5254E52EE3300CEAE51BF8BE8D0B	C:\admirales\script_ver\script_ver\quarantine\under-review\17mov_CharacterSystem\web\photos\mp_m_freemode_01-helmet_1-66.webp
D3AAFAEFE731ECC044E4F1A334B81A92908BC9D7029691DEC9189569BDE2C77C	C:\admirales\script_ver\script_ver\quarantine\under-review\17mov_CharacterSystem\web\photos\mp_m_freemode_01-helmet_1-67.webp
C2899646AF8DFDD713B876628387DD6A05DBA9238F6D477FB7A98C917C003C6D	C:\admirales\script_ver\script_ver\quarantine\under-review\17mov_CharacterSystem\web\photos\mp_m_freemode_01-helmet_1-68.webp
321B4C3442A5CB3255980433FB4E958EB8ABE8A8BAA56037F2821B64462D4B56	C:\admirales\script_ver\script_ver\quarantine\under-review\17mov_CharacterSystem\web\photos\mp_m_freemode_01-helmet_1-69.webp
3A8E7AC55876A2EA5249CBD334A8FE84FAFDA6DE6723DCD9B73DAE814533C5C8	C:\admirales\script_ver\script_ver\quarantine\under-review\17mov_CharacterSystem\web\photos\mp_m_freemode_01-helmet_1-7.webp
5DBCD4303311B79F8737FD5A807DD9196659AC160C983BBAC4CA08BBEE2F652B	C:\admirales\script_ver\script_ver\quarantine\under-review\17mov_CharacterSystem\web\photos\mp_m_freemode_01-helmet_1-70.webp
1FFF57AF05598FE75ACE6F8638D637F157C5C9A2E10368989FA86804DEEA58F1	C:\admirales\script_ver\script_ver\quarantine\under-review\17mov_CharacterSystem\web\photos\mp_m_freemode_01-helmet_1-71.webp
97BDF4CC3388093110763546D1A844C1CB7E00E9F3C76A4D6A924A2B5A956B9E	C:\admirales\script_ver\script_ver\quarantine\under-review\17mov_CharacterSystem\web\photos\mp_m_freemode_01-helmet_1-72.webp
AF6FF071F3BFDF49881466152C7460B6FFEA7D6518D7A6EE6EBFD3A4865A07B3	C:\admirales\script_ver\script_ver\quarantine\under-review\17mov_CharacterSystem\web\photos\mp_m_freemode_01-helmet_1-73.webp
D5153CAF3424836357BBF2EB6B0DB4515FD12F714C62629D892936FDF1BE1D28	C:\admirales\script_ver\script_ver\quarantine\under-review\17mov_CharacterSystem\web\photos\mp_m_freemode_01-helmet_1-74.webp
16559546A731F8A817B14C118F11BAD27B8ECE1F8190003D8DCC6E71639E0A37	C:\admirales\script_ver\script_ver\quarantine\under-review\17mov_CharacterSystem\web\photos\mp_m_freemode_01-helmet_1-75.webp
F08A3A7AF58B70012CFA3AF9CC46AEF3ED160AD97CDF380290DBF2991BE34BB8	C:\admirales\script_ver\script_ver\quarantine\under-review\17mov_CharacterSystem\web\photos\mp_m_freemode_01-helmet_1-76.webp
F3E22FCD721BFA4FE92B67FC0E41221B537F0D4F97C98C93AE7430581B10DD79	C:\admirales\script_ver\script_ver\quarantine\under-review\17mov_CharacterSystem\web\photos\mp_m_freemode_01-helmet_1-77.webp
FFA801FAC947CFD8926F14D89031A788A29CFA79C400CF9CA5B6FFBAB3DF8F4B	C:\admirales\script_ver\script_ver\quarantine\under-review\17mov_CharacterSystem\web\photos\mp_m_freemode_01-helmet_1-78.webp
381C1CF3714BC691CB08C5038184707A713E855260DF6D3A9F1DBDD5B32C7083	C:\admirales\script_ver\script_ver\quarantine\under-review\17mov_CharacterSystem\web\photos\mp_m_freemode_01-helmet_1-79.webp
22DDD748FFC8E4512C7711BC7312783440C9A3F466F03DF40D7E607FEFC6278E	C:\admirales\script_ver\script_ver\quarantine\under-review\17mov_CharacterSystem\web\photos\mp_m_freemode_01-helmet_1-8.webp
682B2193B2AC9306A3B42275DBDE34B72EE89EC95CB05A70B8269F916794459B	C:\admirales\script_ver\script_ver\quarantine\under-review\17mov_CharacterSystem\web\photos\mp_m_freemode_01-helmet_1-80.webp
9E689750712DDEE40F788B501826ACA181680DFA92E777161AF6568D637727DE	C:\admirales\script_ver\script_ver\quarantine\under-review\17mov_CharacterSystem\web\photos\mp_m_freemode_01-helmet_1-81.webp
B91E80B00A5B1DB51F14F34489BD5DFEC25E64BEA6CF8B7650602E5CDB595B97	C:\admirales\script_ver\script_ver\quarantine\under-review\17mov_CharacterSystem\web\photos\mp_m_freemode_01-helmet_1-82.webp
818FDDE7FAF2B0D7F6507D6B163A22A0CF3909789D34D89BDFCE3AD00F956F2A	C:\admirales\script_ver\script_ver\quarantine\under-review\17mov_CharacterSystem\web\photos\mp_m_freemode_01-helmet_1-83.webp
A491869650F56A1C9A9EF8D097E70BCA07904B56BEBAA8E75E24031C0B4E50E4	C:\admirales\script_ver\script_ver\quarantine\under-review\17mov_CharacterSystem\web\photos\mp_m_freemode_01-helmet_1-84.webp
878083FDC6391AD3275AF471D9159CC5242EA641E1E3727FF5225B365D8CB9C9	C:\admirales\script_ver\script_ver\quarantine\under-review\17mov_CharacterSystem\web\photos\mp_m_freemode_01-helmet_1-85.webp
0914056739A5CD2CB0B43D8D016767F039F04CC54C2E5430427EFB06A646D772	C:\admirales\script_ver\script_ver\quarantine\under-review\17mov_CharacterSystem\web\photos\mp_m_freemode_01-helmet_1-86.webp
EA3B63C185AEB0DF9812E4DEB7D15DC98BFC78EEBD9B8C516CB49029FB7AE662	C:\admirales\script_ver\script_ver\quarantine\under-review\17mov_CharacterSystem\web\photos\mp_m_freemode_01-helmet_1-87.webp
F343F21C10C5F4C326206992D8B25C6B3C12D176E667CCA5BDB5BBB50AD14049	C:\admirales\script_ver\script_ver\quarantine\under-review\17mov_CharacterSystem\web\photos\mp_m_freemode_01-helmet_1-88.webp
F3BF5DB330A4F92078D6FB465EC36D8AD57A02DBE1FA4EC00FDAE908AA71390C	C:\admirales\script_ver\script_ver\quarantine\under-review\17mov_CharacterSystem\web\photos\mp_m_freemode_01-helmet_1-89.webp
043FD1C7A4CE1D0150FFF15D1C3D0B088638A1314183D29B7EEE70BCE371AA16	C:\admirales\script_ver\script_ver\quarantine\under-review\17mov_CharacterSystem\web\photos\mp_m_freemode_01-helmet_1-9.webp
767DADD8E72180864F1A087817F853894242A19700BCA1DB2DD5EA55A527B290	C:\admirales\script_ver\script_ver\quarantine\under-review\17mov_CharacterSystem\web\photos\mp_m_freemode_01-helmet_1-90.webp
8EDA81737E75E681273EAF3466EBD70C51B56E21015EB0AD6BA630066B3F7BF9	C:\admirales\script_ver\script_ver\quarantine\under-review\17mov_CharacterSystem\web\photos\mp_m_freemode_01-helmet_1-91.webp
A5165BE729F16D6889E04EDC5D64B464696639ED39C7DC9B84EC78FC00E3B297	C:\admirales\script_ver\script_ver\quarantine\under-review\17mov_CharacterSystem\web\photos\mp_m_freemode_01-helmet_1-92.webp
034583D7B33FE20A0604AF3D2550575DA7FB28B3BBAD6E0CFB53B1042233A11E	C:\admirales\script_ver\script_ver\quarantine\under-review\17mov_CharacterSystem\web\photos\mp_m_freemode_01-helmet_1-93.webp
31F143CD534C2AFBE8B82A3B6BB6CACF5C95D238A7A9BF848127E0BC08D860CB	C:\admirales\script_ver\script_ver\quarantine\under-review\17mov_CharacterSystem\web\photos\mp_m_freemode_01-helmet_1-94.webp
DF7BABF5613E24F2D3F3A13CFEC558AB8ACC3E14D0710C1625382616AC6F4028	C:\admirales\script_ver\script_ver\quarantine\under-review\17mov_CharacterSystem\web\photos\mp_m_freemode_01-helmet_1-95.webp
6144004B0FD95B9A37E0A27ACC96771611461F5F2370B3A42A5BDCB8A227F053	C:\admirales\script_ver\script_ver\quarantine\under-review\17mov_CharacterSystem\web\photos\mp_m_freemode_01-helmet_1-96.webp
CE9F93DBD51C2CFB0792BAAB86CE8352E16E3DF10D386C49A333BB21A788B176	C:\admirales\script_ver\script_ver\quarantine\under-review\17mov_CharacterSystem\web\photos\mp_m_freemode_01-helmet_1-97.webp
04522B54513820101058643D6A4E09ED65B25EE06A785D6C61DCFE517D6DF0BF	C:\admirales\script_ver\script_ver\quarantine\under-review\17mov_CharacterSystem\web\photos\mp_m_freemode_01-helmet_1-98.webp
82157D6BEBA2EF96ECB787C8DEF1FBE954A295474DCA0B31DA10159D112ECBD0	C:\admirales\script_ver\script_ver\quarantine\under-review\17mov_CharacterSystem\web\photos\mp_m_freemode_01-helmet_1-99.webp
7B64C2278E3CF65068E063EBBE350C9B057D87CD1C1D8FA2776893488D51A5E8	C:\admirales\script_ver\script_ver\quarantine\under-review\17mov_CharacterSystem\web\photos\mp_m_freemode_01-mask_1-0.webp
42733C9129B3F89A8638FC25FB3FD34211640EA28DDF9D5E32889A31797AA844	C:\admirales\script_ver\script_ver\quarantine\under-review\17mov_CharacterSystem\web\photos\mp_m_freemode_01-mask_1-1.webp
000CCBDF23DEE4841EB3E2F6B13DA4F55FC606703D50087B186F030509ADF9EC	C:\admirales\script_ver\script_ver\quarantine\under-review\17mov_CharacterSystem\web\photos\mp_m_freemode_01-mask_1-10.webp
C9103B5B3BD283BE7F98B41E074BFA4C1CC63390BF93F5D7656E2EAF95D5D0B5	C:\admirales\script_ver\script_ver\quarantine\under-review\17mov_CharacterSystem\web\photos\mp_m_freemode_01-mask_1-100.webp
0A709598F4C90134C66EAEB999266D2CB7774B15F372FE3B14A50B3B66C0BE17	C:\admirales\script_ver\script_ver\quarantine\under-review\17mov_CharacterSystem\web\photos\mp_m_freemode_01-mask_1-101.webp
27AE9979E33D0B886753DAAC89FFE064C9D32D716457E702A1C6D331D8E32765	C:\admirales\script_ver\script_ver\quarantine\under-review\17mov_CharacterSystem\web\photos\mp_m_freemode_01-mask_1-102.webp
C2B5A6ADD4464BD1876FE0F5CEA07584BB0B6766D6CBCF5990EA62417C8C6301	C:\admirales\script_ver\script_ver\quarantine\under-review\17mov_CharacterSystem\web\photos\mp_m_freemode_01-mask_1-103.webp
5A12192E08F38F6FDCD792FBBCB61898E5684700DA41058D3C7C161FFFE2395E	C:\admirales\script_ver\script_ver\quarantine\under-review\17mov_CharacterSystem\web\photos\mp_m_freemode_01-mask_1-104.webp
8BCC89D4E778AA8294152E4DB539B4084A9F81FACF2518001F7C09FC85DF077C	C:\admirales\script_ver\script_ver\quarantine\under-review\17mov_CharacterSystem\web\photos\mp_m_freemode_01-mask_1-105.webp
B4EBD85856D46CEC705D46DB74B1EA8E98458A0FFE2A4907C6946C33466B7BD6	C:\admirales\script_ver\script_ver\quarantine\under-review\17mov_CharacterSystem\web\photos\mp_m_freemode_01-mask_1-106.webp
032D20FF1622D961E02FFE5187981EB3BE78434030513EB7C80C647824E6AC86	C:\admirales\script_ver\script_ver\quarantine\under-review\17mov_CharacterSystem\web\photos\mp_m_freemode_01-mask_1-107.webp
922BC589FA79D3184E0D34DC9F4FA6EFBE99457B15B768BF675A315B5D3A8C37	C:\admirales\script_ver\script_ver\quarantine\under-review\17mov_CharacterSystem\web\photos\mp_m_freemode_01-mask_1-108.webp
32F32B5A8C45011128D957800CDD03DF87870F0DE6B4B25A93CC91E2979CC1AA	C:\admirales\script_ver\script_ver\quarantine\under-review\17mov_CharacterSystem\web\photos\mp_m_freemode_01-mask_1-109.webp
8FC8BB35410A8D4159179E274670791F38632776751FA37EE114CBCACAD718E3	C:\admirales\script_ver\script_ver\quarantine\under-review\17mov_CharacterSystem\web\photos\mp_m_freemode_01-mask_1-11.webp
FD16B7234A210DE91DCDABB57484C866877D57927BE11A04386BE79BE07CFBD8	C:\admirales\script_ver\script_ver\quarantine\under-review\17mov_CharacterSystem\web\photos\mp_m_freemode_01-mask_1-110.webp
A773AF3866456D8F4C152B9F2A02A79D3FCB1A76D5B6AAB1EA5C0A348B6237E5	C:\admirales\script_ver\script_ver\quarantine\under-review\17mov_CharacterSystem\web\photos\mp_m_freemode_01-mask_1-111.webp
98BAF2C8D9FD4DA32E3138395E52536059F56322451CE6293714729BA9AF8ECB	C:\admirales\script_ver\script_ver\quarantine\under-review\17mov_CharacterSystem\web\photos\mp_m_freemode_01-mask_1-112.webp
13E1C2F97D142A2951C7454E8A740299D1E5979933D9BF6116FA2D8DB37B22BB	C:\admirales\script_ver\script_ver\quarantine\under-review\17mov_CharacterSystem\web\photos\mp_m_freemode_01-mask_1-113.webp
0EB183529F4A3F8B66F684AE474DCC8B440600CB60E3A59E037E50A076086992	C:\admirales\script_ver\script_ver\quarantine\under-review\17mov_CharacterSystem\web\photos\mp_m_freemode_01-mask_1-114.webp
725D94B22C95C87145396053ECF3E96DF0499377E02956A855A62AA26F99F5E3	C:\admirales\script_ver\script_ver\quarantine\under-review\17mov_CharacterSystem\web\photos\mp_m_freemode_01-mask_1-115.webp
B765BF306D1AADF703FA20D1A8575280B11AFF2EDD6F3334CFCD59A1BF8CCB24	C:\admirales\script_ver\script_ver\quarantine\under-review\17mov_CharacterSystem\web\photos\mp_m_freemode_01-mask_1-116.webp
446D867301746BA8EFD8C3FBAB79A873C5DD676236FF9AF2C067F938BB3613C4	C:\admirales\script_ver\script_ver\quarantine\under-review\17mov_CharacterSystem\web\photos\mp_m_freemode_01-mask_1-117.webp
59ED3029BDEFCE95F362AEFAB510A24F965E70D1C0B17C1AD7C4971A80BD1DFD	C:\admirales\script_ver\script_ver\quarantine\under-review\17mov_CharacterSystem\web\photos\mp_m_freemode_01-mask_1-118.webp
3D6D66A0001C439EFA7A40866E278A40B50F8AD35EFCFE1F92ACF804ABDD794B	C:\admirales\script_ver\script_ver\quarantine\under-review\17mov_CharacterSystem\web\photos\mp_m_freemode_01-mask_1-119.webp
62FF77E402CF0F3892AD7DF4B3488C72D8334BEC1000D90E3D97F00A2D0C815A	C:\admirales\script_ver\script_ver\quarantine\under-review\17mov_CharacterSystem\web\photos\mp_m_freemode_01-mask_1-12.webp
169C6B0B03347C9F3F44BAD862D55F5CD26E101CC629169AE8938DFCD9CD782E	C:\admirales\script_ver\script_ver\quarantine\under-review\17mov_CharacterSystem\web\photos\mp_m_freemode_01-mask_1-120.webp
F84E3634F2A5FE20C2B2BD88F6177E2C934D070838722E07E8BE8E84CF42D21A	C:\admirales\script_ver\script_ver\quarantine\under-review\17mov_CharacterSystem\web\photos\mp_m_freemode_01-mask_1-121.webp
2447B4F54CB63A2BAECD17C694E927C208229D419191DD45B217502288A8B15B	C:\admirales\script_ver\script_ver\quarantine\under-review\17mov_CharacterSystem\web\photos\mp_m_freemode_01-mask_1-122.webp
F715ECA7BAA050BDA158AB6989002A9D3B768DF363A40DF5BC12B563CF32EA99	C:\admirales\script_ver\script_ver\quarantine\under-review\17mov_CharacterSystem\web\photos\mp_m_freemode_01-mask_1-123.webp
9DF8CB419DB27715E3BBEAEF86CA2BF9641B1C1E2BC9E9F47B6D6C97A8D62CD7	C:\admirales\script_ver\script_ver\quarantine\under-review\17mov_CharacterSystem\web\photos\mp_m_freemode_01-mask_1-124.webp
AB9E6469DC8323E6F29DD52BA372B303AA59CB0748D3EA370625FE1ECB01A5D9	C:\admirales\script_ver\script_ver\quarantine\under-review\17mov_CharacterSystem\web\photos\mp_m_freemode_01-mask_1-125.webp
B833AA3F2370F1F9FC44BAADD25B89FA4F0E37BEF893B0BC582704E9F0C66D15	C:\admirales\script_ver\script_ver\quarantine\under-review\17mov_CharacterSystem\web\photos\mp_m_freemode_01-mask_1-126.webp
490CD40C8DE79737726450FC3F97650FDE167A7BC519091372C3033488B3A3F0	C:\admirales\script_ver\script_ver\quarantine\under-review\17mov_CharacterSystem\web\photos\mp_m_freemode_01-mask_1-127.webp
29583B8AFB60F2EBFE8F9152BBE41D15D1F079BA2F4E88A3B48A022AC16AB71A	C:\admirales\script_ver\script_ver\quarantine\under-review\17mov_CharacterSystem\web\photos\mp_m_freemode_01-mask_1-128.webp
B336AB29718F1E55212DC875CF60422B679E2BC65F3532D395F980D5E1418838	C:\admirales\script_ver\script_ver\quarantine\under-review\17mov_CharacterSystem\web\photos\mp_m_freemode_01-mask_1-129.webp
27FDEE7EC7082AA19EE83B01A3B4D4F43C3A1D940F62710AF0AF17B2813262BC	C:\admirales\script_ver\script_ver\quarantine\under-review\17mov_CharacterSystem\web\photos\mp_m_freemode_01-mask_1-13.webp
29CDEDFD5B3C1A7C72D3591238638A829C58C8C8F4B7206FC2A5246AC9F276EE	C:\admirales\script_ver\script_ver\quarantine\under-review\17mov_CharacterSystem\web\photos\mp_m_freemode_01-mask_1-130.webp
A22C62B37A04E1E1CDB8F5890D09CBA7510E0CAB13BF6D226D9751FC7ABA55FC	C:\admirales\script_ver\script_ver\quarantine\under-review\17mov_CharacterSystem\web\photos\mp_m_freemode_01-mask_1-131.webp
3B7052E51A74A6B3A0D67A7417E0B80824843EA39747355F7AD4A53601C98744	C:\admirales\script_ver\script_ver\quarantine\under-review\17mov_CharacterSystem\web\photos\mp_m_freemode_01-mask_1-132.webp
5C882982B4432C78CC5EE49DBE4F60275851EC8F1F637178B8DCDCC75E76D58A	C:\admirales\script_ver\script_ver\quarantine\under-review\17mov_CharacterSystem\web\photos\mp_m_freemode_01-mask_1-133.webp
12B573BF15B5C5482E9ACC8EA2BEB1E0710B5ED6CF981AA47836545550851663	C:\admirales\script_ver\script_ver\quarantine\under-review\17mov_CharacterSystem\web\photos\mp_m_freemode_01-mask_1-134.webp
D3E92A131BC1ACC2D39742B41B6600A075616EF37346014C9AF900A96356EE8B	C:\admirales\script_ver\script_ver\quarantine\under-review\17mov_CharacterSystem\web\photos\mp_m_freemode_01-mask_1-135.webp
3340B8BC02FD2CAEA9AEED32E1EDA09DE5124B0380B227C468CAB90C9F552264	C:\admirales\script_ver\script_ver\quarantine\under-review\17mov_CharacterSystem\web\photos\mp_m_freemode_01-mask_1-136.webp
4AA1BF9CE164FB0BC2440DE4257A5615E46C98DAE79AB8EE201C7B712D2E00A3	C:\admirales\script_ver\script_ver\quarantine\under-review\17mov_CharacterSystem\web\photos\mp_m_freemode_01-mask_1-137.webp
17400F5B56B91E1DAC1EBCB4B5B756CC1576B7AB91AFB166482D8BEA38134A0D	C:\admirales\script_ver\script_ver\quarantine\under-review\17mov_CharacterSystem\web\photos\mp_m_freemode_01-mask_1-138.webp
BDC65D843EAB31B83827ED41A77298EA621B90BC8ECECC33433437E1C1ABB6BB	C:\admirales\script_ver\script_ver\quarantine\under-review\17mov_CharacterSystem\web\photos\mp_m_freemode_01-mask_1-139.webp
1470D7AA35C2D5BE2FBDD01262747240D65FC5C74F2FB841E9C65403C95A2DC7	C:\admirales\script_ver\script_ver\quarantine\under-review\17mov_CharacterSystem\web\photos\mp_m_freemode_01-mask_1-14.webp
485BFFEB2F37770072D08891F083D67E6EC13D9AF47EE58EAB2637F6CDF48A73	C:\admirales\script_ver\script_ver\quarantine\under-review\17mov_CharacterSystem\web\photos\mp_m_freemode_01-mask_1-140.webp
E8FECDC0675DC437AC7570683647B55F95B76081F61EBBDDC6ABD27E4DCEBDCD	C:\admirales\script_ver\script_ver\quarantine\under-review\17mov_CharacterSystem\web\photos\mp_m_freemode_01-mask_1-141.webp
4608F1EC2446E2E2376E5F533D2A200019D4E08E704362F24D892924A2564049	C:\admirales\script_ver\script_ver\quarantine\under-review\17mov_CharacterSystem\web\photos\mp_m_freemode_01-mask_1-142.webp
F024B23876B091A48BFB42199979EA66D13ACBF58C58B49CCCF2F508249F4330	C:\admirales\script_ver\script_ver\quarantine\under-review\17mov_CharacterSystem\web\photos\mp_m_freemode_01-mask_1-143.webp
F6A7838A555083DED9C5F2933EA70F80FBCF9D2AEA138575F8C07DD7D51D6694	C:\admirales\script_ver\script_ver\quarantine\under-review\17mov_CharacterSystem\web\photos\mp_m_freemode_01-mask_1-144.webp
42B9D2BCB787D2509D01F96A2CB118E96E08E798EE2D2997E1CA412C4BEF2828	C:\admirales\script_ver\script_ver\quarantine\under-review\17mov_CharacterSystem\web\photos\mp_m_freemode_01-mask_1-145.webp
BA9D80AF7338D84688C37F84C76147354600001AF8389A0A45F8C253D9FA339E	C:\admirales\script_ver\script_ver\quarantine\under-review\17mov_CharacterSystem\web\photos\mp_m_freemode_01-mask_1-146.webp
685D20E2CB736E1A7C22FC323776F05DB1D607D28C61D5C6FE0F1B8AE108568C	C:\admirales\script_ver\script_ver\quarantine\under-review\17mov_CharacterSystem\web\photos\mp_m_freemode_01-mask_1-147.webp
9F599547EC3FC4DD88ADF6AD766DBEF51AB5FA95440AB98DE24F10997196FC30	C:\admirales\script_ver\script_ver\quarantine\under-review\17mov_CharacterSystem\web\photos\mp_m_freemode_01-mask_1-148.webp
4C3223DBDD4450250C69C76209742003065D3053A47D92AD9729F01658240031	C:\admirales\script_ver\script_ver\quarantine\under-review\17mov_CharacterSystem\web\photos\mp_m_freemode_01-mask_1-149.webp
786589FC9F01A3DD192BCEE50B09763C2035FD5173D124997394ED21CF2134ED	C:\admirales\script_ver\script_ver\quarantine\under-review\17mov_CharacterSystem\web\photos\mp_m_freemode_01-mask_1-15.webp
4B88BAF019530C666B449F40978F2C582B97D38CA99D4FF708FE5779B9397E2B	C:\admirales\script_ver\script_ver\quarantine\under-review\17mov_CharacterSystem\web\photos\mp_m_freemode_01-mask_1-150.webp
E2E11497FFAA6C6C3AD6549C7143AC045B2D79829E594E5CD924619C4B8D3196	C:\admirales\script_ver\script_ver\quarantine\under-review\17mov_CharacterSystem\web\photos\mp_m_freemode_01-mask_1-151.webp
7EFB218F67944E07023902D60E47F6D7DC8DA7306213A131F1C97E79DA20079B	C:\admirales\script_ver\script_ver\quarantine\under-review\17mov_CharacterSystem\web\photos\mp_m_freemode_01-mask_1-152.webp
B1754EAEB6AA2178357888BB46115E9B767E8ED4CFFD000A2D7A914DD4D4DA5E	C:\admirales\script_ver\script_ver\quarantine\under-review\17mov_CharacterSystem\web\photos\mp_m_freemode_01-mask_1-153.webp
62E466B7F417CF07AF706D3CE7DBB36B01B9F68ACAA19A15FDEC4779E7E3C4CF	C:\admirales\script_ver\script_ver\quarantine\under-review\17mov_CharacterSystem\web\photos\mp_m_freemode_01-mask_1-154.webp
E70A9288DF6AD76B8C15AF1D6DE2948E1492DAEE9AB818C64AFE3490AA0EA0A8	C:\admirales\script_ver\script_ver\quarantine\under-review\17mov_CharacterSystem\web\photos\mp_m_freemode_01-mask_1-155.webp
B9E1383869F9F7424FDEA2F462BEBCE8164FBA12518B9A335289DF6951E762C0	C:\admirales\script_ver\script_ver\quarantine\under-review\17mov_CharacterSystem\web\photos\mp_m_freemode_01-mask_1-156.webp
4CF62705B6DDB737CB66E30FBC52A93B0135BCABF6F695672CC7056E3E7035AE	C:\admirales\script_ver\script_ver\quarantine\under-review\17mov_CharacterSystem\web\photos\mp_m_freemode_01-mask_1-157.webp
E43FC76560B6885F843AF93F9DCDCC8416B5672DF131B43074F087FE3C19A2E0	C:\admirales\script_ver\script_ver\quarantine\under-review\17mov_CharacterSystem\web\photos\mp_m_freemode_01-mask_1-158.webp
EEB759292ADDF0B9D42BAB909AE2DF2042069549908AC960C995F9C513B03D2F	C:\admirales\script_ver\script_ver\quarantine\under-review\17mov_CharacterSystem\web\photos\mp_m_freemode_01-mask_1-159.webp
07FABE8CEDC970A27B4AEEFA79ADF4AF808E5509F3FB34BD66D630795E6C438B	C:\admirales\script_ver\script_ver\quarantine\under-review\17mov_CharacterSystem\web\photos\mp_m_freemode_01-mask_1-16.webp
26591DA507563E57C46B3A8085FBF85FAAFB98E1AF4B1EEB032B19B0728A8365	C:\admirales\script_ver\script_ver\quarantine\under-review\17mov_CharacterSystem\web\photos\mp_m_freemode_01-mask_1-160.webp
E3263A6DCE711920C23D4591D1C3F3019C0523C020FB482EBC2BB151C9F5E007	C:\admirales\script_ver\script_ver\quarantine\under-review\17mov_CharacterSystem\web\photos\mp_m_freemode_01-mask_1-161.webp
EC11911B000011F675BAC75D5E83483C052BC85B44B3D55069BD83C4640E84E0	C:\admirales\script_ver\script_ver\quarantine\under-review\17mov_CharacterSystem\web\photos\mp_m_freemode_01-mask_1-162.webp
750192541B608CBF58F44FB441059C45526320DFF303CA64D0CFAFBF70735BEE	C:\admirales\script_ver\script_ver\quarantine\under-review\17mov_CharacterSystem\web\photos\mp_m_freemode_01-mask_1-163.webp
461C1ACE964935E4170AF527B91DF74CFC9052B018704195599D390D5E9D2638	C:\admirales\script_ver\script_ver\quarantine\under-review\17mov_CharacterSystem\web\photos\mp_m_freemode_01-mask_1-164.webp
9781FF5B99F20E2C0D9913D5B064607554ADEB658E03C61D7B4020D2FD580504	C:\admirales\script_ver\script_ver\quarantine\under-review\17mov_CharacterSystem\web\photos\mp_m_freemode_01-mask_1-165.webp
E9140E8D1EFDAA4B77C74EE5317BC9DEFD86098CF7B386CB02D2CC63D81990A5	C:\admirales\script_ver\script_ver\quarantine\under-review\17mov_CharacterSystem\web\photos\mp_m_freemode_01-mask_1-166.webp
511EB0C8DB32282B74561FB081A9F5505A7746E1676D798CAD39748D31F088AC	C:\admirales\script_ver\script_ver\quarantine\under-review\17mov_CharacterSystem\web\photos\mp_m_freemode_01-mask_1-167.webp
FCCA60273D32C0FCD1DC78AA55A4C8F556D0757F54BFE856B622E95B89608E2E	C:\admirales\script_ver\script_ver\quarantine\under-review\17mov_CharacterSystem\web\photos\mp_m_freemode_01-mask_1-168.webp
274942DA51503A5D0E728A667AE8C655C1AED1B09331FA8FCEF306826FE01836	C:\admirales\script_ver\script_ver\quarantine\under-review\17mov_CharacterSystem\web\photos\mp_m_freemode_01-mask_1-169.webp
6E95095A83DC25C67738BA9E6963C03CDF90F4A00F5BB5030885106E9CAAE0BD	C:\admirales\script_ver\script_ver\quarantine\under-review\17mov_CharacterSystem\web\photos\mp_m_freemode_01-mask_1-17.webp
87A70A57DE7C8C2ADB6ACF8E5CB27492BC71C7E601635ABB97C785F6C817B674	C:\admirales\script_ver\script_ver\quarantine\under-review\17mov_CharacterSystem\web\photos\mp_m_freemode_01-mask_1-170.webp
F18225AC24B15351A1B2CFEFC4B964AF8B98218F76CF50259A76829597AA092B	C:\admirales\script_ver\script_ver\quarantine\under-review\17mov_CharacterSystem\web\photos\mp_m_freemode_01-mask_1-171.webp
7E76BC487F36D92DD414E6A4C7300D6225B6982A85625D1A2113ABCB4C8BD675	C:\admirales\script_ver\script_ver\quarantine\under-review\17mov_CharacterSystem\web\photos\mp_m_freemode_01-mask_1-172.webp
D2ED8837894B7E765B84F68640DDAC0BA938B48EE276B68E41A5E12ADDCFA461	C:\admirales\script_ver\script_ver\quarantine\under-review\17mov_CharacterSystem\web\photos\mp_m_freemode_01-mask_1-173.webp
8C64C68F0940A409888BE7F28163EA2958479E85D91C1B72F35F35319D3D661A	C:\admirales\script_ver\script_ver\quarantine\under-review\17mov_CharacterSystem\web\photos\mp_m_freemode_01-mask_1-174.webp
070DEAC74EE4AC971C8BCF26EE4A9789A0447947C196AFCE5A2638A3DE98F9B5	C:\admirales\script_ver\script_ver\quarantine\under-review\17mov_CharacterSystem\web\photos\mp_m_freemode_01-mask_1-175.webp
FCB16FDB3218588D8A0C534C03F79BAF0F1E442163A88943247A786591C3E355	C:\admirales\script_ver\script_ver\quarantine\under-review\17mov_CharacterSystem\web\photos\mp_m_freemode_01-mask_1-176.webp
C371099A1DA68C9DCD59B33CE372136D0F39333AE14B57790B07654EA9EC92D7	C:\admirales\script_ver\script_ver\quarantine\under-review\17mov_CharacterSystem\web\photos\mp_m_freemode_01-mask_1-177.webp
B712D63A8C7236F62F7E11C8E9986F649AA776A46B93AB6353BAD88A40A7E3BA	C:\admirales\script_ver\script_ver\quarantine\under-review\17mov_CharacterSystem\web\photos\mp_m_freemode_01-mask_1-178.webp
BEA064DEDBFE884DAC6E8A1E62FEA24FCC405BDC0B3AABF068AA64CA33482918	C:\admirales\script_ver\script_ver\quarantine\under-review\17mov_CharacterSystem\web\photos\mp_m_freemode_01-mask_1-179.webp
D64FD324B77C3F4C6CABBC574E068C36838077F7C763FCB55E7B0A0A2B687570	C:\admirales\script_ver\script_ver\quarantine\under-review\17mov_CharacterSystem\web\photos\mp_m_freemode_01-mask_1-18.webp
1EE6D37FF73CBF58974B85E370C8ED567ECD9D61E819C5AB4A56D8BF3417752B	C:\admirales\script_ver\script_ver\quarantine\under-review\17mov_CharacterSystem\web\photos\mp_m_freemode_01-mask_1-180.webp
9CE4C7B4769428DFD06016DF90307CED5A795AF6DE7FCB553999A4FCE91E7016	C:\admirales\script_ver\script_ver\quarantine\under-review\17mov_CharacterSystem\web\photos\mp_m_freemode_01-mask_1-181.webp
59E38CDB8E3EBB75A27B88C87E71B15E98BC3E8F03D381E91EA9E566EC157EFF	C:\admirales\script_ver\script_ver\quarantine\under-review\17mov_CharacterSystem\web\photos\mp_m_freemode_01-mask_1-182.webp
50E96A209C680A677928F2F7B89F37BC982F1E2CF3DE61C3B14D1E23E3208C46	C:\admirales\script_ver\script_ver\quarantine\under-review\17mov_CharacterSystem\web\photos\mp_m_freemode_01-mask_1-183.webp
CB0D08680969F1DEE53E718C22366BAA65AE11F0A9DFB482B0A5661BF4FD9AA9	C:\admirales\script_ver\script_ver\quarantine\under-review\17mov_CharacterSystem\web\photos\mp_m_freemode_01-mask_1-184.webp
0BA803FE5AD2E12B6FE734258CD62FD3415C685BE623A94E53672AC008E7CCEF	C:\admirales\script_ver\script_ver\quarantine\under-review\17mov_CharacterSystem\web\photos\mp_m_freemode_01-mask_1-185.webp
839391BFEC1C256B360E053B66C004F70CCD14D984D063ED01B5F23A3F10C7BD	C:\admirales\script_ver\script_ver\quarantine\under-review\17mov_CharacterSystem\web\photos\mp_m_freemode_01-mask_1-186.webp
DCD87C8EC0B92DE54830CF0535689D36295610A5A7AE9D3EBE70709EA26EFE1A	C:\admirales\script_ver\script_ver\quarantine\under-review\17mov_CharacterSystem\web\photos\mp_m_freemode_01-mask_1-187.webp
D8FEB122E19F27AE64F1D3376D1B2F6746D6CD9DFE02FF04A7EAAEDF2DA751C3	C:\admirales\script_ver\script_ver\quarantine\under-review\17mov_CharacterSystem\web\photos\mp_m_freemode_01-mask_1-188.webp
ED97EF1FB4323A8E4446D55986D378294260AE2C5E6070B5B40E248AAF16E916	C:\admirales\script_ver\script_ver\quarantine\under-review\17mov_CharacterSystem\web\photos\mp_m_freemode_01-mask_1-189.webp
D96FF2A5D14CDA7C4205C9CF75A52EB40AC21F79102AC3AE934F4E657FF21141	C:\admirales\script_ver\script_ver\quarantine\under-review\17mov_CharacterSystem\web\photos\mp_m_freemode_01-mask_1-19.webp
8FCE16AD736BD3ECD0D35E855ED3CC6FB2FCD6E337D0DDBAA126739C262CA755	C:\admirales\script_ver\script_ver\quarantine\under-review\17mov_CharacterSystem\web\photos\mp_m_freemode_01-mask_1-190.webp
FFB3323895FD29F1E87F2475035710E829E237B58CA0AD41709BC31536E2CCA2	C:\admirales\script_ver\script_ver\quarantine\under-review\17mov_CharacterSystem\web\photos\mp_m_freemode_01-mask_1-191.webp
6E74EC97C21AD83FE9CB5BA189A80290CB17A60BACB5C2C5057929C7333D4A94	C:\admirales\script_ver\script_ver\quarantine\under-review\17mov_CharacterSystem\web\photos\mp_m_freemode_01-mask_1-192.webp
26415756979541E37F68EFFB2633C9D6E37C1BAF89F4EC0A1F7CA6B9C7508A4B	C:\admirales\script_ver\script_ver\quarantine\under-review\17mov_CharacterSystem\web\photos\mp_m_freemode_01-mask_1-193.webp
64294667FA2ACA0711B132FAF53550892CC0BFF59FF260C215A830892CB23E1A	C:\admirales\script_ver\script_ver\quarantine\under-review\17mov_CharacterSystem\web\photos\mp_m_freemode_01-mask_1-194.webp
F9BC21CE46604E08C3FA851504473208CF0EC4B02CD43F4D9B2A56E77E45E88C	C:\admirales\script_ver\script_ver\quarantine\under-review\17mov_CharacterSystem\web\photos\mp_m_freemode_01-mask_1-195.webp
EDBB2A97744237CCC58E3E9DEE5E56BA77BF421838DFB2C0AE80265F2A35AF87	C:\admirales\script_ver\script_ver\quarantine\under-review\17mov_CharacterSystem\web\photos\mp_m_freemode_01-mask_1-196.webp
3B802D4F0C3371B2CB6AE2408F14C0F6F8BF05412F08135BF2E161A1317915DF	C:\admirales\script_ver\script_ver\quarantine\under-review\17mov_CharacterSystem\web\photos\mp_m_freemode_01-mask_1-197.webp
7B64D0E564178F44558E3A2D71393E12B16F68AC87CCF0EDCD7B0226D86E3F23	C:\admirales\script_ver\script_ver\quarantine\under-review\17mov_CharacterSystem\web\photos\mp_m_freemode_01-mask_1-198.webp
58BAC559FB58862A8CC07B7636C800DE5FAB676B74CE61BA9A7628A3F3CCDDFE	C:\admirales\script_ver\script_ver\quarantine\under-review\17mov_CharacterSystem\web\photos\mp_m_freemode_01-mask_1-199.webp
E3B9414B42C2125C0F1CF214F7A27EA2FE9EB92DFDD83D4D6FE99C838BA0BC78	C:\admirales\script_ver\script_ver\quarantine\under-review\17mov_CharacterSystem\web\photos\mp_m_freemode_01-mask_1-2.webp
894EB1863142995A157DC970FF57FE6EDE9CF83DB35C0EBD9042F48361916D98	C:\admirales\script_ver\script_ver\quarantine\under-review\17mov_CharacterSystem\web\photos\mp_m_freemode_01-mask_1-20.webp
3ABB6503D9F6876BEECCAE22D9AE0EB03DDF43E3F1AA50CD9E79EAD322BBCB35	C:\admirales\script_ver\script_ver\quarantine\under-review\17mov_CharacterSystem\web\photos\mp_m_freemode_01-mask_1-200.webp
2BF01D35BD7C6A9FEF6611BCCC99FA3182C2E282CFD6827F7020D9C7B6897A22	C:\admirales\script_ver\script_ver\quarantine\under-review\17mov_CharacterSystem\web\photos\mp_m_freemode_01-mask_1-201.webp
4507189448E972C68AD4A09BAD01F6223C1C483DE360ADEE0172AF8EA7D0324B	C:\admirales\script_ver\script_ver\quarantine\under-review\17mov_CharacterSystem\web\photos\mp_m_freemode_01-mask_1-202.webp
486D1E65260EFAAD0C0549A5240FADD6952F4B9F9BC62BE4C9E63A0DE67367C8	C:\admirales\script_ver\script_ver\quarantine\under-review\17mov_CharacterSystem\web\photos\mp_m_freemode_01-mask_1-203.webp
A43983DCFB00737EB87F73ADDF926F79A4CA4897856E660B65A2AC875BA9692B	C:\admirales\script_ver\script_ver\quarantine\under-review\17mov_CharacterSystem\web\photos\mp_m_freemode_01-mask_1-204.webp
9C21AFE5EA978B78C59D14608EDD04AC350D2EAF48739E263CC6F5D26AEBF8F7	C:\admirales\script_ver\script_ver\quarantine\under-review\17mov_CharacterSystem\web\photos\mp_m_freemode_01-mask_1-205.webp
DD77DCF7AE002ED3B4C16C6B15617527CDBF0B3E071BBEC00B4FBF8ABB8BC526	C:\admirales\script_ver\script_ver\quarantine\under-review\17mov_CharacterSystem\web\photos\mp_m_freemode_01-mask_1-206.webp
20870406E9D0ECED49A3843852E05B5DA6D0A0570A459F9AE4D02C6725C255A1	C:\admirales\script_ver\script_ver\quarantine\under-review\17mov_CharacterSystem\web\photos\mp_m_freemode_01-mask_1-207.webp
601CA4E51F23D249B6AD5A307207722705AEAF143CD3A19A3A144CD75C7AB5EE	C:\admirales\script_ver\script_ver\quarantine\under-review\17mov_CharacterSystem\web\photos\mp_m_freemode_01-mask_1-208.webp
6969A4254B5360A1496771A8698D28308EDEDC262FF17995B9EBD6414774E34B	C:\admirales\script_ver\script_ver\quarantine\under-review\17mov_CharacterSystem\web\photos\mp_m_freemode_01-mask_1-209.webp
2376366824438D88780158A899DEA8C7229FFC9D31BF043CE525DBAC8B26865E	C:\admirales\script_ver\script_ver\quarantine\under-review\17mov_CharacterSystem\web\photos\mp_m_freemode_01-mask_1-21.webp
32F2600E015FDE6DB5460721A3646E493FD242B87A5995C4590919F21828F3AA	C:\admirales\script_ver\script_ver\quarantine\under-review\17mov_CharacterSystem\web\photos\mp_m_freemode_01-mask_1-210.webp
3745E9F8C73C13769943504EB21986CE202C5502B652B47426FB44768222CF78	C:\admirales\script_ver\script_ver\quarantine\under-review\17mov_CharacterSystem\web\photos\mp_m_freemode_01-mask_1-211.webp
99448C759A9F30B8460983290CF681ED69D01D3A6A6336820FE189CBA3D612D8	C:\admirales\script_ver\script_ver\quarantine\under-review\17mov_CharacterSystem\web\photos\mp_m_freemode_01-mask_1-212.webp
FEF2482DB898E40BED005689095969FA8256C5D259EB11691E37C8F7924531FE	C:\admirales\script_ver\script_ver\quarantine\under-review\17mov_CharacterSystem\web\photos\mp_m_freemode_01-mask_1-213.webp
6C7CE912A5C6F54DCC65DB02716BB824BD4569B714035545AEF4AF70371C7B9F	C:\admirales\script_ver\script_ver\quarantine\under-review\17mov_CharacterSystem\web\photos\mp_m_freemode_01-mask_1-214.webp
A471DABE1B81BB8D3B8DB78512251B17339A0B754253234E4CDB25A41338625D	C:\admirales\script_ver\script_ver\quarantine\under-review\17mov_CharacterSystem\web\photos\mp_m_freemode_01-mask_1-215.webp
F6183526BF0CB395F3426347F5938A352315FCBE4661E8F61DB04B4F71298EB8	C:\admirales\script_ver\script_ver\quarantine\under-review\17mov_CharacterSystem\web\photos\mp_m_freemode_01-mask_1-216.webp
C2F278C673E566E3DC807EF390578134B2FD9C10DB1C449F14809ECEB2186483	C:\admirales\script_ver\script_ver\quarantine\under-review\17mov_CharacterSystem\web\photos\mp_m_freemode_01-mask_1-217.webp
25878F470134BD42EAA9D0239D1CB8116607D5DBBD67C5AB7DC25713F51F3EA8	C:\admirales\script_ver\script_ver\quarantine\under-review\17mov_CharacterSystem\web\photos\mp_m_freemode_01-mask_1-218.webp
BC5D0B6504785F0757397E2B70016B7D63E4EF2AB9B22D41C9E5E4A5E8EBA3F6	C:\admirales\script_ver\script_ver\quarantine\under-review\17mov_CharacterSystem\web\photos\mp_m_freemode_01-mask_1-219.webp
0C60C227CEB3402DF325B7DF39909A577FA6C0ACF39E5DB9A8525D5E948481F1	C:\admirales\script_ver\script_ver\quarantine\under-review\17mov_CharacterSystem\web\photos\mp_m_freemode_01-mask_1-22.webp
D31ECE096F09E50F47FE1C7594FDC2EF774FEBC4FA345E79452BED4958F382C4	C:\admirales\script_ver\script_ver\quarantine\under-review\17mov_CharacterSystem\web\photos\mp_m_freemode_01-mask_1-220.webp
55044CDA05B7D84AC98B875CB9322871085F06B8352C5087F911BECFBFCB1853	C:\admirales\script_ver\script_ver\quarantine\under-review\17mov_CharacterSystem\web\photos\mp_m_freemode_01-mask_1-221.webp
1228196424C11674E3264CD9F4E49A78827A8ED60E5E54EDB62B2378E925F149	C:\admirales\script_ver\script_ver\quarantine\under-review\17mov_CharacterSystem\web\photos\mp_m_freemode_01-mask_1-222.webp
7AF6364E5CB1984DC5BCBFB8E28832EB71F455A105B3D1B7F45CE8C99FC42CE4	C:\admirales\script_ver\script_ver\quarantine\under-review\17mov_CharacterSystem\web\photos\mp_m_freemode_01-mask_1-223.webp
E62FF48843818FDB838B177726B4796D298EDF3BD4AEA97B2D2957B134517EA7	C:\admirales\script_ver\script_ver\quarantine\under-review\17mov_CharacterSystem\web\photos\mp_m_freemode_01-mask_1-224.webp
95A7C313677E95A3F47BF5FF1B5581C8D5424E018E92ACAA14AF4CA06890D689	C:\admirales\script_ver\script_ver\quarantine\under-review\17mov_CharacterSystem\web\photos\mp_m_freemode_01-mask_1-225.webp
AC942004A0DE093F22C0D79F312FE6C99A3CA2DCD2D9E636BC328F4F602DE90B	C:\admirales\script_ver\script_ver\quarantine\under-review\17mov_CharacterSystem\web\photos\mp_m_freemode_01-mask_1-226.webp
57BA25306A67947B438FDBB9965DED2B9F767FAF2196A38D8986ED74B399BFFB	C:\admirales\script_ver\script_ver\quarantine\under-review\17mov_CharacterSystem\web\photos\mp_m_freemode_01-mask_1-227.webp
018C0570C3A6375F043CD1B920B8D762DD2E34A7A2B20F37330E1DE0718AD38B	C:\admirales\script_ver\script_ver\quarantine\under-review\17mov_CharacterSystem\web\photos\mp_m_freemode_01-mask_1-228.webp
EE5DADDC84643DA92115EFAF25226A8DC2620E985F57671BE80AFE20BC4C91F6	C:\admirales\script_ver\script_ver\quarantine\under-review\17mov_CharacterSystem\web\photos\mp_m_freemode_01-mask_1-229.webp
A0CE7BEE7787473D1E13A015BD134E0BB06218DC1611643AA685FAC4AD7EA34A	C:\admirales\script_ver\script_ver\quarantine\under-review\17mov_CharacterSystem\web\photos\mp_m_freemode_01-mask_1-23.webp
78BE587580440B6F4242ED8525D950D13BCDEBED458946C55B102393F023A54B	C:\admirales\script_ver\script_ver\quarantine\under-review\17mov_CharacterSystem\web\photos\mp_m_freemode_01-mask_1-230.webp
128D26DAE983A14A059E248B85E7FDF9F6E5966306E1AE5E528E4C17E4204804	C:\admirales\script_ver\script_ver\quarantine\under-review\17mov_CharacterSystem\web\photos\mp_m_freemode_01-mask_1-231.webp
27C247DA516C740DEB96A068E1C7DD4BC5AF4884AD66E9A29D676F7B7FCEA78E	C:\admirales\script_ver\script_ver\quarantine\under-review\17mov_CharacterSystem\web\photos\mp_m_freemode_01-mask_1-232.webp
086FBB46BF8B81CBE88281E9EAD5BB39A62B20D1400C289E8693D2EA99791FFB	C:\admirales\script_ver\script_ver\quarantine\under-review\17mov_CharacterSystem\web\photos\mp_m_freemode_01-mask_1-233.webp
BFF49834AF1E776CF806D8ED39C73E803FF9ADD937901CB351B777785614EE6C	C:\admirales\script_ver\script_ver\quarantine\under-review\17mov_CharacterSystem\web\photos\mp_m_freemode_01-mask_1-234.webp
C2FFB96BA0FAF5A6987A132A4E1D0F84A068B2CAD4F92DA19FBE78026A5BB00A	C:\admirales\script_ver\script_ver\quarantine\under-review\17mov_CharacterSystem\web\photos\mp_m_freemode_01-mask_1-235.webp
C46DA47122CCC4179AE2C1928B272F71008C4D3B4703265A3831A895208707E3	C:\admirales\script_ver\script_ver\quarantine\under-review\17mov_CharacterSystem\web\photos\mp_m_freemode_01-mask_1-236.webp
572D08233068A17BD9B12F68DB4CB7E840FCC1F2BFA75BD9B369890EDDEB39BD	C:\admirales\script_ver\script_ver\quarantine\under-review\17mov_CharacterSystem\web\photos\mp_m_freemode_01-mask_1-237.webp
F6163C310F2FD373A99C11D2477F5F43765B3AA775049FB521E5FB7C79609BA3	C:\admirales\script_ver\script_ver\quarantine\under-review\17mov_CharacterSystem\web\photos\mp_m_freemode_01-mask_1-24.webp
53B7D34EEA152201CDED59380B11B1972C29B3967B864519EB8842042457C5F5	C:\admirales\script_ver\script_ver\quarantine\under-review\17mov_CharacterSystem\web\photos\mp_m_freemode_01-mask_1-25.webp
5277EC41F34D0E254C192CA5C9B9B77F28A76A94A773530D92CCBE565E7A9FF2	C:\admirales\script_ver\script_ver\quarantine\under-review\17mov_CharacterSystem\web\photos\mp_m_freemode_01-mask_1-26.webp
5379DDF05EECCC90B6DEEBFA51BC3C569E007BA4C3F52AD197475EDB202C215C	C:\admirales\script_ver\script_ver\quarantine\under-review\17mov_CharacterSystem\web\photos\mp_m_freemode_01-mask_1-27.webp
F2F3699E20F2DB76ADB5FDFF5505F2E898813CBEEFF41A37FA1118351903DF50	C:\admirales\script_ver\script_ver\quarantine\under-review\17mov_CharacterSystem\web\photos\mp_m_freemode_01-mask_1-28.webp
391B2DC168669BD3DCD3E6F4C238CAC9544A7E2545EABE99C627971FEA2AFE0B	C:\admirales\script_ver\script_ver\quarantine\under-review\17mov_CharacterSystem\web\photos\mp_m_freemode_01-mask_1-29.webp
06BC986D508EF79C47EB886937A39620A3E2D204735712A33A6EBB57208F6D13	C:\admirales\script_ver\script_ver\quarantine\under-review\17mov_CharacterSystem\web\photos\mp_m_freemode_01-mask_1-3.webp
9C0935C26F511372F706F8439B9A94CD6CB62320B9AAE222633391D5FCFFC0CB	C:\admirales\script_ver\script_ver\quarantine\under-review\17mov_CharacterSystem\web\photos\mp_m_freemode_01-mask_1-30.webp
560BD449B6B7022524998D078F8CFFA849920D7CA5448B9D7D1BF3875026EEBA	C:\admirales\script_ver\script_ver\quarantine\under-review\17mov_CharacterSystem\web\photos\mp_m_freemode_01-mask_1-31.webp
20C6C4F97F41D430CFEEFC62F3721E2CA36758CA0379760985376B0524CD0D71	C:\admirales\script_ver\script_ver\quarantine\under-review\17mov_CharacterSystem\web\photos\mp_m_freemode_01-mask_1-32.webp
C73264DBA32C54E9541CE191A34D8B0F4B45D57359D56D988D0B69EBA32C552E	C:\admirales\script_ver\script_ver\quarantine\under-review\17mov_CharacterSystem\web\photos\mp_m_freemode_01-mask_1-33.webp
FA6CB94F390C47320C8378DACAE8AA47D641AF358B34761C976F794776AD38AD	C:\admirales\script_ver\script_ver\quarantine\under-review\17mov_CharacterSystem\web\photos\mp_m_freemode_01-mask_1-34.webp
20525B48CB99B10D15E100B83335D0A6808430CB2A949E123F833A9E049200A0	C:\admirales\script_ver\script_ver\quarantine\under-review\17mov_CharacterSystem\web\photos\mp_m_freemode_01-mask_1-35.webp
01584D779234C058EE628F8AA08225BB8900274ED214D026A07806AB633D4304	C:\admirales\script_ver\script_ver\quarantine\under-review\17mov_CharacterSystem\web\photos\mp_m_freemode_01-mask_1-36.webp
DB44462E9F0A0673A411677BE1475981249AB21E481F56B0599719E532849867	C:\admirales\script_ver\script_ver\quarantine\under-review\17mov_CharacterSystem\web\photos\mp_m_freemode_01-mask_1-37.webp
4F30B172DAB1F015DE9DEB8B1DA1CF66A4CA219746802BFF82B90DCA93C06954	C:\admirales\script_ver\script_ver\quarantine\under-review\17mov_CharacterSystem\web\photos\mp_m_freemode_01-mask_1-38.webp
DF5F3755A54D07DC50CDCD4EFE7F511CF96EE702E13B246F110AD6B82550A08D	C:\admirales\script_ver\script_ver\quarantine\under-review\17mov_CharacterSystem\web\photos\mp_m_freemode_01-mask_1-39.webp
DD237793578B3D83C9D9A09DC24702BBE684EA99EB565F5E3A271EF2E2C97BCC	C:\admirales\script_ver\script_ver\quarantine\under-review\17mov_CharacterSystem\web\photos\mp_m_freemode_01-mask_1-4.webp
6A7C5336EC7A34C9DE26D7292040AE595B9354B9710BE92468635436D79A0D85	C:\admirales\script_ver\script_ver\quarantine\under-review\17mov_CharacterSystem\web\photos\mp_m_freemode_01-mask_1-40.webp
5ECCD123E3E0D8FBB2605901A064C32C8E9422FC55A8CF96591F1DC5265C86B1	C:\admirales\script_ver\script_ver\quarantine\under-review\17mov_CharacterSystem\web\photos\mp_m_freemode_01-mask_1-41.webp
BC861D8C7F040C702A126FA2EAE7554144210EF389973E7E3E84EB363C98434B	C:\admirales\script_ver\script_ver\quarantine\under-review\17mov_CharacterSystem\web\photos\mp_m_freemode_01-mask_1-42.webp
4CE1851444F77494AE16B82C55281E2702285795FE48553D7EF789A7A8B9EF63	C:\admirales\script_ver\script_ver\quarantine\under-review\17mov_CharacterSystem\web\photos\mp_m_freemode_01-mask_1-43.webp
6353EBAB0F5197A46919BB4EB6364B497C973791BDC041CFF1D391F904DA8753	C:\admirales\script_ver\script_ver\quarantine\under-review\17mov_CharacterSystem\web\photos\mp_m_freemode_01-mask_1-44.webp
CE6B5A39A841A112A58CE16B834EE1D84ECB6FA950C5B86FD0D437845533A8C4	C:\admirales\script_ver\script_ver\quarantine\under-review\17mov_CharacterSystem\web\photos\mp_m_freemode_01-mask_1-45.webp
2184B4748221B3F6818695630FF77C3DB7965A69B389CD621232F99E65711AF3	C:\admirales\script_ver\script_ver\quarantine\under-review\17mov_CharacterSystem\web\photos\mp_m_freemode_01-mask_1-46.webp
C7D1DA9690BA1AECF55D0A48334652E052CBD4FF0547EB157A34CD6384826024	C:\admirales\script_ver\script_ver\quarantine\under-review\17mov_CharacterSystem\web\photos\mp_m_freemode_01-mask_1-47.webp
1061D9F6A05407F3888027DD31DB3E45194F0AA1D53EAE95759FF651270569C2	C:\admirales\script_ver\script_ver\quarantine\under-review\17mov_CharacterSystem\web\photos\mp_m_freemode_01-mask_1-48.webp
9F4952195B64AB64D7F14D3668059AEF3A73952FE5936101674893000A82BA2E	C:\admirales\script_ver\script_ver\quarantine\under-review\17mov_CharacterSystem\web\photos\mp_m_freemode_01-mask_1-49.webp
5DB78555E40DF9D125547F5A556E79909F83D8E6CEA23498391FBC43F2F2B753	C:\admirales\script_ver\script_ver\quarantine\under-review\17mov_CharacterSystem\web\photos\mp_m_freemode_01-mask_1-5.webp
E89F69637F54500708AED730A065F9348AB04B419DC4DEB7843E177212600B50	C:\admirales\script_ver\script_ver\quarantine\under-review\17mov_CharacterSystem\web\photos\mp_m_freemode_01-mask_1-50.webp
97756ED5CE3982107661D9AABB5E78B88867ABB82C8074E597E1C1C5B1840AE8	C:\admirales\script_ver\script_ver\quarantine\under-review\17mov_CharacterSystem\web\photos\mp_m_freemode_01-mask_1-51.webp
1ECF04516DEFDE80F60B6C7B3943614875FD49A70B515A5298D48505974576E8	C:\admirales\script_ver\script_ver\quarantine\under-review\17mov_CharacterSystem\web\photos\mp_m_freemode_01-mask_1-52.webp
2C7886E87B329421EAECF2BD84D34D9795F8C979EA25E183A8A9AD97C0EB679C	C:\admirales\script_ver\script_ver\quarantine\under-review\17mov_CharacterSystem\web\photos\mp_m_freemode_01-mask_1-53.webp
C785BB09893A4D9577B7AB6D9B5ED6403C483EFE1EB763662FED48B9B73FFB7C	C:\admirales\script_ver\script_ver\quarantine\under-review\17mov_CharacterSystem\web\photos\mp_m_freemode_01-mask_1-54.webp
648BEF5980D9BC0F64F4D82E185AAFE6E3FF5CC0EF65351B7D4D2A7DA21C1AEB	C:\admirales\script_ver\script_ver\quarantine\under-review\17mov_CharacterSystem\web\photos\mp_m_freemode_01-mask_1-55.webp
85AD750D48EA137B0DAE812B03BF83AFEB97BE73C11001CDF085C3BE4F95E02E	C:\admirales\script_ver\script_ver\quarantine\under-review\17mov_CharacterSystem\web\photos\mp_m_freemode_01-mask_1-56.webp
A5DD3E7A1B541AE19F45365BBFE6078AEC13D531E1551F31BA37B474EECA22B4	C:\admirales\script_ver\script_ver\quarantine\under-review\17mov_CharacterSystem\web\photos\mp_m_freemode_01-mask_1-57.webp
83D7CAC9BEB56F9632A81270125B760AA35DAF65B8E733FAE6BB6FE0BD6BCE4C	C:\admirales\script_ver\script_ver\quarantine\under-review\17mov_CharacterSystem\web\photos\mp_m_freemode_01-mask_1-58.webp
E1B8D4751A4887807BAE9AA7368F3D37696CBF57189F6C8D1FA24F4DC45B133C	C:\admirales\script_ver\script_ver\quarantine\under-review\17mov_CharacterSystem\web\photos\mp_m_freemode_01-mask_1-59.webp
8DF92C52265D7063D6F443996BE58A3C7C1FCE6F7B7097356A1836ABAA579FB2	C:\admirales\script_ver\script_ver\quarantine\under-review\17mov_CharacterSystem\web\photos\mp_m_freemode_01-mask_1-6.webp
4FFA7614E47EAE9EBEF80FF7C5C750D5C80ABA4D2DCE0305DE25025D45D68C2E	C:\admirales\script_ver\script_ver\quarantine\under-review\17mov_CharacterSystem\web\photos\mp_m_freemode_01-mask_1-60.webp
20B965F394C00BE03F1346309509AD4BA2398C65C53D4C3E08F9F10253CD756A	C:\admirales\script_ver\script_ver\quarantine\under-review\17mov_CharacterSystem\web\photos\mp_m_freemode_01-mask_1-61.webp
19485D87281B17D849FFA9F7E686595B3E63D9365F3E8DD8C3DEA748240724A1	C:\admirales\script_ver\script_ver\quarantine\under-review\17mov_CharacterSystem\web\photos\mp_m_freemode_01-mask_1-62.webp
CA19E1E5CF091D6E9E48B80320211F79E01FC6E2345E97BBC47C571B73F4FC0F	C:\admirales\script_ver\script_ver\quarantine\under-review\17mov_CharacterSystem\web\photos\mp_m_freemode_01-mask_1-63.webp
FF2D36856CDA62B39BBD13BBC280519C4508A9FB7972A63BDF1AE5ECFFE749C0	C:\admirales\script_ver\script_ver\quarantine\under-review\17mov_CharacterSystem\web\photos\mp_m_freemode_01-mask_1-64.webp
3B33719243E47C5B6C5555E51692FF0558CA6A2EDF886ABC655C8BE61C9FAA87	C:\admirales\script_ver\script_ver\quarantine\under-review\17mov_CharacterSystem\web\photos\mp_m_freemode_01-mask_1-65.webp
07842044596E2D7BEBC90C418512B0145A4476D2873538B295AF078521CAFAE9	C:\admirales\script_ver\script_ver\quarantine\under-review\17mov_CharacterSystem\web\photos\mp_m_freemode_01-mask_1-66.webp
884FA4B829F60E5B6C03F12EFC00DF6AEBB4D15FB84FC070B16F2750EC234F51	C:\admirales\script_ver\script_ver\quarantine\under-review\17mov_CharacterSystem\web\photos\mp_m_freemode_01-mask_1-67.webp
7263FDB9AE41F8357D96E4484975F8B454A487969D22AAA5B3736BB421F115A8	C:\admirales\script_ver\script_ver\quarantine\under-review\17mov_CharacterSystem\web\photos\mp_m_freemode_01-mask_1-68.webp
1BF79F64783A8FA76E063526223B098E1AB99EAC299697E6553F1349CD67808B	C:\admirales\script_ver\script_ver\quarantine\under-review\17mov_CharacterSystem\web\photos\mp_m_freemode_01-mask_1-69.webp
A982F6253CABC35BB5BCA35192AAE1C493C994926FA631E688A04D09975DC755	C:\admirales\script_ver\script_ver\quarantine\under-review\17mov_CharacterSystem\web\photos\mp_m_freemode_01-mask_1-7.webp
2B5DA5E132D7DEC572DAF7E5803F405D32C902C322F4C51E25924371F11F09ED	C:\admirales\script_ver\script_ver\quarantine\under-review\17mov_CharacterSystem\web\photos\mp_m_freemode_01-mask_1-70.webp
EB020ABEE8D85F518A3DF966911E52CD993C192BC2A24D36886D7B8B9E43D7B8	C:\admirales\script_ver\script_ver\quarantine\under-review\17mov_CharacterSystem\web\photos\mp_m_freemode_01-mask_1-71.webp
2625F085DEAE1F25B60D3D9E17A4778501E12B1C27B6CC95A98182896C82D8A4	C:\admirales\script_ver\script_ver\quarantine\under-review\17mov_CharacterSystem\web\photos\mp_m_freemode_01-mask_1-72.webp
F48FC543F45266C768CA88B4D55E243E7FB6D1A8B6A7997E6C82C11F74F25628	C:\admirales\script_ver\script_ver\quarantine\under-review\17mov_CharacterSystem\web\photos\mp_m_freemode_01-mask_1-73.webp
493A207F98113F15E50B197148190C1C25C1DEA652BC7FDCEB7C45F10D5D6C37	C:\admirales\script_ver\script_ver\quarantine\under-review\17mov_CharacterSystem\web\photos\mp_m_freemode_01-mask_1-74.webp
00627CAC814DFF998F229B99228FB5DE4F13B0554685FA06A795ACA1A979503A	C:\admirales\script_ver\script_ver\quarantine\under-review\17mov_CharacterSystem\web\photos\mp_m_freemode_01-mask_1-75.webp
3FEC80684802D24BC710D3D0A3AD37C40A5033EA54EE6DF9C9A6A6D4DE691189	C:\admirales\script_ver\script_ver\quarantine\under-review\17mov_CharacterSystem\web\photos\mp_m_freemode_01-mask_1-76.webp
C31204FF4F834BEC587A39DEDA38C657B8562A0C02B3703325D474205A38AA53	C:\admirales\script_ver\script_ver\quarantine\under-review\17mov_CharacterSystem\web\photos\mp_m_freemode_01-mask_1-77.webp
4B361811EE57C37EDD2127D61AD217208CEE5A924C4B4E669AC8A5DE10AB081E	C:\admirales\script_ver\script_ver\quarantine\under-review\17mov_CharacterSystem\web\photos\mp_m_freemode_01-mask_1-78.webp
44DAF843BE2C05F6F3A42D88D547C9625DC2204789B48C357C67BAC7194C6A77	C:\admirales\script_ver\script_ver\quarantine\under-review\17mov_CharacterSystem\web\photos\mp_m_freemode_01-mask_1-79.webp
463E43DB294FB82BFB09CED4379E9F4422F3AA422BBBAF5A495A10E748A1B324	C:\admirales\script_ver\script_ver\quarantine\under-review\17mov_CharacterSystem\web\photos\mp_m_freemode_01-mask_1-8.webp
5022419D7CFEA84BB8300B0069F1789396DC93219E2D3AB23C5599E7DFD21575	C:\admirales\script_ver\script_ver\quarantine\under-review\17mov_CharacterSystem\web\photos\mp_m_freemode_01-mask_1-80.webp
BD52DB161CD5D8FAED2B119077F211678853FC38B2C12EDB8FBDBF6248A833AA	C:\admirales\script_ver\script_ver\quarantine\under-review\17mov_CharacterSystem\web\photos\mp_m_freemode_01-mask_1-81.webp
B365997EDCB314BF71B3B6674061FF0F700C0211FF01105A728A9C284812298B	C:\admirales\script_ver\script_ver\quarantine\under-review\17mov_CharacterSystem\web\photos\mp_m_freemode_01-mask_1-82.webp
F60360D93F335B17070913B5A81EEDAD3D57F9A60091CE2201A14BC25A8C96FC	C:\admirales\script_ver\script_ver\quarantine\under-review\17mov_CharacterSystem\web\photos\mp_m_freemode_01-mask_1-83.webp
293CDF726AEAD5B71A3296BEE1929F3433665498F57CB5D405EFC84E40B9FF67	C:\admirales\script_ver\script_ver\quarantine\under-review\17mov_CharacterSystem\web\photos\mp_m_freemode_01-mask_1-84.webp
AFDBBFF39DB60CC9A51D9B7368CCB1653752FD5E898F52213DD8C5C20324E99D	C:\admirales\script_ver\script_ver\quarantine\under-review\17mov_CharacterSystem\web\photos\mp_m_freemode_01-mask_1-85.webp
6B403C68A3B422274C1DA07042226FC67984C4E839BA05425A078080E0D27A5A	C:\admirales\script_ver\script_ver\quarantine\under-review\17mov_CharacterSystem\web\photos\mp_m_freemode_01-mask_1-86.webp
4D0A41C8A52725D23EC5FCB3EE996D9CA86D70A350F48DB2F5B96326E2D414C5	C:\admirales\script_ver\script_ver\quarantine\under-review\17mov_CharacterSystem\web\photos\mp_m_freemode_01-mask_1-87.webp
40F32F3C1E428FD7C14387B60A0394221529FBADCB604677E078EF2B02DC6E8A	C:\admirales\script_ver\script_ver\quarantine\under-review\17mov_CharacterSystem\web\photos\mp_m_freemode_01-mask_1-88.webp
98705C6A65A9938CFC82EC60AE5F93E80AA6CB9CB8E85161DF1385DDE33DCDE1	C:\admirales\script_ver\script_ver\quarantine\under-review\17mov_CharacterSystem\web\photos\mp_m_freemode_01-mask_1-89.webp
E9B1162D2C94B3233A3DC4B60840D718E49E47A701B8054166ABF5BD69C825D2	C:\admirales\script_ver\script_ver\quarantine\under-review\17mov_CharacterSystem\web\photos\mp_m_freemode_01-mask_1-9.webp
DA47FE00413CC66C3A0D99A9F8572BF6CDE4AE448F2CF2C4147E73ABEF0A9D2B	C:\admirales\script_ver\script_ver\quarantine\under-review\17mov_CharacterSystem\web\photos\mp_m_freemode_01-mask_1-90.webp
79A8ABAFDB83A4ED581E4639E62CEE86389D0BCCAEB07232806CAC8EAC99D669	C:\admirales\script_ver\script_ver\quarantine\under-review\17mov_CharacterSystem\web\photos\mp_m_freemode_01-mask_1-91.webp
EF2E10900D18F75A48865B3325B139C16C8860754B34C314912C18E7A5E98F19	C:\admirales\script_ver\script_ver\quarantine\under-review\17mov_CharacterSystem\web\photos\mp_m_freemode_01-mask_1-92.webp
D8C5E84F576E46E95EE3BB2050A6665B92E3FF0B1CA8D12FBCDFC48D484AFC40	C:\admirales\script_ver\script_ver\quarantine\under-review\17mov_CharacterSystem\web\photos\mp_m_freemode_01-mask_1-93.webp
38A5497E6626FBFA319C87D417EFFFD20404B611C3D126E5CBB7E43035BA8310	C:\admirales\script_ver\script_ver\quarantine\under-review\17mov_CharacterSystem\web\photos\mp_m_freemode_01-mask_1-94.webp
65CBF63B4D6144BBB78F2E01FDAF8BD86C0FB871208CDA0F2B50834E939DB4C8	C:\admirales\script_ver\script_ver\quarantine\under-review\17mov_CharacterSystem\web\photos\mp_m_freemode_01-mask_1-95.webp
800EB75921A1BC1BEE7C0099D09E7217B406905113DEAEF7D5928527C08BD178	C:\admirales\script_ver\script_ver\quarantine\under-review\17mov_CharacterSystem\web\photos\mp_m_freemode_01-mask_1-96.webp
56676994E8A59C55078D10A7EA26BCFEDBBD4960FE4260837235AFA53072FD2A	C:\admirales\script_ver\script_ver\quarantine\under-review\17mov_CharacterSystem\web\photos\mp_m_freemode_01-mask_1-97.webp
851E1B43A5FDE20FBACAE99E1666DACDE08020F33B715316F164920EA0A68108	C:\admirales\script_ver\script_ver\quarantine\under-review\17mov_CharacterSystem\web\photos\mp_m_freemode_01-mask_1-98.webp
A391724A45767CA6E1CD5F8D10F043251683A15285CCFDFD9CAA74CF4D3AF437	C:\admirales\script_ver\script_ver\quarantine\under-review\17mov_CharacterSystem\web\photos\mp_m_freemode_01-mask_1-99.webp
E2609DE017E87B8F366D7DBCE106D8B2B04B98F64DB258578B303B679A86E27A	C:\admirales\script_ver\script_ver\quarantine\under-review\17mov_CharacterSystem\web\photos\mp_m_freemode_01-pants_1-0.webp
A1BB2B29E869691CEC8ECBF2859EC50035CC496EF0E1BEB331E4CE2A112A4E7C	C:\admirales\script_ver\script_ver\quarantine\under-review\17mov_CharacterSystem\web\photos\mp_m_freemode_01-pants_1-1.webp
FA27368B80FEA92CED5FA35800EECB3229D118DB2D0597A1D65BFD0ACCCFE742	C:\admirales\script_ver\script_ver\quarantine\under-review\17mov_CharacterSystem\web\photos\mp_m_freemode_01-pants_1-10.webp
3F55428CD6ABA7969137FB2D407F3453D3F272CD337F98A1246C7A2D1ECF74E7	C:\admirales\script_ver\script_ver\quarantine\under-review\17mov_CharacterSystem\web\photos\mp_m_freemode_01-pants_1-100.webp
021B938C2B3A9B01B8C27593DA7124CAFEA681D833D8C224C77AAD9DA37918A9	C:\admirales\script_ver\script_ver\quarantine\under-review\17mov_CharacterSystem\web\photos\mp_m_freemode_01-pants_1-101.webp
A1D81CA6BF1181BCB61C8339605ABD4184D24D66EB4F99AAEC41A7E65C32AC56	C:\admirales\script_ver\script_ver\quarantine\under-review\17mov_CharacterSystem\web\photos\mp_m_freemode_01-pants_1-102.webp
BC34208453E65B4DB5EBB7FF39DF038402AA47A76D1E363097FB1C07BD512EBE	C:\admirales\script_ver\script_ver\quarantine\under-review\17mov_CharacterSystem\web\photos\mp_m_freemode_01-pants_1-103.webp
3DCFA81FC9BA09A2CBD7F8ECBDBB0ECFC6E89B4A85E3948EF5B524EBA3CDA3E4	C:\admirales\script_ver\script_ver\quarantine\under-review\17mov_CharacterSystem\web\photos\mp_m_freemode_01-pants_1-104.webp
67AD81F56FC28241D2AA3FB04133C911D5C0FF6B206D533D14DFDA464A49422D	C:\admirales\script_ver\script_ver\quarantine\under-review\17mov_CharacterSystem\web\photos\mp_m_freemode_01-pants_1-105.webp
B8D6C553760415A59914AEC151335D3DF29572A6923986D7ACF051A9081DDCC3	C:\admirales\script_ver\script_ver\quarantine\under-review\17mov_CharacterSystem\web\photos\mp_m_freemode_01-pants_1-106.webp
FB393063BB1F3AEE4006EFD436AC284B772198DE10DCDED21DAC46165CC82700	C:\admirales\script_ver\script_ver\quarantine\under-review\17mov_CharacterSystem\web\photos\mp_m_freemode_01-pants_1-107.webp
8A04F1C218BA03F594184F9FF96BB27718D8E42C387849709F3EDFA6B7677A4E	C:\admirales\script_ver\script_ver\quarantine\under-review\17mov_CharacterSystem\web\photos\mp_m_freemode_01-pants_1-108.webp
F7B792FBABB9772D142FD4E7789196494F18DAD9953256B96C01954E02456582	C:\admirales\script_ver\script_ver\quarantine\under-review\17mov_CharacterSystem\web\photos\mp_m_freemode_01-pants_1-109.webp
F80AF0D27980CD0D7A3AEFCA9BACD511106D0508238CB232439EB7B00854737B	C:\admirales\script_ver\script_ver\quarantine\under-review\17mov_CharacterSystem\web\photos\mp_m_freemode_01-pants_1-11.webp
A07D29547E6B27550191A58106B3B66E0DA22E3B82860648E2E85937339A6B22	C:\admirales\script_ver\script_ver\quarantine\under-review\17mov_CharacterSystem\web\photos\mp_m_freemode_01-pants_1-110.webp
12212A0EB10331937F1C6811EFF5FBCB371FF3D49872CBD2CA7700DB48793839	C:\admirales\script_ver\script_ver\quarantine\under-review\17mov_CharacterSystem\web\photos\mp_m_freemode_01-pants_1-111.webp
12F63363118F750138AA9F11EB39EE688802B73FAFDE8136BD4D20E3188133E6	C:\admirales\script_ver\script_ver\quarantine\under-review\17mov_CharacterSystem\web\photos\mp_m_freemode_01-pants_1-112.webp
4E1FF40FD8E9111011E0200340AE666B419AB76AACEF013DE8DB9BDE31C5DAF5	C:\admirales\script_ver\script_ver\quarantine\under-review\17mov_CharacterSystem\web\photos\mp_m_freemode_01-pants_1-113.webp
0FBFE306CAB3B31968B451B9FFB61717240346752E419BAC45C0020714C21D5A	C:\admirales\script_ver\script_ver\quarantine\under-review\17mov_CharacterSystem\web\photos\mp_m_freemode_01-pants_1-114.webp
843F36314FAC3701C67C4F64A9948248E727AC59E37E6E621F77DC9EA71EB083	C:\admirales\script_ver\script_ver\quarantine\under-review\17mov_CharacterSystem\web\photos\mp_m_freemode_01-pants_1-115.webp
5C919860CCD3493C94865E4DF2C24BF3F9B0487C769EAB81FFF7D1F804370A65	C:\admirales\script_ver\script_ver\quarantine\under-review\17mov_CharacterSystem\web\photos\mp_m_freemode_01-pants_1-116.webp
FD359C4D7F3199A3D602F128B3E4C8D49EAC046FA5EFE2813B46A498BFAC68B9	C:\admirales\script_ver\script_ver\quarantine\under-review\17mov_CharacterSystem\web\photos\mp_m_freemode_01-pants_1-117.webp
77F97BE0787C1E4F42A5308D6BCAA7D1BAC01CEB685DF66A3BFCD799346765BF	C:\admirales\script_ver\script_ver\quarantine\under-review\17mov_CharacterSystem\web\photos\mp_m_freemode_01-pants_1-118.webp
235069D362F1AB85CEFC11082F700424B7F0D734AE7EDB5040001D6A37505929	C:\admirales\script_ver\script_ver\quarantine\under-review\17mov_CharacterSystem\web\photos\mp_m_freemode_01-pants_1-119.webp
DCDA958F6E94B18428FB69B8E948CA73DA3FBD52EF9A473352C8FB1A916BE9EB	C:\admirales\script_ver\script_ver\quarantine\under-review\17mov_CharacterSystem\web\photos\mp_m_freemode_01-pants_1-12.webp
AFB78DFA88C048587561C36FB97DA175C2608A3378E185762605F47FB252B618	C:\admirales\script_ver\script_ver\quarantine\under-review\17mov_CharacterSystem\web\photos\mp_m_freemode_01-pants_1-120.webp
1FF15F9E3DDE9F1A0ACECF11A3B40829D2FBAFE24ACDC5A7033FC65E1892887B	C:\admirales\script_ver\script_ver\quarantine\under-review\17mov_CharacterSystem\web\photos\mp_m_freemode_01-pants_1-121.webp
96E8A3D90E4D9D25B4352FE05608EFBE5C259465D51B250641C664CC3EE6D6DA	C:\admirales\script_ver\script_ver\quarantine\under-review\17mov_CharacterSystem\web\photos\mp_m_freemode_01-pants_1-122.webp
1339CFD98AD9C13CA9E4A415AC5F732BF2353EE5886A2BA2EF39EC308F0BCA87	C:\admirales\script_ver\script_ver\quarantine\under-review\17mov_CharacterSystem\web\photos\mp_m_freemode_01-pants_1-123.webp
01FFBB69AA943AC99197685F59BE92EE4089F16D1BE10A999DE238542A09EA78	C:\admirales\script_ver\script_ver\quarantine\under-review\17mov_CharacterSystem\web\photos\mp_m_freemode_01-pants_1-124.webp
095812C01C2F1DF252024BE0C137A7DC59E8B48B76BA835097190FC36C6B6AE2	C:\admirales\script_ver\script_ver\quarantine\under-review\17mov_CharacterSystem\web\photos\mp_m_freemode_01-pants_1-125.webp
7352C7EA854E5844CB93156FC2FA60AA8F1D17D57FDB33B747F26A90C7F59702	C:\admirales\script_ver\script_ver\quarantine\under-review\17mov_CharacterSystem\web\photos\mp_m_freemode_01-pants_1-126.webp
A905922C659B3B08795DC17D868933E5F664480CF4900F861F0CCE2DA967A0B6	C:\admirales\script_ver\script_ver\quarantine\under-review\17mov_CharacterSystem\web\photos\mp_m_freemode_01-pants_1-127.webp
D2A090CE12A3AC0336759316AD81DCCF11379A950729A3679D4AC98D5D60BBF7	C:\admirales\script_ver\script_ver\quarantine\under-review\17mov_CharacterSystem\web\photos\mp_m_freemode_01-pants_1-128.webp
4BFB5C5B28176B5A3AEFAB849A7D822148402D8AD96F7AA1536EB6BFB98E62C5	C:\admirales\script_ver\script_ver\quarantine\under-review\17mov_CharacterSystem\web\photos\mp_m_freemode_01-pants_1-129.webp
82063048B1269DC2989E5D97468B0C52D488585AC917E1D7B902CEC5735A74B2	C:\admirales\script_ver\script_ver\quarantine\under-review\17mov_CharacterSystem\web\photos\mp_m_freemode_01-pants_1-13.webp
42F9E25F15B86C208561CE287E1910C9358838666857D692165A49AB0DED5C23	C:\admirales\script_ver\script_ver\quarantine\under-review\17mov_CharacterSystem\web\photos\mp_m_freemode_01-pants_1-130.webp
ECB2ADDCA7DFA78D25DE5AA0E3A2B74BBE393612D6DFB489DFCB0B115D76186B	C:\admirales\script_ver\script_ver\quarantine\under-review\17mov_CharacterSystem\web\photos\mp_m_freemode_01-pants_1-131.webp
282083958E834F02CA1169955FC22E76571DAD11744A789CAA59DDAFBD53701D	C:\admirales\script_ver\script_ver\quarantine\under-review\17mov_CharacterSystem\web\photos\mp_m_freemode_01-pants_1-132.webp
86C04B6CAB2159574B05E0CF5F3E0AB942C88C0ACC29400E2CCD6306204F13EC	C:\admirales\script_ver\script_ver\quarantine\under-review\17mov_CharacterSystem\web\photos\mp_m_freemode_01-pants_1-133.webp
C684304310E2A699ED044B2483A4FCA77528AEB2805E07E6A02A68CAE07C9B68	C:\admirales\script_ver\script_ver\quarantine\under-review\17mov_CharacterSystem\web\photos\mp_m_freemode_01-pants_1-134.webp
0507C08B35ACA6AD1CB89A407DEDC5BF364B8D224D88811352CB5B7C48BAC806	C:\admirales\script_ver\script_ver\quarantine\under-review\17mov_CharacterSystem\web\photos\mp_m_freemode_01-pants_1-135.webp
069F0AA5D61A40052A740A75950C67DC9B67528BFFCE32A533337FE09742A8E2	C:\admirales\script_ver\script_ver\quarantine\under-review\17mov_CharacterSystem\web\photos\mp_m_freemode_01-pants_1-136.webp
086E07E854A3B6305C6B629A2F5CFADCC40363C0417F31AF5732435B6B669020	C:\admirales\script_ver\script_ver\quarantine\under-review\17mov_CharacterSystem\web\photos\mp_m_freemode_01-pants_1-137.webp
D9C6FC95A8302C879459F56FDC64035C67C8CD318F663D715EF9D2FC84D5B643	C:\admirales\script_ver\script_ver\quarantine\under-review\17mov_CharacterSystem\web\photos\mp_m_freemode_01-pants_1-138.webp
02C33A7535D40CDAB2F7E1A5CEB1DB1156BF29767F32FB15A2445E2929C74626	C:\admirales\script_ver\script_ver\quarantine\under-review\17mov_CharacterSystem\web\photos\mp_m_freemode_01-pants_1-139.webp
8992FD32640D5CC28A367FDAA91DEAE501FD6B40430358E7F56FF6A938BF5888	C:\admirales\script_ver\script_ver\quarantine\under-review\17mov_CharacterSystem\web\photos\mp_m_freemode_01-pants_1-14.webp
ADD9D1D0495FF2F7EFBD7963E5022F9FCA469E69C8EB42DB754FA67693B9CEB2	C:\admirales\script_ver\script_ver\quarantine\under-review\17mov_CharacterSystem\web\photos\mp_m_freemode_01-pants_1-140.webp
97E0A037DC737B727C92C5B567F67FB9B9047B49EEDF7D0EE8EE2A7BF5137940	C:\admirales\script_ver\script_ver\quarantine\under-review\17mov_CharacterSystem\web\photos\mp_m_freemode_01-pants_1-141.webp
079BB0CE1DDAD44690417CD0F0EE7355DE7E5782F08098BACA4BB0EF15F44E8D	C:\admirales\script_ver\script_ver\quarantine\under-review\17mov_CharacterSystem\web\photos\mp_m_freemode_01-pants_1-142.webp
0AE70B6385937F88A77056587B30143F48587A05820F2207093A9CFF1EC2CCA1	C:\admirales\script_ver\script_ver\quarantine\under-review\17mov_CharacterSystem\web\photos\mp_m_freemode_01-pants_1-143.webp
DFBE4C1392E8C812A171F2F745544CA0AB703E861DD64EDF73A390D74D3A7589	C:\admirales\script_ver\script_ver\quarantine\under-review\17mov_CharacterSystem\web\photos\mp_m_freemode_01-pants_1-144.webp
EBBA1745A75178A467B6E0FFF4F378691DA9BFEE1B49F655C49761CEE86145AA	C:\admirales\script_ver\script_ver\quarantine\under-review\17mov_CharacterSystem\web\photos\mp_m_freemode_01-pants_1-145.webp
96D27385219D96A57A57981B381BCF71EA9CD3915696B37F336C74107AF373DF	C:\admirales\script_ver\script_ver\quarantine\under-review\17mov_CharacterSystem\web\photos\mp_m_freemode_01-pants_1-146.webp
906ADD7420076F174F2D71E7BA92AF7DEC36102D98123C0CEA65113B6A259109	C:\admirales\script_ver\script_ver\quarantine\under-review\17mov_CharacterSystem\web\photos\mp_m_freemode_01-pants_1-147.webp
1BD318C13E06B54C71D89FCAFDC9B45889DF96F63D2453C52F4B816BE224E6F1	C:\admirales\script_ver\script_ver\quarantine\under-review\17mov_CharacterSystem\web\photos\mp_m_freemode_01-pants_1-148.webp
99FC53ED96BB454175D4419089CAF60A5A869175D5F219DF264D8F0A39E07752	C:\admirales\script_ver\script_ver\quarantine\under-review\17mov_CharacterSystem\web\photos\mp_m_freemode_01-pants_1-149.webp
09B38119749E1A5AC7589AEB13C7B9A36AF71D2F408C1F5EB85A1F366FC7FA2D	C:\admirales\script_ver\script_ver\quarantine\under-review\17mov_CharacterSystem\web\photos\mp_m_freemode_01-pants_1-15.webp
62E72EA7EB20106940BF8C6F00EC37DE0764EAC255CC65A96D5C96B5DBF2C45B	C:\admirales\script_ver\script_ver\quarantine\under-review\17mov_CharacterSystem\web\photos\mp_m_freemode_01-pants_1-150.webp
725CD48BAA6B0DB90838B46B4E47503CB02EAC69394FE3D26D59D603191CD798	C:\admirales\script_ver\script_ver\quarantine\under-review\17mov_CharacterSystem\web\photos\mp_m_freemode_01-pants_1-151.webp
7B311810B860EFC46F6653C2A897BF1C87E2898C0FCECA1121C51ACEA526AA25	C:\admirales\script_ver\script_ver\quarantine\under-review\17mov_CharacterSystem\web\photos\mp_m_freemode_01-pants_1-152.webp
E9B11CDDE4B43E6D84A1C402F52411803C7686352F109177F764DF7E21BCA139	C:\admirales\script_ver\script_ver\quarantine\under-review\17mov_CharacterSystem\web\photos\mp_m_freemode_01-pants_1-153.webp
76B5D12034EBF79127BAA370A5C4C839077BF1FB11D80DA26A7F1674954C2C80	C:\admirales\script_ver\script_ver\quarantine\under-review\17mov_CharacterSystem\web\photos\mp_m_freemode_01-pants_1-154.webp
9EE8B1058F3D21F8D26B50AE1BFFDE9DEB8E9F5C0B4F0507869EE3D930994B7E	C:\admirales\script_ver\script_ver\quarantine\under-review\17mov_CharacterSystem\web\photos\mp_m_freemode_01-pants_1-155.webp
A7EDECEED88B5C042DB595523F05258EA2B9DCA4FA84331B019782819F600607	C:\admirales\script_ver\script_ver\quarantine\under-review\17mov_CharacterSystem\web\photos\mp_m_freemode_01-pants_1-156.webp
1402F0A305433B0A893C1E341981C833639801A7F2A6BB73F7782E4CB7CA33CF	C:\admirales\script_ver\script_ver\quarantine\under-review\17mov_CharacterSystem\web\photos\mp_m_freemode_01-pants_1-157.webp
20A11B67497B186EE23E59D263ADF83458B7D83B2D4B6741ED35624858C3C1CE	C:\admirales\script_ver\script_ver\quarantine\under-review\17mov_CharacterSystem\web\photos\mp_m_freemode_01-pants_1-158.webp
8563EC21A5A4156DFBD6F9762FB166BC1ADA3242C87D3CA3E5CB8AA0CB3C797F	C:\admirales\script_ver\script_ver\quarantine\under-review\17mov_CharacterSystem\web\photos\mp_m_freemode_01-pants_1-159.webp
9F33CEC8DBDCE56753D33C68CDD417B5C422125BE22E6B0687F0230ACEA701A2	C:\admirales\script_ver\script_ver\quarantine\under-review\17mov_CharacterSystem\web\photos\mp_m_freemode_01-pants_1-16.webp
F80AF0D27980CD0D7A3AEFCA9BACD511106D0508238CB232439EB7B00854737B	C:\admirales\script_ver\script_ver\quarantine\under-review\17mov_CharacterSystem\web\photos\mp_m_freemode_01-pants_1-160.webp
F80AF0D27980CD0D7A3AEFCA9BACD511106D0508238CB232439EB7B00854737B	C:\admirales\script_ver\script_ver\quarantine\under-review\17mov_CharacterSystem\web\photos\mp_m_freemode_01-pants_1-161.webp
F80AF0D27980CD0D7A3AEFCA9BACD511106D0508238CB232439EB7B00854737B	C:\admirales\script_ver\script_ver\quarantine\under-review\17mov_CharacterSystem\web\photos\mp_m_freemode_01-pants_1-162.webp
F80AF0D27980CD0D7A3AEFCA9BACD511106D0508238CB232439EB7B00854737B	C:\admirales\script_ver\script_ver\quarantine\under-review\17mov_CharacterSystem\web\photos\mp_m_freemode_01-pants_1-163.webp
F80AF0D27980CD0D7A3AEFCA9BACD511106D0508238CB232439EB7B00854737B	C:\admirales\script_ver\script_ver\quarantine\under-review\17mov_CharacterSystem\web\photos\mp_m_freemode_01-pants_1-164.webp
F80AF0D27980CD0D7A3AEFCA9BACD511106D0508238CB232439EB7B00854737B	C:\admirales\script_ver\script_ver\quarantine\under-review\17mov_CharacterSystem\web\photos\mp_m_freemode_01-pants_1-165.webp
F80AF0D27980CD0D7A3AEFCA9BACD511106D0508238CB232439EB7B00854737B	C:\admirales\script_ver\script_ver\quarantine\under-review\17mov_CharacterSystem\web\photos\mp_m_freemode_01-pants_1-166.webp
F80AF0D27980CD0D7A3AEFCA9BACD511106D0508238CB232439EB7B00854737B	C:\admirales\script_ver\script_ver\quarantine\under-review\17mov_CharacterSystem\web\photos\mp_m_freemode_01-pants_1-167.webp
40AA0434F837541F58171496C04FE9E7A699EE769155BD9888E492183958975C	C:\admirales\script_ver\script_ver\quarantine\under-review\17mov_CharacterSystem\web\photos\mp_m_freemode_01-pants_1-168.webp
F80AF0D27980CD0D7A3AEFCA9BACD511106D0508238CB232439EB7B00854737B	C:\admirales\script_ver\script_ver\quarantine\under-review\17mov_CharacterSystem\web\photos\mp_m_freemode_01-pants_1-169.webp
2B0D55C360533038B84794AF9716AF784F58415586FCED831B437E9BBB818C5B	C:\admirales\script_ver\script_ver\quarantine\under-review\17mov_CharacterSystem\web\photos\mp_m_freemode_01-pants_1-17.webp
57CBB56131412AEF81AA1D88484A0E63BFD4E1EBDFA3FFFDD56752F9937876AB	C:\admirales\script_ver\script_ver\quarantine\under-review\17mov_CharacterSystem\web\photos\mp_m_freemode_01-pants_1-170.webp
F80AF0D27980CD0D7A3AEFCA9BACD511106D0508238CB232439EB7B00854737B	C:\admirales\script_ver\script_ver\quarantine\under-review\17mov_CharacterSystem\web\photos\mp_m_freemode_01-pants_1-171.webp
5411BE1153051A8861E2540EEDC3A4A8CD2952F9113DFEAC73FB3140D2BA405B	C:\admirales\script_ver\script_ver\quarantine\under-review\17mov_CharacterSystem\web\photos\mp_m_freemode_01-pants_1-172.webp
FD2BF30EAC2FD082FC611604A252F328BF4DE831AA117A5F7234A4B561990C28	C:\admirales\script_ver\script_ver\quarantine\under-review\17mov_CharacterSystem\web\photos\mp_m_freemode_01-pants_1-173.webp
C7EC536DEF5314DA8FC5BA6D5F1C92D2A8A1B125BF01F78B5B659ED88F28D55E	C:\admirales\script_ver\script_ver\quarantine\under-review\17mov_CharacterSystem\web\photos\mp_m_freemode_01-pants_1-174.webp
C6DF6E76D2215E643343ED74E3C23799934F577D5061C63CDC3ACEC6AA5D8C0B	C:\admirales\script_ver\script_ver\quarantine\under-review\17mov_CharacterSystem\web\photos\mp_m_freemode_01-pants_1-175.webp
3F9BB0C55BDC814DEAEED5967261B9F2852359E29359C6EF4E3C91EBD842EBBF	C:\admirales\script_ver\script_ver\quarantine\under-review\17mov_CharacterSystem\web\photos\mp_m_freemode_01-pants_1-176.webp
68C9A4B8CC45E1AA87FAB9D8B61044F602034C378964A18B3DE701A17B2C85CA	C:\admirales\script_ver\script_ver\quarantine\under-review\17mov_CharacterSystem\web\photos\mp_m_freemode_01-pants_1-177.webp
4354162CA1AC1A29327F2341074A1E09995C281AC53808FD0ED77ED3E98F479F	C:\admirales\script_ver\script_ver\quarantine\under-review\17mov_CharacterSystem\web\photos\mp_m_freemode_01-pants_1-178.webp
5441E75FFE71F1F22EFA3A88BEDDB5F496996986A3E1AD8EBA05E57D319DFDDD	C:\admirales\script_ver\script_ver\quarantine\under-review\17mov_CharacterSystem\web\photos\mp_m_freemode_01-pants_1-179.webp
DC68088477A765EDBC2794DBEA6CAD2ABB45441F5ACBDEE724B7725946130995	C:\admirales\script_ver\script_ver\quarantine\under-review\17mov_CharacterSystem\web\photos\mp_m_freemode_01-pants_1-18.webp
F0C1739AD07A60BADBAE4E34EEB65F3609EC698E5FFD1293D0D0ED23AFC72205	C:\admirales\script_ver\script_ver\quarantine\under-review\17mov_CharacterSystem\web\photos\mp_m_freemode_01-pants_1-180.webp
F80AF0D27980CD0D7A3AEFCA9BACD511106D0508238CB232439EB7B00854737B	C:\admirales\script_ver\script_ver\quarantine\under-review\17mov_CharacterSystem\web\photos\mp_m_freemode_01-pants_1-181.webp
F80AF0D27980CD0D7A3AEFCA9BACD511106D0508238CB232439EB7B00854737B	C:\admirales\script_ver\script_ver\quarantine\under-review\17mov_CharacterSystem\web\photos\mp_m_freemode_01-pants_1-182.webp
F80AF0D27980CD0D7A3AEFCA9BACD511106D0508238CB232439EB7B00854737B	C:\admirales\script_ver\script_ver\quarantine\under-review\17mov_CharacterSystem\web\photos\mp_m_freemode_01-pants_1-183.webp
F80AF0D27980CD0D7A3AEFCA9BACD511106D0508238CB232439EB7B00854737B	C:\admirales\script_ver\script_ver\quarantine\under-review\17mov_CharacterSystem\web\photos\mp_m_freemode_01-pants_1-184.webp
F80AF0D27980CD0D7A3AEFCA9BACD511106D0508238CB232439EB7B00854737B	C:\admirales\script_ver\script_ver\quarantine\under-review\17mov_CharacterSystem\web\photos\mp_m_freemode_01-pants_1-185.webp
F80AF0D27980CD0D7A3AEFCA9BACD511106D0508238CB232439EB7B00854737B	C:\admirales\script_ver\script_ver\quarantine\under-review\17mov_CharacterSystem\web\photos\mp_m_freemode_01-pants_1-186.webp
D6443BAADEAFED1C2C90893029D0B29971E88C6458E59C63ACAA41607CF332D3	C:\admirales\script_ver\script_ver\quarantine\under-review\17mov_CharacterSystem\web\photos\mp_m_freemode_01-pants_1-187.webp
F80AF0D27980CD0D7A3AEFCA9BACD511106D0508238CB232439EB7B00854737B	C:\admirales\script_ver\script_ver\quarantine\under-review\17mov_CharacterSystem\web\photos\mp_m_freemode_01-pants_1-188.webp
A8719ADB020E8E5D3E6D25935687E3B40483E7F38A68BFD0FA5063B252CA541E	C:\admirales\script_ver\script_ver\quarantine\under-review\17mov_CharacterSystem\web\photos\mp_m_freemode_01-pants_1-189.webp
B5789491C825AD77454769D017BF0B0085C66BE71189112F60B5CEC2CA679FD7	C:\admirales\script_ver\script_ver\quarantine\under-review\17mov_CharacterSystem\web\photos\mp_m_freemode_01-pants_1-19.webp
F80AF0D27980CD0D7A3AEFCA9BACD511106D0508238CB232439EB7B00854737B	C:\admirales\script_ver\script_ver\quarantine\under-review\17mov_CharacterSystem\web\photos\mp_m_freemode_01-pants_1-190.webp
48842371C36F4B52D3604EFDA5067C05B87A448FA5FF8F33C74F359277816E33	C:\admirales\script_ver\script_ver\quarantine\under-review\17mov_CharacterSystem\web\photos\mp_m_freemode_01-pants_1-191.webp
AC2DE37BF1454EA5B9A9830D6C3D9E357052980A590ADDF3AF23165A7521A7A3	C:\admirales\script_ver\script_ver\quarantine\under-review\17mov_CharacterSystem\web\photos\mp_m_freemode_01-pants_1-192.webp
F80AF0D27980CD0D7A3AEFCA9BACD511106D0508238CB232439EB7B00854737B	C:\admirales\script_ver\script_ver\quarantine\under-review\17mov_CharacterSystem\web\photos\mp_m_freemode_01-pants_1-193.webp
A99A484B40AF9BAC14CE5049A54B1D22BF07B95D2FC6547BB14B6670D4B7C2F7	C:\admirales\script_ver\script_ver\quarantine\under-review\17mov_CharacterSystem\web\photos\mp_m_freemode_01-pants_1-2.webp
6B5635F648E34AEC5F701AB4E9E8872F5963D116C9ABE4E4B13C2C372FBD931C	C:\admirales\script_ver\script_ver\quarantine\under-review\17mov_CharacterSystem\web\photos\mp_m_freemode_01-pants_1-20.webp
08A7FED295F79530655434693AD140BBFDA2F568DAE1052335DACDCDEB81FA9B	C:\admirales\script_ver\script_ver\quarantine\under-review\17mov_CharacterSystem\web\photos\mp_m_freemode_01-pants_1-21.webp
6B88E586B97D03EDDC447D296CF61AA8FB9ED37454A43FFFB83465A1D5A54AFB	C:\admirales\script_ver\script_ver\quarantine\under-review\17mov_CharacterSystem\web\photos\mp_m_freemode_01-pants_1-22.webp
C4CDED8339657C16A71877F98D94045FACE0164FD5546AA94358269E17E48F25	C:\admirales\script_ver\script_ver\quarantine\under-review\17mov_CharacterSystem\web\photos\mp_m_freemode_01-pants_1-23.webp
54385A5A3F0399689D7248C85D59723BFB4582C493F6311BBB37053203668F5A	C:\admirales\script_ver\script_ver\quarantine\under-review\17mov_CharacterSystem\web\photos\mp_m_freemode_01-pants_1-24.webp
5CD84756F4A7B1EDD603C5B7DC578D1212FC152702E8FA81F7129F3B892EBAD3	C:\admirales\script_ver\script_ver\quarantine\under-review\17mov_CharacterSystem\web\photos\mp_m_freemode_01-pants_1-25.webp
579E5F314FACB3F1DFEC7FE0F69D43A6575978CEC4F9026D793970E981ECBE63	C:\admirales\script_ver\script_ver\quarantine\under-review\17mov_CharacterSystem\web\photos\mp_m_freemode_01-pants_1-26.webp
06A907A3D6BCD9A7BC3992B95042E5E1BF73942B4F712B843658995388B5113B	C:\admirales\script_ver\script_ver\quarantine\under-review\17mov_CharacterSystem\web\photos\mp_m_freemode_01-pants_1-27.webp
E83FC534146D30718A8809E9E6767D66478A257A94D209004C9A9442691E4055	C:\admirales\script_ver\script_ver\quarantine\under-review\17mov_CharacterSystem\web\photos\mp_m_freemode_01-pants_1-28.webp
1022905218E57B1D1D3FB1A2EA166D4EB03361E92461F088A377A6A94D70EFAB	C:\admirales\script_ver\script_ver\quarantine\under-review\17mov_CharacterSystem\web\photos\mp_m_freemode_01-pants_1-29.webp
DA07D62CA86506FCE21430B9F6D621EE9BD995F85DB282653D754F8920F4EEE1	C:\admirales\script_ver\script_ver\quarantine\under-review\17mov_CharacterSystem\web\photos\mp_m_freemode_01-pants_1-3.webp
853C4C2AC429548EB4DD89150827B66F5A0C604EC5345187E0B49100CDB23235	C:\admirales\script_ver\script_ver\quarantine\under-review\17mov_CharacterSystem\web\photos\mp_m_freemode_01-pants_1-30.webp
A3F6D10BFCD62D599F0F89094B68EBF10AEDE4451F8981B2E6400ED44E6DCB3E	C:\admirales\script_ver\script_ver\quarantine\under-review\17mov_CharacterSystem\web\photos\mp_m_freemode_01-pants_1-31.webp
D9D9E7FA81D611D8D92D94D28124161CC56C449E316AB3BDE7AA801F65059250	C:\admirales\script_ver\script_ver\quarantine\under-review\17mov_CharacterSystem\web\photos\mp_m_freemode_01-pants_1-32.webp
E45B7E3E660FF9A800129CC45C948C519BBF8B9F6BDB6FBC83EB9AF2EED334E4	C:\admirales\script_ver\script_ver\quarantine\under-review\17mov_CharacterSystem\web\photos\mp_m_freemode_01-pants_1-33.webp
34198080244488BCEDEA80CAC4CE3FBBBD1C92274A0D50C63492BFF6A985AB3B	C:\admirales\script_ver\script_ver\quarantine\under-review\17mov_CharacterSystem\web\photos\mp_m_freemode_01-pants_1-34.webp
5C0594A6D9A44CB740CAA2F1DB23AB85CE5F7F739D251E46CC72DB10C0C15770	C:\admirales\script_ver\script_ver\quarantine\under-review\17mov_CharacterSystem\web\photos\mp_m_freemode_01-pants_1-35.webp
845B1633257C9A10F3A84D180E096C98EFFD02F358B5757803EB60B3D470305F	C:\admirales\script_ver\script_ver\quarantine\under-review\17mov_CharacterSystem\web\photos\mp_m_freemode_01-pants_1-36.webp
6A1F699020E5683C14F88B2C3B669BD167C6C569C8169515199D62D3F6132A1E	C:\admirales\script_ver\script_ver\quarantine\under-review\17mov_CharacterSystem\web\photos\mp_m_freemode_01-pants_1-37.webp
9B1846D2975A583BA748B8B69BEBBCA0CAE0AE95BB51D3668C0BB4D2A5FC585A	C:\admirales\script_ver\script_ver\quarantine\under-review\17mov_CharacterSystem\web\photos\mp_m_freemode_01-pants_1-38.webp
43538ADC168768688DF5774CDA4813BB487BA491A5B3321EB71878C1723E18B9	C:\admirales\script_ver\script_ver\quarantine\under-review\17mov_CharacterSystem\web\photos\mp_m_freemode_01-pants_1-39.webp
A6D7C9F0025D66F59C6BA3DC6C58B787B647AEC28B1ADEEE3F412085D188F62A	C:\admirales\script_ver\script_ver\quarantine\under-review\17mov_CharacterSystem\web\photos\mp_m_freemode_01-pants_1-4.webp
1AB329B86164B1BEE73088436D53ECE3BDFB118AF55F6F36074DFA8C9D96A7D7	C:\admirales\script_ver\script_ver\quarantine\under-review\17mov_CharacterSystem\web\photos\mp_m_freemode_01-pants_1-40.webp
5824B55143B2ACB9BECEE0A3F81891097C2791014103B11CEB957C6FB9DD3E59	C:\admirales\script_ver\script_ver\quarantine\under-review\17mov_CharacterSystem\web\photos\mp_m_freemode_01-pants_1-41.webp
209461ED9553222C97B22DC58CEC39B0100359692E8F2C4270E86AECDB1EC009	C:\admirales\script_ver\script_ver\quarantine\under-review\17mov_CharacterSystem\web\photos\mp_m_freemode_01-pants_1-42.webp
9FE18D8BE054341F1A27894C35801EC9179B1253A604B81003D34BF384551ADA	C:\admirales\script_ver\script_ver\quarantine\under-review\17mov_CharacterSystem\web\photos\mp_m_freemode_01-pants_1-43.webp
0C45551CEA2EC16750D0182026F9EE795148DDBF951F564A107FD5AB1EA022ED	C:\admirales\script_ver\script_ver\quarantine\under-review\17mov_CharacterSystem\web\photos\mp_m_freemode_01-pants_1-44.webp
BC7C1FE1E4EEE6A7596A2201573AF594D4587B64361600E8B0D190EAA448DEF9	C:\admirales\script_ver\script_ver\quarantine\under-review\17mov_CharacterSystem\web\photos\mp_m_freemode_01-pants_1-45.webp
B72D2302B1C08304C65DB297A16C74ED41BAF50F692F554AED94B3BA610E511F	C:\admirales\script_ver\script_ver\quarantine\under-review\17mov_CharacterSystem\web\photos\mp_m_freemode_01-pants_1-46.webp
6DDA42D8B739B7099CA17D8181E95E85FC58C0B364629FF4413084822E64D853	C:\admirales\script_ver\script_ver\quarantine\under-review\17mov_CharacterSystem\web\photos\mp_m_freemode_01-pants_1-47.webp
AB9B123E0B6694D2C47A9F81CA89030CA23BDAE2DFEC7F36815F33018E287871	C:\admirales\script_ver\script_ver\quarantine\under-review\17mov_CharacterSystem\web\photos\mp_m_freemode_01-pants_1-48.webp
A475280A008E45363A20DDD8A9CE630EC5F0CC5A62CD9BF96C75224815CD7A6C	C:\admirales\script_ver\script_ver\quarantine\under-review\17mov_CharacterSystem\web\photos\mp_m_freemode_01-pants_1-49.webp
C3EC5670B5AF28125E49B4D0AB0D248C07F86D024605B29E00BB5C8F87A1BD01	C:\admirales\script_ver\script_ver\quarantine\under-review\17mov_CharacterSystem\web\photos\mp_m_freemode_01-pants_1-5.webp
74953975BCC850271FCE69C6C6126D630EFE356F8BCB939E0FB57C6D21527581	C:\admirales\script_ver\script_ver\quarantine\under-review\17mov_CharacterSystem\web\photos\mp_m_freemode_01-pants_1-50.webp
C2A64A104712831E90A326155BA8B998F98D0161B21E52A30DB5ABB36B95E00C	C:\admirales\script_ver\script_ver\quarantine\under-review\17mov_CharacterSystem\web\photos\mp_m_freemode_01-pants_1-51.webp
2CEE85BE219788E8B5703E7BD7207A6E8BF96960F7BE62E77A5AB3A0E4446906	C:\admirales\script_ver\script_ver\quarantine\under-review\17mov_CharacterSystem\web\photos\mp_m_freemode_01-pants_1-52.webp
F52BEBBF5A590B07D61205C2F6D9D1FA8657D1E0A232509FDD4263944C2685E2	C:\admirales\script_ver\script_ver\quarantine\under-review\17mov_CharacterSystem\web\photos\mp_m_freemode_01-pants_1-53.webp
F2288031C94E989A16F4259EA15712F211FA80077645EE80F2C8F557D502268E	C:\admirales\script_ver\script_ver\quarantine\under-review\17mov_CharacterSystem\web\photos\mp_m_freemode_01-pants_1-54.webp
1F2D43B49B756F113FE892DB3A4D280E214E7517FF96BCE3F9B72E686F11AF9E	C:\admirales\script_ver\script_ver\quarantine\under-review\17mov_CharacterSystem\web\photos\mp_m_freemode_01-pants_1-55.webp
E4DBAFE6AE0284384439B4CCE704F1523B93ACE65B8D429228F1790BBFFF0E9B	C:\admirales\script_ver\script_ver\quarantine\under-review\17mov_CharacterSystem\web\photos\mp_m_freemode_01-pants_1-56.webp
269F40C069856ECFC03D9B04950FE96E92C29DD75C159FD7AC1B214668376514	C:\admirales\script_ver\script_ver\quarantine\under-review\17mov_CharacterSystem\web\photos\mp_m_freemode_01-pants_1-57.webp
EE71FB8D865AF7317C335BD2CD25C2260B905F75F7EC672A572B43F504E6D3CA	C:\admirales\script_ver\script_ver\quarantine\under-review\17mov_CharacterSystem\web\photos\mp_m_freemode_01-pants_1-58.webp
974D509C35BFB3C500160E6731EE77EB12DBCDA594B52B529514ACA4E629F94F	C:\admirales\script_ver\script_ver\quarantine\under-review\17mov_CharacterSystem\web\photos\mp_m_freemode_01-pants_1-59.webp
3341AE7BCB1D04EF79D8AACCB130D618F4B276DC97C859BEBE8AFEA0FAE63A1C	C:\admirales\script_ver\script_ver\quarantine\under-review\17mov_CharacterSystem\web\photos\mp_m_freemode_01-pants_1-6.webp
F82E9F3FB49226124AB2478ED1E9681B3AFA53374E5297DC193BE859C942E6A4	C:\admirales\script_ver\script_ver\quarantine\under-review\17mov_CharacterSystem\web\photos\mp_m_freemode_01-pants_1-60.webp
27812BBE8413B901558E41BEB03C152FBB38F30B9C9ED3161C3C325D1BB6D055	C:\admirales\script_ver\script_ver\quarantine\under-review\17mov_CharacterSystem\web\photos\mp_m_freemode_01-pants_1-61.webp
E76FA7F857EAFC6599B06E098CE18153F75A05BCDEE51E97006011916625BFA8	C:\admirales\script_ver\script_ver\quarantine\under-review\17mov_CharacterSystem\web\photos\mp_m_freemode_01-pants_1-62.webp
8C0EC0F584AB760D1EB1092E5E6A7EBB34C2E52308884D036571ED4DBC513EA2	C:\admirales\script_ver\script_ver\quarantine\under-review\17mov_CharacterSystem\web\photos\mp_m_freemode_01-pants_1-63.webp
6E9308C59AE2574495F091C8873111CF87C656F11B195460A4F075A1D90F87BF	C:\admirales\script_ver\script_ver\quarantine\under-review\17mov_CharacterSystem\web\photos\mp_m_freemode_01-pants_1-64.webp
E0B991182E7903CBD53CD4C20ECD4646D1C3F903D7A14678ECD2D742B9C058AE	C:\admirales\script_ver\script_ver\quarantine\under-review\17mov_CharacterSystem\web\photos\mp_m_freemode_01-pants_1-65.webp
075170443AAF66EABB6AC66D4DB3854C4A47F317B6523A97337FA519D3F1957B	C:\admirales\script_ver\script_ver\quarantine\under-review\17mov_CharacterSystem\web\photos\mp_m_freemode_01-pants_1-66.webp
7597173EBA3E15A0FD0F9BE83432B701C0E8676E24F43C67B077C5F48F753B89	C:\admirales\script_ver\script_ver\quarantine\under-review\17mov_CharacterSystem\web\photos\mp_m_freemode_01-pants_1-67.webp
34EBE4B85DC9B82723C8EE49E5B3D58E21C07BCA66540A64587679E414792192	C:\admirales\script_ver\script_ver\quarantine\under-review\17mov_CharacterSystem\web\photos\mp_m_freemode_01-pants_1-68.webp
A69AC2C51E7AF99BF214808F02DB36B77F74DD3656DAEF66D847C328C76D7FA3	C:\admirales\script_ver\script_ver\quarantine\under-review\17mov_CharacterSystem\web\photos\mp_m_freemode_01-pants_1-69.webp
CE0660D6319827B38897B0407EBBAA5115FA999C8CF44B99E99FC9E057629CBC	C:\admirales\script_ver\script_ver\quarantine\under-review\17mov_CharacterSystem\web\photos\mp_m_freemode_01-pants_1-7.webp
0DFB26F0B5F6F7AFA092C1770FBBE1EE0A2E08DB07C32C09BD9D2FDC586972B1	C:\admirales\script_ver\script_ver\quarantine\under-review\17mov_CharacterSystem\web\photos\mp_m_freemode_01-pants_1-70.webp
FA23FC21B599428E93227A5908CD9BCE13C14B01489E26F9DEF8FA691275D7F8	C:\admirales\script_ver\script_ver\quarantine\under-review\17mov_CharacterSystem\web\photos\mp_m_freemode_01-pants_1-71.webp
6586F25988F58900C5BE8A4BBD67235197B85FCCFF83F622370A03EE0893EA0D	C:\admirales\script_ver\script_ver\quarantine\under-review\17mov_CharacterSystem\web\photos\mp_m_freemode_01-pants_1-72.webp
5934B189DEAB1DC6B77D1652C28CF512C681D19C0CA791A6B2A34A96C66C8946	C:\admirales\script_ver\script_ver\quarantine\under-review\17mov_CharacterSystem\web\photos\mp_m_freemode_01-pants_1-73.webp
2DF8CAD1D6D50B2DFFB7AED7CC12D28B52A4B8ABDF3D0B7A6A2CD441543F395D	C:\admirales\script_ver\script_ver\quarantine\under-review\17mov_CharacterSystem\web\photos\mp_m_freemode_01-pants_1-74.webp
B0373884A44E50FAF7E5A91137416166E2497D6D606FB2E4014E5C9D64A3531E	C:\admirales\script_ver\script_ver\quarantine\under-review\17mov_CharacterSystem\web\photos\mp_m_freemode_01-pants_1-75.webp
435B6F98128F0C5320060E9B3CE71DD6C8518EB92EBAAC2FD1A860B66B394408	C:\admirales\script_ver\script_ver\quarantine\under-review\17mov_CharacterSystem\web\photos\mp_m_freemode_01-pants_1-76.webp
25C1A2E1FC3ACDCF51D10F2C97A85F60C35744B8D65EFF7D88340D1CC09ECD8D	C:\admirales\script_ver\script_ver\quarantine\under-review\17mov_CharacterSystem\web\photos\mp_m_freemode_01-pants_1-77.webp
FF43E3DBDF9F08FBF48ED4C89453C0779D94EFB1E38E7F298B4D9F6816289E70	C:\admirales\script_ver\script_ver\quarantine\under-review\17mov_CharacterSystem\web\photos\mp_m_freemode_01-pants_1-78.webp
38F7CF69DC61A11FC5AB92E5BC9C86FF6704635B5A81D7DF14F0A67EC247AB64	C:\admirales\script_ver\script_ver\quarantine\under-review\17mov_CharacterSystem\web\photos\mp_m_freemode_01-pants_1-79.webp
8C47F050116D28C00707DF904EBE51BDE2E0E8408219C9975946887452974520	C:\admirales\script_ver\script_ver\quarantine\under-review\17mov_CharacterSystem\web\photos\mp_m_freemode_01-pants_1-8.webp
2CF37313CCE24E0C46B453F64A4FC0D9C0CDDA0CB52D4B8A452AD1926D1EC374	C:\admirales\script_ver\script_ver\quarantine\under-review\17mov_CharacterSystem\web\photos\mp_m_freemode_01-pants_1-80.webp
71C6434598D35C98A1F60E2606BBDAEAA289913F9B87B2F9C44F625997F92917	C:\admirales\script_ver\script_ver\quarantine\under-review\17mov_CharacterSystem\web\photos\mp_m_freemode_01-pants_1-81.webp
281C5A5711633CB08543E073631504883833C85CB63FBA91B1CDA32BB7EE9DDA	C:\admirales\script_ver\script_ver\quarantine\under-review\17mov_CharacterSystem\web\photos\mp_m_freemode_01-pants_1-82.webp
0D41B3958E21076088005CBAC36394CAD4D75010614C546442A41AEB810792CD	C:\admirales\script_ver\script_ver\quarantine\under-review\17mov_CharacterSystem\web\photos\mp_m_freemode_01-pants_1-83.webp
3764E3BDB9C3FBE15D52622A744DD7FA040FBCACF984AE912A86C7692A515106	C:\admirales\script_ver\script_ver\quarantine\under-review\17mov_CharacterSystem\web\photos\mp_m_freemode_01-pants_1-84.webp
4A054429B8FEF41DA475EA5556C3319FC194D7B7ED67488EF50F0C28170C52B0	C:\admirales\script_ver\script_ver\quarantine\under-review\17mov_CharacterSystem\web\photos\mp_m_freemode_01-pants_1-85.webp
A6267A58D1C56E7165F09BD3CD8C82257CEE1447B15F440B6EB3B921536C43A4	C:\admirales\script_ver\script_ver\quarantine\under-review\17mov_CharacterSystem\web\photos\mp_m_freemode_01-pants_1-86.webp
31EA4CB977D3C15F8DD5BBC7676E1E2CD2E9FCCEF69D1FC9409873788BF66A85	C:\admirales\script_ver\script_ver\quarantine\under-review\17mov_CharacterSystem\web\photos\mp_m_freemode_01-pants_1-87.webp
BB4D7D1E6A34E0C08F9E8DD3318C8E3F92D87AD69DE6EC5567EA1E0901970EDA	C:\admirales\script_ver\script_ver\quarantine\under-review\17mov_CharacterSystem\web\photos\mp_m_freemode_01-pants_1-88.webp
F55D0426185C5672D414EAF03533BF0F7DFBCE33EDE46A95BC29CF217B41AE71	C:\admirales\script_ver\script_ver\quarantine\under-review\17mov_CharacterSystem\web\photos\mp_m_freemode_01-pants_1-89.webp
0C3D98278F6B5ACD307C331E1F9ED61461D25F8A1C60DF9EDAD13226D96005E6	C:\admirales\script_ver\script_ver\quarantine\under-review\17mov_CharacterSystem\web\photos\mp_m_freemode_01-pants_1-9.webp
901F887BAC1DD8DC8047CC096F798317E34809816A4EE8F5276F826CA8C506D3	C:\admirales\script_ver\script_ver\quarantine\under-review\17mov_CharacterSystem\web\photos\mp_m_freemode_01-pants_1-90.webp
0A5022E9390C24B3C191BCCE283C19DC27D01F1E5A9DCAF93A8A3CAFE2D3AE9E	C:\admirales\script_ver\script_ver\quarantine\under-review\17mov_CharacterSystem\web\photos\mp_m_freemode_01-pants_1-91.webp
1C3BCA0F5ACC0958A4C84EE440C7E3B3F52E0CA712789CC8C090FCBE4B45939A	C:\admirales\script_ver\script_ver\quarantine\under-review\17mov_CharacterSystem\web\photos\mp_m_freemode_01-pants_1-92.webp
27270E06B0DEF71E7852D722FBB92757D6094E740F1129B6EA8A0EED53EFF3A9	C:\admirales\script_ver\script_ver\quarantine\under-review\17mov_CharacterSystem\web\photos\mp_m_freemode_01-pants_1-93.webp
4408409103B2BA0AA4E5475E7755CDB46AAC56F3087FD4698EFCE72A421DE9EA	C:\admirales\script_ver\script_ver\quarantine\under-review\17mov_CharacterSystem\web\photos\mp_m_freemode_01-pants_1-94.webp
BC30B025810078486B8CD16C0E8EA3065ACDA4B6CC1D513B552945FEE584CD7A	C:\admirales\script_ver\script_ver\quarantine\under-review\17mov_CharacterSystem\web\photos\mp_m_freemode_01-pants_1-95.webp
E4511D3BDF309C1DFDAE08E689C49FA4800DE8A83BBAFF0A4027F1F5CB5C85E6	C:\admirales\script_ver\script_ver\quarantine\under-review\17mov_CharacterSystem\web\photos\mp_m_freemode_01-pants_1-96.webp
E57786EEAD6AFD3FEE47081C86361AC06BDB9B5D3A7EDDE47B3AA7E2F6AFE246	C:\admirales\script_ver\script_ver\quarantine\under-review\17mov_CharacterSystem\web\photos\mp_m_freemode_01-pants_1-97.webp
58C15F21AF106667B5878FFA6866B23A2BB5793E0EC0828CDA07727D78A67D27	C:\admirales\script_ver\script_ver\quarantine\under-review\17mov_CharacterSystem\web\photos\mp_m_freemode_01-pants_1-98.webp
8307927E2840A357D51D15EF9CC65BF16E9871E612EBE651CB079A8A0DFBDCFD	C:\admirales\script_ver\script_ver\quarantine\under-review\17mov_CharacterSystem\web\photos\mp_m_freemode_01-pants_1-99.webp
10100C12DC3CEF1604233D27FE71C66E4509358AB1950F8A2CE1D565FBE0D790	C:\admirales\script_ver\script_ver\quarantine\under-review\17mov_CharacterSystem\web\photos\mp_m_freemode_01-shoes_1-0.webp
21F01298DFE87D9F1BD4AAB7713CC6E66AD358B25B38EB51BC073364D837CED6	C:\admirales\script_ver\script_ver\quarantine\under-review\17mov_CharacterSystem\web\photos\mp_m_freemode_01-shoes_1-1.webp
6BEC43F1F1DEC717041C2CADB3E3B14E0BD85CA858D42CF55BE9EBEA1F72538C	C:\admirales\script_ver\script_ver\quarantine\under-review\17mov_CharacterSystem\web\photos\mp_m_freemode_01-shoes_1-10.webp
BF26EA836DA46E0E3D0089EB55D2DEB2C86EC7C3A9742D8D2D4DDA0C0276FBAF	C:\admirales\script_ver\script_ver\quarantine\under-review\17mov_CharacterSystem\web\photos\mp_m_freemode_01-shoes_1-100.webp
43EACEEDA1A41D11A4BF1722CAD01540CFE34C239C8C28FDA0539B34363A4D40	C:\admirales\script_ver\script_ver\quarantine\under-review\17mov_CharacterSystem\web\photos\mp_m_freemode_01-shoes_1-101.webp
0C6AC30D7CD4300045B6C10C85703EF361B08E363CB30E4DE8A71B7A249244F6	C:\admirales\script_ver\script_ver\quarantine\under-review\17mov_CharacterSystem\web\photos\mp_m_freemode_01-shoes_1-102.webp
2CEFB1DC3ED322CA51027AD9C6037DDF4CEEF2FA55005773E28D08EB390783DE	C:\admirales\script_ver\script_ver\quarantine\under-review\17mov_CharacterSystem\web\photos\mp_m_freemode_01-shoes_1-103.webp
D4A2B60E1F4A7808C0922C82CB7F2710071BAEECF93694C26614BD534D1DA2C6	C:\admirales\script_ver\script_ver\quarantine\under-review\17mov_CharacterSystem\web\photos\mp_m_freemode_01-shoes_1-104.webp
80D2604E1DAC2624AB2623900E8967D2A8568FBB5190B4F4E614CEDF5EE5E452	C:\admirales\script_ver\script_ver\quarantine\under-review\17mov_CharacterSystem\web\photos\mp_m_freemode_01-shoes_1-105.webp
401FF6E60697351C4156A7A090E6ED6479F81E202A8938F64C0A72EE923E169E	C:\admirales\script_ver\script_ver\quarantine\under-review\17mov_CharacterSystem\web\photos\mp_m_freemode_01-shoes_1-106.webp
7C2408EB507BDEBFC22FE4AD8D473699C2EF3553774E9A05EA4DAB991635C76E	C:\admirales\script_ver\script_ver\quarantine\under-review\17mov_CharacterSystem\web\photos\mp_m_freemode_01-shoes_1-107.webp
84AE70DC66A0EDB9002925C0A47BA622E7C555077926CEF1E653FFE95ABF5950	C:\admirales\script_ver\script_ver\quarantine\under-review\17mov_CharacterSystem\web\photos\mp_m_freemode_01-shoes_1-108.webp
41C254F8BF8584E1E06BB1B4407E0D802B5EB5B9552F50F55FFCF1AA3281ACFF	C:\admirales\script_ver\script_ver\quarantine\under-review\17mov_CharacterSystem\web\photos\mp_m_freemode_01-shoes_1-109.webp
05E29F1BDC2B2E4964E44BD11600AA97F7D2ECEA1891D1412E798CAFE80CF274	C:\admirales\script_ver\script_ver\quarantine\under-review\17mov_CharacterSystem\web\photos\mp_m_freemode_01-shoes_1-11.webp
882DDA6113733C56235491176278684AE619EA27CD516FD025B5460F0B4B4464	C:\admirales\script_ver\script_ver\quarantine\under-review\17mov_CharacterSystem\web\photos\mp_m_freemode_01-shoes_1-110.webp
08593FD78047152772CAE18DA30EA4160BFC12AC2EFAA4DF9F03FC5D48373FE7	C:\admirales\script_ver\script_ver\quarantine\under-review\17mov_CharacterSystem\web\photos\mp_m_freemode_01-shoes_1-111.webp
A3C8DB7F35EB8B5DC5979FB2C8D1D4BD3928947D16373DE4E905FEF042D9A077	C:\admirales\script_ver\script_ver\quarantine\under-review\17mov_CharacterSystem\web\photos\mp_m_freemode_01-shoes_1-112.webp
A07A7B05285A6FBD1951ADF0E32ECB77AB34379A49D52CC880507197F1A09931	C:\admirales\script_ver\script_ver\quarantine\under-review\17mov_CharacterSystem\web\photos\mp_m_freemode_01-shoes_1-113.webp
BA2AC215B852DD455672ABBB9582B96B74E0AB6B6E527CA45B0FA702A79C91B5	C:\admirales\script_ver\script_ver\quarantine\under-review\17mov_CharacterSystem\web\photos\mp_m_freemode_01-shoes_1-114.webp
73545137C76ADD655A7D4D6EDA5208257A29FF18DEE601C6F01016B891D5527A	C:\admirales\script_ver\script_ver\quarantine\under-review\17mov_CharacterSystem\web\photos\mp_m_freemode_01-shoes_1-115.webp
DF5BCFCB5A2EA83497B2C1832E99B733879F81662A75E318D56866DBD0301F72	C:\admirales\script_ver\script_ver\quarantine\under-review\17mov_CharacterSystem\web\photos\mp_m_freemode_01-shoes_1-116.webp
12BB0D7745C764B05B600C2496AF88517854FF7C4151DF4B6D2942587AB8F35C	C:\admirales\script_ver\script_ver\quarantine\under-review\17mov_CharacterSystem\web\photos\mp_m_freemode_01-shoes_1-117.webp
DF011925BFE31C240A4553916C2E417D72605D01C219F4F80EB684A18A66D062	C:\admirales\script_ver\script_ver\quarantine\under-review\17mov_CharacterSystem\web\photos\mp_m_freemode_01-shoes_1-118.webp
C58A0AF355897A0E2B66AB50B14D5EE25A7BEEC75CED0FD355AB423740079B4D	C:\admirales\script_ver\script_ver\quarantine\under-review\17mov_CharacterSystem\web\photos\mp_m_freemode_01-shoes_1-119.webp
3FF24A551C56097FE82D2CA243CDCF1C55820EE260F2A9C482681D5F8DB68A8B	C:\admirales\script_ver\script_ver\quarantine\under-review\17mov_CharacterSystem\web\photos\mp_m_freemode_01-shoes_1-12.webp
022ECF14964A24D5AC9CA6E914C3B182D85AF3F8CE9B0F880DE41DBBA7D97E81	C:\admirales\script_ver\script_ver\quarantine\under-review\17mov_CharacterSystem\web\photos\mp_m_freemode_01-shoes_1-120.webp
638C5F5B747197E62A78276463FA089B31044EC206C69213E9C47BE212145AD8	C:\admirales\script_ver\script_ver\quarantine\under-review\17mov_CharacterSystem\web\photos\mp_m_freemode_01-shoes_1-121.webp
0D55C261F24404FCC977C7EFE21DF4AAD46EBEDF5D3B28ED1030D654F61BD0DA	C:\admirales\script_ver\script_ver\quarantine\under-review\17mov_CharacterSystem\web\photos\mp_m_freemode_01-shoes_1-122.webp
B6DE59FEBC369DCEB0813AAEE07F89419CA2D707FA12E9F190886485C34AF5BF	C:\admirales\script_ver\script_ver\quarantine\under-review\17mov_CharacterSystem\web\photos\mp_m_freemode_01-shoes_1-123.webp
CFF4BDADED646B19B5A51ED702BD72E55844FA453A570E62D55478A188D08EC8	C:\admirales\script_ver\script_ver\quarantine\under-review\17mov_CharacterSystem\web\photos\mp_m_freemode_01-shoes_1-124.webp
02E68DA9B5787B760E0416D99EEAC15B0CE8525743D4FC894FBD72F26D7BE480	C:\admirales\script_ver\script_ver\quarantine\under-review\17mov_CharacterSystem\web\photos\mp_m_freemode_01-shoes_1-125.webp
1C88FC343C920704693007EF58326DD0D55853151F7103862C7951F4B3D56CB0	C:\admirales\script_ver\script_ver\quarantine\under-review\17mov_CharacterSystem\web\photos\mp_m_freemode_01-shoes_1-126.webp
F80AF0D27980CD0D7A3AEFCA9BACD511106D0508238CB232439EB7B00854737B	C:\admirales\script_ver\script_ver\quarantine\under-review\17mov_CharacterSystem\web\photos\mp_m_freemode_01-shoes_1-127.webp
F80AF0D27980CD0D7A3AEFCA9BACD511106D0508238CB232439EB7B00854737B	C:\admirales\script_ver\script_ver\quarantine\under-review\17mov_CharacterSystem\web\photos\mp_m_freemode_01-shoes_1-128.webp
F80AF0D27980CD0D7A3AEFCA9BACD511106D0508238CB232439EB7B00854737B	C:\admirales\script_ver\script_ver\quarantine\under-review\17mov_CharacterSystem\web\photos\mp_m_freemode_01-shoes_1-129.webp
F80AF0D27980CD0D7A3AEFCA9BACD511106D0508238CB232439EB7B00854737B	C:\admirales\script_ver\script_ver\quarantine\under-review\17mov_CharacterSystem\web\photos\mp_m_freemode_01-shoes_1-13.webp
F80AF0D27980CD0D7A3AEFCA9BACD511106D0508238CB232439EB7B00854737B	C:\admirales\script_ver\script_ver\quarantine\under-review\17mov_CharacterSystem\web\photos\mp_m_freemode_01-shoes_1-130.webp
F80AF0D27980CD0D7A3AEFCA9BACD511106D0508238CB232439EB7B00854737B	C:\admirales\script_ver\script_ver\quarantine\under-review\17mov_CharacterSystem\web\photos\mp_m_freemode_01-shoes_1-131.webp
202B654FDCBA13264AC5CAEC4424D33B12B54B4BDF8D939CC5C6B73E9F1AA145	C:\admirales\script_ver\script_ver\quarantine\under-review\17mov_CharacterSystem\web\photos\mp_m_freemode_01-shoes_1-132.webp
1BA2A766A90BBA5EF12EBB6F567981C63F80195CDDD919ACB941F982125BEB95	C:\admirales\script_ver\script_ver\quarantine\under-review\17mov_CharacterSystem\web\photos\mp_m_freemode_01-shoes_1-133.webp
253FB5B70163D87B58CDC44CE04470ED63A11F945291866011864BEB503E8218	C:\admirales\script_ver\script_ver\quarantine\under-review\17mov_CharacterSystem\web\photos\mp_m_freemode_01-shoes_1-134.webp
6B2F480E2B2C02FC049BEB05A5C111DD2441316DD50C7841DE621777623391A6	C:\admirales\script_ver\script_ver\quarantine\under-review\17mov_CharacterSystem\web\photos\mp_m_freemode_01-shoes_1-135.webp
01FDC268962A48542A5190269DBEF137A1E5CA276BFE13E07464F05A4033CFE5	C:\admirales\script_ver\script_ver\quarantine\under-review\17mov_CharacterSystem\web\photos\mp_m_freemode_01-shoes_1-136.webp
F2DA5DADAF47D322261FEE830AC610741754CCF36B1F030B16B54BA8033467E0	C:\admirales\script_ver\script_ver\quarantine\under-review\17mov_CharacterSystem\web\photos\mp_m_freemode_01-shoes_1-137.webp
BD6E0F95FDF27BB8101CBF78BE36E2E83BF336FABB7281618FEF73BA82071E82	C:\admirales\script_ver\script_ver\quarantine\under-review\17mov_CharacterSystem\web\photos\mp_m_freemode_01-shoes_1-138.webp
F1495C1FBB4EC162CE59E9A7D42BE3F1DB34FD0EB0B21E59F2937F0609C477BE	C:\admirales\script_ver\script_ver\quarantine\under-review\17mov_CharacterSystem\web\photos\mp_m_freemode_01-shoes_1-139.webp
C49825BA6EC10EB32F58003A8FAD0454CA0A7D680B3D0F0829AC41364E4F9A46	C:\admirales\script_ver\script_ver\quarantine\under-review\17mov_CharacterSystem\web\photos\mp_m_freemode_01-shoes_1-14.webp
F80AF0D27980CD0D7A3AEFCA9BACD511106D0508238CB232439EB7B00854737B	C:\admirales\script_ver\script_ver\quarantine\under-review\17mov_CharacterSystem\web\photos\mp_m_freemode_01-shoes_1-140.webp
F80AF0D27980CD0D7A3AEFCA9BACD511106D0508238CB232439EB7B00854737B	C:\admirales\script_ver\script_ver\quarantine\under-review\17mov_CharacterSystem\web\photos\mp_m_freemode_01-shoes_1-141.webp
F80AF0D27980CD0D7A3AEFCA9BACD511106D0508238CB232439EB7B00854737B	C:\admirales\script_ver\script_ver\quarantine\under-review\17mov_CharacterSystem\web\photos\mp_m_freemode_01-shoes_1-142.webp
F80AF0D27980CD0D7A3AEFCA9BACD511106D0508238CB232439EB7B00854737B	C:\admirales\script_ver\script_ver\quarantine\under-review\17mov_CharacterSystem\web\photos\mp_m_freemode_01-shoes_1-143.webp
22731581CD8931A1A8E5AEFAA216F695945DDACDC22CF71335336492C6E53866	C:\admirales\script_ver\script_ver\quarantine\under-review\17mov_CharacterSystem\web\photos\mp_m_freemode_01-shoes_1-144.webp
F80AF0D27980CD0D7A3AEFCA9BACD511106D0508238CB232439EB7B00854737B	C:\admirales\script_ver\script_ver\quarantine\under-review\17mov_CharacterSystem\web\photos\mp_m_freemode_01-shoes_1-145.webp
FD95710B0A149C513DA05BF7440CDB51467532CBCBFE6E0CE40B7B2CE5E128D0	C:\admirales\script_ver\script_ver\quarantine\under-review\17mov_CharacterSystem\web\photos\mp_m_freemode_01-shoes_1-15.webp
28094EE76E4004E85B9628AF071AE0A43D0F135AFED3DD39621F407F0F3C2AC1	C:\admirales\script_ver\script_ver\quarantine\under-review\17mov_CharacterSystem\web\photos\mp_m_freemode_01-shoes_1-16.webp
9C0AA4434E65C21CD663698B5F22080231A71A31A64712F29B4099A1FED2F599	C:\admirales\script_ver\script_ver\quarantine\under-review\17mov_CharacterSystem\web\photos\mp_m_freemode_01-shoes_1-17.webp
5330AA127314AA98E3C98D8EF0AEE2CE5831181211E39C4A12A05A9DE892CC19	C:\admirales\script_ver\script_ver\quarantine\under-review\17mov_CharacterSystem\web\photos\mp_m_freemode_01-shoes_1-18.webp
8567FA5947A5319A0CD68B4424D71BD0B381161B91911447747D6395003DBDA9	C:\admirales\script_ver\script_ver\quarantine\under-review\17mov_CharacterSystem\web\photos\mp_m_freemode_01-shoes_1-19.webp
781C6EC11457F036B82C313A5D3956D16DFD6F2C53C7DA63009CA337B31555B5	C:\admirales\script_ver\script_ver\quarantine\under-review\17mov_CharacterSystem\web\photos\mp_m_freemode_01-shoes_1-2.webp
9B61E9D374EBF19E6381BCE35AFDFC0AEB63D5359B3DCCBE00465BA601FF5FA7	C:\admirales\script_ver\script_ver\quarantine\under-review\17mov_CharacterSystem\web\photos\mp_m_freemode_01-shoes_1-20.webp
0EF3E0B52304FEC9E88E37E5D28AF91B38E26826C16CCEA6180F7DEB012566EC	C:\admirales\script_ver\script_ver\quarantine\under-review\17mov_CharacterSystem\web\photos\mp_m_freemode_01-shoes_1-21.webp
5DE134F40A35A8BD488458D380348CBF2FA91BAD654540C290A594A51DB710FC	C:\admirales\script_ver\script_ver\quarantine\under-review\17mov_CharacterSystem\web\photos\mp_m_freemode_01-shoes_1-22.webp
D8C5702C5A02AD8B8EFE6CAF44086032FBBCA885AB1F0B2BDDCF341FA2B99D0A	C:\admirales\script_ver\script_ver\quarantine\under-review\17mov_CharacterSystem\web\photos\mp_m_freemode_01-shoes_1-23.webp
B7974250ABD150177F90F391B4BA69ADAED0AAF1ECE88D5DB3280A719FA70C65	C:\admirales\script_ver\script_ver\quarantine\under-review\17mov_CharacterSystem\web\photos\mp_m_freemode_01-shoes_1-24.webp
267B64C081C75EE33A5D391FE95B17530B76DA9722329B463FC9D9EAD4E8A366	C:\admirales\script_ver\script_ver\quarantine\under-review\17mov_CharacterSystem\web\photos\mp_m_freemode_01-shoes_1-25.webp
619A2DC95A1500AF852C97FFA4A858BF567FFD9E41BC7D19E31DE687A0B11D40	C:\admirales\script_ver\script_ver\quarantine\under-review\17mov_CharacterSystem\web\photos\mp_m_freemode_01-shoes_1-26.webp
4184ECC4FD95756B6BC5533F4F5432B219EABE85A2C7B11B917870CDD8B83BD3	C:\admirales\script_ver\script_ver\quarantine\under-review\17mov_CharacterSystem\web\photos\mp_m_freemode_01-shoes_1-27.webp
0D899854C5A41C912C5774AFA29F8E0E8025E9B12CFDC78ACA413F3A62212030	C:\admirales\script_ver\script_ver\quarantine\under-review\17mov_CharacterSystem\web\photos\mp_m_freemode_01-shoes_1-28.webp
4610BC80C3D088BF04C8027845F2A8D22342D57BA6A770612E284077C0F3FC0E	C:\admirales\script_ver\script_ver\quarantine\under-review\17mov_CharacterSystem\web\photos\mp_m_freemode_01-shoes_1-29.webp
2E2F8E77869AA57A135988C4C73F0996EFBFB0CE1495F5FFA0F6ED79A3F2B825	C:\admirales\script_ver\script_ver\quarantine\under-review\17mov_CharacterSystem\web\photos\mp_m_freemode_01-shoes_1-3.webp
1BED0A5BF03D265462A7907A6E682E3F1D657972E42FE25DAB11DAC00DA760C1	C:\admirales\script_ver\script_ver\quarantine\under-review\17mov_CharacterSystem\web\photos\mp_m_freemode_01-shoes_1-30.webp
FD5DA6F258BDDDED0CBF9EFF6B4B67EDDDE844E47EE88D69375C8E4501474A09	C:\admirales\script_ver\script_ver\quarantine\under-review\17mov_CharacterSystem\web\photos\mp_m_freemode_01-shoes_1-31.webp
0B6DC5F72DFDEAF0E9FB16A440AF33DC2962AB8EA1296236E4A6C2045BBABE00	C:\admirales\script_ver\script_ver\quarantine\under-review\17mov_CharacterSystem\web\photos\mp_m_freemode_01-shoes_1-32.webp
F80AF0D27980CD0D7A3AEFCA9BACD511106D0508238CB232439EB7B00854737B	C:\admirales\script_ver\script_ver\quarantine\under-review\17mov_CharacterSystem\web\photos\mp_m_freemode_01-shoes_1-33.webp
36488DF3FD3BC036DBC4EDBFB27CD86D1B3923B49D1E7D072ACD64A2446CDA80	C:\admirales\script_ver\script_ver\quarantine\under-review\17mov_CharacterSystem\web\photos\mp_m_freemode_01-shoes_1-34.webp
233A0851193A5DAE9E1735FF3F45A19E5F4AC643257D7BE97BF4D039A4F6CA06	C:\admirales\script_ver\script_ver\quarantine\under-review\17mov_CharacterSystem\web\photos\mp_m_freemode_01-shoes_1-35.webp
84604071C54E904D4C6C7FB09686CDE9AC25929288A5C9851EE136A32ABEACE9	C:\admirales\script_ver\script_ver\quarantine\under-review\17mov_CharacterSystem\web\photos\mp_m_freemode_01-shoes_1-36.webp
908F8DE11877696B143D5FFCC168870FFBE56E01081FB6E9E69C6FEC1A031CFC	C:\admirales\script_ver\script_ver\quarantine\under-review\17mov_CharacterSystem\web\photos\mp_m_freemode_01-shoes_1-37.webp
02093163D9C0DC2BC41F46D4D0A9E0826DC89471E91F84BD1390B0A201635163	C:\admirales\script_ver\script_ver\quarantine\under-review\17mov_CharacterSystem\web\photos\mp_m_freemode_01-shoes_1-38.webp
37EBABB1C55E41E66A560FCCE5B396BE333E35B749B4727C1A8371275C5AB8D0	C:\admirales\script_ver\script_ver\quarantine\under-review\17mov_CharacterSystem\web\photos\mp_m_freemode_01-shoes_1-39.webp
3F6FE4401D59F1025B350CA8376C2374D823203D51D471695095A0359757F5FC	C:\admirales\script_ver\script_ver\quarantine\under-review\17mov_CharacterSystem\web\photos\mp_m_freemode_01-shoes_1-4.webp
69E27F6F9031D1F213532F8A8D203069D4A2BEB02A85D1362E8F4A558D965008	C:\admirales\script_ver\script_ver\quarantine\under-review\17mov_CharacterSystem\web\photos\mp_m_freemode_01-shoes_1-40.webp
2C007C8EDFAE8BA5DE0AAF3745CA06D2D7E1392E163F4A0C2086CAD085D3CD12	C:\admirales\script_ver\script_ver\quarantine\under-review\17mov_CharacterSystem\web\photos\mp_m_freemode_01-shoes_1-41.webp
69CE5CAAC06CD0C659529F037FAF264D0F3349150C3272975266983712B9FF85	C:\admirales\script_ver\script_ver\quarantine\under-review\17mov_CharacterSystem\web\photos\mp_m_freemode_01-shoes_1-42.webp
CAD3DFB8E43580355C53179B1EA2A73F2D5C66B57E17699C3FC7FD42FE5D7F2F	C:\admirales\script_ver\script_ver\quarantine\under-review\17mov_CharacterSystem\web\photos\mp_m_freemode_01-shoes_1-43.webp
38D778A501BE8A201ACE6275A0CB4ECA09AF5128F4E19A69376A71754E757CC9	C:\admirales\script_ver\script_ver\quarantine\under-review\17mov_CharacterSystem\web\photos\mp_m_freemode_01-shoes_1-44.webp
5D5479BF572FACD2052B823AF7F9C6EF52D744C48823EF55D71E954A72ED2071	C:\admirales\script_ver\script_ver\quarantine\under-review\17mov_CharacterSystem\web\photos\mp_m_freemode_01-shoes_1-45.webp
A3A841DB466A922F37496F098BA88EE8061174040B6CC83D294E7ED35C93FE0C	C:\admirales\script_ver\script_ver\quarantine\under-review\17mov_CharacterSystem\web\photos\mp_m_freemode_01-shoes_1-46.webp
7274C49095C6ED4ACF36C576DC25C989FCF442B17BA19EA9D8396DEE5D8D99C6	C:\admirales\script_ver\script_ver\quarantine\under-review\17mov_CharacterSystem\web\photos\mp_m_freemode_01-shoes_1-47.webp
BC6016BD89602BE843E26035D91C45B1DAA5E728F0D0AA56EFEEA86C62B20C0D	C:\admirales\script_ver\script_ver\quarantine\under-review\17mov_CharacterSystem\web\photos\mp_m_freemode_01-shoes_1-48.webp
B9E7F7FA0BF837BD620F81DAC46BA15F6B8E8072077310F9B356314E970F2BE2	C:\admirales\script_ver\script_ver\quarantine\under-review\17mov_CharacterSystem\web\photos\mp_m_freemode_01-shoes_1-49.webp
3D32EA6F2A6812AA30E97CEF0A6F7CAEC0B197BFE26AA3A65C5E5CCEC701503D	C:\admirales\script_ver\script_ver\quarantine\under-review\17mov_CharacterSystem\web\photos\mp_m_freemode_01-shoes_1-5.webp
B1ACD10B400D62175EBEF56836ADC3979E53DF23011598918B777B212B927D41	C:\admirales\script_ver\script_ver\quarantine\under-review\17mov_CharacterSystem\web\photos\mp_m_freemode_01-shoes_1-50.webp
6B7EC47A571C2E1A813900358A487A893DA4EF235364D566D1C229316E1D59EC	C:\admirales\script_ver\script_ver\quarantine\under-review\17mov_CharacterSystem\web\photos\mp_m_freemode_01-shoes_1-51.webp
863771E5AA811D5891B9DC3A469A101CAB70F1EC3A8B0C31E571CD37CC40E997	C:\admirales\script_ver\script_ver\quarantine\under-review\17mov_CharacterSystem\web\photos\mp_m_freemode_01-shoes_1-52.webp
44B1A28078911F48AB790C80949BA2377A686E39B58707F7A27E1FADA035997B	C:\admirales\script_ver\script_ver\quarantine\under-review\17mov_CharacterSystem\web\photos\mp_m_freemode_01-shoes_1-53.webp
34DD66BE68B213AD966F29626A41112FDDA3FC1156FC0F0989FAF3C5F655190B	C:\admirales\script_ver\script_ver\quarantine\under-review\17mov_CharacterSystem\web\photos\mp_m_freemode_01-shoes_1-54.webp
057F38DC194334BD7CF7B1060FBB351FBE9852D45D54CDD713E21327CB1DC239	C:\admirales\script_ver\script_ver\quarantine\under-review\17mov_CharacterSystem\web\photos\mp_m_freemode_01-shoes_1-55.webp
7374ADD42E580BC1CCDA8036C3362B84994335BAE219D91EBEF8C1F1BAEDE971	C:\admirales\script_ver\script_ver\quarantine\under-review\17mov_CharacterSystem\web\photos\mp_m_freemode_01-shoes_1-56.webp
20B840B359E9B0C66D7EFEFCBDD029CA8EB49484F376B2D5FE6DF30E9BCF73E3	C:\admirales\script_ver\script_ver\quarantine\under-review\17mov_CharacterSystem\web\photos\mp_m_freemode_01-shoes_1-57.webp
417FBCCDDE5E8A1516F3274A9B24B724CADDAB3260636E452EB0F340D7D26C17	C:\admirales\script_ver\script_ver\quarantine\under-review\17mov_CharacterSystem\web\photos\mp_m_freemode_01-shoes_1-58.webp
1FD4C5E52F03653B49B786A090AFB8EAD591929D42D60E2AD5B8B9414B4F4E66	C:\admirales\script_ver\script_ver\quarantine\under-review\17mov_CharacterSystem\web\photos\mp_m_freemode_01-shoes_1-59.webp
678C8ABE5B5D350C7210FE01EB74345B53FCBFCDD1F835DE7895A951938367FC	C:\admirales\script_ver\script_ver\quarantine\under-review\17mov_CharacterSystem\web\photos\mp_m_freemode_01-shoes_1-6.webp
67B790445E582273A1FCA1CA4F88F78B30BB4F3FC945AEBCA5BB54A268C93D00	C:\admirales\script_ver\script_ver\quarantine\under-review\17mov_CharacterSystem\web\photos\mp_m_freemode_01-shoes_1-60.webp
F4B01F23B4BAF27A0DCE8F867C5D32F1A59101F1E50C2CBDC67561A64A7D4855	C:\admirales\script_ver\script_ver\quarantine\under-review\17mov_CharacterSystem\web\photos\mp_m_freemode_01-shoes_1-61.webp
9186DBCA67B7AA63BDC69BAA704C653B930C786694CB42E7ABD2AE3F70DD2FA9	C:\admirales\script_ver\script_ver\quarantine\under-review\17mov_CharacterSystem\web\photos\mp_m_freemode_01-shoes_1-62.webp
2BDC5963A701E822AFD8300B76DA21DB5BDDF02358875528CF482E47B6377E02	C:\admirales\script_ver\script_ver\quarantine\under-review\17mov_CharacterSystem\web\photos\mp_m_freemode_01-shoes_1-63.webp
E06953D4AE3A1C82BB0EB96DF65A5CFD620DB285558BEC7CF504A37D2C2F5D7D	C:\admirales\script_ver\script_ver\quarantine\under-review\17mov_CharacterSystem\web\photos\mp_m_freemode_01-shoes_1-64.webp
AF9C9C458717ACFE32CC668219A00E5A10F12211EB6D577AD38467CBE657257F	C:\admirales\script_ver\script_ver\quarantine\under-review\17mov_CharacterSystem\web\photos\mp_m_freemode_01-shoes_1-65.webp
913A56B08F5864E2C7F1388A67110D09567250BCCB34B421DD33DF9E0CFCAEF9	C:\admirales\script_ver\script_ver\quarantine\under-review\17mov_CharacterSystem\web\photos\mp_m_freemode_01-shoes_1-66.webp
2070CF987B7A09B2B85030A86566910B3BD0841EA2585605456E6D312D9D2EC4	C:\admirales\script_ver\script_ver\quarantine\under-review\17mov_CharacterSystem\web\photos\mp_m_freemode_01-shoes_1-67.webp
71B4A60B3EA4393E2C99E2755D56283A0370D8A51D5B3CFD09426FD63C133DAD	C:\admirales\script_ver\script_ver\quarantine\under-review\17mov_CharacterSystem\web\photos\mp_m_freemode_01-shoes_1-68.webp
4E4DC8F9E7D01A9BFCD582861E8253A8C59A82340B9DD5FFA89690A25118253E	C:\admirales\script_ver\script_ver\quarantine\under-review\17mov_CharacterSystem\web\photos\mp_m_freemode_01-shoes_1-69.webp
D3E881FA8DB7412D02BED6F175BE31EFACB67FF58DC8C063821CF099AE9A9378	C:\admirales\script_ver\script_ver\quarantine\under-review\17mov_CharacterSystem\web\photos\mp_m_freemode_01-shoes_1-7.webp
4566CBE64F01C4E9C3211C7029BB14BA2057C1D73E0EDA749B9638D8DD0ACDDA	C:\admirales\script_ver\script_ver\quarantine\under-review\17mov_CharacterSystem\web\photos\mp_m_freemode_01-shoes_1-70.webp
C7309B967AA67305B546924BA260791DDF97A2FC22D18E35370106AAC459D690	C:\admirales\script_ver\script_ver\quarantine\under-review\17mov_CharacterSystem\web\photos\mp_m_freemode_01-shoes_1-71.webp
329395BCAFD7434E28360DB3741B91B650604813BC25BF5617F8FC4666C8144C	C:\admirales\script_ver\script_ver\quarantine\under-review\17mov_CharacterSystem\web\photos\mp_m_freemode_01-shoes_1-72.webp
90522BCE363DCEBC8F5F092A45D8F40F6A96D36CE23048D35CE8E2B7168F3620	C:\admirales\script_ver\script_ver\quarantine\under-review\17mov_CharacterSystem\web\photos\mp_m_freemode_01-shoes_1-73.webp
510BDB74EB161520A99539E0C88653B75B669E65BA9980F8CA793E5005D31221	C:\admirales\script_ver\script_ver\quarantine\under-review\17mov_CharacterSystem\web\photos\mp_m_freemode_01-shoes_1-74.webp
950681222272293B4BF40B2A6F6BCC15F356C0E112938E2A9F8B2E6B7B317407	C:\admirales\script_ver\script_ver\quarantine\under-review\17mov_CharacterSystem\web\photos\mp_m_freemode_01-shoes_1-75.webp
6A5413016523AD9EAAE66E06D76CDD58CE1EA443F9BBD51E929DD8B23A025FF0	C:\admirales\script_ver\script_ver\quarantine\under-review\17mov_CharacterSystem\web\photos\mp_m_freemode_01-shoes_1-76.webp
05DF75E06B472238A82919462F6FB3C6DEFBBCBCB3A1F46DB46026004D89FF0D	C:\admirales\script_ver\script_ver\quarantine\under-review\17mov_CharacterSystem\web\photos\mp_m_freemode_01-shoes_1-77.webp
3A495569367E3CA817C7165CF1ADD3028BBE091D89C29E536CFA92FDB0FDCBCA	C:\admirales\script_ver\script_ver\quarantine\under-review\17mov_CharacterSystem\web\photos\mp_m_freemode_01-shoes_1-78.webp
8CECB0CF2DDAFCF4C10DDCF4D7D22A360607239F0903C50108ABFC1A4FDB19EA	C:\admirales\script_ver\script_ver\quarantine\under-review\17mov_CharacterSystem\web\photos\mp_m_freemode_01-shoes_1-79.webp
8DD2267F2792437D3059EF93CA541F04C9E4D4B2160F7903325F2F443E3FEA72	C:\admirales\script_ver\script_ver\quarantine\under-review\17mov_CharacterSystem\web\photos\mp_m_freemode_01-shoes_1-8.webp
374B14A0DC7FCEFEBA30EC045EEAA97BFF285D3861342E976ED44E9A91172CA3	C:\admirales\script_ver\script_ver\quarantine\under-review\17mov_CharacterSystem\web\photos\mp_m_freemode_01-shoes_1-80.webp
AE25B27147B72094A53C0EB62D00A864D8C74EC210EC5AFA907C278678E6BEF7	C:\admirales\script_ver\script_ver\quarantine\under-review\17mov_CharacterSystem\web\photos\mp_m_freemode_01-shoes_1-81.webp
5C2DE5F8BA3153BF588922802074A3E6FB634BD479ABBFAE904B6DCB10334014	C:\admirales\script_ver\script_ver\quarantine\under-review\17mov_CharacterSystem\web\photos\mp_m_freemode_01-shoes_1-82.webp
735AAEC353B1870CDEC0859B708ABE0C8DB27C55E36E49CC55660A5D5A6070A7	C:\admirales\script_ver\script_ver\quarantine\under-review\17mov_CharacterSystem\web\photos\mp_m_freemode_01-shoes_1-83.webp
175F8EF1DD8DA422EF296A52EBC292EECFE71DFB21F472DF9CD9EE240C20FC6F	C:\admirales\script_ver\script_ver\quarantine\under-review\17mov_CharacterSystem\web\photos\mp_m_freemode_01-shoes_1-84.webp
4D2CFB8A94C03D85806A7B3D010355667C8BCA9F926C528D052F2D3EFB06029F	C:\admirales\script_ver\script_ver\quarantine\under-review\17mov_CharacterSystem\web\photos\mp_m_freemode_01-shoes_1-85.webp
7944303F3AE5E406B00FAB26EDC474B71C68F0CAA203E4A483EF6E59600A480A	C:\admirales\script_ver\script_ver\quarantine\under-review\17mov_CharacterSystem\web\photos\mp_m_freemode_01-shoes_1-86.webp
F04301950B1F5A8807AABA750ADEF5D2144F2F644A283F39FDA97E1FCE9DA114	C:\admirales\script_ver\script_ver\quarantine\under-review\17mov_CharacterSystem\web\photos\mp_m_freemode_01-shoes_1-87.webp
0CD0AC8CEE1B38738B1769DDB652F16C9369CBCF0F09E107E4C3B45E1F551B25	C:\admirales\script_ver\script_ver\quarantine\under-review\17mov_CharacterSystem\web\photos\mp_m_freemode_01-shoes_1-88.webp
F8FD7B3B041339AEABBDF43D39168EF52EFDF9F97767C36CDD4F90CE67E9E2F7	C:\admirales\script_ver\script_ver\quarantine\under-review\17mov_CharacterSystem\web\photos\mp_m_freemode_01-shoes_1-89.webp
CE36E71F8043861F7566A4616004954FCEBD49F5B6969DF02C8844354C38AF6D	C:\admirales\script_ver\script_ver\quarantine\under-review\17mov_CharacterSystem\web\photos\mp_m_freemode_01-shoes_1-9.webp
89D215FE53F92BD3087E6F35BF9705449FAB0211C8768011AE18CD140BF30475	C:\admirales\script_ver\script_ver\quarantine\under-review\17mov_CharacterSystem\web\photos\mp_m_freemode_01-shoes_1-90.webp
B93D250BAE1C0A111848CCA682F84151899D5FBE012DE4C8FBA8C968D39C864B	C:\admirales\script_ver\script_ver\quarantine\under-review\17mov_CharacterSystem\web\photos\mp_m_freemode_01-shoes_1-91.webp
9FBD32F48B55D0377CE9439BB44F86D1BF543F72209319D7786AF7D85FCF202C	C:\admirales\script_ver\script_ver\quarantine\under-review\17mov_CharacterSystem\web\photos\mp_m_freemode_01-shoes_1-92.webp
3DE34AA4DA8D9BC0FC88D967267CF7952A2C3D82B2248B867B54BD4416DC8247	C:\admirales\script_ver\script_ver\quarantine\under-review\17mov_CharacterSystem\web\photos\mp_m_freemode_01-shoes_1-93.webp
9B7D8C83CA3152DD3333E60D238DCD15087F304A333D995EDCBE2A9C67F599D9	C:\admirales\script_ver\script_ver\quarantine\under-review\17mov_CharacterSystem\web\photos\mp_m_freemode_01-shoes_1-94.webp
17FE37F07AD2536BDB0E9882AFF0098DF9E8ED7E2BA4D99C61CAA085AB0C9490	C:\admirales\script_ver\script_ver\quarantine\under-review\17mov_CharacterSystem\web\photos\mp_m_freemode_01-shoes_1-95.webp
872903FC4EBA69A2FFE6EB12180A3A8C46786AD777BBB5A2FB83CCD4C2B51722	C:\admirales\script_ver\script_ver\quarantine\under-review\17mov_CharacterSystem\web\photos\mp_m_freemode_01-shoes_1-96.webp
50EEF75BE26248E24B0844777CB2622AF152476C186D3C8D0BB88A2471BE8D86	C:\admirales\script_ver\script_ver\quarantine\under-review\17mov_CharacterSystem\web\photos\mp_m_freemode_01-shoes_1-97.webp
3D7287EC7543327AE410475F2FF43C34B7A62F6D1658921069B612ABBA7D0ECD	C:\admirales\script_ver\script_ver\quarantine\under-review\17mov_CharacterSystem\web\photos\mp_m_freemode_01-shoes_1-98.webp
BA3DDF9D58F8061DFEBC6CA0D8CA4F8EA789B28EF3F32EB2BEBC2376E54398B2	C:\admirales\script_ver\script_ver\quarantine\under-review\17mov_CharacterSystem\web\photos\mp_m_freemode_01-shoes_1-99.webp
DC5C5BE8794907B096FA51712E19E2AE1DD09EE4BAA209602251733BDF56871A	C:\admirales\script_ver\script_ver\quarantine\under-review\17mov_CharacterSystem\web\photos\mp_m_freemode_01-torso_1-0.webp
30B629A2C39EF15839F13164D339BEFC7823B8E4FE32598C67742DC338622ADB	C:\admirales\script_ver\script_ver\quarantine\under-review\17mov_CharacterSystem\web\photos\mp_m_freemode_01-torso_1-1.webp
C5EF15614F1F6E66B5B1EB34419C73639D86E16E8B47AE457FFE3325A4416B07	C:\admirales\script_ver\script_ver\quarantine\under-review\17mov_CharacterSystem\web\photos\mp_m_freemode_01-torso_1-10.webp
B29C1FFBA12A49F8602E00566C4A8C8B3CB3EA1CC7970A5ABDDDE59C64034071	C:\admirales\script_ver\script_ver\quarantine\under-review\17mov_CharacterSystem\web\photos\mp_m_freemode_01-torso_1-100.webp
4601FAA7B6714E3A64974D06FCA74CBEB3EBD6113731C0FC32AECC73152D4020	C:\admirales\script_ver\script_ver\quarantine\under-review\17mov_CharacterSystem\web\photos\mp_m_freemode_01-torso_1-101.webp
F15ADA93485A3744F16BCC6FFB513A7773B00025D7E94ED26F940A10EE23861C	C:\admirales\script_ver\script_ver\quarantine\under-review\17mov_CharacterSystem\web\photos\mp_m_freemode_01-torso_1-102.webp
C57C797661FEEC7288E1D12CF87765C52E396A978D7D45931530056A6CA612E5	C:\admirales\script_ver\script_ver\quarantine\under-review\17mov_CharacterSystem\web\photos\mp_m_freemode_01-torso_1-103.webp
D182F492A650CBE7E66F3A75B4B982EF6C9F82B67DD78EFA54728F57A814F8AE	C:\admirales\script_ver\script_ver\quarantine\under-review\17mov_CharacterSystem\web\photos\mp_m_freemode_01-torso_1-104.webp
CF3C392DFC783BC3C7ABF03EDC018749E49D6690E56A8C5BD19EE42585AF88A0	C:\admirales\script_ver\script_ver\quarantine\under-review\17mov_CharacterSystem\web\photos\mp_m_freemode_01-torso_1-105.webp
42CA25A6395C37C1B67B492B66C7F17BE9242A49CD324CE3D92897B6015D4A1B	C:\admirales\script_ver\script_ver\quarantine\under-review\17mov_CharacterSystem\web\photos\mp_m_freemode_01-torso_1-106.webp
6CDDE16DCEF56ECAFA20F71A08AF93FD4F769136E510ED1F910AD775A2FE4F4E	C:\admirales\script_ver\script_ver\quarantine\under-review\17mov_CharacterSystem\web\photos\mp_m_freemode_01-torso_1-107.webp
8531A165279E3D32FE763562367330CCF19F79EEB5F72ED4072FFC01A6A99419	C:\admirales\script_ver\script_ver\quarantine\under-review\17mov_CharacterSystem\web\photos\mp_m_freemode_01-torso_1-108.webp
7815AB837D12699EBD292CB942E95BB619B869124E02880D2C20D6DC15C69E67	C:\admirales\script_ver\script_ver\quarantine\under-review\17mov_CharacterSystem\web\photos\mp_m_freemode_01-torso_1-109.webp
A59FB89FEAEF755305E4C896470B7715FDC9D57041AB1EF4969CA343ACECE05B	C:\admirales\script_ver\script_ver\quarantine\under-review\17mov_CharacterSystem\web\photos\mp_m_freemode_01-torso_1-11.webp
705846BC72B60D866C95000A1A637740DBA7D8F377B10EAF0DB7A69346513611	C:\admirales\script_ver\script_ver\quarantine\under-review\17mov_CharacterSystem\web\photos\mp_m_freemode_01-torso_1-110.webp
116FFCDD53CE3698F0BD182954BC2E9850DE3801FC0109915132DC66E9A61FCF	C:\admirales\script_ver\script_ver\quarantine\under-review\17mov_CharacterSystem\web\photos\mp_m_freemode_01-torso_1-111.webp
81013B055D88582B99AA32E604E755CB4C9B7EB5EF61B6A4C2B3E30BB1CBA675	C:\admirales\script_ver\script_ver\quarantine\under-review\17mov_CharacterSystem\web\photos\mp_m_freemode_01-torso_1-112.webp
9D30E3E7B654210459DB71C1437DB7EA1DDE57CD58AEF6DB732A3D93311F2C16	C:\admirales\script_ver\script_ver\quarantine\under-review\17mov_CharacterSystem\web\photos\mp_m_freemode_01-torso_1-113.webp
81AC448DF5FB213DDC2AEE242065FB44993999AC6AF1D30FAE9FE6973B64A5C9	C:\admirales\script_ver\script_ver\quarantine\under-review\17mov_CharacterSystem\web\photos\mp_m_freemode_01-torso_1-114.webp
D02B38245FD61FF412BAB52C246589826414C19112BABDA0CBBDD03398555A48	C:\admirales\script_ver\script_ver\quarantine\under-review\17mov_CharacterSystem\web\photos\mp_m_freemode_01-torso_1-115.webp
88F91875D5B2A8482800AE8EA473A9B89698854C3D88F6606F00DB706CF5CDBB	C:\admirales\script_ver\script_ver\quarantine\under-review\17mov_CharacterSystem\web\photos\mp_m_freemode_01-torso_1-116.webp
C4C9371F302BFE5BA43B8F5A7473ABB215A6292E620203078912FCBE1C5B9E9D	C:\admirales\script_ver\script_ver\quarantine\under-review\17mov_CharacterSystem\web\photos\mp_m_freemode_01-torso_1-117.webp
C97B7965F01044C5D4B95D1323EA198EBF2E3F9E94CB0340CC9294BBE073E4A6	C:\admirales\script_ver\script_ver\quarantine\under-review\17mov_CharacterSystem\web\photos\mp_m_freemode_01-torso_1-118.webp
BBC2600ADF9870339E293894908FCB3B2E889C3CCE038DB3B8E254EBBB6D8393	C:\admirales\script_ver\script_ver\quarantine\under-review\17mov_CharacterSystem\web\photos\mp_m_freemode_01-torso_1-119.webp
C8D19EDA4CFD4BFA59539B70C74BBB26DA58063D7C111B0F67CD178EABAEEF54	C:\admirales\script_ver\script_ver\quarantine\under-review\17mov_CharacterSystem\web\photos\mp_m_freemode_01-torso_1-12.webp
D02C0E0CEA306A7FDBEBB9712ED4DA0AAC872423EB736644F96AA1596C359FB9	C:\admirales\script_ver\script_ver\quarantine\under-review\17mov_CharacterSystem\web\photos\mp_m_freemode_01-torso_1-120.webp
0F9B0A7981E99DAE20F84375584D1A203969FF58FC42907E5597207AB63C050D	C:\admirales\script_ver\script_ver\quarantine\under-review\17mov_CharacterSystem\web\photos\mp_m_freemode_01-torso_1-121.webp
EC3F7009CFDC27399DDF5C2DC03CEF1634A3AEA9483472582983A327E1FD90A6	C:\admirales\script_ver\script_ver\quarantine\under-review\17mov_CharacterSystem\web\photos\mp_m_freemode_01-torso_1-122.webp
A7F231EC5C7C1157D17EE26F385BB9F54D489414ABDFC3D0D0113D132A9A2929	C:\admirales\script_ver\script_ver\quarantine\under-review\17mov_CharacterSystem\web\photos\mp_m_freemode_01-torso_1-123.webp
31E2CFEE7A68FB7EB6B38574EC869B44CD021288DA12001CC8EC77D157CE3337	C:\admirales\script_ver\script_ver\quarantine\under-review\17mov_CharacterSystem\web\photos\mp_m_freemode_01-torso_1-124.webp
342C52356661D48043E8502723D3E4429B61C63087AD14897EBF598FBE7A2AFE	C:\admirales\script_ver\script_ver\quarantine\under-review\17mov_CharacterSystem\web\photos\mp_m_freemode_01-torso_1-125.webp
E060702A0CFED1CE2818694D5F67C57B5719885ADB8DD5E6C22DA874566BA712	C:\admirales\script_ver\script_ver\quarantine\under-review\17mov_CharacterSystem\web\photos\mp_m_freemode_01-torso_1-126.webp
FE9BA16347B3EAE4983B136E1C4A4928C99847316604B275DDC559C6ABBE2149	C:\admirales\script_ver\script_ver\quarantine\under-review\17mov_CharacterSystem\web\photos\mp_m_freemode_01-torso_1-127.webp
B36628F57BF48E028848EDB627ABDCC3A2BCFB3CB20E311D740E57B9DADF7523	C:\admirales\script_ver\script_ver\quarantine\under-review\17mov_CharacterSystem\web\photos\mp_m_freemode_01-torso_1-128.webp
C9C3E9602B486621F6AF6A7E23DE72194B0648E4E7B0402568EAAFC093F8A91A	C:\admirales\script_ver\script_ver\quarantine\under-review\17mov_CharacterSystem\web\photos\mp_m_freemode_01-torso_1-129.webp
16F1800BF4EBC4DD7319FF0AAE33CF7EB486DD69EF779E7A16A4F4B32CE935F4	C:\admirales\script_ver\script_ver\quarantine\under-review\17mov_CharacterSystem\web\photos\mp_m_freemode_01-torso_1-13.webp
CB5217DF41F1BB7EE9823B51C4FDF457F78ABAB3FE261344F118C64EEDBC420A	C:\admirales\script_ver\script_ver\quarantine\under-review\17mov_CharacterSystem\web\photos\mp_m_freemode_01-torso_1-130.webp
E4A246942091C297876EFEB9F5A2B1B5A779A0DD05C747F1232CFD1EB31E9EF5	C:\admirales\script_ver\script_ver\quarantine\under-review\17mov_CharacterSystem\web\photos\mp_m_freemode_01-torso_1-131.webp
9017775F0B7D4FEBB323B42CC4B46867C188882AD0CEEBBB7BC02380DE272DAA	C:\admirales\script_ver\script_ver\quarantine\under-review\17mov_CharacterSystem\web\photos\mp_m_freemode_01-torso_1-132.webp
240F5996E534342C3C777C9D380D0313EA72ED429DBE5A7803225E9E4398A5CD	C:\admirales\script_ver\script_ver\quarantine\under-review\17mov_CharacterSystem\web\photos\mp_m_freemode_01-torso_1-133.webp
7AC47419313F250D99A0D6F74E47DECAAA012B63FF127589C0D966B36DC0BF73	C:\admirales\script_ver\script_ver\quarantine\under-review\17mov_CharacterSystem\web\photos\mp_m_freemode_01-torso_1-134.webp
7550C5C0F7221C2421CC2FB59910AD52226DC4185F479E00961BB19B12AC3FD6	C:\admirales\script_ver\script_ver\quarantine\under-review\17mov_CharacterSystem\web\photos\mp_m_freemode_01-torso_1-135.webp
8EAD594B7B4E9C96401CF5BC93F6D4B7D8E7D3BBA05D0D3BAC7849BDC5F1E597	C:\admirales\script_ver\script_ver\quarantine\under-review\17mov_CharacterSystem\web\photos\mp_m_freemode_01-torso_1-136.webp
3DF2938FB818BEC478342AF097166F37427D71999169321873D49F5ADA0838B9	C:\admirales\script_ver\script_ver\quarantine\under-review\17mov_CharacterSystem\web\photos\mp_m_freemode_01-torso_1-137.webp
F480884368B744495D2119612C86D6406BA56D86D33AB33EC713B6AFD66539D7	C:\admirales\script_ver\script_ver\quarantine\under-review\17mov_CharacterSystem\web\photos\mp_m_freemode_01-torso_1-138.webp
D93FCAC84A954523A97B421D48CD17584C695FCCCA9D617D93AE73EF337FB2D0	C:\admirales\script_ver\script_ver\quarantine\under-review\17mov_CharacterSystem\web\photos\mp_m_freemode_01-torso_1-139.webp
BF0136CE51F4FF27178728C9E17BEB2D2B063DB8A259B13D3D0EA4BD0900B041	C:\admirales\script_ver\script_ver\quarantine\under-review\17mov_CharacterSystem\web\photos\mp_m_freemode_01-torso_1-14.webp
8323E89D669910DC65709D9220000C73482F3670B147A73B20C47C3B857C9679	C:\admirales\script_ver\script_ver\quarantine\under-review\17mov_CharacterSystem\web\photos\mp_m_freemode_01-torso_1-140.webp
13A7E4AC01AF5E9F5B4CB2DD54DD6C1230783ED937974C814B07F3F207A01F0D	C:\admirales\script_ver\script_ver\quarantine\under-review\17mov_CharacterSystem\web\photos\mp_m_freemode_01-torso_1-141.webp
B1EBB5FADA7CC70E21395D5CF6483E1FAD0CD36A0DA12CC3E7AB328160564AE0	C:\admirales\script_ver\script_ver\quarantine\under-review\17mov_CharacterSystem\web\photos\mp_m_freemode_01-torso_1-142.webp
1A3F5345E743724870F941115CBBB8ACBDE1E922B5515A7A18D6A713A0BEB484	C:\admirales\script_ver\script_ver\quarantine\under-review\17mov_CharacterSystem\web\photos\mp_m_freemode_01-torso_1-143.webp
86C2283CCD51635FFA2172F086AEB17C8301C2DB7AC4E91B00D9105BDC648833	C:\admirales\script_ver\script_ver\quarantine\under-review\17mov_CharacterSystem\web\photos\mp_m_freemode_01-torso_1-144.webp
918366653EA5941069F01412F15383B64CED2FD02D9BD4AA70B6F8D12C893535	C:\admirales\script_ver\script_ver\quarantine\under-review\17mov_CharacterSystem\web\photos\mp_m_freemode_01-torso_1-145.webp
B821F18846BAD1F2FE6CA2520CEFCD769FBB86786182E994929664F454A9AC31	C:\admirales\script_ver\script_ver\quarantine\under-review\17mov_CharacterSystem\web\photos\mp_m_freemode_01-torso_1-146.webp
24300E7CBA5BEB5A8EE04E0ECE94A7966483A4B290A5319BF42563FBD99BEBB5	C:\admirales\script_ver\script_ver\quarantine\under-review\17mov_CharacterSystem\web\photos\mp_m_freemode_01-torso_1-147.webp
365E3107B89B2B660BCCA2CA706DBF3615DAF3A4A0B6DE8F80EABB10F048E7BC	C:\admirales\script_ver\script_ver\quarantine\under-review\17mov_CharacterSystem\web\photos\mp_m_freemode_01-torso_1-148.webp
6919227D49751C10FAE3EC6DFE5369CDB8B65E1EE7F66F06EC633D9C70E938F1	C:\admirales\script_ver\script_ver\quarantine\under-review\17mov_CharacterSystem\web\photos\mp_m_freemode_01-torso_1-149.webp
0D7038BB2C841CD6C0371DACE35BABC699C866FC3BDBD2F6D9F98F59463F17E1	C:\admirales\script_ver\script_ver\quarantine\under-review\17mov_CharacterSystem\web\photos\mp_m_freemode_01-torso_1-15.webp
A38D374F69A659BF7F4163A027C624DDF419484160DE48825C47BA6BBB77234B	C:\admirales\script_ver\script_ver\quarantine\under-review\17mov_CharacterSystem\web\photos\mp_m_freemode_01-torso_1-150.webp
380A373916D0A26AD4E875FD2CC661054078611AE43CA9B04E426774C3836A1E	C:\admirales\script_ver\script_ver\quarantine\under-review\17mov_CharacterSystem\web\photos\mp_m_freemode_01-torso_1-151.webp
15FCA5EB3F1E2F96528972FAF57EDA96FDA897924E37912F5AAF2750734BB7D9	C:\admirales\script_ver\script_ver\quarantine\under-review\17mov_CharacterSystem\web\photos\mp_m_freemode_01-torso_1-152.webp
E28FF9A84DBC43A2B20FA8B3F452087E8C5ADF9417FEB80324B1FAD20AD16B82	C:\admirales\script_ver\script_ver\quarantine\under-review\17mov_CharacterSystem\web\photos\mp_m_freemode_01-torso_1-153.webp
9E373F6AD524BD1B155FD4A01E8CFDCB1AF1E5727B4B1A01CBEF1794366B1FBC	C:\admirales\script_ver\script_ver\quarantine\under-review\17mov_CharacterSystem\web\photos\mp_m_freemode_01-torso_1-154.webp
8EA2E0C2ECFBC6AD190B105843B7C18CE91AA4EACD0BD3C626381B61410CF221	C:\admirales\script_ver\script_ver\quarantine\under-review\17mov_CharacterSystem\web\photos\mp_m_freemode_01-torso_1-155.webp
3F86D97F1EDC9BAEF2DC53011211398C32346634760330B4F417A320D171C8AA	C:\admirales\script_ver\script_ver\quarantine\under-review\17mov_CharacterSystem\web\photos\mp_m_freemode_01-torso_1-156.webp
13D3AEC19C45AC9C6650886755CC08C5370BB4CD93778332F99996C9B1B81054	C:\admirales\script_ver\script_ver\quarantine\under-review\17mov_CharacterSystem\web\photos\mp_m_freemode_01-torso_1-157.webp
53709E23DC51C06FC0D8248E8496D827FD1CA30A2CAE5B46011C99C2CA23E7BB	C:\admirales\script_ver\script_ver\quarantine\under-review\17mov_CharacterSystem\web\photos\mp_m_freemode_01-torso_1-158.webp
DE0C339906F02765C0EB8EC8EAEE85ED01F87050F9B04F2B8BC0A9A80F23BEC6	C:\admirales\script_ver\script_ver\quarantine\under-review\17mov_CharacterSystem\web\photos\mp_m_freemode_01-torso_1-159.webp
E19FEB937E9C661173D1DBCE6070C2E8190186D1BD7789779FFBAE9B5CC95E8A	C:\admirales\script_ver\script_ver\quarantine\under-review\17mov_CharacterSystem\web\photos\mp_m_freemode_01-torso_1-16.webp
FA55B31707476C770BF1A9B4485C511F6938A1E7C9EBB0A7C124491F0789AAE4	C:\admirales\script_ver\script_ver\quarantine\under-review\17mov_CharacterSystem\web\photos\mp_m_freemode_01-torso_1-160.webp
BAF24E1A477246A5E1587FE8042D65475EE11198663E86B632C9B920A656BF28	C:\admirales\script_ver\script_ver\quarantine\under-review\17mov_CharacterSystem\web\photos\mp_m_freemode_01-torso_1-161.webp
AD154D7ED6CE9CB573BF363B862F59D3222046F0EA40182216FF25050096CB69	C:\admirales\script_ver\script_ver\quarantine\under-review\17mov_CharacterSystem\web\photos\mp_m_freemode_01-torso_1-162.webp
77B6C9FCD0BCC5AF685C8CC6F9D8C9724BAA0975CBC1F504C14D75E58D75C6D7	C:\admirales\script_ver\script_ver\quarantine\under-review\17mov_CharacterSystem\web\photos\mp_m_freemode_01-torso_1-163.webp
0D86A830B446194D3654E262B40A82F73C22FB3CE4C9595E744C65F602D08986	C:\admirales\script_ver\script_ver\quarantine\under-review\17mov_CharacterSystem\web\photos\mp_m_freemode_01-torso_1-164.webp
62F6596A23E5B225F9AEF318A87FCFEDEFE039F7579E42FAF1D7064A1D891D8F	C:\admirales\script_ver\script_ver\quarantine\under-review\17mov_CharacterSystem\web\photos\mp_m_freemode_01-torso_1-165.webp
4DF979C368D2F48BABF2B556C3D09ADAAD1CAC115F493C8453D422AD276E3F5D	C:\admirales\script_ver\script_ver\quarantine\under-review\17mov_CharacterSystem\web\photos\mp_m_freemode_01-torso_1-166.webp
070A427B793B4A6F8F4F06957700148DA746727B1EC20E248E72EC16F45F47E7	C:\admirales\script_ver\script_ver\quarantine\under-review\17mov_CharacterSystem\web\photos\mp_m_freemode_01-torso_1-167.webp
120CB39A10F06B026D1FC7783A814B5E5F3B9314A6AE4681B8913AE18D5EF106	C:\admirales\script_ver\script_ver\quarantine\under-review\17mov_CharacterSystem\web\photos\mp_m_freemode_01-torso_1-168.webp
D809C2515D953492570C8B275EB2631D59DA4E83CBB5952BF7E95845E8206AD6	C:\admirales\script_ver\script_ver\quarantine\under-review\17mov_CharacterSystem\web\photos\mp_m_freemode_01-torso_1-169.webp
7EA775483683CF0D59E8DD8C02F7DEB93BDEDC467EFD8928E0270AFA54AA37BA	C:\admirales\script_ver\script_ver\quarantine\under-review\17mov_CharacterSystem\web\photos\mp_m_freemode_01-torso_1-17.webp
C65119AB3233E61558C22A49F62A188C67F5F922720AF83A19F9B97A4A587778	C:\admirales\script_ver\script_ver\quarantine\under-review\17mov_CharacterSystem\web\photos\mp_m_freemode_01-torso_1-170.webp
14CDCFA488701187792345F1A0CF86AC58104654839CBF7FB75A426DFCF1675A	C:\admirales\script_ver\script_ver\quarantine\under-review\17mov_CharacterSystem\web\photos\mp_m_freemode_01-torso_1-171.webp
ABC98337764ED2A7A86D2F03FD68771711AC612E7658C91D8C10F1D0A0ED75AA	C:\admirales\script_ver\script_ver\quarantine\under-review\17mov_CharacterSystem\web\photos\mp_m_freemode_01-torso_1-172.webp
E2733DCC79584368CFC4C6E10F4B8895B73E5F18FFACACE3FDE17D516A0BED65	C:\admirales\script_ver\script_ver\quarantine\under-review\17mov_CharacterSystem\web\photos\mp_m_freemode_01-torso_1-173.webp
A30C66B3284701542625FE9B592B9938890914A11EDCA27C904C0B3FDD5D41A4	C:\admirales\script_ver\script_ver\quarantine\under-review\17mov_CharacterSystem\web\photos\mp_m_freemode_01-torso_1-174.webp
8B5AA65D6EF59C427B7522FD0620C2F6BD9E82DAD369A29D9DAEB3F6282D9BBE	C:\admirales\script_ver\script_ver\quarantine\under-review\17mov_CharacterSystem\web\photos\mp_m_freemode_01-torso_1-175.webp
42A52FAFCB6BA5978DD6291DDF8E221312F8888E0C71148E8D659095F1DA60D8	C:\admirales\script_ver\script_ver\quarantine\under-review\17mov_CharacterSystem\web\photos\mp_m_freemode_01-torso_1-176.webp
0AEF74CAEF027D34AD1D90885C3FD7F82E0E9D7A4680AA879207CDB1F62145A8	C:\admirales\script_ver\script_ver\quarantine\under-review\17mov_CharacterSystem\web\photos\mp_m_freemode_01-torso_1-177.webp
F4292400330C77163AE862B19D4F05397A7CA0DF8D6B4BAF67EF67374C14B9CE	C:\admirales\script_ver\script_ver\quarantine\under-review\17mov_CharacterSystem\web\photos\mp_m_freemode_01-torso_1-178.webp
EADB76C1D9E5CE6E7C4612CC9BA86FB4C6B997A7EF65B39E7F8F6FD253A89E97	C:\admirales\script_ver\script_ver\quarantine\under-review\17mov_CharacterSystem\web\photos\mp_m_freemode_01-torso_1-179.webp
2B3001F7E1CC4F54894FD06AF4BFD3E49F50011202706D1F430CD0D298B15745	C:\admirales\script_ver\script_ver\quarantine\under-review\17mov_CharacterSystem\web\photos\mp_m_freemode_01-torso_1-18.webp
60B3FB7B1F9250E229D80A4F00743FD3F8AB6E74BDA4C91C9AB6A6D64D0F8E75	C:\admirales\script_ver\script_ver\quarantine\under-review\17mov_CharacterSystem\web\photos\mp_m_freemode_01-torso_1-180.webp
F943EF43133913B33BA4989C15E7F7919F51AEC5F115B260DBE8904A003E41C9	C:\admirales\script_ver\script_ver\quarantine\under-review\17mov_CharacterSystem\web\photos\mp_m_freemode_01-torso_1-181.webp
14CDCFA488701187792345F1A0CF86AC58104654839CBF7FB75A426DFCF1675A	C:\admirales\script_ver\script_ver\quarantine\under-review\17mov_CharacterSystem\web\photos\mp_m_freemode_01-torso_1-182.webp
15A8C9D1DD62CA87D4DEC03FD9139230B4AA423D8E969CFF4124A4FB89D7C4F9	C:\admirales\script_ver\script_ver\quarantine\under-review\17mov_CharacterSystem\web\photos\mp_m_freemode_01-torso_1-183.webp
1E40FDF6F59C36C4B8E6660509135F4A49E668DFB7D9D869DFD22B5234FE317F	C:\admirales\script_ver\script_ver\quarantine\under-review\17mov_CharacterSystem\web\photos\mp_m_freemode_01-torso_1-184.webp
48A6BD8D71BECFB25D897EAD7EBF7D41D8F4A39B13BAED1C90BC6A5DAA31659B	C:\admirales\script_ver\script_ver\quarantine\under-review\17mov_CharacterSystem\web\photos\mp_m_freemode_01-torso_1-185.webp
2B46C25A86F96C012786D652DEE7ECB8B063227454EAB26EBCDDB21FC3FEADE4	C:\admirales\script_ver\script_ver\quarantine\under-review\17mov_CharacterSystem\web\photos\mp_m_freemode_01-torso_1-186.webp
757321F0085BAB7E1A918D982D57C2B8761AE640939CB2E10ADA47D550F65E40	C:\admirales\script_ver\script_ver\quarantine\under-review\17mov_CharacterSystem\web\photos\mp_m_freemode_01-torso_1-187.webp
10E3B116043AFF81331B0907B5210190B166FE37C2CC71AD23DF788DEC4FD39A	C:\admirales\script_ver\script_ver\quarantine\under-review\17mov_CharacterSystem\web\photos\mp_m_freemode_01-torso_1-188.webp
17E1FCB83ECA1E3E5B6F1D0A37CE1401F9CAA86B3BFEE3ADF3043317590E926A	C:\admirales\script_ver\script_ver\quarantine\under-review\17mov_CharacterSystem\web\photos\mp_m_freemode_01-torso_1-189.webp
33C57AF9482D5B6BB04BFE13AA51CF523F489C502CF1FCB7B20288759482AC64	C:\admirales\script_ver\script_ver\quarantine\under-review\17mov_CharacterSystem\web\photos\mp_m_freemode_01-torso_1-19.webp
FC9B6C541D213389A61A5A851F79A18BBFF3863C372D2CD0400C0ECB924EAC6D	C:\admirales\script_ver\script_ver\quarantine\under-review\17mov_CharacterSystem\web\photos\mp_m_freemode_01-torso_1-190.webp
C7B314789248C689537C616B385C4E80178906E274467B80463DD1D11704305F	C:\admirales\script_ver\script_ver\quarantine\under-review\17mov_CharacterSystem\web\photos\mp_m_freemode_01-torso_1-191.webp
746AD4661D507C20BE75165F73E0870336CB2AC3D3DE8BEF640F2B7245B96BB5	C:\admirales\script_ver\script_ver\quarantine\under-review\17mov_CharacterSystem\web\photos\mp_m_freemode_01-torso_1-192.webp
B92887ED91054C8A9481C402B422036DE60F85A1591BABD8BDD263B3361137BF	C:\admirales\script_ver\script_ver\quarantine\under-review\17mov_CharacterSystem\web\photos\mp_m_freemode_01-torso_1-193.webp
914AEE9E0DECFB6D574ACB51C289A7B699D3BF9643C5E9E863314DDC1D2EF96E	C:\admirales\script_ver\script_ver\quarantine\under-review\17mov_CharacterSystem\web\photos\mp_m_freemode_01-torso_1-194.webp
6447CF804A270B944726BCD3F840611C6A6E125450FCF6C2B5ED3A327D08C64C	C:\admirales\script_ver\script_ver\quarantine\under-review\17mov_CharacterSystem\web\photos\mp_m_freemode_01-torso_1-195.webp
56D1216FEC0165851EC338C849B05C4ED21441E80790789CA5C8F4DDF7D8401F	C:\admirales\script_ver\script_ver\quarantine\under-review\17mov_CharacterSystem\web\photos\mp_m_freemode_01-torso_1-196.webp
F5F834840F3DBDF83DAC6F8F3C6EAF9DC874B1682E8227649520C74AF41FA73C	C:\admirales\script_ver\script_ver\quarantine\under-review\17mov_CharacterSystem\web\photos\mp_m_freemode_01-torso_1-197.webp
F8A36FFC0D7D7A718F536C53C016DD98F86CC07A22BAA9CBFAF5BA6FDD27B95D	C:\admirales\script_ver\script_ver\quarantine\under-review\17mov_CharacterSystem\web\photos\mp_m_freemode_01-torso_1-198.webp
BA7357E000A912F8B7C626E8EC3D04312B5F83FCC7DDB0A88791A5CC8AE5BF3C	C:\admirales\script_ver\script_ver\quarantine\under-review\17mov_CharacterSystem\web\photos\mp_m_freemode_01-torso_1-199.webp
517C4C9532A10C8C867BE89DEF64FDAADB1A7EC90B7321E3349CC894BC3144DA	C:\admirales\script_ver\script_ver\quarantine\under-review\17mov_CharacterSystem\web\photos\mp_m_freemode_01-torso_1-2.webp
F51380F58F73A21D891BC3F70F7941D97C3B8EA94B17595D297A59EE8D9384D6	C:\admirales\script_ver\script_ver\quarantine\under-review\17mov_CharacterSystem\web\photos\mp_m_freemode_01-torso_1-20.webp
B8F08D13683F4EA10F1FCB33738DADE1388F2B68E2742BABD1690D8C5708DB8A	C:\admirales\script_ver\script_ver\quarantine\under-review\17mov_CharacterSystem\web\photos\mp_m_freemode_01-torso_1-200.webp
E7D6E40B38741051FC18C4484DAC6D94CA8729FD7F16CFB07EA061C2FBA82D70	C:\admirales\script_ver\script_ver\quarantine\under-review\17mov_CharacterSystem\web\photos\mp_m_freemode_01-torso_1-201.webp
CB5131826D5D38289AF3532B3C3F0A3D91C9B7C19D9CA7E35B39BEF5DE4F06E3	C:\admirales\script_ver\script_ver\quarantine\under-review\17mov_CharacterSystem\web\photos\mp_m_freemode_01-torso_1-202.webp
BDC4B6B62F727E887FD7C938882428F09C449A53850F16E37F176AB0EEC80876	C:\admirales\script_ver\script_ver\quarantine\under-review\17mov_CharacterSystem\web\photos\mp_m_freemode_01-torso_1-203.webp
A525378500DE1D8CC9883DB87B4841F27EAB0BC8967C04DE78AC88B363CD2BF9	C:\admirales\script_ver\script_ver\quarantine\under-review\17mov_CharacterSystem\web\photos\mp_m_freemode_01-torso_1-204.webp
172ABD5E2C7C6C1E03720D1C4334A68D610D637F90C8DE5AB0BBBFA6305FBF24	C:\admirales\script_ver\script_ver\quarantine\under-review\17mov_CharacterSystem\web\photos\mp_m_freemode_01-torso_1-205.webp
70502946B235B48C9A06634A0F6DA56CA78CCC7B8FF9DC77F290DD0D6DC84486	C:\admirales\script_ver\script_ver\quarantine\under-review\17mov_CharacterSystem\web\photos\mp_m_freemode_01-torso_1-206.webp
A51F48BC5AB1A8F6B3D86F012A3DF1CC6D458ED5B323FEDA180B94689C0A3B59	C:\admirales\script_ver\script_ver\quarantine\under-review\17mov_CharacterSystem\web\photos\mp_m_freemode_01-torso_1-207.webp
F3B49A91F3C6062EEC5E877CCF68796C7F4CBD7A58C8490BFAE4DFA721F1753D	C:\admirales\script_ver\script_ver\quarantine\under-review\17mov_CharacterSystem\web\photos\mp_m_freemode_01-torso_1-208.webp
58F3115522761C00085B37D454DFF380CF56A2D069138A8B4271697841F0E91E	C:\admirales\script_ver\script_ver\quarantine\under-review\17mov_CharacterSystem\web\photos\mp_m_freemode_01-torso_1-209.webp
E162B770A629964ECD81F1DB19C8E0C99C97C3BB17EE06D27B48D3186FDDEAD9	C:\admirales\script_ver\script_ver\quarantine\under-review\17mov_CharacterSystem\web\photos\mp_m_freemode_01-torso_1-21.webp
1C421B163FA7CE61C0385E5F1C2E8FA347DDC571398B170BABBFA68C097B9347	C:\admirales\script_ver\script_ver\quarantine\under-review\17mov_CharacterSystem\web\photos\mp_m_freemode_01-torso_1-210.webp
5EB11E42BAC332F2AED515744F0CC5C43F74BCF37AD6E922DA5856675372F452	C:\admirales\script_ver\script_ver\quarantine\under-review\17mov_CharacterSystem\web\photos\mp_m_freemode_01-torso_1-211.webp
8C3411886B9E40AFEB078AA7A052FC20E276AAF6D91B83FED031DF07B98385D8	C:\admirales\script_ver\script_ver\quarantine\under-review\17mov_CharacterSystem\web\photos\mp_m_freemode_01-torso_1-212.webp
F509CA193E0DA4D0F6F4D0DD2A78CC6D245FF7510496FB5BA6AE9DC9C366129C	C:\admirales\script_ver\script_ver\quarantine\under-review\17mov_CharacterSystem\web\photos\mp_m_freemode_01-torso_1-213.webp
A6AF6AD5F752F1BFB8A5BA16661334FEE0B4215B0D328A31C6927E7E4AC27978	C:\admirales\script_ver\script_ver\quarantine\under-review\17mov_CharacterSystem\web\photos\mp_m_freemode_01-torso_1-214.webp
01E67028D70BE64F3FF5227A8ECC4F780E5D5786B4B1F4DF28B12AE422B13B90	C:\admirales\script_ver\script_ver\quarantine\under-review\17mov_CharacterSystem\web\photos\mp_m_freemode_01-torso_1-215.webp
3B25E8553C88B7839A4478A37A7E0B825C37A137DFA90A3717D3D1E89E218ED4	C:\admirales\script_ver\script_ver\quarantine\under-review\17mov_CharacterSystem\web\photos\mp_m_freemode_01-torso_1-216.webp
4912FAFB41A307EBC79E14D2A2C9343C6BA889A33E52A54A92FD54F6FE40F522	C:\admirales\script_ver\script_ver\quarantine\under-review\17mov_CharacterSystem\web\photos\mp_m_freemode_01-torso_1-217.webp
D6D2035CA93CF774344C6D06876A2C05D579D807F65C7D185C4CD0889B268753	C:\admirales\script_ver\script_ver\quarantine\under-review\17mov_CharacterSystem\web\photos\mp_m_freemode_01-torso_1-218.webp
2DB69FE96F9F9F95D483DF63E0E355205A813D02BEFD16A636728DE06B549558	C:\admirales\script_ver\script_ver\quarantine\under-review\17mov_CharacterSystem\web\photos\mp_m_freemode_01-torso_1-219.webp
107B926B2056278C434F3E384E24A178CBB6FF9B7FC41527F305014392D3A1E5	C:\admirales\script_ver\script_ver\quarantine\under-review\17mov_CharacterSystem\web\photos\mp_m_freemode_01-torso_1-22.webp
53AFC5061796854E2A3577DF746B9B5DA452F4063CA3517B9D3B6E63F7F660B4	C:\admirales\script_ver\script_ver\quarantine\under-review\17mov_CharacterSystem\web\photos\mp_m_freemode_01-torso_1-220.webp
BA640EE8ADA36922CF3280E4D7580B9C1AE9011CCC74538F5B7FCBBFA33B6BEB	C:\admirales\script_ver\script_ver\quarantine\under-review\17mov_CharacterSystem\web\photos\mp_m_freemode_01-torso_1-221.webp
14C9DCA93605D990236A12454242BEC4DD0849AA00C1C1537D23DB1DE1DCB24C	C:\admirales\script_ver\script_ver\quarantine\under-review\17mov_CharacterSystem\web\photos\mp_m_freemode_01-torso_1-222.webp
AD98B06F512E37DB9103FAD049392AEDA0063FE5D457B6B365E57777C4D0976A	C:\admirales\script_ver\script_ver\quarantine\under-review\17mov_CharacterSystem\web\photos\mp_m_freemode_01-torso_1-223.webp
39669190EC20E037848377D6648A8313814994D233C7BCCA0AEA69EAEE04E366	C:\admirales\script_ver\script_ver\quarantine\under-review\17mov_CharacterSystem\web\photos\mp_m_freemode_01-torso_1-224.webp
C1A9678B1A1833AC24ECD73E24957A6B8C4FA51F79C859DCA5F6706236C86507	C:\admirales\script_ver\script_ver\quarantine\under-review\17mov_CharacterSystem\web\photos\mp_m_freemode_01-torso_1-225.webp
492273434A90D6AB02B2F3B42F521C0F7940FBB96572E82BD96D6DBF6B9BABFC	C:\admirales\script_ver\script_ver\quarantine\under-review\17mov_CharacterSystem\web\photos\mp_m_freemode_01-torso_1-226.webp
52E7E69CC046D5BD10A9968DB0608FEA0307B80A918EC6FE9F4F32DD810BE810	C:\admirales\script_ver\script_ver\quarantine\under-review\17mov_CharacterSystem\web\photos\mp_m_freemode_01-torso_1-227.webp
D586F9FC53D4A804F26B5DB4284BF1F586B0F78995A286333E0AF2382CB84C33	C:\admirales\script_ver\script_ver\quarantine\under-review\17mov_CharacterSystem\web\photos\mp_m_freemode_01-torso_1-228.webp
49B54512216FB96725146D780705F80A43E50AC23DCF7A282DF8BDEDF754BB4A	C:\admirales\script_ver\script_ver\quarantine\under-review\17mov_CharacterSystem\web\photos\mp_m_freemode_01-torso_1-229.webp
6E0836378FD7105B080717904852CE4DD4A3AA193D5D025D1F100CEF300332F6	C:\admirales\script_ver\script_ver\quarantine\under-review\17mov_CharacterSystem\web\photos\mp_m_freemode_01-torso_1-23.webp
336B203F80C1D8F0F205EC8E47EC64D570886761F5A9DC36FF2AD2099B1BABBD	C:\admirales\script_ver\script_ver\quarantine\under-review\17mov_CharacterSystem\web\photos\mp_m_freemode_01-torso_1-230.webp
2556A9251AF2B591E1DF915FE9ADBB0930629EFF5E1EB5A0BE6B88CC6FFE1B01	C:\admirales\script_ver\script_ver\quarantine\under-review\17mov_CharacterSystem\web\photos\mp_m_freemode_01-torso_1-231.webp
4E61F14F3EEFBE21758EEE2BB36AD5D7A15756F9E2F6C270B10D17D3E8AB63E0	C:\admirales\script_ver\script_ver\quarantine\under-review\17mov_CharacterSystem\web\photos\mp_m_freemode_01-torso_1-232.webp
CF209FBDFD3373354AFC6E0B006688B36F9AA596F131116B0F1E0D5148EE0F7B	C:\admirales\script_ver\script_ver\quarantine\under-review\17mov_CharacterSystem\web\photos\mp_m_freemode_01-torso_1-233.webp
F77C5FE1AFB151B15B9EAA43DAAD09AF066ECF767C71122CDABF9D7436BCCC9B	C:\admirales\script_ver\script_ver\quarantine\under-review\17mov_CharacterSystem\web\photos\mp_m_freemode_01-torso_1-234.webp
CA23715E829352AFAEE0D58962ED69266C6ABBF9F2DF317A55F5CF05105D39BC	C:\admirales\script_ver\script_ver\quarantine\under-review\17mov_CharacterSystem\web\photos\mp_m_freemode_01-torso_1-235.webp
CA683CDA63D5A633103470F253B081AAE46D21F33295D679AEA7BD64EB7F63CC	C:\admirales\script_ver\script_ver\quarantine\under-review\17mov_CharacterSystem\web\photos\mp_m_freemode_01-torso_1-236.webp
A728AF9C4AB4585D029FC920CA9DFB02275360C747D67C1FA30C14973B6CB79F	C:\admirales\script_ver\script_ver\quarantine\under-review\17mov_CharacterSystem\web\photos\mp_m_freemode_01-torso_1-237.webp
DEEC619AE480709AEBA682FAA6A6B66C763EAE15736DD9B2D3C390864B492457	C:\admirales\script_ver\script_ver\quarantine\under-review\17mov_CharacterSystem\web\photos\mp_m_freemode_01-torso_1-238.webp
8140D826B50FC189C3CAF5707AEF5872C61B7FAEE1F15E0A85A9A57FADB580CF	C:\admirales\script_ver\script_ver\quarantine\under-review\17mov_CharacterSystem\web\photos\mp_m_freemode_01-torso_1-239.webp
799FE04DB78CCC7931F1A41825CF9DFBD1EF70B1FFB9FEE663DFF2E8AA050D28	C:\admirales\script_ver\script_ver\quarantine\under-review\17mov_CharacterSystem\web\photos\mp_m_freemode_01-torso_1-24.webp
615176C3F0B5ED4F0203667204C7CB843FDE6E828B326B3C9521EC571CAC63FD	C:\admirales\script_ver\script_ver\quarantine\under-review\17mov_CharacterSystem\web\photos\mp_m_freemode_01-torso_1-240.webp
36D231CE87A1C7D8F143240ACD565E102B8CB32868B66987A9A1B4DF422E6ED7	C:\admirales\script_ver\script_ver\quarantine\under-review\17mov_CharacterSystem\web\photos\mp_m_freemode_01-torso_1-241.webp
DF2AE7065491FE82C4A68B3D9F4B3D1D81A656503C116762CFA1F4F089CD2724	C:\admirales\script_ver\script_ver\quarantine\under-review\17mov_CharacterSystem\web\photos\mp_m_freemode_01-torso_1-242.webp
A69F8536E489EC01E7A48FF9F1F826DCD3275E34AAE83D0C801FA52171A4D85E	C:\admirales\script_ver\script_ver\quarantine\under-review\17mov_CharacterSystem\web\photos\mp_m_freemode_01-torso_1-243.webp
D1039572A13650755D988AEFB8C142A4A4DC11942834E7A8857DF601F883FF89	C:\admirales\script_ver\script_ver\quarantine\under-review\17mov_CharacterSystem\web\photos\mp_m_freemode_01-torso_1-244.webp
508D0747E1BC2088FC5B727F811994ECAE05B17E5FA69CC109F213BF8EB429CE	C:\admirales\script_ver\script_ver\quarantine\under-review\17mov_CharacterSystem\web\photos\mp_m_freemode_01-torso_1-245.webp
9F886B6B2D53A0CCA89ED8748CBFD5B21051E47AC11ECC09D34A4E09AF587A93	C:\admirales\script_ver\script_ver\quarantine\under-review\17mov_CharacterSystem\web\photos\mp_m_freemode_01-torso_1-246.webp
E381214D1B5A7831D1327766104D9C616B109376F62C0FE9CD2D76E249B7DDC7	C:\admirales\script_ver\script_ver\quarantine\under-review\17mov_CharacterSystem\web\photos\mp_m_freemode_01-torso_1-247.webp
DB8B91D002C092B8632928A6FDA789B0BF433FF620CA5EF2A86AC98FC38E04D1	C:\admirales\script_ver\script_ver\quarantine\under-review\17mov_CharacterSystem\web\photos\mp_m_freemode_01-torso_1-248.webp
943B75B890546B0B6F7CB0FA748328EC4A528D40A6FB39DDB8A9D4B208E9446B	C:\admirales\script_ver\script_ver\quarantine\under-review\17mov_CharacterSystem\web\photos\mp_m_freemode_01-torso_1-249.webp
8698373DAE04268E4FD25B1DF18F3FE7C30A1EFC77055BBEEF4D182EAAE70F33	C:\admirales\script_ver\script_ver\quarantine\under-review\17mov_CharacterSystem\web\photos\mp_m_freemode_01-torso_1-25.webp
79E623F840070E835084AD8654FAEEB740FC29D58354F2647712A223A04DEE15	C:\admirales\script_ver\script_ver\quarantine\under-review\17mov_CharacterSystem\web\photos\mp_m_freemode_01-torso_1-250.webp
866AE78F6AAE869380A7C9A5696612906405979549E480BD2260334D4F6499D3	C:\admirales\script_ver\script_ver\quarantine\under-review\17mov_CharacterSystem\web\photos\mp_m_freemode_01-torso_1-251.webp
024AC3524252299E1CFAEBB1ED2F867F5266918B593B209F0724DB63BE574740	C:\admirales\script_ver\script_ver\quarantine\under-review\17mov_CharacterSystem\web\photos\mp_m_freemode_01-torso_1-252.webp
C626B6525C49C7BA1886A2362206035B74E94C8ECFBC701027D7FED71E476427	C:\admirales\script_ver\script_ver\quarantine\under-review\17mov_CharacterSystem\web\photos\mp_m_freemode_01-torso_1-253.webp
C3B4B0DB1F6DE7DE509EFB83BDFB420942C3249BE9A4AA55E2459BEEE9188AA2	C:\admirales\script_ver\script_ver\quarantine\under-review\17mov_CharacterSystem\web\photos\mp_m_freemode_01-torso_1-254.webp
58C1C824544AC9E92EBFCD1206557102F282884818ED243564A189D4167F1A4A	C:\admirales\script_ver\script_ver\quarantine\under-review\17mov_CharacterSystem\web\photos\mp_m_freemode_01-torso_1-255.webp
961BC496F9A2F85DC433C8AAF447EF67595489693FEDF6AEF33B16D316850E30	C:\admirales\script_ver\script_ver\quarantine\under-review\17mov_CharacterSystem\web\photos\mp_m_freemode_01-torso_1-256.webp
76E4B5842F1917C8A343A1939BA6E37462C6EE2BD32882F24A79D8E7A9EAF07A	C:\admirales\script_ver\script_ver\quarantine\under-review\17mov_CharacterSystem\web\photos\mp_m_freemode_01-torso_1-257.webp
BEACA8DA862D30260DC13D1286CDDAF9219DDF49B6026F79DD0BB5299DA86604	C:\admirales\script_ver\script_ver\quarantine\under-review\17mov_CharacterSystem\web\photos\mp_m_freemode_01-torso_1-258.webp
A1FB841D70CC8FACE0A41897512ED10B8E953E2A1579AF68F454AF1C907DCA57	C:\admirales\script_ver\script_ver\quarantine\under-review\17mov_CharacterSystem\web\photos\mp_m_freemode_01-torso_1-259.webp
2F1789D063EE0C75DB50484A16CC32BF0E4A5C76168C6BC4B25A6E240ADA950C	C:\admirales\script_ver\script_ver\quarantine\under-review\17mov_CharacterSystem\web\photos\mp_m_freemode_01-torso_1-26.webp
2C1ED703C3BEE52F69D136C4829FBD10E312818E22929552A9A5EC3BFBC6DC2F	C:\admirales\script_ver\script_ver\quarantine\under-review\17mov_CharacterSystem\web\photos\mp_m_freemode_01-torso_1-260.webp
D12427944803AA37CB40DDFC8344483B7CB0C5C54C7CDA393E072031CBFFD3D7	C:\admirales\script_ver\script_ver\quarantine\under-review\17mov_CharacterSystem\web\photos\mp_m_freemode_01-torso_1-261.webp
1EFDB6444BD056FDF9127FC72B9B7032C30385B5D0C78EF9167D8FC752E09055	C:\admirales\script_ver\script_ver\quarantine\under-review\17mov_CharacterSystem\web\photos\mp_m_freemode_01-torso_1-262.webp
A8A679BF016A3D49EAE36EAC0A7D3C75EB997B8DB5A5B880047031E7D3A5AF85	C:\admirales\script_ver\script_ver\quarantine\under-review\17mov_CharacterSystem\web\photos\mp_m_freemode_01-torso_1-263.webp
627A81F5128A518639F797C773416DF0FB233FD778988DB972FDBE03BB38D4F9	C:\admirales\script_ver\script_ver\quarantine\under-review\17mov_CharacterSystem\web\photos\mp_m_freemode_01-torso_1-264.webp
46EDA849D86CDD73C5647695B12A720F67A634DEFD48ECDDD37C6415AF0ABD24	C:\admirales\script_ver\script_ver\quarantine\under-review\17mov_CharacterSystem\web\photos\mp_m_freemode_01-torso_1-265.webp
BFDAED266A5CF0556F4DDA60C5DD468EA4D3E5D55AEDFB1F2178D68A72A032E0	C:\admirales\script_ver\script_ver\quarantine\under-review\17mov_CharacterSystem\web\photos\mp_m_freemode_01-torso_1-266.webp
D24AC76872BB92A50C8F815F40BDB4F30CA8D0269B4A456F076B47817B611275	C:\admirales\script_ver\script_ver\quarantine\under-review\17mov_CharacterSystem\web\photos\mp_m_freemode_01-torso_1-267.webp
894F3050387A789E2A9BB397540B9A0FF4B1340C58B92B07316A4CFD760F0195	C:\admirales\script_ver\script_ver\quarantine\under-review\17mov_CharacterSystem\web\photos\mp_m_freemode_01-torso_1-268.webp
BBFD3062E861863A7E0EAA6B555201AD694BA65F7C3500233B5E6305DD3AF68A	C:\admirales\script_ver\script_ver\quarantine\under-review\17mov_CharacterSystem\web\photos\mp_m_freemode_01-torso_1-269.webp
007AA84403C3AA72F97C9FCE94031E6B96273605ABDB04D3B0B5222508D376E8	C:\admirales\script_ver\script_ver\quarantine\under-review\17mov_CharacterSystem\web\photos\mp_m_freemode_01-torso_1-27.webp
93EC26714659316D6DB6E98A9D21E988F7B93AE9922400263F2DE1BDDEFDCA84	C:\admirales\script_ver\script_ver\quarantine\under-review\17mov_CharacterSystem\web\photos\mp_m_freemode_01-torso_1-270.webp
7CBE1B9CEAF7485D014317F17B8DBBA6CDFC02984C7D61933F8EF35A04B1EB48	C:\admirales\script_ver\script_ver\quarantine\under-review\17mov_CharacterSystem\web\photos\mp_m_freemode_01-torso_1-271.webp
667B84FB773C2329047C94C3D3FB01748CC91F9F444B4E9257DC3D2036A8010F	C:\admirales\script_ver\script_ver\quarantine\under-review\17mov_CharacterSystem\web\photos\mp_m_freemode_01-torso_1-272.webp
DACB7F01DBCD704CB5097653819A7BC69044210838062A079A63B0B1C26A65C2	C:\admirales\script_ver\script_ver\quarantine\under-review\17mov_CharacterSystem\web\photos\mp_m_freemode_01-torso_1-273.webp
E67A9EDA2956F0941B0D9406D6C218E21D7D3BEFFF067BC1194BB3DF20CD3FEC	C:\admirales\script_ver\script_ver\quarantine\under-review\17mov_CharacterSystem\web\photos\mp_m_freemode_01-torso_1-274.webp
EB1F325385481C96B9DAA91CF131E0B36438E37AA7616E6453A2F2CAE88C766B	C:\admirales\script_ver\script_ver\quarantine\under-review\17mov_CharacterSystem\web\photos\mp_m_freemode_01-torso_1-275.webp
F2A6407B0B0A9D20EA7DE9F1F7FC090C06490F46B0AE0D59C63ECA0CECB95783	C:\admirales\script_ver\script_ver\quarantine\under-review\17mov_CharacterSystem\web\photos\mp_m_freemode_01-torso_1-276.webp
1FFD3A32A573E412B4AF26C978E1C75C47CBCCF861AFB876FF861AF099210C7C	C:\admirales\script_ver\script_ver\quarantine\under-review\17mov_CharacterSystem\web\photos\mp_m_freemode_01-torso_1-277.webp
9EEDD865AFEC7734CF381E54557702A4BFD175CBA39144818DC38EF1A208F88D	C:\admirales\script_ver\script_ver\quarantine\under-review\17mov_CharacterSystem\web\photos\mp_m_freemode_01-torso_1-278.webp
A7BB8F9390BD162941336B7BCA4508863CDA132D8101671E298F678B82756A22	C:\admirales\script_ver\script_ver\quarantine\under-review\17mov_CharacterSystem\web\photos\mp_m_freemode_01-torso_1-279.webp
24128EB828683619134C37C28241508B01BEEEE3B1367B07BCDDC69372C25B3D	C:\admirales\script_ver\script_ver\quarantine\under-review\17mov_CharacterSystem\web\photos\mp_m_freemode_01-torso_1-28.webp
546C8D50CC276E77CE71C50802984C1E2AC101FA5DDA11B3965D6882ECD0CAD6	C:\admirales\script_ver\script_ver\quarantine\under-review\17mov_CharacterSystem\web\photos\mp_m_freemode_01-torso_1-280.webp
614B7E5E42585C9829AADE523BC76FB7398D4F2F1BB15D18A7B43449B2821851	C:\admirales\script_ver\script_ver\quarantine\under-review\17mov_CharacterSystem\web\photos\mp_m_freemode_01-torso_1-281.webp
C3426AEA6600635E33D246F78CF88562A8DA643EA04F53AB5368E1FC83E80CCF	C:\admirales\script_ver\script_ver\quarantine\under-review\17mov_CharacterSystem\web\photos\mp_m_freemode_01-torso_1-282.webp
53C845D30A266B7A5E358A40227677034904F62DFA72EC489C4AFD607FE25B84	C:\admirales\script_ver\script_ver\quarantine\under-review\17mov_CharacterSystem\web\photos\mp_m_freemode_01-torso_1-283.webp
8987B99A9B5E96FA27268ADA8C48DE6FA51793039FABA1C24F8C2E997185AF4E	C:\admirales\script_ver\script_ver\quarantine\under-review\17mov_CharacterSystem\web\photos\mp_m_freemode_01-torso_1-284.webp
00FC511F0D1C33896DB82EF69733E5B9768ABC2E9BBAD9622D1FB905C0BDB8C7	C:\admirales\script_ver\script_ver\quarantine\under-review\17mov_CharacterSystem\web\photos\mp_m_freemode_01-torso_1-285.webp
8C1320094A2BD684374B75AE83467B9F55F0267CF68AA438D2A2F432495F371A	C:\admirales\script_ver\script_ver\quarantine\under-review\17mov_CharacterSystem\web\photos\mp_m_freemode_01-torso_1-286.webp
5F913AEA1288B454B1CF3FAB86EE13A78CDE6BC7BB59607227A5D2496676EC77	C:\admirales\script_ver\script_ver\quarantine\under-review\17mov_CharacterSystem\web\photos\mp_m_freemode_01-torso_1-287.webp
585759DCF9241268AEB77D9F22938BE4020D4C4709DD575D2396CDBAFB68AADD	C:\admirales\script_ver\script_ver\quarantine\under-review\17mov_CharacterSystem\web\photos\mp_m_freemode_01-torso_1-288.webp
97BB8227D4B60F8DCAC28762497F2B1837DDC2A76A830EAB60A7A9915FFA9543	C:\admirales\script_ver\script_ver\quarantine\under-review\17mov_CharacterSystem\web\photos\mp_m_freemode_01-torso_1-289.webp
BC79E4BB37E00398032919E1F0143ACB38880769C368139FBA358143D6C18BD8	C:\admirales\script_ver\script_ver\quarantine\under-review\17mov_CharacterSystem\web\photos\mp_m_freemode_01-torso_1-29.webp
0E7B83A9E9E5A94ACDCE3C6E5962B0A440A6161D9DC31D6FA75B554A4D3BA818	C:\admirales\script_ver\script_ver\quarantine\under-review\17mov_CharacterSystem\web\photos\mp_m_freemode_01-torso_1-290.webp
F7739531642C0F771F0B854E739674C03AA3090983F31D824F0D8FB0BFEA23EE	C:\admirales\script_ver\script_ver\quarantine\under-review\17mov_CharacterSystem\web\photos\mp_m_freemode_01-torso_1-291.webp
40E8B10F2B3A18CD78AC4274EF0CDFD475D387D9DAD6C0C239644FE52DB5A11E	C:\admirales\script_ver\script_ver\quarantine\under-review\17mov_CharacterSystem\web\photos\mp_m_freemode_01-torso_1-292.webp
DB876A62F230B4B423A813A22C0707BE6462B296A9A0F54BDE1DC38986E53338	C:\admirales\script_ver\script_ver\quarantine\under-review\17mov_CharacterSystem\web\photos\mp_m_freemode_01-torso_1-293.webp
2E16F3E6395698104211A4BD32034EA92F8EA28C87E52C6BA17243E0DC3DF612	C:\admirales\script_ver\script_ver\quarantine\under-review\17mov_CharacterSystem\web\photos\mp_m_freemode_01-torso_1-294.webp
630570B4CD32D75C505E4CD4E2489AEBB1F738C49AF4D49642531DCAAA52F871	C:\admirales\script_ver\script_ver\quarantine\under-review\17mov_CharacterSystem\web\photos\mp_m_freemode_01-torso_1-295.webp
FE7FE463E2FEA66ED6185EB07E602D460F5D04E8E924A94241C19546A65CAB54	C:\admirales\script_ver\script_ver\quarantine\under-review\17mov_CharacterSystem\web\photos\mp_m_freemode_01-torso_1-296.webp
6DC580547F7E8E776E3C643E16992019BB464A9BF983B50D84FA821657953C6A	C:\admirales\script_ver\script_ver\quarantine\under-review\17mov_CharacterSystem\web\photos\mp_m_freemode_01-torso_1-297.webp
DBD8BDA8583D4DBE5B382F44CDB8570F3A46316949CBA664466F9F01E5A81387	C:\admirales\script_ver\script_ver\quarantine\under-review\17mov_CharacterSystem\web\photos\mp_m_freemode_01-torso_1-298.webp
93503699D2E90A60B04227BCBC3F7719902932C8FB64FC1EA2CDF63D72654E4D	C:\admirales\script_ver\script_ver\quarantine\under-review\17mov_CharacterSystem\web\photos\mp_m_freemode_01-torso_1-299.webp
367DFA1FEC67381F4E0BB3BD83425351CA2A7B2F0B48BF8B08A6ADE9C311BEE6	C:\admirales\script_ver\script_ver\quarantine\under-review\17mov_CharacterSystem\web\photos\mp_m_freemode_01-torso_1-3.webp
BE54EF021C5849B6CB7275C8A24975EB87ECD8ABB816B429DCBC087988BE314C	C:\admirales\script_ver\script_ver\quarantine\under-review\17mov_CharacterSystem\web\photos\mp_m_freemode_01-torso_1-30.webp
05B0A20F38918BD6EE977907BA184914D9B9A9937114015CE887671CD36477D0	C:\admirales\script_ver\script_ver\quarantine\under-review\17mov_CharacterSystem\web\photos\mp_m_freemode_01-torso_1-300.webp
5E6C460312A32BA29A09E531D05F300A52ABED42ACE42874F1D3FA8EDF916B2A	C:\admirales\script_ver\script_ver\quarantine\under-review\17mov_CharacterSystem\web\photos\mp_m_freemode_01-torso_1-301.webp
1633947D6620926A2C91B9397EB48EF81208166AB594B2120B91C4F3A62B2195	C:\admirales\script_ver\script_ver\quarantine\under-review\17mov_CharacterSystem\web\photos\mp_m_freemode_01-torso_1-302.webp
1A5885B3ECBDCEA89583E2BBC746F1822AAB870579D09D4B92D3EC516EBECDE5	C:\admirales\script_ver\script_ver\quarantine\under-review\17mov_CharacterSystem\web\photos\mp_m_freemode_01-torso_1-303.webp
296886DE0CB799F015724D41D2FAE4507B856E41819AC4B775296700F27CCF1D	C:\admirales\script_ver\script_ver\quarantine\under-review\17mov_CharacterSystem\web\photos\mp_m_freemode_01-torso_1-304.webp
8F5C8F92F10186769E2469E3E2428D248E7B398D0425518F9E2902773F6C7092	C:\admirales\script_ver\script_ver\quarantine\under-review\17mov_CharacterSystem\web\photos\mp_m_freemode_01-torso_1-305.webp
B390FA1C4CA6EFC0496574387517184F817399F492DAD87C5A7774F1BE53369C	C:\admirales\script_ver\script_ver\quarantine\under-review\17mov_CharacterSystem\web\photos\mp_m_freemode_01-torso_1-306.webp
06D5447416872391CCF2198AA74A361BC9956F998325DF0E319D703513228C10	C:\admirales\script_ver\script_ver\quarantine\under-review\17mov_CharacterSystem\web\photos\mp_m_freemode_01-torso_1-307.webp
1C1C4E6F1F62498EA20F8447B534629E4F3CA0FC6C7A849C6D40F5E706923F83	C:\admirales\script_ver\script_ver\quarantine\under-review\17mov_CharacterSystem\web\photos\mp_m_freemode_01-torso_1-308.webp
527BFC9826743CA15213523010CB281F540087C123A6613FFEA02D40822E9717	C:\admirales\script_ver\script_ver\quarantine\under-review\17mov_CharacterSystem\web\photos\mp_m_freemode_01-torso_1-309.webp
A8B2531C561FB257DBD4107051A73CB88885C098C51534FD830A23C7BF2392DA	C:\admirales\script_ver\script_ver\quarantine\under-review\17mov_CharacterSystem\web\photos\mp_m_freemode_01-torso_1-31.webp
F498F2A8F28519EBAD70E04F233797191B40B70CE1DBBFE202F3BA34E83BB60F	C:\admirales\script_ver\script_ver\quarantine\under-review\17mov_CharacterSystem\web\photos\mp_m_freemode_01-torso_1-310.webp
5BCC7637A442C1397CC6E1543BB858633178DA2D01CB353B8F84AC0F48704E16	C:\admirales\script_ver\script_ver\quarantine\under-review\17mov_CharacterSystem\web\photos\mp_m_freemode_01-torso_1-311.webp
FD47E07561C2442B70C8A7CE5A06FE378CBEA310725B58C28BC93C17AA66EF98	C:\admirales\script_ver\script_ver\quarantine\under-review\17mov_CharacterSystem\web\photos\mp_m_freemode_01-torso_1-312.webp
C9FB7AAB305B888A0BADCB6D38817EF7D9A1EEEFEF26723729143DF1ECDD990E	C:\admirales\script_ver\script_ver\quarantine\under-review\17mov_CharacterSystem\web\photos\mp_m_freemode_01-torso_1-313.webp
FBFE425C60BF12AC5108A2FE44800CCDC5D899EC42EBD5E96CD41435567E6CB6	C:\admirales\script_ver\script_ver\quarantine\under-review\17mov_CharacterSystem\web\photos\mp_m_freemode_01-torso_1-314.webp
5A8E70B9FBD444B2D12D456C1D27DB12A44A3DDB561ACE652ABC2BEBE0828831	C:\admirales\script_ver\script_ver\quarantine\under-review\17mov_CharacterSystem\web\photos\mp_m_freemode_01-torso_1-315.webp
5CE7ADEFC88BDCABEF7092C7DE27883F96F3393973934E4AF50CDC1554EBC4C3	C:\admirales\script_ver\script_ver\quarantine\under-review\17mov_CharacterSystem\web\photos\mp_m_freemode_01-torso_1-316.webp
058965D14F6BDE1219B63C316656D4F1A5FBA5D18C086A4D55B758C8E5197DBC	C:\admirales\script_ver\script_ver\quarantine\under-review\17mov_CharacterSystem\web\photos\mp_m_freemode_01-torso_1-317.webp
E81B221E013B0EDAAFBDB97CC072B7142E349886DEF5C2378F348CB5A6436B5D	C:\admirales\script_ver\script_ver\quarantine\under-review\17mov_CharacterSystem\web\photos\mp_m_freemode_01-torso_1-318.webp
82156BC3B5EEFD5ABB81D16780E78C1C358F71F8B215459D544EA41944DFA8F7	C:\admirales\script_ver\script_ver\quarantine\under-review\17mov_CharacterSystem\web\photos\mp_m_freemode_01-torso_1-319.webp
EE5E519A92E82CD60B7DEC2C7CA827C88FF41411B5E11EA22BF8757462B81D95	C:\admirales\script_ver\script_ver\quarantine\under-review\17mov_CharacterSystem\web\photos\mp_m_freemode_01-torso_1-32.webp
67E3CF434B9ADBCB0DDE9840B8BE52829CDF71BACF25867CA2197E33D53930F7	C:\admirales\script_ver\script_ver\quarantine\under-review\17mov_CharacterSystem\web\photos\mp_m_freemode_01-torso_1-320.webp
4C668B50779F5D46A9203D01EFCC88985A7A5C50BB817AF24FF70D3767EB3760	C:\admirales\script_ver\script_ver\quarantine\under-review\17mov_CharacterSystem\web\photos\mp_m_freemode_01-torso_1-321.webp
10F870BBB5CF2AA4013CE99FB7E578E37D3F0592CB2AF0FBE2D34CC7138CB1AF	C:\admirales\script_ver\script_ver\quarantine\under-review\17mov_CharacterSystem\web\photos\mp_m_freemode_01-torso_1-322.webp
AE60F9F9A4A7827F70098AE887936CD16F99D6EC21135244EB91B9F20EC0F845	C:\admirales\script_ver\script_ver\quarantine\under-review\17mov_CharacterSystem\web\photos\mp_m_freemode_01-torso_1-323.webp
D12832F8CFA86B45D1708EED9988DD4F5EB13649E47C989C112B527C24D23057	C:\admirales\script_ver\script_ver\quarantine\under-review\17mov_CharacterSystem\web\photos\mp_m_freemode_01-torso_1-324.webp
9C338BBA40892972E36C5BC9378A4871AD05A29894EEDCEF2497FD9D2D2772D5	C:\admirales\script_ver\script_ver\quarantine\under-review\17mov_CharacterSystem\web\photos\mp_m_freemode_01-torso_1-325.webp
B7351A50D901912EAF076D224CFD96A8957A8BEBE6A2B1CE79452CD3311ADAF9	C:\admirales\script_ver\script_ver\quarantine\under-review\17mov_CharacterSystem\web\photos\mp_m_freemode_01-torso_1-326.webp
6353D88E5995A8C09BF8C8A3A1B2862D6DC91636571D4D4D6533D5B6C083DC5E	C:\admirales\script_ver\script_ver\quarantine\under-review\17mov_CharacterSystem\web\photos\mp_m_freemode_01-torso_1-327.webp
9AD8622B92DE1C65F237EFFDDBBD7768E34C61E30F74E49AF8F687C27702A383	C:\admirales\script_ver\script_ver\quarantine\under-review\17mov_CharacterSystem\web\photos\mp_m_freemode_01-torso_1-328.webp
0DFECD602DA0E080893E58ACE6B2193E69750088F50F3382CCBC2E14F7AE6CD1	C:\admirales\script_ver\script_ver\quarantine\under-review\17mov_CharacterSystem\web\photos\mp_m_freemode_01-torso_1-329.webp
5A051B223A00F91E6C1E4BB98D8D50E7A909804C8A76E64B4DB3C727D2F0BA62	C:\admirales\script_ver\script_ver\quarantine\under-review\17mov_CharacterSystem\web\photos\mp_m_freemode_01-torso_1-33.webp
746842BD6BCFEC82E388DBF6070C5BE4A343D2B85A851089EBDE181400F9E1D1	C:\admirales\script_ver\script_ver\quarantine\under-review\17mov_CharacterSystem\web\photos\mp_m_freemode_01-torso_1-330.webp
5D9526AEF9906463FCA9BF057E6294C659289A6CB4248A7523EFCFB4A229EF7C	C:\admirales\script_ver\script_ver\quarantine\under-review\17mov_CharacterSystem\web\photos\mp_m_freemode_01-torso_1-331.webp
65AD7C5911249B67DD1A11E07DC4286DF631A2C6531BA440D9773634D8B76ADC	C:\admirales\script_ver\script_ver\quarantine\under-review\17mov_CharacterSystem\web\photos\mp_m_freemode_01-torso_1-332.webp
D3C8DFAA71E9A685DEBE5F66AAB6E283B87C6EB37ADBD2A59BD86FB2E83071C5	C:\admirales\script_ver\script_ver\quarantine\under-review\17mov_CharacterSystem\web\photos\mp_m_freemode_01-torso_1-333.webp
A3DBD6B5CAA350AA8A000E97E0A36B8B1B80EEABA7FE132099133BDAF674AB54	C:\admirales\script_ver\script_ver\quarantine\under-review\17mov_CharacterSystem\web\photos\mp_m_freemode_01-torso_1-334.webp
FDE6F3A50EE333D7F4E574438D948C8782C3A24BE6AC75D645B2F8D84281D444	C:\admirales\script_ver\script_ver\quarantine\under-review\17mov_CharacterSystem\web\photos\mp_m_freemode_01-torso_1-335.webp
485B93E8532EDE905898AB144EF00201C21C346E57FB1293DBA42544126BBA87	C:\admirales\script_ver\script_ver\quarantine\under-review\17mov_CharacterSystem\web\photos\mp_m_freemode_01-torso_1-336.webp
E1877F807746BCC4030B5BFCF5C0443B9FBB32D55EA4D03C38DF751144A96E51	C:\admirales\script_ver\script_ver\quarantine\under-review\17mov_CharacterSystem\web\photos\mp_m_freemode_01-torso_1-337.webp
70537BF52C82CB6645B9FF3E184987EE4BF0116213090F9C9227E2908F544364	C:\admirales\script_ver\script_ver\quarantine\under-review\17mov_CharacterSystem\web\photos\mp_m_freemode_01-torso_1-338.webp
E9FDAF7FC85F18AE8701E2727975D87AB992AF65B7E6B499B498024B225FB1B8	C:\admirales\script_ver\script_ver\quarantine\under-review\17mov_CharacterSystem\web\photos\mp_m_freemode_01-torso_1-339.webp
9945E15359783EA33AD52BC8BB88E9C9F536999E8BE979AE3E989CC9D1D16CCB	C:\admirales\script_ver\script_ver\quarantine\under-review\17mov_CharacterSystem\web\photos\mp_m_freemode_01-torso_1-34.webp
08C9D52DD6EA385880E858FB2DD7650ADE9F9FE1FA59CB99429FA70D67D62902	C:\admirales\script_ver\script_ver\quarantine\under-review\17mov_CharacterSystem\web\photos\mp_m_freemode_01-torso_1-340.webp
C47F48929FAE0635DD39B7B48CB77F7BD1D457D3B39E2DBBFE55B33C2DB1B6DF	C:\admirales\script_ver\script_ver\quarantine\under-review\17mov_CharacterSystem\web\photos\mp_m_freemode_01-torso_1-341.webp
9D01E85965BA87C40DF73153416D0DF4C9B5DA1931CC9DB8BAC909E21305A8C3	C:\admirales\script_ver\script_ver\quarantine\under-review\17mov_CharacterSystem\web\photos\mp_m_freemode_01-torso_1-342.webp
07C3A842D5CAFAEE35CC0818312C36719EDA632058EB613BDE6BCFD6991AFE2E	C:\admirales\script_ver\script_ver\quarantine\under-review\17mov_CharacterSystem\web\photos\mp_m_freemode_01-torso_1-343.webp
DC23E536BFE3CADE120F7E7E1A0577F72E3EE8F6EE7BE3DEC31F77486E296B45	C:\admirales\script_ver\script_ver\quarantine\under-review\17mov_CharacterSystem\web\photos\mp_m_freemode_01-torso_1-344.webp
D81B5BD3A374CDC2B2753B6C8BC8DA0D4B22887838D0E1E21F28A94B54C5CFF5	C:\admirales\script_ver\script_ver\quarantine\under-review\17mov_CharacterSystem\web\photos\mp_m_freemode_01-torso_1-345.webp
1FFCA181768A5593C2F847DC9E14BDBB2A56D7FF265A698B67B8860E5BA6FDDD	C:\admirales\script_ver\script_ver\quarantine\under-review\17mov_CharacterSystem\web\photos\mp_m_freemode_01-torso_1-346.webp
2DE420E0CAC5239549D9D5E62FDC16B596A9E717D299A4E03A623F17A13710E3	C:\admirales\script_ver\script_ver\quarantine\under-review\17mov_CharacterSystem\web\photos\mp_m_freemode_01-torso_1-347.webp
AF3F0F74CD152FB9F91CA9C950401FCBF576F39BC948F18D7BD4E3CE87215CD6	C:\admirales\script_ver\script_ver\quarantine\under-review\17mov_CharacterSystem\web\photos\mp_m_freemode_01-torso_1-348.webp
6DE7DC6B59CB87BCD3406C1D64EDBCFC55E7EEF2C9FDA7A7EB3478EBD2221824	C:\admirales\script_ver\script_ver\quarantine\under-review\17mov_CharacterSystem\web\photos\mp_m_freemode_01-torso_1-349.webp
4EBDC1ABD4372AF3DE7036685CF7B2C4ACA0CDCFDE871313FCB1AE5F6EA04C4F	C:\admirales\script_ver\script_ver\quarantine\under-review\17mov_CharacterSystem\web\photos\mp_m_freemode_01-torso_1-35.webp
E2A41BC8C24814C69B8CC10EA53EA26C9F64255B690E7BBD0BBAA2248C7861B5	C:\admirales\script_ver\script_ver\quarantine\under-review\17mov_CharacterSystem\web\photos\mp_m_freemode_01-torso_1-350.webp
A6B7F5A0473FB89F29C95B085BBA3B90A9F7D81925E60E4E03E74476BE334AB3	C:\admirales\script_ver\script_ver\quarantine\under-review\17mov_CharacterSystem\web\photos\mp_m_freemode_01-torso_1-351.webp
22B1DB0D47E14FB37A91788D77D5EE9A4C6FA1E8F2101E8A4AC0386F87675836	C:\admirales\script_ver\script_ver\quarantine\under-review\17mov_CharacterSystem\web\photos\mp_m_freemode_01-torso_1-352.webp
3451CCD19A4EDAA12B2D1F2EFE3903FE32559359AB2ACF4ACD5C54399A9CA924	C:\admirales\script_ver\script_ver\quarantine\under-review\17mov_CharacterSystem\web\photos\mp_m_freemode_01-torso_1-353.webp
AA6E0E25F267351D99E5E6A86AD7E7EF8A357E3992684571D7E02AB6E3838551	C:\admirales\script_ver\script_ver\quarantine\under-review\17mov_CharacterSystem\web\photos\mp_m_freemode_01-torso_1-354.webp
0C04DE67B505AEEAADA2439FCFAF5BA40D6D686080AF80EBF54F5C0F1834AB6C	C:\admirales\script_ver\script_ver\quarantine\under-review\17mov_CharacterSystem\web\photos\mp_m_freemode_01-torso_1-355.webp
C3E38028208044412B24A2F4DDC8245084F4D1262BD568203118F059B59775B1	C:\admirales\script_ver\script_ver\quarantine\under-review\17mov_CharacterSystem\web\photos\mp_m_freemode_01-torso_1-356.webp
2A1DA1DB0FB68F25459AF5B59884829E1AE0F59FA340C3EDD00EC00C5076E341	C:\admirales\script_ver\script_ver\quarantine\under-review\17mov_CharacterSystem\web\photos\mp_m_freemode_01-torso_1-357.webp
732DB0D18BA174DAEDB293FDDFA1CD595E8F15C3BCD519DD20DCFE39D6A1C8F0	C:\admirales\script_ver\script_ver\quarantine\under-review\17mov_CharacterSystem\web\photos\mp_m_freemode_01-torso_1-358.webp
133FFA0C0ADBF8A40DB97C7E09B34851BF8BB76E16FF02E089D8B2A5B730013D	C:\admirales\script_ver\script_ver\quarantine\under-review\17mov_CharacterSystem\web\photos\mp_m_freemode_01-torso_1-359.webp
BCF82955F69EE3C1296CBCF8594FED7353FF3B6BBD72923EF44A5149E891C1B4	C:\admirales\script_ver\script_ver\quarantine\under-review\17mov_CharacterSystem\web\photos\mp_m_freemode_01-torso_1-36.webp
5D24412C26E24308057FC43F4A84E26337ECFC923B24ABB6788780C095541C7D	C:\admirales\script_ver\script_ver\quarantine\under-review\17mov_CharacterSystem\web\photos\mp_m_freemode_01-torso_1-360.webp
DAF8ACFD1A3D9A841FC2E60747F646743E33D7CAFDEBC8DAEA7F2E5A5557A17A	C:\admirales\script_ver\script_ver\quarantine\under-review\17mov_CharacterSystem\web\photos\mp_m_freemode_01-torso_1-361.webp
186E783BF7E9D5D9991BA8BDB784A14A82931A6C3595CA1AFB04B8729B6BE12B	C:\admirales\script_ver\script_ver\quarantine\under-review\17mov_CharacterSystem\web\photos\mp_m_freemode_01-torso_1-362.webp
E1ECD94A979B2F03232FBFC4BFA9D297F0259664D71D32FF1170CA1B7FAFC8CD	C:\admirales\script_ver\script_ver\quarantine\under-review\17mov_CharacterSystem\web\photos\mp_m_freemode_01-torso_1-363.webp
A93B6C0A0CB702771254DC4065C290045EB6864FB52173D79329ECCC665A84BD	C:\admirales\script_ver\script_ver\quarantine\under-review\17mov_CharacterSystem\web\photos\mp_m_freemode_01-torso_1-364.webp
B87858E6ECBFE249228F834C7540B16169C73F46F4438E029CF24A3B7693B8C5	C:\admirales\script_ver\script_ver\quarantine\under-review\17mov_CharacterSystem\web\photos\mp_m_freemode_01-torso_1-365.webp
5E1CE11037E63618AE14FEDC9FF0E0E0590FFE008E4617C36964A5B815DB2493	C:\admirales\script_ver\script_ver\quarantine\under-review\17mov_CharacterSystem\web\photos\mp_m_freemode_01-torso_1-366.webp
AF254346C1B929DB8524FE9128EC6A0377D43014DF7CD7874DAA5785CE9B5A09	C:\admirales\script_ver\script_ver\quarantine\under-review\17mov_CharacterSystem\web\photos\mp_m_freemode_01-torso_1-367.webp
63B1A7F5BEB2018D076DC70C0D97295283A70B5821DD43F44F57E7CFC12F1222	C:\admirales\script_ver\script_ver\quarantine\under-review\17mov_CharacterSystem\web\photos\mp_m_freemode_01-torso_1-368.webp
3731BB347A00C21773DB69FF5666BE2B0A7830F3D401DF77690397B3587A4034	C:\admirales\script_ver\script_ver\quarantine\under-review\17mov_CharacterSystem\web\photos\mp_m_freemode_01-torso_1-369.webp
CBD45731E915D8DF94C34BDBE5E803316B4EF8B62B61CDC50AC9C579113E1C72	C:\admirales\script_ver\script_ver\quarantine\under-review\17mov_CharacterSystem\web\photos\mp_m_freemode_01-torso_1-37.webp
846CA2F9856659A545BCCDD372B59B00802AA9C9597426ED1A414E7393785D4D	C:\admirales\script_ver\script_ver\quarantine\under-review\17mov_CharacterSystem\web\photos\mp_m_freemode_01-torso_1-370.webp
46C5FCE65961E19D19BB3155859F971CE99923FD649FC6288287BA5DA87E75F9	C:\admirales\script_ver\script_ver\quarantine\under-review\17mov_CharacterSystem\web\photos\mp_m_freemode_01-torso_1-371.webp
DCB0CD455BBB379849ED10C6EA1AE15B3F5DFB7A247418D05A3F3AE93C119607	C:\admirales\script_ver\script_ver\quarantine\under-review\17mov_CharacterSystem\web\photos\mp_m_freemode_01-torso_1-372.webp
26E40E63837CD7C1C81D7C72E1F35973A8B2BBEA18D13295A332BB2C483C9FEB	C:\admirales\script_ver\script_ver\quarantine\under-review\17mov_CharacterSystem\web\photos\mp_m_freemode_01-torso_1-373.webp
CE21F464018756F63F8AA1340AF018CE385B191B39A86487613353F80496480A	C:\admirales\script_ver\script_ver\quarantine\under-review\17mov_CharacterSystem\web\photos\mp_m_freemode_01-torso_1-374.webp
8A609D5A7EFA64E27ACD28713685E8457349321F8FA289EE3366AE28CB3D4B75	C:\admirales\script_ver\script_ver\quarantine\under-review\17mov_CharacterSystem\web\photos\mp_m_freemode_01-torso_1-375.webp
CCD998153A18A602078B368800BAD1E265E81C1F5686DCC5FD145C53FF5AE6EB	C:\admirales\script_ver\script_ver\quarantine\under-review\17mov_CharacterSystem\web\photos\mp_m_freemode_01-torso_1-376.webp
0447DF23F279DEFF56EAEBFB5C4FFA4E3B14A0FA2D32C5AF9F3B6A1042804D57	C:\admirales\script_ver\script_ver\quarantine\under-review\17mov_CharacterSystem\web\photos\mp_m_freemode_01-torso_1-377.webp
0775285727AC7E0CB795402D1F853B269314C3F4D2E53B86152FC1AFB072E3D7	C:\admirales\script_ver\script_ver\quarantine\under-review\17mov_CharacterSystem\web\photos\mp_m_freemode_01-torso_1-378.webp
3F4B6AB94F6AECD3A1F215F5E84FEE3279A82549C74FB960D7B81A2A8E79F79C	C:\admirales\script_ver\script_ver\quarantine\under-review\17mov_CharacterSystem\web\photos\mp_m_freemode_01-torso_1-379.webp
CD0CE4B001FA8B945A4D3B236460D97F735DBF75ECC8449C3A30736008CC081B	C:\admirales\script_ver\script_ver\quarantine\under-review\17mov_CharacterSystem\web\photos\mp_m_freemode_01-torso_1-38.webp
D6A60AE16EB9BE8D778D6A86B38274A104659087963C572AC143416927F16CD5	C:\admirales\script_ver\script_ver\quarantine\under-review\17mov_CharacterSystem\web\photos\mp_m_freemode_01-torso_1-380.webp
0B07CA5DBACA94B24D4B32D66484E9C6EF6EA2C120AC2175469C12D7A36D5A3D	C:\admirales\script_ver\script_ver\quarantine\under-review\17mov_CharacterSystem\web\photos\mp_m_freemode_01-torso_1-381.webp
96D3268E541598845338D3EC3132210224D9E4070CB9F3E2D267CDF7164B4CDF	C:\admirales\script_ver\script_ver\quarantine\under-review\17mov_CharacterSystem\web\photos\mp_m_freemode_01-torso_1-382.webp
47B7C157C534DEF1A35137314EDE3D6F80BA6211ED6F4D134F22A093D2EE7040	C:\admirales\script_ver\script_ver\quarantine\under-review\17mov_CharacterSystem\web\photos\mp_m_freemode_01-torso_1-383.webp
26C53DDBD458877CB26D45EBF866FF9F3D29052335BB44DF26912DE34B57DF20	C:\admirales\script_ver\script_ver\quarantine\under-review\17mov_CharacterSystem\web\photos\mp_m_freemode_01-torso_1-384.webp
B96D472B75D09C7A719F94A572F99EC048849C6091B3FB78F147C016C4F1E1F7	C:\admirales\script_ver\script_ver\quarantine\under-review\17mov_CharacterSystem\web\photos\mp_m_freemode_01-torso_1-385.webp
98D37E4257842DE3615E51ECFAB26D4DA4E300BEB3CCB11B81603D22A69A9DFA	C:\admirales\script_ver\script_ver\quarantine\under-review\17mov_CharacterSystem\web\photos\mp_m_freemode_01-torso_1-386.webp
6386B28C0FC2443DB6A62836B1B7093C5BC2F770CDEE5E2FAA5DC91B22789A1C	C:\admirales\script_ver\script_ver\quarantine\under-review\17mov_CharacterSystem\web\photos\mp_m_freemode_01-torso_1-387.webp
185952DCA2D4DD7C7B3DE7445D1065E44F8BC5ABECBE8F7095D661993115F04A	C:\admirales\script_ver\script_ver\quarantine\under-review\17mov_CharacterSystem\web\photos\mp_m_freemode_01-torso_1-388.webp
FEF0B8781E41AC0770F5CA35A62B0A11354A045395656BEB7026936BF820CC76	C:\admirales\script_ver\script_ver\quarantine\under-review\17mov_CharacterSystem\web\photos\mp_m_freemode_01-torso_1-389.webp
78E7CA9C9D49E128AA4C5F3958808668B6EC944EB3477F2F3911A3505EC47A4F	C:\admirales\script_ver\script_ver\quarantine\under-review\17mov_CharacterSystem\web\photos\mp_m_freemode_01-torso_1-39.webp
4AF603E95712A85D97585E4F0D41BB3FD4B997C0F5D502B059F2C882DBD8284A	C:\admirales\script_ver\script_ver\quarantine\under-review\17mov_CharacterSystem\web\photos\mp_m_freemode_01-torso_1-390.webp
264A30F37D18A7D063F4E8C0E58C4BFB97118F02E11392C9A0F9DD02F8E84F32	C:\admirales\script_ver\script_ver\quarantine\under-review\17mov_CharacterSystem\web\photos\mp_m_freemode_01-torso_1-391.webp
7C89013645DFCCE694501BDD525C39E428C0A676E8C80D69275896A3D0C7BF0C	C:\admirales\script_ver\script_ver\quarantine\under-review\17mov_CharacterSystem\web\photos\mp_m_freemode_01-torso_1-392.webp
2D235E0E5233CB7097AA9A44D51AACC1CED27CA9F6A9A248C84E14459D2B88D5	C:\admirales\script_ver\script_ver\quarantine\under-review\17mov_CharacterSystem\web\photos\mp_m_freemode_01-torso_1-393.webp
E65C1416EE357475CD14A45FF70BE32914866C1957B79E808A0CC10786D5D027	C:\admirales\script_ver\script_ver\quarantine\under-review\17mov_CharacterSystem\web\photos\mp_m_freemode_01-torso_1-394.webp
646BD2CA4109DBFFC5F9CB88C63EB0ACB17537096EDF56B751B2AFC76BEE2F42	C:\admirales\script_ver\script_ver\quarantine\under-review\17mov_CharacterSystem\web\photos\mp_m_freemode_01-torso_1-395.webp
44AF7601F5FF61DFF2911E6C177178743C1938FABC15597E649EDD795A05C0A4	C:\admirales\script_ver\script_ver\quarantine\under-review\17mov_CharacterSystem\web\photos\mp_m_freemode_01-torso_1-396.webp
DBFA354413A309CA8CEB7663436F77FA5E4F941F78ED47B3256149F8F836DCF0	C:\admirales\script_ver\script_ver\quarantine\under-review\17mov_CharacterSystem\web\photos\mp_m_freemode_01-torso_1-397.webp
8C939309FD29A8D775617D147C783539DA075FF0F61DAF172F7A4EF14D50C58C	C:\admirales\script_ver\script_ver\quarantine\under-review\17mov_CharacterSystem\web\photos\mp_m_freemode_01-torso_1-398.webp
B3CEEDD22AE90F0CA44CFB7E153A5E3533E40B8FA4B8F3A36FB0843E7E2BFB52	C:\admirales\script_ver\script_ver\quarantine\under-review\17mov_CharacterSystem\web\photos\mp_m_freemode_01-torso_1-399.webp
0757D3EC431B8105E293F272086AB81FCDC27C92B0DE382B74026FDF7F5693BC	C:\admirales\script_ver\script_ver\quarantine\under-review\17mov_CharacterSystem\web\photos\mp_m_freemode_01-torso_1-4.webp
E2BF9376EC9C3D8B88F9CFB76C8C742A32066E0DA46284CD030A9D228D4FC7FF	C:\admirales\script_ver\script_ver\quarantine\under-review\17mov_CharacterSystem\web\photos\mp_m_freemode_01-torso_1-40.webp
1BDD430526CC8D3BB449FD1760B349D265F786B3DA10E7739F27215275FFE4F9	C:\admirales\script_ver\script_ver\quarantine\under-review\17mov_CharacterSystem\web\photos\mp_m_freemode_01-torso_1-400.webp
F2F3F49B29E0C929587E52C5CF86160E43E10413CFB56B47249B49633A2BC9E7	C:\admirales\script_ver\script_ver\quarantine\under-review\17mov_CharacterSystem\web\photos\mp_m_freemode_01-torso_1-401.webp
0F5060FEFAA5F1B9889CE6FE6CC85AE4D36328EC64FE4CF6AC3ACA0351A2252E	C:\admirales\script_ver\script_ver\quarantine\under-review\17mov_CharacterSystem\web\photos\mp_m_freemode_01-torso_1-402.webp
6061044F7A5AABFBEE85C15D73FCE6D0DC3619B359AB1A5AD60C9A7D85B730D9	C:\admirales\script_ver\script_ver\quarantine\under-review\17mov_CharacterSystem\web\photos\mp_m_freemode_01-torso_1-403.webp
53E906197318C9D96DEBE4B36327B85937CAC2F5AE7ED5F0DA74603C37043272	C:\admirales\script_ver\script_ver\quarantine\under-review\17mov_CharacterSystem\web\photos\mp_m_freemode_01-torso_1-404.webp
D8D1F41DB0389464BE65CF2EDB86C0325C296F1A80482AB0816F3B98B1D5AFDD	C:\admirales\script_ver\script_ver\quarantine\under-review\17mov_CharacterSystem\web\photos\mp_m_freemode_01-torso_1-405.webp
5B6A393AFC63456E67E0B26964024B682B6446C36FA015CE7D914D2ACB2508DA	C:\admirales\script_ver\script_ver\quarantine\under-review\17mov_CharacterSystem\web\photos\mp_m_freemode_01-torso_1-406.webp
BFD3EDC3955BF976E07E8E4A648C87D00767BE7585020AF82EDF329BC1F07DF8	C:\admirales\script_ver\script_ver\quarantine\under-review\17mov_CharacterSystem\web\photos\mp_m_freemode_01-torso_1-407.webp
25233233CBF8AC93DAF120AB18DACD5E66C5B166FE630D5E5E87BF5DF7A69507	C:\admirales\script_ver\script_ver\quarantine\under-review\17mov_CharacterSystem\web\photos\mp_m_freemode_01-torso_1-408.webp
B84D5D65F67EF170AEE76AF538E60CB38876BD84422340EC23A7A5F7498938CB	C:\admirales\script_ver\script_ver\quarantine\under-review\17mov_CharacterSystem\web\photos\mp_m_freemode_01-torso_1-409.webp
F2BF3FBD45AD82179D4FBC89F3E7E3B6885E85292760682DBD2C82CFB57C9C1B	C:\admirales\script_ver\script_ver\quarantine\under-review\17mov_CharacterSystem\web\photos\mp_m_freemode_01-torso_1-41.webp
C7D00ADD05E306ED703E718BB6C6AA6E0DEED7D6D7775239D4343A5FABFAF165	C:\admirales\script_ver\script_ver\quarantine\under-review\17mov_CharacterSystem\web\photos\mp_m_freemode_01-torso_1-410.webp
5FB17F7C1EE8DDB362D1761E47E9B4DA71618E29033C1DB53DA39CB089C79B83	C:\admirales\script_ver\script_ver\quarantine\under-review\17mov_CharacterSystem\web\photos\mp_m_freemode_01-torso_1-411.webp
E65924F96CBDE7B164CA363C470B13E7F253DB6F46A0629E3C7A738FB717ED8E	C:\admirales\script_ver\script_ver\quarantine\under-review\17mov_CharacterSystem\web\photos\mp_m_freemode_01-torso_1-412.webp
29D344AC97D957E8367B06A0840DBF2864AF1AF4F1D3F868787A0C209BF12B80	C:\admirales\script_ver\script_ver\quarantine\under-review\17mov_CharacterSystem\web\photos\mp_m_freemode_01-torso_1-413.webp
18F52607C4EB01387CEAD7166B0260EA791285778659AB4FA7F84178F63EAE64	C:\admirales\script_ver\script_ver\quarantine\under-review\17mov_CharacterSystem\web\photos\mp_m_freemode_01-torso_1-414.webp
79EAE726B0E5384E17DDAA9FD4B061D452467AC4AC0413E881E80E50B5A73E9F	C:\admirales\script_ver\script_ver\quarantine\under-review\17mov_CharacterSystem\web\photos\mp_m_freemode_01-torso_1-415.webp
B49B739D2522513758A617C3CDBBF3E901AABABF060911101CC19286E61674F2	C:\admirales\script_ver\script_ver\quarantine\under-review\17mov_CharacterSystem\web\photos\mp_m_freemode_01-torso_1-416.webp
5287CE2C5EDA62BE90AA555555241D41BC64B4B4A68D043640A3D54EB877040C	C:\admirales\script_ver\script_ver\quarantine\under-review\17mov_CharacterSystem\web\photos\mp_m_freemode_01-torso_1-417.webp
C62A9018EF0D04EC8265F2ACE13671B50A2F1FC9E26DB6DC83DE371871DF4DA1	C:\admirales\script_ver\script_ver\quarantine\under-review\17mov_CharacterSystem\web\photos\mp_m_freemode_01-torso_1-418.webp
657D16B008BF214CAE14FD152BF8FED8FD51FBFB326C4C9A438959C0C13F03BC	C:\admirales\script_ver\script_ver\quarantine\under-review\17mov_CharacterSystem\web\photos\mp_m_freemode_01-torso_1-419.webp
D9122CF4E4EB953CC09394B85683658994129B4564D116BBA1093816C34F3160	C:\admirales\script_ver\script_ver\quarantine\under-review\17mov_CharacterSystem\web\photos\mp_m_freemode_01-torso_1-42.webp
0B68A83FF43618E72026BE63921EC6DFB73284AAEC8097FCC23B82EC6CFED188	C:\admirales\script_ver\script_ver\quarantine\under-review\17mov_CharacterSystem\web\photos\mp_m_freemode_01-torso_1-420.webp
BDF5A50763E5D752761732E15419F30F1779F7A1DCFEB35ADC7C7B2F06AF75ED	C:\admirales\script_ver\script_ver\quarantine\under-review\17mov_CharacterSystem\web\photos\mp_m_freemode_01-torso_1-421.webp
DFE2032DAE02F2D83C0FBFD3B867D8E6358A1CAF75334AED0B1B07DB0E54C315	C:\admirales\script_ver\script_ver\quarantine\under-review\17mov_CharacterSystem\web\photos\mp_m_freemode_01-torso_1-422.webp
6EE2FD6B74A9BC7080B28198C36A7533374161A3BD111C1772318F3299FE3546	C:\admirales\script_ver\script_ver\quarantine\under-review\17mov_CharacterSystem\web\photos\mp_m_freemode_01-torso_1-423.webp
3078A8DCFBF4E274A030B19B513DECFA10FB64C75DA971F4D000095962DF119A	C:\admirales\script_ver\script_ver\quarantine\under-review\17mov_CharacterSystem\web\photos\mp_m_freemode_01-torso_1-424.webp
E9AFFCB0DA51A8DD332FA68CB4D53D7CAB6A8CEF0A7BE742FE248CDBD3CBB1F0	C:\admirales\script_ver\script_ver\quarantine\under-review\17mov_CharacterSystem\web\photos\mp_m_freemode_01-torso_1-425.webp
A74FEEF58E1772DB04A4A5864D595326A2005BCBF63B99A3D58532929BFA4D20	C:\admirales\script_ver\script_ver\quarantine\under-review\17mov_CharacterSystem\web\photos\mp_m_freemode_01-torso_1-426.webp
B7F0E137CBCF21E6BC8B9EC58F2897F8536AAF204CE3A897BBCED783C8BF696B	C:\admirales\script_ver\script_ver\quarantine\under-review\17mov_CharacterSystem\web\photos\mp_m_freemode_01-torso_1-427.webp
41C071E27ACB0D1BC94CAA1C07CB472FD4ABB0A828A2DA06FD9174E0F06CF619	C:\admirales\script_ver\script_ver\quarantine\under-review\17mov_CharacterSystem\web\photos\mp_m_freemode_01-torso_1-428.webp
FD0C83C2826C7822577664E57FD03BF6BC1E639D96DC5A8F9E8CE8B79BCFF6C6	C:\admirales\script_ver\script_ver\quarantine\under-review\17mov_CharacterSystem\web\photos\mp_m_freemode_01-torso_1-429.webp
9B2ED41B0B5982970CF2A6AB8F9CAC2DE7A4CE2CFCFD39EF1D9B8FA595C11A61	C:\admirales\script_ver\script_ver\quarantine\under-review\17mov_CharacterSystem\web\photos\mp_m_freemode_01-torso_1-43.webp
BA950C8B9EFE338BBECF0B83D8612CB8B0AE76E59CDF577A67975DEB339E1617	C:\admirales\script_ver\script_ver\quarantine\under-review\17mov_CharacterSystem\web\photos\mp_m_freemode_01-torso_1-430.webp
D88264E1721BBA0770069DD1BC7DB4B714693415F6F6FF268ADCB1F9CB32C60E	C:\admirales\script_ver\script_ver\quarantine\under-review\17mov_CharacterSystem\web\photos\mp_m_freemode_01-torso_1-431.webp
D0027695D9EE0246619A3A6EE317F9157A945C954997512FDF681265E98EFF7C	C:\admirales\script_ver\script_ver\quarantine\under-review\17mov_CharacterSystem\web\photos\mp_m_freemode_01-torso_1-432.webp
A141829630544B9215128F3B63FB34034FC683EC13785DF27BF1A2DD664EAFBC	C:\admirales\script_ver\script_ver\quarantine\under-review\17mov_CharacterSystem\web\photos\mp_m_freemode_01-torso_1-433.webp
CD812B06B0654FD944517B28A8EE25AC34CD5DDE4AA631642BCD2FCEB2F59FA0	C:\admirales\script_ver\script_ver\quarantine\under-review\17mov_CharacterSystem\web\photos\mp_m_freemode_01-torso_1-434.webp
E3814C0082AF708905F28CA42D527576E369599C445B37E8534259EB8350F7A6	C:\admirales\script_ver\script_ver\quarantine\under-review\17mov_CharacterSystem\web\photos\mp_m_freemode_01-torso_1-435.webp
C41BC35EE8024F35171ED22AA05A36833D968CFB44291ABC151D635FB62B3DB6	C:\admirales\script_ver\script_ver\quarantine\under-review\17mov_CharacterSystem\web\photos\mp_m_freemode_01-torso_1-436.webp
72BB0DEE2E1450905042CF2489EBDAEC4895B0947B551C5A8BE7891DE6005C9D	C:\admirales\script_ver\script_ver\quarantine\under-review\17mov_CharacterSystem\web\photos\mp_m_freemode_01-torso_1-437.webp
CFFE3475D87128691B61796F552FE58074D83D1BD9ADDED7D805C37F2D765F32	C:\admirales\script_ver\script_ver\quarantine\under-review\17mov_CharacterSystem\web\photos\mp_m_freemode_01-torso_1-438.webp
38337E7F9EF9BA26DA19E8DD810E55DC7BEE26F27FE08643F1AB8D93E9152A7C	C:\admirales\script_ver\script_ver\quarantine\under-review\17mov_CharacterSystem\web\photos\mp_m_freemode_01-torso_1-439.webp
0EE06CB6889A417F0239A0EDCC8CF671AD2B8DCC6D34C46CE40FCCBBE989DA2E	C:\admirales\script_ver\script_ver\quarantine\under-review\17mov_CharacterSystem\web\photos\mp_m_freemode_01-torso_1-44.webp
596AC9DFC5BB0DF577CDDDF6C5A42F5C21F2F5C4838097FDBA161A63892B9826	C:\admirales\script_ver\script_ver\quarantine\under-review\17mov_CharacterSystem\web\photos\mp_m_freemode_01-torso_1-440.webp
B9D853BBB9A5EC837FFB3B053B21B2EE76E090CDA149F066FEC80D09621AE340	C:\admirales\script_ver\script_ver\quarantine\under-review\17mov_CharacterSystem\web\photos\mp_m_freemode_01-torso_1-441.webp
89DA79BCD9B0F7A309EA9F94DBF9D401A8D9FD081603BA899CC99CA27391E751	C:\admirales\script_ver\script_ver\quarantine\under-review\17mov_CharacterSystem\web\photos\mp_m_freemode_01-torso_1-442.webp
F781C2D361C8593486296CF76735AEAE1175D6FC23BE01A91B634353EDB653C2	C:\admirales\script_ver\script_ver\quarantine\under-review\17mov_CharacterSystem\web\photos\mp_m_freemode_01-torso_1-443.webp
F81590D59F70B45DE590E2BE3FA2D9630A092BEC2CCC5746BD2FD0CA51D472E5	C:\admirales\script_ver\script_ver\quarantine\under-review\17mov_CharacterSystem\web\photos\mp_m_freemode_01-torso_1-444.webp
C9C360FE4CE75BAA390E99A01FA5175279EEFE4422263023F442D042FD61CC62	C:\admirales\script_ver\script_ver\quarantine\under-review\17mov_CharacterSystem\web\photos\mp_m_freemode_01-torso_1-445.webp
C9C360FE4CE75BAA390E99A01FA5175279EEFE4422263023F442D042FD61CC62	C:\admirales\script_ver\script_ver\quarantine\under-review\17mov_CharacterSystem\web\photos\mp_m_freemode_01-torso_1-446.webp
C9C360FE4CE75BAA390E99A01FA5175279EEFE4422263023F442D042FD61CC62	C:\admirales\script_ver\script_ver\quarantine\under-review\17mov_CharacterSystem\web\photos\mp_m_freemode_01-torso_1-447.webp
C9C360FE4CE75BAA390E99A01FA5175279EEFE4422263023F442D042FD61CC62	C:\admirales\script_ver\script_ver\quarantine\under-review\17mov_CharacterSystem\web\photos\mp_m_freemode_01-torso_1-448.webp
C9C360FE4CE75BAA390E99A01FA5175279EEFE4422263023F442D042FD61CC62	C:\admirales\script_ver\script_ver\quarantine\under-review\17mov_CharacterSystem\web\photos\mp_m_freemode_01-torso_1-449.webp
A1005F264FE8AAF3C676DB37B62643ACB18280438DABE480043536B04D9E8407	C:\admirales\script_ver\script_ver\quarantine\under-review\17mov_CharacterSystem\web\photos\mp_m_freemode_01-torso_1-45.webp
CD35A711DEE2DEDB5839302526B663CB29FDB9E1D01AB1B71C948EBA0A5EDEBF	C:\admirales\script_ver\script_ver\quarantine\under-review\17mov_CharacterSystem\web\photos\mp_m_freemode_01-torso_1-450.webp
88459C06527E94E0620C1066E917E0157D8E143EB4989606157C5A1E680273B7	C:\admirales\script_ver\script_ver\quarantine\under-review\17mov_CharacterSystem\web\photos\mp_m_freemode_01-torso_1-451.webp
C9C360FE4CE75BAA390E99A01FA5175279EEFE4422263023F442D042FD61CC62	C:\admirales\script_ver\script_ver\quarantine\under-review\17mov_CharacterSystem\web\photos\mp_m_freemode_01-torso_1-452.webp
C9C360FE4CE75BAA390E99A01FA5175279EEFE4422263023F442D042FD61CC62	C:\admirales\script_ver\script_ver\quarantine\under-review\17mov_CharacterSystem\web\photos\mp_m_freemode_01-torso_1-453.webp
C9C360FE4CE75BAA390E99A01FA5175279EEFE4422263023F442D042FD61CC62	C:\admirales\script_ver\script_ver\quarantine\under-review\17mov_CharacterSystem\web\photos\mp_m_freemode_01-torso_1-454.webp
7D06D1CC14FBA235FB97E45AA51261B6E2E729395365E8A01277AB6A2DB2081C	C:\admirales\script_ver\script_ver\quarantine\under-review\17mov_CharacterSystem\web\photos\mp_m_freemode_01-torso_1-455.webp
C9C360FE4CE75BAA390E99A01FA5175279EEFE4422263023F442D042FD61CC62	C:\admirales\script_ver\script_ver\quarantine\under-review\17mov_CharacterSystem\web\photos\mp_m_freemode_01-torso_1-456.webp
C9C360FE4CE75BAA390E99A01FA5175279EEFE4422263023F442D042FD61CC62	C:\admirales\script_ver\script_ver\quarantine\under-review\17mov_CharacterSystem\web\photos\mp_m_freemode_01-torso_1-457.webp
C9C360FE4CE75BAA390E99A01FA5175279EEFE4422263023F442D042FD61CC62	C:\admirales\script_ver\script_ver\quarantine\under-review\17mov_CharacterSystem\web\photos\mp_m_freemode_01-torso_1-458.webp
C9C360FE4CE75BAA390E99A01FA5175279EEFE4422263023F442D042FD61CC62	C:\admirales\script_ver\script_ver\quarantine\under-review\17mov_CharacterSystem\web\photos\mp_m_freemode_01-torso_1-459.webp
6928A9D5D56B8C08C34F7F07100F3CE1BFE0C1E27F1169B6575ED71B3B1687D9	C:\admirales\script_ver\script_ver\quarantine\under-review\17mov_CharacterSystem\web\photos\mp_m_freemode_01-torso_1-46.webp
C9C360FE4CE75BAA390E99A01FA5175279EEFE4422263023F442D042FD61CC62	C:\admirales\script_ver\script_ver\quarantine\under-review\17mov_CharacterSystem\web\photos\mp_m_freemode_01-torso_1-460.webp
D362014CEF67E34568C001CC51D1839AB99E05BBAF35711054EC63C56E864A0D	C:\admirales\script_ver\script_ver\quarantine\under-review\17mov_CharacterSystem\web\photos\mp_m_freemode_01-torso_1-461.webp
C9C360FE4CE75BAA390E99A01FA5175279EEFE4422263023F442D042FD61CC62	C:\admirales\script_ver\script_ver\quarantine\under-review\17mov_CharacterSystem\web\photos\mp_m_freemode_01-torso_1-462.webp
28ACE2E20894EEFA8C3B94B4332F9511B85882CF1417D613A73343CAE7D15D87	C:\admirales\script_ver\script_ver\quarantine\under-review\17mov_CharacterSystem\web\photos\mp_m_freemode_01-torso_1-463.webp
DC0350B7C7D170C66A47CE2F7B86703F015A7DBE8C544D916A5BD1668750A1FE	C:\admirales\script_ver\script_ver\quarantine\under-review\17mov_CharacterSystem\web\photos\mp_m_freemode_01-torso_1-464.webp
C9C360FE4CE75BAA390E99A01FA5175279EEFE4422263023F442D042FD61CC62	C:\admirales\script_ver\script_ver\quarantine\under-review\17mov_CharacterSystem\web\photos\mp_m_freemode_01-torso_1-465.webp
C9C360FE4CE75BAA390E99A01FA5175279EEFE4422263023F442D042FD61CC62	C:\admirales\script_ver\script_ver\quarantine\under-review\17mov_CharacterSystem\web\photos\mp_m_freemode_01-torso_1-466.webp
3CE710C3B31EA0C621F5704CAD6E44D1711F551981948019786175BB33F2C2CF	C:\admirales\script_ver\script_ver\quarantine\under-review\17mov_CharacterSystem\web\photos\mp_m_freemode_01-torso_1-467.webp
A2C9562E4943CFD4361B19CBA1971B83AC7A4A29FA62889C136C3ADB6D1F99A0	C:\admirales\script_ver\script_ver\quarantine\under-review\17mov_CharacterSystem\web\photos\mp_m_freemode_01-torso_1-468.webp
A2C9562E4943CFD4361B19CBA1971B83AC7A4A29FA62889C136C3ADB6D1F99A0	C:\admirales\script_ver\script_ver\quarantine\under-review\17mov_CharacterSystem\web\photos\mp_m_freemode_01-torso_1-469.webp
545A5511A213F18CC2235E587E62BE0FE069F4EF9DF7733D288E2F3D65C0EA11	C:\admirales\script_ver\script_ver\quarantine\under-review\17mov_CharacterSystem\web\photos\mp_m_freemode_01-torso_1-47.webp
C9C360FE4CE75BAA390E99A01FA5175279EEFE4422263023F442D042FD61CC62	C:\admirales\script_ver\script_ver\quarantine\under-review\17mov_CharacterSystem\web\photos\mp_m_freemode_01-torso_1-470.webp
C9C360FE4CE75BAA390E99A01FA5175279EEFE4422263023F442D042FD61CC62	C:\admirales\script_ver\script_ver\quarantine\under-review\17mov_CharacterSystem\web\photos\mp_m_freemode_01-torso_1-471.webp
FC4FAF80769ED4FAE5135C67224BC892DB6067B28DC489539E4EC0B53A28EB36	C:\admirales\script_ver\script_ver\quarantine\under-review\17mov_CharacterSystem\web\photos\mp_m_freemode_01-torso_1-472.webp
D6AAFE72C79C2114313B8993516F37851EE2D85014106FD8B6391A8B795253F5	C:\admirales\script_ver\script_ver\quarantine\under-review\17mov_CharacterSystem\web\photos\mp_m_freemode_01-torso_1-473.webp
C9C360FE4CE75BAA390E99A01FA5175279EEFE4422263023F442D042FD61CC62	C:\admirales\script_ver\script_ver\quarantine\under-review\17mov_CharacterSystem\web\photos\mp_m_freemode_01-torso_1-474.webp
C9C360FE4CE75BAA390E99A01FA5175279EEFE4422263023F442D042FD61CC62	C:\admirales\script_ver\script_ver\quarantine\under-review\17mov_CharacterSystem\web\photos\mp_m_freemode_01-torso_1-475.webp
C9C360FE4CE75BAA390E99A01FA5175279EEFE4422263023F442D042FD61CC62	C:\admirales\script_ver\script_ver\quarantine\under-review\17mov_CharacterSystem\web\photos\mp_m_freemode_01-torso_1-476.webp
E90E9BA49CF5F9B0C68E13C2F35BF109EF09779C576BAD992CD79B1F3F4C170D	C:\admirales\script_ver\script_ver\quarantine\under-review\17mov_CharacterSystem\web\photos\mp_m_freemode_01-torso_1-477.webp
C9C360FE4CE75BAA390E99A01FA5175279EEFE4422263023F442D042FD61CC62	C:\admirales\script_ver\script_ver\quarantine\under-review\17mov_CharacterSystem\web\photos\mp_m_freemode_01-torso_1-478.webp
8ACDCE5657FF23AFDC67814880570FC5A7D647ED9205E772D34DF3EA2957E155	C:\admirales\script_ver\script_ver\quarantine\under-review\17mov_CharacterSystem\web\photos\mp_m_freemode_01-torso_1-479.webp
A47BD45A191E39412585232A7CAC502B1134EF93B77C1D9293B531EE0EE71FC1	C:\admirales\script_ver\script_ver\quarantine\under-review\17mov_CharacterSystem\web\photos\mp_m_freemode_01-torso_1-48.webp
9F47D547D7DE96858A76E17CC74DB20F564089F1A364AADC6919FF170E0907FB	C:\admirales\script_ver\script_ver\quarantine\under-review\17mov_CharacterSystem\web\photos\mp_m_freemode_01-torso_1-480.webp
4403B1C3F8724B005E3511FAAD6A4657A5CA9A6F1B28E26202BD1E921400034A	C:\admirales\script_ver\script_ver\quarantine\under-review\17mov_CharacterSystem\web\photos\mp_m_freemode_01-torso_1-481.webp
0D7038BB2C841CD6C0371DACE35BABC699C866FC3BDBD2F6D9F98F59463F17E1	C:\admirales\script_ver\script_ver\quarantine\under-review\17mov_CharacterSystem\web\photos\mp_m_freemode_01-torso_1-482.webp
C9C360FE4CE75BAA390E99A01FA5175279EEFE4422263023F442D042FD61CC62	C:\admirales\script_ver\script_ver\quarantine\under-review\17mov_CharacterSystem\web\photos\mp_m_freemode_01-torso_1-483.webp
C9C360FE4CE75BAA390E99A01FA5175279EEFE4422263023F442D042FD61CC62	C:\admirales\script_ver\script_ver\quarantine\under-review\17mov_CharacterSystem\web\photos\mp_m_freemode_01-torso_1-484.webp
54E3DA9693491365342BF936462ECC26175481AEF967CEBA814427D6D292BDF2	C:\admirales\script_ver\script_ver\quarantine\under-review\17mov_CharacterSystem\web\photos\mp_m_freemode_01-torso_1-485.webp
8C02BBEB59E40B5F97B7509A3A6068AE8A326C3413A7A146EE820EBB8621A8A8	C:\admirales\script_ver\script_ver\quarantine\under-review\17mov_CharacterSystem\web\photos\mp_m_freemode_01-torso_1-486.webp
0D7038BB2C841CD6C0371DACE35BABC699C866FC3BDBD2F6D9F98F59463F17E1	C:\admirales\script_ver\script_ver\quarantine\under-review\17mov_CharacterSystem\web\photos\mp_m_freemode_01-torso_1-487.webp
C9C360FE4CE75BAA390E99A01FA5175279EEFE4422263023F442D042FD61CC62	C:\admirales\script_ver\script_ver\quarantine\under-review\17mov_CharacterSystem\web\photos\mp_m_freemode_01-torso_1-488.webp
0D7038BB2C841CD6C0371DACE35BABC699C866FC3BDBD2F6D9F98F59463F17E1	C:\admirales\script_ver\script_ver\quarantine\under-review\17mov_CharacterSystem\web\photos\mp_m_freemode_01-torso_1-489.webp
AE2853D328478A0C0985BC3DAAB99FDE58EBD15B6433F296AEB6B72CD71B2DBF	C:\admirales\script_ver\script_ver\quarantine\under-review\17mov_CharacterSystem\web\photos\mp_m_freemode_01-torso_1-49.webp
CF2EB7213382A34157DCFFED6A274F505756B8E5D1D8B0A82EA077AEDE22FEB4	C:\admirales\script_ver\script_ver\quarantine\under-review\17mov_CharacterSystem\web\photos\mp_m_freemode_01-torso_1-490.webp
A6EAD7B09A30E486320C176DEE869B2392489437B7D2ABECD45A866CAD1ED7D1	C:\admirales\script_ver\script_ver\quarantine\under-review\17mov_CharacterSystem\web\photos\mp_m_freemode_01-torso_1-491.webp
804DD31E5F053A03AC796B667C2AB215243D90F59D31CD2E10F5D4B416F7C411	C:\admirales\script_ver\script_ver\quarantine\under-review\17mov_CharacterSystem\web\photos\mp_m_freemode_01-torso_1-492.webp
A2C9562E4943CFD4361B19CBA1971B83AC7A4A29FA62889C136C3ADB6D1F99A0	C:\admirales\script_ver\script_ver\quarantine\under-review\17mov_CharacterSystem\web\photos\mp_m_freemode_01-torso_1-493.webp
C9C360FE4CE75BAA390E99A01FA5175279EEFE4422263023F442D042FD61CC62	C:\admirales\script_ver\script_ver\quarantine\under-review\17mov_CharacterSystem\web\photos\mp_m_freemode_01-torso_1-494.webp
85EE275B4A8D42E8EBCBE84545FDF54BE8893686E0C7E2B76E73C0883EBB7F5D	C:\admirales\script_ver\script_ver\quarantine\under-review\17mov_CharacterSystem\web\photos\mp_m_freemode_01-torso_1-495.webp
14A1A70312A6EBACCF980486A530A610E1C05194EEFD3F3B0297E8CDF46F4F09	C:\admirales\script_ver\script_ver\quarantine\under-review\17mov_CharacterSystem\web\photos\mp_m_freemode_01-torso_1-496.webp
F4ED9B60AD6A17B71A5414DEE0E35AB28FFCAA2D9BCC2846B05F395DD089BD2C	C:\admirales\script_ver\script_ver\quarantine\under-review\17mov_CharacterSystem\web\photos\mp_m_freemode_01-torso_1-497.webp
6E235E969F0D047624B876CEE8DE42FA98B5F2FB3AF33BBC42203FEB82825F74	C:\admirales\script_ver\script_ver\quarantine\under-review\17mov_CharacterSystem\web\photos\mp_m_freemode_01-torso_1-498.webp
7CCC5AB8445248E9C741A8C5AE9E73B2EF9D0BCC70B71C9F8490765B02B547D4	C:\admirales\script_ver\script_ver\quarantine\under-review\17mov_CharacterSystem\web\photos\mp_m_freemode_01-torso_1-499.webp
71AFB5837202BBC6CCEB71CAC27D68179A1B1FC39DAEA2A60D7C9790DF7BEAA5	C:\admirales\script_ver\script_ver\quarantine\under-review\17mov_CharacterSystem\web\photos\mp_m_freemode_01-torso_1-5.webp
20F4F07CA90AB13F55082F60153DF3F415628AF9360FC6886B4D51600B5C9DE3	C:\admirales\script_ver\script_ver\quarantine\under-review\17mov_CharacterSystem\web\photos\mp_m_freemode_01-torso_1-50.webp
C9C360FE4CE75BAA390E99A01FA5175279EEFE4422263023F442D042FD61CC62	C:\admirales\script_ver\script_ver\quarantine\under-review\17mov_CharacterSystem\web\photos\mp_m_freemode_01-torso_1-500.webp
66D754FB450F81FB30EEB57649FD6EF96CC5364AE999F082545BBE205F90E78A	C:\admirales\script_ver\script_ver\quarantine\under-review\17mov_CharacterSystem\web\photos\mp_m_freemode_01-torso_1-501.webp
A0143F5E9304FC349871CF4F35E5F748D6D521F5F7606778C3CB4BBAFBE6FE46	C:\admirales\script_ver\script_ver\quarantine\under-review\17mov_CharacterSystem\web\photos\mp_m_freemode_01-torso_1-502.webp
0D7038BB2C841CD6C0371DACE35BABC699C866FC3BDBD2F6D9F98F59463F17E1	C:\admirales\script_ver\script_ver\quarantine\under-review\17mov_CharacterSystem\web\photos\mp_m_freemode_01-torso_1-503.webp
0D7038BB2C841CD6C0371DACE35BABC699C866FC3BDBD2F6D9F98F59463F17E1	C:\admirales\script_ver\script_ver\quarantine\under-review\17mov_CharacterSystem\web\photos\mp_m_freemode_01-torso_1-504.webp
C9C360FE4CE75BAA390E99A01FA5175279EEFE4422263023F442D042FD61CC62	C:\admirales\script_ver\script_ver\quarantine\under-review\17mov_CharacterSystem\web\photos\mp_m_freemode_01-torso_1-505.webp
C9C360FE4CE75BAA390E99A01FA5175279EEFE4422263023F442D042FD61CC62	C:\admirales\script_ver\script_ver\quarantine\under-review\17mov_CharacterSystem\web\photos\mp_m_freemode_01-torso_1-506.webp
C69A5B51EFF66903ECE83155D55EC42162C9153DAC96DF4DA23644F18530A13E	C:\admirales\script_ver\script_ver\quarantine\under-review\17mov_CharacterSystem\web\photos\mp_m_freemode_01-torso_1-507.webp
23B5D3070C975ACE72472A19FB17424597FE2846BEA87694715DF58CB5B0DD3E	C:\admirales\script_ver\script_ver\quarantine\under-review\17mov_CharacterSystem\web\photos\mp_m_freemode_01-torso_1-508.webp
C9C360FE4CE75BAA390E99A01FA5175279EEFE4422263023F442D042FD61CC62	C:\admirales\script_ver\script_ver\quarantine\under-review\17mov_CharacterSystem\web\photos\mp_m_freemode_01-torso_1-509.webp
0133EBB3E73848BCB0DB4112E42C6E5F626028C790A8FE10713B2F417B14D96E	C:\admirales\script_ver\script_ver\quarantine\under-review\17mov_CharacterSystem\web\photos\mp_m_freemode_01-torso_1-51.webp
0D7038BB2C841CD6C0371DACE35BABC699C866FC3BDBD2F6D9F98F59463F17E1	C:\admirales\script_ver\script_ver\quarantine\under-review\17mov_CharacterSystem\web\photos\mp_m_freemode_01-torso_1-510.webp
C9C360FE4CE75BAA390E99A01FA5175279EEFE4422263023F442D042FD61CC62	C:\admirales\script_ver\script_ver\quarantine\under-review\17mov_CharacterSystem\web\photos\mp_m_freemode_01-torso_1-511.webp
123ED347D222AB252CCC55BB93685D118E845B1AF3369CC5EC3E98E6FA2A260B	C:\admirales\script_ver\script_ver\quarantine\under-review\17mov_CharacterSystem\web\photos\mp_m_freemode_01-torso_1-512.webp
C9C360FE4CE75BAA390E99A01FA5175279EEFE4422263023F442D042FD61CC62	C:\admirales\script_ver\script_ver\quarantine\under-review\17mov_CharacterSystem\web\photos\mp_m_freemode_01-torso_1-513.webp
E276FDE8D70E5793FEE408F9A7C5EAC70A2E959F838425112D7D98AE2E84AC1B	C:\admirales\script_ver\script_ver\quarantine\under-review\17mov_CharacterSystem\web\photos\mp_m_freemode_01-torso_1-514.webp
4007E2B3C4514523FC46EDC97814BEDA5DAE6DF4FF9D08454B7260CB67425F6A	C:\admirales\script_ver\script_ver\quarantine\under-review\17mov_CharacterSystem\web\photos\mp_m_freemode_01-torso_1-515.webp
C9C360FE4CE75BAA390E99A01FA5175279EEFE4422263023F442D042FD61CC62	C:\admirales\script_ver\script_ver\quarantine\under-review\17mov_CharacterSystem\web\photos\mp_m_freemode_01-torso_1-516.webp
CC8CC3DCFB2E9F4192A0E4E1FB3F74C4B34DD7657FD98176174629116F927A60	C:\admirales\script_ver\script_ver\quarantine\under-review\17mov_CharacterSystem\web\photos\mp_m_freemode_01-torso_1-517.webp
C9C360FE4CE75BAA390E99A01FA5175279EEFE4422263023F442D042FD61CC62	C:\admirales\script_ver\script_ver\quarantine\under-review\17mov_CharacterSystem\web\photos\mp_m_freemode_01-torso_1-518.webp
EC10C50EDDDCDE86B598DB23C4F5A6299BF1C9DC9CE09714C7CDCF39E2DC8A16	C:\admirales\script_ver\script_ver\quarantine\under-review\17mov_CharacterSystem\web\photos\mp_m_freemode_01-torso_1-519.webp
1022312FB0B8FE5D0D63EA52075F1B97E1635265D6E63297166518E2FA44FA80	C:\admirales\script_ver\script_ver\quarantine\under-review\17mov_CharacterSystem\web\photos\mp_m_freemode_01-torso_1-52.webp
44486C7FE013268F121B052E8E29F54C8F8F9AFBBBEF67630FC7B309CDF5375B	C:\admirales\script_ver\script_ver\quarantine\under-review\17mov_CharacterSystem\web\photos\mp_m_freemode_01-torso_1-520.webp
9FB74BDAF78B7843B0CD5E54EFD6E026218DB750556E188C75A30666533782B9	C:\admirales\script_ver\script_ver\quarantine\under-review\17mov_CharacterSystem\web\photos\mp_m_freemode_01-torso_1-521.webp
B31E2ADD11EEEE58EC8094A1105A5671A2D1236AF4D527075BE9668C7809C116	C:\admirales\script_ver\script_ver\quarantine\under-review\17mov_CharacterSystem\web\photos\mp_m_freemode_01-torso_1-522.webp
056C926034F07EBAF623251F13F0E2ED45F179FBCF5C6D4FE5AACFDAFA39FC19	C:\admirales\script_ver\script_ver\quarantine\under-review\17mov_CharacterSystem\web\photos\mp_m_freemode_01-torso_1-523.webp
6F229B70DEE4C8A08ABCBC3C2B72DDA6F2DBD0FCEE42D0E5827EF16927EAF04D	C:\admirales\script_ver\script_ver\quarantine\under-review\17mov_CharacterSystem\web\photos\mp_m_freemode_01-torso_1-524.webp
479B365258B5BCAD98E936089AE4060A1F80ED7A2BF9707B7CF0CAFA44468769	C:\admirales\script_ver\script_ver\quarantine\under-review\17mov_CharacterSystem\web\photos\mp_m_freemode_01-torso_1-53.webp
8F4EE20106AA0785AF6BBDAB9180AF3B1B6AF0DE909EE7141EDDE82127E97450	C:\admirales\script_ver\script_ver\quarantine\under-review\17mov_CharacterSystem\web\photos\mp_m_freemode_01-torso_1-54.webp
98C33DCD4B7872D7FE6604EDBD429656577608F09412EC66F409880B9B64D086	C:\admirales\script_ver\script_ver\quarantine\under-review\17mov_CharacterSystem\web\photos\mp_m_freemode_01-torso_1-55.webp
AD03066574703AA3201335023115C879B433D77C544816DAF831FB7CAF634176	C:\admirales\script_ver\script_ver\quarantine\under-review\17mov_CharacterSystem\web\photos\mp_m_freemode_01-torso_1-56.webp
A522249563C79A9DAF4631197819AA5784E5743DAD313E3AC79656716497A11C	C:\admirales\script_ver\script_ver\quarantine\under-review\17mov_CharacterSystem\web\photos\mp_m_freemode_01-torso_1-57.webp
F95784FBD41E950AAFD4E0063CD87FB56D14A5A27E7AE3F39CF5B7C06CA33391	C:\admirales\script_ver\script_ver\quarantine\under-review\17mov_CharacterSystem\web\photos\mp_m_freemode_01-torso_1-58.webp
265BA6A0DAD6F0A02E5C74918D02DC40382FCF48D32B6B77EF3B92F312FF15EC	C:\admirales\script_ver\script_ver\quarantine\under-review\17mov_CharacterSystem\web\photos\mp_m_freemode_01-torso_1-59.webp
EF28D57C2C4FD029B454BFAC7A24DD4ABFCA8A5ED007011EF6341B365A902C02	C:\admirales\script_ver\script_ver\quarantine\under-review\17mov_CharacterSystem\web\photos\mp_m_freemode_01-torso_1-6.webp
AAC328F1F98C0B35FB2EB5420EEFF52302B9AA8ACE4FDD15A823639E17DBD94D	C:\admirales\script_ver\script_ver\quarantine\under-review\17mov_CharacterSystem\web\photos\mp_m_freemode_01-torso_1-60.webp
6EE1508D57A71751C04C22F5AC5CF0D23F5363F23C0207CE41D8BCB677288DE2	C:\admirales\script_ver\script_ver\quarantine\under-review\17mov_CharacterSystem\web\photos\mp_m_freemode_01-torso_1-61.webp
095EF9C44B332E6BE5F56775B5B51BBAB71AB4B97B89224AAEBD5735DD0168A6	C:\admirales\script_ver\script_ver\quarantine\under-review\17mov_CharacterSystem\web\photos\mp_m_freemode_01-torso_1-62.webp
04FEAF6B13CFC060DEA00D6B4BFD789C8A86B6812A0651C283096807BDF6E711	C:\admirales\script_ver\script_ver\quarantine\under-review\17mov_CharacterSystem\web\photos\mp_m_freemode_01-torso_1-63.webp
75C2C8351E8AA152E9BA8C7A6A5C9CF037B04D023682276E0459EB93C694CD25	C:\admirales\script_ver\script_ver\quarantine\under-review\17mov_CharacterSystem\web\photos\mp_m_freemode_01-torso_1-64.webp
C5EE745F46AACDCF8FC2DE3D0B151FAA654D18172EE687BFD69A3F0177279DC8	C:\admirales\script_ver\script_ver\quarantine\under-review\17mov_CharacterSystem\web\photos\mp_m_freemode_01-torso_1-65.webp
45FB0CD60ADB2C0DFAB22F17D3E51AD9C46A8388FCAAC4BBFFAF41294F46488E	C:\admirales\script_ver\script_ver\quarantine\under-review\17mov_CharacterSystem\web\photos\mp_m_freemode_01-torso_1-66.webp
6113655C0DE4F7B90655EDFF01339F64BF05794BFEC1FA5A6DAC6873938E089D	C:\admirales\script_ver\script_ver\quarantine\under-review\17mov_CharacterSystem\web\photos\mp_m_freemode_01-torso_1-67.webp
55E11E7A8C8A22CBE661FA284363DEE11840618C4B83274CCBB9B8FF8B70CFA1	C:\admirales\script_ver\script_ver\quarantine\under-review\17mov_CharacterSystem\web\photos\mp_m_freemode_01-torso_1-68.webp
378BC8E2251B79BBA39CC9ECA583C8FD5B161FC54563D287EF5A79F3FA772D99	C:\admirales\script_ver\script_ver\quarantine\under-review\17mov_CharacterSystem\web\photos\mp_m_freemode_01-torso_1-69.webp
DB85CE35511B9F71771A7C7BC13933D48C68E98FBE7F82F78BCC8E5B613B6DA1	C:\admirales\script_ver\script_ver\quarantine\under-review\17mov_CharacterSystem\web\photos\mp_m_freemode_01-torso_1-7.webp
5558ECD36D6EA55FAEC07A8F030956522781A4EF3C46D7A6B440A28425968522	C:\admirales\script_ver\script_ver\quarantine\under-review\17mov_CharacterSystem\web\photos\mp_m_freemode_01-torso_1-70.webp
C29081F7E31DD93B81FC69D752B189DF445676F975A74D4A5741448856807973	C:\admirales\script_ver\script_ver\quarantine\under-review\17mov_CharacterSystem\web\photos\mp_m_freemode_01-torso_1-71.webp
7E63F8D818CB0539FE4160AB253B939AA09DFC485BC45A94FAEAED548D8344C6	C:\admirales\script_ver\script_ver\quarantine\under-review\17mov_CharacterSystem\web\photos\mp_m_freemode_01-torso_1-72.webp
E2EF1196A3E2919EE7AD223A1E21A0A7961F3B4C25B47F33026F5176BB34DE78	C:\admirales\script_ver\script_ver\quarantine\under-review\17mov_CharacterSystem\web\photos\mp_m_freemode_01-torso_1-73.webp
977BED1732F2DA74F69D5CBDE0A403AF519E1C03C6246E0965632E62C39DC010	C:\admirales\script_ver\script_ver\quarantine\under-review\17mov_CharacterSystem\web\photos\mp_m_freemode_01-torso_1-74.webp
E50214A3AE5A2D46F1F2F353780B0D51B5D39A513096009EE0A4F5A31506E0AB	C:\admirales\script_ver\script_ver\quarantine\under-review\17mov_CharacterSystem\web\photos\mp_m_freemode_01-torso_1-75.webp
99760F2B3D68131DD3C8A877A707B4605ED6DF6C72311EBA16998AE6F00C67EB	C:\admirales\script_ver\script_ver\quarantine\under-review\17mov_CharacterSystem\web\photos\mp_m_freemode_01-torso_1-76.webp
E6B8E0FB117EC94F21DE5B6F3761588AFF8E83B3A248403E163CF9032C1B0C3A	C:\admirales\script_ver\script_ver\quarantine\under-review\17mov_CharacterSystem\web\photos\mp_m_freemode_01-torso_1-77.webp
F8ECA15D8FDBDA9953CAED105DB566AFC03432466213536B8AE1267C2812A813	C:\admirales\script_ver\script_ver\quarantine\under-review\17mov_CharacterSystem\web\photos\mp_m_freemode_01-torso_1-78.webp
51CD27B7FC03748253C930F2D35FE881A4FCF33E53134F046183E0335406ECEC	C:\admirales\script_ver\script_ver\quarantine\under-review\17mov_CharacterSystem\web\photos\mp_m_freemode_01-torso_1-79.webp
D46853E3A5D2151E01910A6E22FE19B7A874BBDAAF07EF5BABC24BADFEFB6B63	C:\admirales\script_ver\script_ver\quarantine\under-review\17mov_CharacterSystem\web\photos\mp_m_freemode_01-torso_1-8.webp
C2B88D9AC47BA7850C0C2F4D9DD1B204B81D21AFDF62DE4EE34DB5FBE8E8A322	C:\admirales\script_ver\script_ver\quarantine\under-review\17mov_CharacterSystem\web\photos\mp_m_freemode_01-torso_1-80.webp
B5DD9DD57F8E19B6795106F04CD685C863AFF3787971187FF4D2B51F9E9EEF5F	C:\admirales\script_ver\script_ver\quarantine\under-review\17mov_CharacterSystem\web\photos\mp_m_freemode_01-torso_1-81.webp
5A5779C414BEBC1336AE268AF0BFA7A01CB4DD895FC972B2FC645DD2D09EDC02	C:\admirales\script_ver\script_ver\quarantine\under-review\17mov_CharacterSystem\web\photos\mp_m_freemode_01-torso_1-82.webp
915699E450F71E288830CBB90F6973764E7A05F4E5B99B88A3A5F5F61DC9CAD4	C:\admirales\script_ver\script_ver\quarantine\under-review\17mov_CharacterSystem\web\photos\mp_m_freemode_01-torso_1-83.webp
F83728CCCA418C13F7D50F86D465880674E060B7DC5C8A8C5369043F9F7AA3DB	C:\admirales\script_ver\script_ver\quarantine\under-review\17mov_CharacterSystem\web\photos\mp_m_freemode_01-torso_1-84.webp
F1D03462EAB105B76F4181C199A15F1983F8BC35259F8169DA5CC1E3B74229BE	C:\admirales\script_ver\script_ver\quarantine\under-review\17mov_CharacterSystem\web\photos\mp_m_freemode_01-torso_1-85.webp
8ECB01699D8AB86937724D9B45CF4B8CED4E0ECDC88AB6B291C149C448C75563	C:\admirales\script_ver\script_ver\quarantine\under-review\17mov_CharacterSystem\web\photos\mp_m_freemode_01-torso_1-86.webp
787D19C08DA38E8D1AE671CBDCABFA5BCE5E943241955C3F26AFB608D9183862	C:\admirales\script_ver\script_ver\quarantine\under-review\17mov_CharacterSystem\web\photos\mp_m_freemode_01-torso_1-87.webp
FDE7719F99F9C4C5842111570FD1BA20040F84A35352A869DB7B9A98CC93A6A7	C:\admirales\script_ver\script_ver\quarantine\under-review\17mov_CharacterSystem\web\photos\mp_m_freemode_01-torso_1-88.webp
3EF1D01CBD9BE22DEA333176CA4E98FFCE718D8D93175DB3612CFDC6EF1E8D24	C:\admirales\script_ver\script_ver\quarantine\under-review\17mov_CharacterSystem\web\photos\mp_m_freemode_01-torso_1-89.webp
82C53AD805FC55B1A88F270854C1CB5E2762AC2A664D54565193E43ED09ADCA8	C:\admirales\script_ver\script_ver\quarantine\under-review\17mov_CharacterSystem\web\photos\mp_m_freemode_01-torso_1-9.webp
87E68B4CEA4FD533D39A28D8DBCA48E234F20A1785225AFF93ACF3D467D22FA5	C:\admirales\script_ver\script_ver\quarantine\under-review\17mov_CharacterSystem\web\photos\mp_m_freemode_01-torso_1-90.webp
6A2E3DF45F82F19BFF819A86A3083AD4136C7AA847D9502448FDEB58527346BD	C:\admirales\script_ver\script_ver\quarantine\under-review\17mov_CharacterSystem\web\photos\mp_m_freemode_01-torso_1-91.webp
EB63C026B198507849BF000147A30F2F112875674FBC363A63ABE860587D87C9	C:\admirales\script_ver\script_ver\quarantine\under-review\17mov_CharacterSystem\web\photos\mp_m_freemode_01-torso_1-92.webp
88926362FDE8150170FC3D4ADF0CF474502F0F2664B548171B70B3EFDB9DBFC9	C:\admirales\script_ver\script_ver\quarantine\under-review\17mov_CharacterSystem\web\photos\mp_m_freemode_01-torso_1-93.webp
69B4ECF6562CD0F0D151E6881B88355B478A89EA89319A3BB8304DBAA6B7DA12	C:\admirales\script_ver\script_ver\quarantine\under-review\17mov_CharacterSystem\web\photos\mp_m_freemode_01-torso_1-94.webp
F3193ECD43D5556FEB6101A348D9135C891BF5A3A5D42FEDD709933679FBAD5B	C:\admirales\script_ver\script_ver\quarantine\under-review\17mov_CharacterSystem\web\photos\mp_m_freemode_01-torso_1-95.webp
8D9666185366B7AA1DA9B9185CB17918F652EDA7F2171F03E6A9A6C627C1D6E4	C:\admirales\script_ver\script_ver\quarantine\under-review\17mov_CharacterSystem\web\photos\mp_m_freemode_01-torso_1-96.webp
3CC536A3CEF466F120C138783A19442DF946F0A783284A88D066397C3E084FA6	C:\admirales\script_ver\script_ver\quarantine\under-review\17mov_CharacterSystem\web\photos\mp_m_freemode_01-torso_1-97.webp
EF47147C037674DD047DCD427E7679F5A2202C33530A05B020C2157C4AE9347A	C:\admirales\script_ver\script_ver\quarantine\under-review\17mov_CharacterSystem\web\photos\mp_m_freemode_01-torso_1-98.webp
4BEC6F228E7C5AF9D886E2B0E3B34BF25C1608E8F6BBF2BDB985F79177AD816C	C:\admirales\script_ver\script_ver\quarantine\under-review\17mov_CharacterSystem\web\photos\mp_m_freemode_01-torso_1-99.webp
AC762B542A301ED4B1CAEF9C878EBB706F445F2607E3B778AAC7AE0740ADEF69	C:\admirales\script_ver\script_ver\quarantine\under-review\17mov_CharacterSystem\web\photos\mp_m_freemode_01-tshirt_1-0.webp
B5BD934CC25D6E7774DB4CF33E0797402E94405164E4E3B45081B1D7BFEA4A44	C:\admirales\script_ver\script_ver\quarantine\under-review\17mov_CharacterSystem\web\photos\mp_m_freemode_01-tshirt_1-1.webp
325EC89D961B7D1AEB24E0592E05119EFDC543F4B05E91738FEF041A9F490829	C:\admirales\script_ver\script_ver\quarantine\under-review\17mov_CharacterSystem\web\photos\mp_m_freemode_01-tshirt_1-10.webp
9391A3F4E65813A46B116C41FE836DD2169CD67A1505044C7E086D43E6FFC466	C:\admirales\script_ver\script_ver\quarantine\under-review\17mov_CharacterSystem\web\photos\mp_m_freemode_01-tshirt_1-100.webp
FF5C881730C2ACB15EE88F65BEF11A0DE58FC41FD004327A76082066A46F137F	C:\admirales\script_ver\script_ver\quarantine\under-review\17mov_CharacterSystem\web\photos\mp_m_freemode_01-tshirt_1-101.webp
25E3056C101F9061E0B57586C6D9AAAE6A85E307038D2BC9BCCDB9E73D5EFE00	C:\admirales\script_ver\script_ver\quarantine\under-review\17mov_CharacterSystem\web\photos\mp_m_freemode_01-tshirt_1-102.webp
EC97E7A488CA4AA23ED52EE661F941858C86C4DA0537F4D716F8F01FB92EB14E	C:\admirales\script_ver\script_ver\quarantine\under-review\17mov_CharacterSystem\web\photos\mp_m_freemode_01-tshirt_1-103.webp
764C6D6C12FC0184CCA03385831855E5D2BFC517469BF1A3D77CC49557649678	C:\admirales\script_ver\script_ver\quarantine\under-review\17mov_CharacterSystem\web\photos\mp_m_freemode_01-tshirt_1-104.webp
9207FB6E2CCB136D9BC910D8640581050EE4B30C366D43C54E334968C4921851	C:\admirales\script_ver\script_ver\quarantine\under-review\17mov_CharacterSystem\web\photos\mp_m_freemode_01-tshirt_1-105.webp
8AA8B504A4B53445C76454CC235630643A1630760FE2F1C452415EED09574A8A	C:\admirales\script_ver\script_ver\quarantine\under-review\17mov_CharacterSystem\web\photos\mp_m_freemode_01-tshirt_1-106.webp
8E860361FEE6A8979E0929CECBA03028E00D4B374A93D4F8E465867408A0A5B6	C:\admirales\script_ver\script_ver\quarantine\under-review\17mov_CharacterSystem\web\photos\mp_m_freemode_01-tshirt_1-107.webp
0B6473A7AD8899FFD7927E18A4A81210C322D87259D65C69272B252A92E2556F	C:\admirales\script_ver\script_ver\quarantine\under-review\17mov_CharacterSystem\web\photos\mp_m_freemode_01-tshirt_1-108.webp
A0ACFA62D9490DC6089A8B14B811726AC24D10F17E721CD78E509BCD4DCD4425	C:\admirales\script_ver\script_ver\quarantine\under-review\17mov_CharacterSystem\web\photos\mp_m_freemode_01-tshirt_1-109.webp
05EA6FB89185940C9FEC2AA4E3C833A83E07823B23C502D2E71496BE48126B0B	C:\admirales\script_ver\script_ver\quarantine\under-review\17mov_CharacterSystem\web\photos\mp_m_freemode_01-tshirt_1-11.webp
6F8BFED863310C3BE2730F846414BB6439D76ECDF9F1AF231E6F92E563CACEDB	C:\admirales\script_ver\script_ver\quarantine\under-review\17mov_CharacterSystem\web\photos\mp_m_freemode_01-tshirt_1-110.webp
403619BE8F82EC5F55DC76DE077F74063C297F89BD7CF3074DF729ED43BCEC75	C:\admirales\script_ver\script_ver\quarantine\under-review\17mov_CharacterSystem\web\photos\mp_m_freemode_01-tshirt_1-111.webp
96B5F047C8899377F4A30FBBBD0E66F26C3BC459F83E1A9BD1BF6EAD59787F88	C:\admirales\script_ver\script_ver\quarantine\under-review\17mov_CharacterSystem\web\photos\mp_m_freemode_01-tshirt_1-112.webp
C181CF5E0447D60FEF0F3597064414C58B37BFF10E40C8E22AF04470EC0834DC	C:\admirales\script_ver\script_ver\quarantine\under-review\17mov_CharacterSystem\web\photos\mp_m_freemode_01-tshirt_1-113.webp
DEAEF32347DCFA73E29BDFB7870DF4278128125A23536CEAACB87842B8104E75	C:\admirales\script_ver\script_ver\quarantine\under-review\17mov_CharacterSystem\web\photos\mp_m_freemode_01-tshirt_1-114.webp
5FE5B45BE790379DE784964C539D036FDB09C224AE07C7BEE79EE583CC74D0D5	C:\admirales\script_ver\script_ver\quarantine\under-review\17mov_CharacterSystem\web\photos\mp_m_freemode_01-tshirt_1-115.webp
D8DB4ECB36FDFC48B76776A3A0794AF35DCB249B3634990DAFD6552A292AB3B0	C:\admirales\script_ver\script_ver\quarantine\under-review\17mov_CharacterSystem\web\photos\mp_m_freemode_01-tshirt_1-116.webp
828830A017A301D584D518C7A79000D3917D6BCC71367978CAA019D800CC749F	C:\admirales\script_ver\script_ver\quarantine\under-review\17mov_CharacterSystem\web\photos\mp_m_freemode_01-tshirt_1-117.webp
A5CB5C9F88444C06CC19083E03CC42B775346E924845A47B196C13FA16D7F563	C:\admirales\script_ver\script_ver\quarantine\under-review\17mov_CharacterSystem\web\photos\mp_m_freemode_01-tshirt_1-118.webp
CFD63D6880631DA3A0A3087B779CEA6633805FACC1EE478ADD8CB45C574E24F2	C:\admirales\script_ver\script_ver\quarantine\under-review\17mov_CharacterSystem\web\photos\mp_m_freemode_01-tshirt_1-119.webp
5B85E94BD8179D91B8B9FC5F289F3B1CBC0CF61D2855B59585C95E15698D179E	C:\admirales\script_ver\script_ver\quarantine\under-review\17mov_CharacterSystem\web\photos\mp_m_freemode_01-tshirt_1-12.webp
AF44AAF49BCD5781C074A9761818CD0EDBE80EF0EBBCC0D65B26B098D00927D5	C:\admirales\script_ver\script_ver\quarantine\under-review\17mov_CharacterSystem\web\photos\mp_m_freemode_01-tshirt_1-120.webp
AEA36A1229F9A8CBFD591E915CCD918BDF0C87C056C1BDE00A1D639F372D90F8	C:\admirales\script_ver\script_ver\quarantine\under-review\17mov_CharacterSystem\web\photos\mp_m_freemode_01-tshirt_1-121.webp
612BAD2E023F76F2D6BBA127578EADC81EF84B11DB5887719F6573FE153800EC	C:\admirales\script_ver\script_ver\quarantine\under-review\17mov_CharacterSystem\web\photos\mp_m_freemode_01-tshirt_1-122.webp
087DC21E9712F40E5B1553123ABA033A662CAB285DF08FBEB615B51CB9A5AE90	C:\admirales\script_ver\script_ver\quarantine\under-review\17mov_CharacterSystem\web\photos\mp_m_freemode_01-tshirt_1-123.webp
FE7EDE47D85116081BA639ADADE8F8ADB877444642663BA27AF40BD06E60ECBE	C:\admirales\script_ver\script_ver\quarantine\under-review\17mov_CharacterSystem\web\photos\mp_m_freemode_01-tshirt_1-124.webp
395124F46A12D79D5C7D003B536C6AEB6AF1B1D6154FD04146D720A9CB30DECB	C:\admirales\script_ver\script_ver\quarantine\under-review\17mov_CharacterSystem\web\photos\mp_m_freemode_01-tshirt_1-125.webp
41E2AE329C195CC944448ABA46D30C4C5A37B849F731E29253E556DC0DCDEE1E	C:\admirales\script_ver\script_ver\quarantine\under-review\17mov_CharacterSystem\web\photos\mp_m_freemode_01-tshirt_1-126.webp
F0E1436891C968842AA788EF20E62FE0DEF7FA5F74383C2A0F09051167CDD8D2	C:\admirales\script_ver\script_ver\quarantine\under-review\17mov_CharacterSystem\web\photos\mp_m_freemode_01-tshirt_1-127.webp
9AEA2DA5D3C2ABA54BC33D43008A392433CDC068C3A3FC916C293A36E3C43290	C:\admirales\script_ver\script_ver\quarantine\under-review\17mov_CharacterSystem\web\photos\mp_m_freemode_01-tshirt_1-128.webp
B26CB320C65FD16925C6C25E1950E938126325A0DEC5D3F56D8BD96108CC64C2	C:\admirales\script_ver\script_ver\quarantine\under-review\17mov_CharacterSystem\web\photos\mp_m_freemode_01-tshirt_1-129.webp
7FF6D2B3E9C868A6FBCF3B4FDFB2C6BB3D712640D93BF7AFDEE66D20BA0AEAB1	C:\admirales\script_ver\script_ver\quarantine\under-review\17mov_CharacterSystem\web\photos\mp_m_freemode_01-tshirt_1-13.webp
B18CED8057D5A0E95FF3A4EB4F2A2D9D99D67FDB062E3DBDF12F1C719DD56DB0	C:\admirales\script_ver\script_ver\quarantine\under-review\17mov_CharacterSystem\web\photos\mp_m_freemode_01-tshirt_1-130.webp
B41C09028017502880CDE17BED622FBE8085B712FDCDEFE465C597B56E0481E7	C:\admirales\script_ver\script_ver\quarantine\under-review\17mov_CharacterSystem\web\photos\mp_m_freemode_01-tshirt_1-131.webp
55A5412688E084718B2C57F26F0FE53F2EA1D3562F657B2FB405BD52BD84B6C5	C:\admirales\script_ver\script_ver\quarantine\under-review\17mov_CharacterSystem\web\photos\mp_m_freemode_01-tshirt_1-132.webp
B728761525AD45BD1E052343B06840F9FC9904F56133A65F4BAC1AC78F433BCE	C:\admirales\script_ver\script_ver\quarantine\under-review\17mov_CharacterSystem\web\photos\mp_m_freemode_01-tshirt_1-133.webp
6A3731F957B817EBEBD5064AC90F6124E850F8A0FEF63292CBF5540DE3A5FA96	C:\admirales\script_ver\script_ver\quarantine\under-review\17mov_CharacterSystem\web\photos\mp_m_freemode_01-tshirt_1-134.webp
C8C16C020DB085F48C437F3F8340A0C454D9FFCD40DC4894134574CD74E2CCA0	C:\admirales\script_ver\script_ver\quarantine\under-review\17mov_CharacterSystem\web\photos\mp_m_freemode_01-tshirt_1-135.webp
624A94F5C7D1F9FE2A39920F0064859EEAC12B2773662E08B4223E759E681997	C:\admirales\script_ver\script_ver\quarantine\under-review\17mov_CharacterSystem\web\photos\mp_m_freemode_01-tshirt_1-136.webp
F5ED5D3BB099AB32A063378FA8D0E53DAFAA5F7691891756A598BB9FCE1E3E36	C:\admirales\script_ver\script_ver\quarantine\under-review\17mov_CharacterSystem\web\photos\mp_m_freemode_01-tshirt_1-137.webp
6A1FA153F5C40066CD9FD250D0B093EFB995DCC784049D94A7F0A56D47CA20E5	C:\admirales\script_ver\script_ver\quarantine\under-review\17mov_CharacterSystem\web\photos\mp_m_freemode_01-tshirt_1-138.webp
C45C9E6DB4D8889A537CB4CE6CAF89B83691EB6C062C27B5CEE497AD4E7B5B26	C:\admirales\script_ver\script_ver\quarantine\under-review\17mov_CharacterSystem\web\photos\mp_m_freemode_01-tshirt_1-139.webp
D7E05EC82FC574BDF63CD3C1B49B65D1F9D7FF099AAC7B77C4891D2968D28580	C:\admirales\script_ver\script_ver\quarantine\under-review\17mov_CharacterSystem\web\photos\mp_m_freemode_01-tshirt_1-14.webp
DF7FDF7CE95886192D09EE54CD3013C8B80CF879726594CA34C13FE4FF31A901	C:\admirales\script_ver\script_ver\quarantine\under-review\17mov_CharacterSystem\web\photos\mp_m_freemode_01-tshirt_1-140.webp
2C34882848A29434A980CC62CF8FCE04DDDD3B004A57E6C265D8DD8C93D6D186	C:\admirales\script_ver\script_ver\quarantine\under-review\17mov_CharacterSystem\web\photos\mp_m_freemode_01-tshirt_1-141.webp
33CEEB2E5743688B32E59701B236D7FEBBFDD032CC03BCFF65CA670C11107FFA	C:\admirales\script_ver\script_ver\quarantine\under-review\17mov_CharacterSystem\web\photos\mp_m_freemode_01-tshirt_1-142.webp
2A30924E39EDA3D3548871D41AAB7D3757B8A268D4AB5D8DE2A3C4FF19B80848	C:\admirales\script_ver\script_ver\quarantine\under-review\17mov_CharacterSystem\web\photos\mp_m_freemode_01-tshirt_1-143.webp
21D4CF1E54C78437F3C042BCFAB2E759D78498EA1AE3F62676813D9677EE76CC	C:\admirales\script_ver\script_ver\quarantine\under-review\17mov_CharacterSystem\web\photos\mp_m_freemode_01-tshirt_1-144.webp
445CA0D2AAA90F12BEB131EBF4DDBF5AD327CAF104A44A2ECB249F2648099683	C:\admirales\script_ver\script_ver\quarantine\under-review\17mov_CharacterSystem\web\photos\mp_m_freemode_01-tshirt_1-145.webp
0027D75BECB5F3C168860DC694FCE93E746E29092F6663EBA20B48DE69D0BDAF	C:\admirales\script_ver\script_ver\quarantine\under-review\17mov_CharacterSystem\web\photos\mp_m_freemode_01-tshirt_1-146.webp
D04A8437DD3E2EC6B3FABF6FB75B33A6D1579CE888EB4B5A7716EA3B2EEB76B2	C:\admirales\script_ver\script_ver\quarantine\under-review\17mov_CharacterSystem\web\photos\mp_m_freemode_01-tshirt_1-147.webp
F346892D8407280E8F83BE56C58CE100678EE5A98AB4A21E6D82B7435C80CF14	C:\admirales\script_ver\script_ver\quarantine\under-review\17mov_CharacterSystem\web\photos\mp_m_freemode_01-tshirt_1-148.webp
C1E6DA284A38B6079DBE4609276E20C5C51017F41C903C987C98F15121EEE55B	C:\admirales\script_ver\script_ver\quarantine\under-review\17mov_CharacterSystem\web\photos\mp_m_freemode_01-tshirt_1-149.webp
2774EBD0EC2FC04D9B3D66E41444AD1C33B746A0ED1FEF2035694211781CD467	C:\admirales\script_ver\script_ver\quarantine\under-review\17mov_CharacterSystem\web\photos\mp_m_freemode_01-tshirt_1-15.webp
7373EE54E2AF6CDA4729AF73B3C56F21710C6ED7E5DB15278B3906853003473A	C:\admirales\script_ver\script_ver\quarantine\under-review\17mov_CharacterSystem\web\photos\mp_m_freemode_01-tshirt_1-150.webp
985299DE47606D20081FCBA1288078CD17ABC138AE2614CB9B10FD60A2FDBCA1	C:\admirales\script_ver\script_ver\quarantine\under-review\17mov_CharacterSystem\web\photos\mp_m_freemode_01-tshirt_1-151.webp
26511066FDD7810A4990553B7CBD17B6959DDFC6DADE8B88FBB73DC55E3711E5	C:\admirales\script_ver\script_ver\quarantine\under-review\17mov_CharacterSystem\web\photos\mp_m_freemode_01-tshirt_1-152.webp
F05963B5D5B286D28B78C89EFF66A3268B07500B0AC0FD5F476CFD0BA5D43AC7	C:\admirales\script_ver\script_ver\quarantine\under-review\17mov_CharacterSystem\web\photos\mp_m_freemode_01-tshirt_1-153.webp
77BA0C7C4C252B6A31C005BAFAF2BF216729AADB471F39C730D5A0EC9C3D380F	C:\admirales\script_ver\script_ver\quarantine\under-review\17mov_CharacterSystem\web\photos\mp_m_freemode_01-tshirt_1-154.webp
259B6F4F5099691ED00D9D29652C92435D8D9BE55019C8F28AC4CD4322681B81	C:\admirales\script_ver\script_ver\quarantine\under-review\17mov_CharacterSystem\web\photos\mp_m_freemode_01-tshirt_1-155.webp
63167DC10731ABED09EA7957B732F5BA72A5807EC60462B103A5B6CC08256789	C:\admirales\script_ver\script_ver\quarantine\under-review\17mov_CharacterSystem\web\photos\mp_m_freemode_01-tshirt_1-156.webp
D9A51AC6EBD997C076659F167F6BAAD65A5EE0AC22A6BAA9424F235842067034	C:\admirales\script_ver\script_ver\quarantine\under-review\17mov_CharacterSystem\web\photos\mp_m_freemode_01-tshirt_1-157.webp
A3B96E2BFEFE69A80CFCC50E9CF33705C8202E0E8519B4A0DDCCDE6E568CE72E	C:\admirales\script_ver\script_ver\quarantine\under-review\17mov_CharacterSystem\web\photos\mp_m_freemode_01-tshirt_1-158.webp
4D4929B43EFC3548D335B7BA1589E5EA032D52775B1164C80A38C665EFE191A7	C:\admirales\script_ver\script_ver\quarantine\under-review\17mov_CharacterSystem\web\photos\mp_m_freemode_01-tshirt_1-159.webp
8D4E8BE2EA15E3F43A64120FF918B201F69A3E38B60CB8057E762301D1648221	C:\admirales\script_ver\script_ver\quarantine\under-review\17mov_CharacterSystem\web\photos\mp_m_freemode_01-tshirt_1-16.webp
DD947E89B0D7A88EBADA017E8A17E92FBFB4B82AB8E36FDB6126FEC145C4C120	C:\admirales\script_ver\script_ver\quarantine\under-review\17mov_CharacterSystem\web\photos\mp_m_freemode_01-tshirt_1-160.webp
2235ED56447C25DA686328BD924E6A44239BD165459DB8EBF9BE55612AC991B4	C:\admirales\script_ver\script_ver\quarantine\under-review\17mov_CharacterSystem\web\photos\mp_m_freemode_01-tshirt_1-161.webp
BF706E9AD18FFF97DB00BB26B22E5EB4FFBDAA440F942C21812121CF76EE8FC9	C:\admirales\script_ver\script_ver\quarantine\under-review\17mov_CharacterSystem\web\photos\mp_m_freemode_01-tshirt_1-162.webp
01A5DC2037A6F04345D14F56FD6026123534F6F9E62DCE040B0B19C18B6A2996	C:\admirales\script_ver\script_ver\quarantine\under-review\17mov_CharacterSystem\web\photos\mp_m_freemode_01-tshirt_1-163.webp
B4FCCF4FF16C5FBC8DEF243269543A9B68821223D22F03D53DDA61EE78441233	C:\admirales\script_ver\script_ver\quarantine\under-review\17mov_CharacterSystem\web\photos\mp_m_freemode_01-tshirt_1-164.webp
69089B6511B2F6B2FFA8A1E823865681A17CAEEE072966270D14AA92221D178F	C:\admirales\script_ver\script_ver\quarantine\under-review\17mov_CharacterSystem\web\photos\mp_m_freemode_01-tshirt_1-165.webp
BFD6471B89A339C2D18822F37339FBD5CF7FEAD65D38DE88F14F4B03F181CBE6	C:\admirales\script_ver\script_ver\quarantine\under-review\17mov_CharacterSystem\web\photos\mp_m_freemode_01-tshirt_1-166.webp
655D721F15233EEA7E9A2C970346285E69D97269181E2E67721784036D0C1853	C:\admirales\script_ver\script_ver\quarantine\under-review\17mov_CharacterSystem\web\photos\mp_m_freemode_01-tshirt_1-167.webp
D7D7FA6A999EC47B5B548B91C5A942EB57EAEC486700676A098BACB6107AA0EA	C:\admirales\script_ver\script_ver\quarantine\under-review\17mov_CharacterSystem\web\photos\mp_m_freemode_01-tshirt_1-168.webp
6A64C851B490B6507E1302E61CAE6A65F6911DB5A98AA9C368F893978043D1D5	C:\admirales\script_ver\script_ver\quarantine\under-review\17mov_CharacterSystem\web\photos\mp_m_freemode_01-tshirt_1-169.webp
043E0FB2172C7D98EFD3BFC9F612E1646AE210B9B8AEC536C2BE9E1F6F36220E	C:\admirales\script_ver\script_ver\quarantine\under-review\17mov_CharacterSystem\web\photos\mp_m_freemode_01-tshirt_1-17.webp
887EFA78D70FBE698FA93233AE50D6E503F5868B135393E0FFFED747CDAD9B3A	C:\admirales\script_ver\script_ver\quarantine\under-review\17mov_CharacterSystem\web\photos\mp_m_freemode_01-tshirt_1-170.webp
FE062C689212EF2601B0654BF6E80CFF1B3C5A7EB5AD6A9673E78F50F5C4BBF2	C:\admirales\script_ver\script_ver\quarantine\under-review\17mov_CharacterSystem\web\photos\mp_m_freemode_01-tshirt_1-171.webp
2154288EE103E49072C94CA7CB192FB364844EDB5E263FB2336392BF53D0B743	C:\admirales\script_ver\script_ver\quarantine\under-review\17mov_CharacterSystem\web\photos\mp_m_freemode_01-tshirt_1-172.webp
A30B7A2694B998D7560FE8DB694849A8675968E0041F4414FE464407D0FCB52B	C:\admirales\script_ver\script_ver\quarantine\under-review\17mov_CharacterSystem\web\photos\mp_m_freemode_01-tshirt_1-173.webp
BCD80FEF5EA2F54F18A853D8E62199382E91B602C9209418934FDF226D8CD9BB	C:\admirales\script_ver\script_ver\quarantine\under-review\17mov_CharacterSystem\web\photos\mp_m_freemode_01-tshirt_1-174.webp
128DCF6F61622C22E2164D7EB99D47D73A48D6BBD80CA3F46134A232FBAACC0F	C:\admirales\script_ver\script_ver\quarantine\under-review\17mov_CharacterSystem\web\photos\mp_m_freemode_01-tshirt_1-175.webp
88ECA528F2530E5013BD11D4AE7EC46A4BB16A84CA288B3F0A6806F51B1D8E54	C:\admirales\script_ver\script_ver\quarantine\under-review\17mov_CharacterSystem\web\photos\mp_m_freemode_01-tshirt_1-176.webp
F7DF969DA2E4F9395A426E74C01E26D0DBA15F6EBC0A26FC527C8BCEFFBFCDF4	C:\admirales\script_ver\script_ver\quarantine\under-review\17mov_CharacterSystem\web\photos\mp_m_freemode_01-tshirt_1-177.webp
4FB1CD0EE5F83FBAE256FB6B31001CA5C60807778155B709D116D8421BE55A13	C:\admirales\script_ver\script_ver\quarantine\under-review\17mov_CharacterSystem\web\photos\mp_m_freemode_01-tshirt_1-178.webp
16A9D69507E6A672EE4C361BC45BD7828DBFAC9474BBA0E9179563A738B9F336	C:\admirales\script_ver\script_ver\quarantine\under-review\17mov_CharacterSystem\web\photos\mp_m_freemode_01-tshirt_1-179.webp
AA26C8B61A7E38C2F57BE56CB31194273795EE255D95B8536D7F480830BFE214	C:\admirales\script_ver\script_ver\quarantine\under-review\17mov_CharacterSystem\web\photos\mp_m_freemode_01-tshirt_1-18.webp
006A590AA623E46FF883E0C5077C9742A112ABFF311538E98F1A7B554584A22D	C:\admirales\script_ver\script_ver\quarantine\under-review\17mov_CharacterSystem\web\photos\mp_m_freemode_01-tshirt_1-180.webp
06EBE89CE6260C9D144B1A80026103D782CCCF259EA5679E0999A0D2DB716290	C:\admirales\script_ver\script_ver\quarantine\under-review\17mov_CharacterSystem\web\photos\mp_m_freemode_01-tshirt_1-181.webp
1969B9239DF0D3C8D0F2526628CF35006051580A26BCEAECF27461FA02C6DE0D	C:\admirales\script_ver\script_ver\quarantine\under-review\17mov_CharacterSystem\web\photos\mp_m_freemode_01-tshirt_1-182.webp
2617113BDF812EAEAE4ED2B234E589D56640A6DC35008E64C93A0F6F9AEAA8E7	C:\admirales\script_ver\script_ver\quarantine\under-review\17mov_CharacterSystem\web\photos\mp_m_freemode_01-tshirt_1-183.webp
450907AD11191EBD6175495E41C8DB1B9D0511684447536F822A699F2BA47961	C:\admirales\script_ver\script_ver\quarantine\under-review\17mov_CharacterSystem\web\photos\mp_m_freemode_01-tshirt_1-184.webp
73136305E1A880DE8CFB582FF404306A1B51EFF742BE4859F079E9B6B1563DAB	C:\admirales\script_ver\script_ver\quarantine\under-review\17mov_CharacterSystem\web\photos\mp_m_freemode_01-tshirt_1-185.webp
933F32D512A755AC5A9E70DEAF2EEF82C1C5B07823A61926D923334188F8D301	C:\admirales\script_ver\script_ver\quarantine\under-review\17mov_CharacterSystem\web\photos\mp_m_freemode_01-tshirt_1-186.webp
9E9C81232048A573C64A30DE7E676648C8CD0052DDCC93F34369DF01A58614F4	C:\admirales\script_ver\script_ver\quarantine\under-review\17mov_CharacterSystem\web\photos\mp_m_freemode_01-tshirt_1-187.webp
188994F6CEB789A3B5666491C089C3568DF8FDE36E546C1CF0511429D5593B3A	C:\admirales\script_ver\script_ver\quarantine\under-review\17mov_CharacterSystem\web\photos\mp_m_freemode_01-tshirt_1-188.webp
B21E391AAC202C6A6C1A4564FDB0A00080C9633B8049CD5F889C741608566872	C:\admirales\script_ver\script_ver\quarantine\under-review\17mov_CharacterSystem\web\photos\mp_m_freemode_01-tshirt_1-189.webp
A69104451B15F1E1C4A3AB32F972C31D721681C3AD7635155183F73A8FBFCE73	C:\admirales\script_ver\script_ver\quarantine\under-review\17mov_CharacterSystem\web\photos\mp_m_freemode_01-tshirt_1-19.webp
7EFBBD0D9303E4CF77F1D152D214166A93B805DBEF5DCC9FCE56DEE861A38ADC	C:\admirales\script_ver\script_ver\quarantine\under-review\17mov_CharacterSystem\web\photos\mp_m_freemode_01-tshirt_1-190.webp
35FFD7B32485C7CB8171D7C49C9A67B0806A2B2A78953AD59685E0975579D6F5	C:\admirales\script_ver\script_ver\quarantine\under-review\17mov_CharacterSystem\web\photos\mp_m_freemode_01-tshirt_1-191.webp
7FE688681D3C1CA8CDF42ABE388CA400D356EBCA4492201A0259BBF738AB8854	C:\admirales\script_ver\script_ver\quarantine\under-review\17mov_CharacterSystem\web\photos\mp_m_freemode_01-tshirt_1-192.webp
DDC242810B8927341EB470A59C56E6A93FE634C5064968292BD3107ACC63CC2A	C:\admirales\script_ver\script_ver\quarantine\under-review\17mov_CharacterSystem\web\photos\mp_m_freemode_01-tshirt_1-193.webp
DDC242810B8927341EB470A59C56E6A93FE634C5064968292BD3107ACC63CC2A	C:\admirales\script_ver\script_ver\quarantine\under-review\17mov_CharacterSystem\web\photos\mp_m_freemode_01-tshirt_1-194.webp
DDC242810B8927341EB470A59C56E6A93FE634C5064968292BD3107ACC63CC2A	C:\admirales\script_ver\script_ver\quarantine\under-review\17mov_CharacterSystem\web\photos\mp_m_freemode_01-tshirt_1-195.webp
DDC242810B8927341EB470A59C56E6A93FE634C5064968292BD3107ACC63CC2A	C:\admirales\script_ver\script_ver\quarantine\under-review\17mov_CharacterSystem\web\photos\mp_m_freemode_01-tshirt_1-196.webp
DDC242810B8927341EB470A59C56E6A93FE634C5064968292BD3107ACC63CC2A	C:\admirales\script_ver\script_ver\quarantine\under-review\17mov_CharacterSystem\web\photos\mp_m_freemode_01-tshirt_1-197.webp
DCE891AF2F8C5FBAE39F6477265CDCF55AF33E889C91F2501C36DE25CA680861	C:\admirales\script_ver\script_ver\quarantine\under-review\17mov_CharacterSystem\web\photos\mp_m_freemode_01-tshirt_1-198.webp
EE9A645FCF39F1DA98D13D26270BDBDAC7FBD92A3D67D423CBD795903955FE1B	C:\admirales\script_ver\script_ver\quarantine\under-review\17mov_CharacterSystem\web\photos\mp_m_freemode_01-tshirt_1-199.webp
35140596D0D1B68624C0AB7112D7EB7A9F15E637D2CB1248FD31559EB386E91F	C:\admirales\script_ver\script_ver\quarantine\under-review\17mov_CharacterSystem\web\photos\mp_m_freemode_01-tshirt_1-2.webp
7AF1C137BA0C101A72210D322192F16E7BCCDE94CE364CAEE4300B2DE7CEC6F3	C:\admirales\script_ver\script_ver\quarantine\under-review\17mov_CharacterSystem\web\photos\mp_m_freemode_01-tshirt_1-20.webp
E8BAAECA52F80484D6CB220EC9CDE450B5AFCFDF8BEFDF35278DBF5224F954D6	C:\admirales\script_ver\script_ver\quarantine\under-review\17mov_CharacterSystem\web\photos\mp_m_freemode_01-tshirt_1-200.webp
272EDE52353D04C82D802C718D746AFDFCF1E6C960E9228245F6FA8E63741E6D	C:\admirales\script_ver\script_ver\quarantine\under-review\17mov_CharacterSystem\web\photos\mp_m_freemode_01-tshirt_1-201.webp
E99B8806274C1CC60302B1E95DEDE1C3D7BC270A08638EB702E877B9AC1C309E	C:\admirales\script_ver\script_ver\quarantine\under-review\17mov_CharacterSystem\web\photos\mp_m_freemode_01-tshirt_1-202.webp
DDC242810B8927341EB470A59C56E6A93FE634C5064968292BD3107ACC63CC2A	C:\admirales\script_ver\script_ver\quarantine\under-review\17mov_CharacterSystem\web\photos\mp_m_freemode_01-tshirt_1-203.webp
60D940B544807490B6FF8C3287157C7B8D17FFBFB9253B44CBB793C8F2B43EBB	C:\admirales\script_ver\script_ver\quarantine\under-review\17mov_CharacterSystem\web\photos\mp_m_freemode_01-tshirt_1-204.webp
DDC242810B8927341EB470A59C56E6A93FE634C5064968292BD3107ACC63CC2A	C:\admirales\script_ver\script_ver\quarantine\under-review\17mov_CharacterSystem\web\photos\mp_m_freemode_01-tshirt_1-205.webp
1885AF00DFAB89FB959D6817B7F1A980A806DBAC6FE74DD2DBEB99546DA95422	C:\admirales\script_ver\script_ver\quarantine\under-review\17mov_CharacterSystem\web\photos\mp_m_freemode_01-tshirt_1-206.webp
DDC242810B8927341EB470A59C56E6A93FE634C5064968292BD3107ACC63CC2A	C:\admirales\script_ver\script_ver\quarantine\under-review\17mov_CharacterSystem\web\photos\mp_m_freemode_01-tshirt_1-207.webp
58CDAD92B7167C9AFA475A50620EE25B0686CBA273EB03C1A5E94F462EAF51F0	C:\admirales\script_ver\script_ver\quarantine\under-review\17mov_CharacterSystem\web\photos\mp_m_freemode_01-tshirt_1-21.webp
66BA3F04B0A9BAE7645158980FFF76A818C5374B02AD3BEA825FF3AB82C631D4	C:\admirales\script_ver\script_ver\quarantine\under-review\17mov_CharacterSystem\web\photos\mp_m_freemode_01-tshirt_1-22.webp
D97BF46398F6DB567FBE906233B50A5C068BBB7BD8FAAA171B3E15E96FFD1041	C:\admirales\script_ver\script_ver\quarantine\under-review\17mov_CharacterSystem\web\photos\mp_m_freemode_01-tshirt_1-23.webp
09126AB91D68DEAB3EF6676FB600619C31049C20CFCCFFB5B4B4319A302FF431	C:\admirales\script_ver\script_ver\quarantine\under-review\17mov_CharacterSystem\web\photos\mp_m_freemode_01-tshirt_1-24.webp
669123F1ADE341407D2C6D37C36B2F9B33FC495594ABEA9610272F45488D1299	C:\admirales\script_ver\script_ver\quarantine\under-review\17mov_CharacterSystem\web\photos\mp_m_freemode_01-tshirt_1-25.webp
63CADD88DDEE5C7BA7F89C29B9B0ECC3889DAB92038F6A13E5E90B54FFF21EB9	C:\admirales\script_ver\script_ver\quarantine\under-review\17mov_CharacterSystem\web\photos\mp_m_freemode_01-tshirt_1-26.webp
845330BC651DB227345E4B771FE7DA9B33EABB1890AD77BC8473C067C145999C	C:\admirales\script_ver\script_ver\quarantine\under-review\17mov_CharacterSystem\web\photos\mp_m_freemode_01-tshirt_1-27.webp
6F3B8FE3C0E80B946748F026CE1193D31D24658DD2603463102F611C5BA7922D	C:\admirales\script_ver\script_ver\quarantine\under-review\17mov_CharacterSystem\web\photos\mp_m_freemode_01-tshirt_1-28.webp
4A88312A6DD909209FD38CDA382B501440368E8C7115A40F1174324CFFFA658C	C:\admirales\script_ver\script_ver\quarantine\under-review\17mov_CharacterSystem\web\photos\mp_m_freemode_01-tshirt_1-29.webp
18B87138769D83C779F8DFE3FECCAD120D7BFEF3DAD94B0F00A9A212AE00615F	C:\admirales\script_ver\script_ver\quarantine\under-review\17mov_CharacterSystem\web\photos\mp_m_freemode_01-tshirt_1-3.webp
0405C9FB798EF05B8C59CEFD3380C5295E4961F0BFBA67DBA0CED9809EABF1BA	C:\admirales\script_ver\script_ver\quarantine\under-review\17mov_CharacterSystem\web\photos\mp_m_freemode_01-tshirt_1-30.webp
D758D9DF899B3012240035E000A03CE65BE0DD40D7A4F3CA7258AFBD7E905D56	C:\admirales\script_ver\script_ver\quarantine\under-review\17mov_CharacterSystem\web\photos\mp_m_freemode_01-tshirt_1-31.webp
72FC15D2C6F7AB365E00193747BF3273B79426A3A59E33D70ADBBC123B0D0D71	C:\admirales\script_ver\script_ver\quarantine\under-review\17mov_CharacterSystem\web\photos\mp_m_freemode_01-tshirt_1-32.webp
E7F33B7E569CEFBE39B3D0923745E00B35A7CF6C2B6F9218D432D8778DEDC83B	C:\admirales\script_ver\script_ver\quarantine\under-review\17mov_CharacterSystem\web\photos\mp_m_freemode_01-tshirt_1-33.webp
27088B1E17F1155E5D17F19511C288ED0CE942E92B2F01166637E15DF367F270	C:\admirales\script_ver\script_ver\quarantine\under-review\17mov_CharacterSystem\web\photos\mp_m_freemode_01-tshirt_1-34.webp
9D4AE53D502ECFB6522C2555F38997C9716F9671D55A894481DDF02CE834599E	C:\admirales\script_ver\script_ver\quarantine\under-review\17mov_CharacterSystem\web\photos\mp_m_freemode_01-tshirt_1-35.webp
73B12F04D6DFD17042DCC8847A5DAD736A0A2ECA608158967932D01C46B3D193	C:\admirales\script_ver\script_ver\quarantine\under-review\17mov_CharacterSystem\web\photos\mp_m_freemode_01-tshirt_1-36.webp
15E13AE5BCB38EE2FAD53A870E96AB3E9E46D0AEE0485423E87F46D8773202E1	C:\admirales\script_ver\script_ver\quarantine\under-review\17mov_CharacterSystem\web\photos\mp_m_freemode_01-tshirt_1-37.webp
64C04D9AB84BBF03ABA81C0E0E557FB232CDD1AA726BA6FC48868B6D3E539A4D	C:\admirales\script_ver\script_ver\quarantine\under-review\17mov_CharacterSystem\web\photos\mp_m_freemode_01-tshirt_1-38.webp
48ACC32E129E536CB67BCC71B36CE666AF3240F8BE7D3388B8998BF53368A6E4	C:\admirales\script_ver\script_ver\quarantine\under-review\17mov_CharacterSystem\web\photos\mp_m_freemode_01-tshirt_1-39.webp
6806312C808A5AB5A39108D2AC4CB1D664AC3A58C9EAF63146954860D848B637	C:\admirales\script_ver\script_ver\quarantine\under-review\17mov_CharacterSystem\web\photos\mp_m_freemode_01-tshirt_1-4.webp
17598F1103ED5E987AC0651CA031930A79651C569A67B2C303871F62E7C36660	C:\admirales\script_ver\script_ver\quarantine\under-review\17mov_CharacterSystem\web\photos\mp_m_freemode_01-tshirt_1-40.webp
FC8E10516A3A2F184DAED0527E707D30EC1489CF2FBABB426763AB3EC47960C1	C:\admirales\script_ver\script_ver\quarantine\under-review\17mov_CharacterSystem\web\photos\mp_m_freemode_01-tshirt_1-41.webp
3E51D68DDC24FCA4CAE485007E6FA05841054291756344EECAF63CCB2F93D48B	C:\admirales\script_ver\script_ver\quarantine\under-review\17mov_CharacterSystem\web\photos\mp_m_freemode_01-tshirt_1-42.webp
2C34B17E4B0C9D76D3EE3A4E026CBD33C71E04B2DD2157779ACC306558ECD3B6	C:\admirales\script_ver\script_ver\quarantine\under-review\17mov_CharacterSystem\web\photos\mp_m_freemode_01-tshirt_1-43.webp
2EFB47E348DF92DAB9BDCED12F15E6DED7C5397E62967A19534AD8E0044AAA78	C:\admirales\script_ver\script_ver\quarantine\under-review\17mov_CharacterSystem\web\photos\mp_m_freemode_01-tshirt_1-44.webp
FBBD39DD2E87E51FD505649E84109E99F18A02F30D3AC832CA5D6D965F7627BA	C:\admirales\script_ver\script_ver\quarantine\under-review\17mov_CharacterSystem\web\photos\mp_m_freemode_01-tshirt_1-45.webp
E25FC2610D22297EFB3B16A739F4F761015B1F1F97E219C767C9EFA77F08B622	C:\admirales\script_ver\script_ver\quarantine\under-review\17mov_CharacterSystem\web\photos\mp_m_freemode_01-tshirt_1-46.webp
1F445FDE75642119E970FC6C2C3B7CA66D16083537E036DB84272466D419ABD7	C:\admirales\script_ver\script_ver\quarantine\under-review\17mov_CharacterSystem\web\photos\mp_m_freemode_01-tshirt_1-47.webp
5620E30A7E1D667D1F745627B923BF54742C7A4732C5EED7905CB6B77A0660EB	C:\admirales\script_ver\script_ver\quarantine\under-review\17mov_CharacterSystem\web\photos\mp_m_freemode_01-tshirt_1-48.webp
7CAE41CABBC952BFFC0782FCB9142269448BF266294D5359460961FAF8347FCA	C:\admirales\script_ver\script_ver\quarantine\under-review\17mov_CharacterSystem\web\photos\mp_m_freemode_01-tshirt_1-49.webp
1DA39238696E03A7FA1D6232CEC04FAB2F82AFF151217BF9084B5D855A71B4C6	C:\admirales\script_ver\script_ver\quarantine\under-review\17mov_CharacterSystem\web\photos\mp_m_freemode_01-tshirt_1-5.webp
B64A50480EE054136174F85C2B1255D948527073A070ECB726FB56F41C568692	C:\admirales\script_ver\script_ver\quarantine\under-review\17mov_CharacterSystem\web\photos\mp_m_freemode_01-tshirt_1-50.webp
AE453FD685EB10E9088F371CD40769244E310F6F6687F83D2BF84E317862759B	C:\admirales\script_ver\script_ver\quarantine\under-review\17mov_CharacterSystem\web\photos\mp_m_freemode_01-tshirt_1-51.webp
6BB397FBD8E91033E0467E176467F8C1615DED4431DCC89EF5C5310DF46F05A4	C:\admirales\script_ver\script_ver\quarantine\under-review\17mov_CharacterSystem\web\photos\mp_m_freemode_01-tshirt_1-52.webp
1D68C0992D2099D78A2D27223844C989D31C3A071C298EC2A33BC69C25A42178	C:\admirales\script_ver\script_ver\quarantine\under-review\17mov_CharacterSystem\web\photos\mp_m_freemode_01-tshirt_1-53.webp
E84C3977C4971B10AECCC2958E2BC02C248D55B2E0192E2AB214A69397B0A530	C:\admirales\script_ver\script_ver\quarantine\under-review\17mov_CharacterSystem\web\photos\mp_m_freemode_01-tshirt_1-54.webp
0C5399C870286F48D5AB1AD3DE16B1F2770472C30D3393CF233812ED878279DC	C:\admirales\script_ver\script_ver\quarantine\under-review\17mov_CharacterSystem\web\photos\mp_m_freemode_01-tshirt_1-55.webp
7260BAA1F194D8E464ED39B0FF63420EA99A679C1BF669A06EDB164A10FB9EBC	C:\admirales\script_ver\script_ver\quarantine\under-review\17mov_CharacterSystem\web\photos\mp_m_freemode_01-tshirt_1-56.webp
649F448A9220BC199F036FB61F17D47EC5F06EF6C6B4FEECA014BB9723201314	C:\admirales\script_ver\script_ver\quarantine\under-review\17mov_CharacterSystem\web\photos\mp_m_freemode_01-tshirt_1-57.webp
C14601D8F4A2668945AD4B7A5EAD6032E0E5482847616719E59A08978A3970FC	C:\admirales\script_ver\script_ver\quarantine\under-review\17mov_CharacterSystem\web\photos\mp_m_freemode_01-tshirt_1-58.webp
BFD394BA7CFFDB6673EDD367DBC6B316219BE499B2D1845467B933ECA7659AA6	C:\admirales\script_ver\script_ver\quarantine\under-review\17mov_CharacterSystem\web\photos\mp_m_freemode_01-tshirt_1-59.webp
271BFE2B1F1337C7F76BDE05E4B420184FD61C906A2CC789ADEBE87E759FB59F	C:\admirales\script_ver\script_ver\quarantine\under-review\17mov_CharacterSystem\web\photos\mp_m_freemode_01-tshirt_1-6.webp
9699C2011C43A9BCB471FFCFB1A4817B85ADD341A693BEA8840267D47D937546	C:\admirales\script_ver\script_ver\quarantine\under-review\17mov_CharacterSystem\web\photos\mp_m_freemode_01-tshirt_1-60.webp
CD4317179B569E272BFEA584AAC2F912E878B42C7EF1836AB73E7634B0A929FE	C:\admirales\script_ver\script_ver\quarantine\under-review\17mov_CharacterSystem\web\photos\mp_m_freemode_01-tshirt_1-61.webp
F0174022E44BA755AAF4E8BFB3112FE094A4AD49AD35614ADA8214A2C6BB9989	C:\admirales\script_ver\script_ver\quarantine\under-review\17mov_CharacterSystem\web\photos\mp_m_freemode_01-tshirt_1-62.webp
AF2D21653A3ED9C147D6AD6FE86117CCAAFA15E0B8D959D5273BE077F097DBFB	C:\admirales\script_ver\script_ver\quarantine\under-review\17mov_CharacterSystem\web\photos\mp_m_freemode_01-tshirt_1-63.webp
43178A716317E4B21AD4DAC1D58DF217F1C91AC47AF329C92A695D67641DBE3F	C:\admirales\script_ver\script_ver\quarantine\under-review\17mov_CharacterSystem\web\photos\mp_m_freemode_01-tshirt_1-64.webp
51DCB4C1F9B93390F177C5961F74BA4A2EC9AD09285741F32270287B28E10C31	C:\admirales\script_ver\script_ver\quarantine\under-review\17mov_CharacterSystem\web\photos\mp_m_freemode_01-tshirt_1-65.webp
91A7C0B363601F58FE0A946CAFBD38E242DC3068FD34CD0413A73D7D1D0D479A	C:\admirales\script_ver\script_ver\quarantine\under-review\17mov_CharacterSystem\web\photos\mp_m_freemode_01-tshirt_1-66.webp
FBC6CFBB0E4C365FBC3CB267229B1B39F1E6F6A3CFC0FEAF01DA81E4878C6B2F	C:\admirales\script_ver\script_ver\quarantine\under-review\17mov_CharacterSystem\web\photos\mp_m_freemode_01-tshirt_1-67.webp
F430317EC9646BEA9817772EA64066D3E5C60E5E7B0E9004A8EE15FF6ACDC1BD	C:\admirales\script_ver\script_ver\quarantine\under-review\17mov_CharacterSystem\web\photos\mp_m_freemode_01-tshirt_1-68.webp
EFDB6464E8312C7ABA54F311513DEB5539CCAB834974089986AF6BA61B7AA4BA	C:\admirales\script_ver\script_ver\quarantine\under-review\17mov_CharacterSystem\web\photos\mp_m_freemode_01-tshirt_1-69.webp
807CD8DFACF8044ED8F76F233447DFD2FC65B30A931A6C384F962659B759EE76	C:\admirales\script_ver\script_ver\quarantine\under-review\17mov_CharacterSystem\web\photos\mp_m_freemode_01-tshirt_1-7.webp
DA6B4013FC03A2E0F126312EE9DB991494ACD3536F536E89746AED13B5DFB6D8	C:\admirales\script_ver\script_ver\quarantine\under-review\17mov_CharacterSystem\web\photos\mp_m_freemode_01-tshirt_1-70.webp
2F29698C4EE55AD7D28838B1C9EC33C25BEC71FAD143EF019313288644550959	C:\admirales\script_ver\script_ver\quarantine\under-review\17mov_CharacterSystem\web\photos\mp_m_freemode_01-tshirt_1-71.webp
D4B036F0CEF8BFD74ECC5CA590992DF92FBF928C7237A9BC9627C37ACE4E1D18	C:\admirales\script_ver\script_ver\quarantine\under-review\17mov_CharacterSystem\web\photos\mp_m_freemode_01-tshirt_1-72.webp
82FA95F7B2E2D189C4C460D65BE30ADD61F3F18F7EF02AB6E6E545DB8AC7C191	C:\admirales\script_ver\script_ver\quarantine\under-review\17mov_CharacterSystem\web\photos\mp_m_freemode_01-tshirt_1-73.webp
7C67282A0D504939A86F10B897C06F87FB3545B9E618AC200AB3B1DDBC165980	C:\admirales\script_ver\script_ver\quarantine\under-review\17mov_CharacterSystem\web\photos\mp_m_freemode_01-tshirt_1-74.webp
C62A15CDF9E990333AD91D760E72DC5CDC41B3169A81276224364602FA245CB2	C:\admirales\script_ver\script_ver\quarantine\under-review\17mov_CharacterSystem\web\photos\mp_m_freemode_01-tshirt_1-75.webp
254F35673798C187F171E087F8C4D027AE1CC7DFC6D8E93EBEE4E3CD95506286	C:\admirales\script_ver\script_ver\quarantine\under-review\17mov_CharacterSystem\web\photos\mp_m_freemode_01-tshirt_1-76.webp
6128D93B045F10D46172BF1E6E3F744BA2DBABF8767E217AE405C9A66EF7B982	C:\admirales\script_ver\script_ver\quarantine\under-review\17mov_CharacterSystem\web\photos\mp_m_freemode_01-tshirt_1-77.webp
4F6F6D5D871648185E476DABDB4FB76976D8BC12BCEFA104AF11CAEEDD6C1271	C:\admirales\script_ver\script_ver\quarantine\under-review\17mov_CharacterSystem\web\photos\mp_m_freemode_01-tshirt_1-78.webp
21205E52A617EEF43A438A9968D83E89BFD8AF82EA43BCE8118021CA8D805606	C:\admirales\script_ver\script_ver\quarantine\under-review\17mov_CharacterSystem\web\photos\mp_m_freemode_01-tshirt_1-79.webp
ED89E1F038CD4B6C9FD84A030E85CB999D4653DDB0F371E3CF564D8EAF852443	C:\admirales\script_ver\script_ver\quarantine\under-review\17mov_CharacterSystem\web\photos\mp_m_freemode_01-tshirt_1-8.webp
AFDAD7A6B10F0CAE46D974672292167653BFA4E43F221A5A8E9E020D8DEFDFDD	C:\admirales\script_ver\script_ver\quarantine\under-review\17mov_CharacterSystem\web\photos\mp_m_freemode_01-tshirt_1-80.webp
DA7918B8B68AA47BDC2FD9E5F854F3BF1C5C1C783F235B0AEDFD970831CD52BB	C:\admirales\script_ver\script_ver\quarantine\under-review\17mov_CharacterSystem\web\photos\mp_m_freemode_01-tshirt_1-81.webp
671A46694E5F5E9EDE5E1EC3897BAACA86F6F054B3CE3A8C2F29F8BE0F033010	C:\admirales\script_ver\script_ver\quarantine\under-review\17mov_CharacterSystem\web\photos\mp_m_freemode_01-tshirt_1-82.webp
59B4D65E9173278282FE325929CF0AAFAC99A014B593095FCBBDC37072E61F2D	C:\admirales\script_ver\script_ver\quarantine\under-review\17mov_CharacterSystem\web\photos\mp_m_freemode_01-tshirt_1-83.webp
347B7C9BACA543BFB4593CE7BAA02D12007D174C4DF2A5FC27FBEA4A3F3BD73D	C:\admirales\script_ver\script_ver\quarantine\under-review\17mov_CharacterSystem\web\photos\mp_m_freemode_01-tshirt_1-84.webp
CC1E43B90DA21F180330B7ADAD2F602A56EF6ED73173EDD3E88242098B543F7A	C:\admirales\script_ver\script_ver\quarantine\under-review\17mov_CharacterSystem\web\photos\mp_m_freemode_01-tshirt_1-85.webp
0C4449510682758E2F3CB9DF56EAC2EA38D059CD239A979F7344A03126CEE886	C:\admirales\script_ver\script_ver\quarantine\under-review\17mov_CharacterSystem\web\photos\mp_m_freemode_01-tshirt_1-86.webp
42FD4F583DA921D9A9F1BB2BB3540345DA26F1BE0CE5D639E2D64C0583996BC5	C:\admirales\script_ver\script_ver\quarantine\under-review\17mov_CharacterSystem\web\photos\mp_m_freemode_01-tshirt_1-87.webp
6D21DD37385A48239853A19F58EFC2F68FF88D49FC9CAA7A17089575DA3D7607	C:\admirales\script_ver\script_ver\quarantine\under-review\17mov_CharacterSystem\web\photos\mp_m_freemode_01-tshirt_1-88.webp
6CA05F790DE7C0138D4A3AC45296232A9369919E44A503AC1FD0AC92DA16D425	C:\admirales\script_ver\script_ver\quarantine\under-review\17mov_CharacterSystem\web\photos\mp_m_freemode_01-tshirt_1-89.webp
FC84E360EBA9060723AA7BDAA541CB174C88E8A343A3B2D04B9BDDE2B6D427A7	C:\admirales\script_ver\script_ver\quarantine\under-review\17mov_CharacterSystem\web\photos\mp_m_freemode_01-tshirt_1-9.webp
248A8AAFF84612E27C2ACF1D735CE9B0480675E8B15A292B0FB54D002FD58885	C:\admirales\script_ver\script_ver\quarantine\under-review\17mov_CharacterSystem\web\photos\mp_m_freemode_01-tshirt_1-90.webp
C05A065A10B7D05F90F45DC55C4C01A3F4BFF3537576A26D6B780E62F5F25937	C:\admirales\script_ver\script_ver\quarantine\under-review\17mov_CharacterSystem\web\photos\mp_m_freemode_01-tshirt_1-91.webp
83E4FAFD1232DCE696B42C0B94F0874EDF4A18A17A21C1A95A67645BCB46084E	C:\admirales\script_ver\script_ver\quarantine\under-review\17mov_CharacterSystem\web\photos\mp_m_freemode_01-tshirt_1-92.webp
9138A96B720F70891397DBD4A521D503B1A15433C0B49014EF30CC215356A4ED	C:\admirales\script_ver\script_ver\quarantine\under-review\17mov_CharacterSystem\web\photos\mp_m_freemode_01-tshirt_1-93.webp
5E4035259E660BD50E472B645C793DD0E20929536003A623095B54199B794EC9	C:\admirales\script_ver\script_ver\quarantine\under-review\17mov_CharacterSystem\web\photos\mp_m_freemode_01-tshirt_1-94.webp
BCD996EB26FF5D11E1DCB105DE975537F4A24E8062883B6E29D1D58627CC9348	C:\admirales\script_ver\script_ver\quarantine\under-review\17mov_CharacterSystem\web\photos\mp_m_freemode_01-tshirt_1-95.webp
248A8AAFF84612E27C2ACF1D735CE9B0480675E8B15A292B0FB54D002FD58885	C:\admirales\script_ver\script_ver\quarantine\under-review\17mov_CharacterSystem\web\photos\mp_m_freemode_01-tshirt_1-96.webp
2CDC6705B305BA00EF8DACB63DB692D948721FB2A7203347845CB3762BF5AC8E	C:\admirales\script_ver\script_ver\quarantine\under-review\17mov_CharacterSystem\web\photos\mp_m_freemode_01-tshirt_1-97.webp
D88A4917274CBAC0B7187DE61C15ECC64ADA81C99ADA6693AF7058A55F7110B7	C:\admirales\script_ver\script_ver\quarantine\under-review\17mov_CharacterSystem\web\photos\mp_m_freemode_01-tshirt_1-98.webp
8DC63AAE027590F9FDBEE3BAF8D773B52F55DC5755403025B7AC9AC2A24BD24D	C:\admirales\script_ver\script_ver\quarantine\under-review\17mov_CharacterSystem\web\photos\mp_m_freemode_01-tshirt_1-99.webp
36C3FF1A5CA7CE2413FD63D9256936932FAB81B92359B3F24D82DEC8C1D7C215	C:\admirales\script_ver\script_ver\quarantine\under-review\17mov_CharacterSystem\web\photos\mp_m_freemode_01-watches_1-0.webp
3705F24BF6E3E2B0FE68E35FC1CE8DE413F98C6CA11354274EA6CCEFCB3B9239	C:\admirales\script_ver\script_ver\quarantine\under-review\17mov_CharacterSystem\web\photos\mp_m_freemode_01-watches_1-1.webp
008F9D46C233E26BE6376963BB2277251980A008C89CC6BABDE597A4EFB9DDEE	C:\admirales\script_ver\script_ver\quarantine\under-review\17mov_CharacterSystem\web\photos\mp_m_freemode_01-watches_1-10.webp
AD94714F36FB2751E3AF62AE2261B94B16E74C85EB57EC2E9FDFBC49CE6D49F2	C:\admirales\script_ver\script_ver\quarantine\under-review\17mov_CharacterSystem\web\photos\mp_m_freemode_01-watches_1-11.webp
9356155AD764BDE4F63026632B3725FE3925A19C38981802BE688F4C98B6E880	C:\admirales\script_ver\script_ver\quarantine\under-review\17mov_CharacterSystem\web\photos\mp_m_freemode_01-watches_1-12.webp
92AF2C9EF49ED8F8A393D79ABB24E5D851ACDAE5B91381D785F3799AD7F76EC5	C:\admirales\script_ver\script_ver\quarantine\under-review\17mov_CharacterSystem\web\photos\mp_m_freemode_01-watches_1-13.webp
52FCE452C0FE0CB9097749517EC0B3334F4502EB869BEEBEFD4610B5D21EEBEE	C:\admirales\script_ver\script_ver\quarantine\under-review\17mov_CharacterSystem\web\photos\mp_m_freemode_01-watches_1-14.webp
99054095B64C9E0FFA8B1DC0374FBD276E489A482A72DE6012FE6FD9BA7AE7E1	C:\admirales\script_ver\script_ver\quarantine\under-review\17mov_CharacterSystem\web\photos\mp_m_freemode_01-watches_1-15.webp
CBA66BB6A998808787C2D2A03B206D27334E596CCF91022F69E8778317C75BD2	C:\admirales\script_ver\script_ver\quarantine\under-review\17mov_CharacterSystem\web\photos\mp_m_freemode_01-watches_1-16.webp
DDF24782773A4E498ECCACDAB36BED2C73AD1453322843891D38BD8B1E945244	C:\admirales\script_ver\script_ver\quarantine\under-review\17mov_CharacterSystem\web\photos\mp_m_freemode_01-watches_1-17.webp
B81164D7D71308EEB4EB422D96FE12144D77B976A28EE8C8FAFCD4D86F31308F	C:\admirales\script_ver\script_ver\quarantine\under-review\17mov_CharacterSystem\web\photos\mp_m_freemode_01-watches_1-18.webp
025D28F10FD8655D33463F59D34B319DCB00599B0DFFDC94505F66C6C87559AA	C:\admirales\script_ver\script_ver\quarantine\under-review\17mov_CharacterSystem\web\photos\mp_m_freemode_01-watches_1-19.webp
4723C0989315DAEC4B7B4B8F6D3EC80497EC242D1E4EE19B53A08A4F86F77B95	C:\admirales\script_ver\script_ver\quarantine\under-review\17mov_CharacterSystem\web\photos\mp_m_freemode_01-watches_1-2.webp
364A107EC881D76EAE907BEDDA588737E8C669B16CE8EBF34218A9318B712E88	C:\admirales\script_ver\script_ver\quarantine\under-review\17mov_CharacterSystem\web\photos\mp_m_freemode_01-watches_1-20.webp
F756ACC449593328F4D32D85CB7248E7B4AE11B7A2B6D342133AE92A780469F4	C:\admirales\script_ver\script_ver\quarantine\under-review\17mov_CharacterSystem\web\photos\mp_m_freemode_01-watches_1-21.webp
423BA8675F391BD8B916AA4791C711E68926D77AB41CE571A536FFE9123BBE67	C:\admirales\script_ver\script_ver\quarantine\under-review\17mov_CharacterSystem\web\photos\mp_m_freemode_01-watches_1-22.webp
0984C68A7EB3B43A10E42A66942128CFAA96C2D13A4D1D02FE03D6D70BCACEF1	C:\admirales\script_ver\script_ver\quarantine\under-review\17mov_CharacterSystem\web\photos\mp_m_freemode_01-watches_1-23.webp
02C3B384AD95247EB66D6AE5F8D7F399432D4439D52337C38CD17CDE15645495	C:\admirales\script_ver\script_ver\quarantine\under-review\17mov_CharacterSystem\web\photos\mp_m_freemode_01-watches_1-24.webp
68D56022912895A7229AA26D47DF7937C41ADC441B652733EF726D9EB7BBA9E4	C:\admirales\script_ver\script_ver\quarantine\under-review\17mov_CharacterSystem\web\photos\mp_m_freemode_01-watches_1-25.webp
8874FD9F041D6F83740F098BCC8BC842241179B011F7A25EA1DCA84E0E54A89B	C:\admirales\script_ver\script_ver\quarantine\under-review\17mov_CharacterSystem\web\photos\mp_m_freemode_01-watches_1-26.webp
FABE03F0BFD042ECC0384D9EE69FD00C84AB9736EF87F01D015C4866F3BF1EA4	C:\admirales\script_ver\script_ver\quarantine\under-review\17mov_CharacterSystem\web\photos\mp_m_freemode_01-watches_1-27.webp
252668DFFB6BFABE783466CF8B2C253F6FABCC6B412E80D435494FB54E2EE075	C:\admirales\script_ver\script_ver\quarantine\under-review\17mov_CharacterSystem\web\photos\mp_m_freemode_01-watches_1-28.webp
D7AF2979261B8617F3AF20913073DA90ECBB1EE0F3C1010838A32839C929B2F9	C:\admirales\script_ver\script_ver\quarantine\under-review\17mov_CharacterSystem\web\photos\mp_m_freemode_01-watches_1-29.webp
F80AF0D27980CD0D7A3AEFCA9BACD511106D0508238CB232439EB7B00854737B	C:\admirales\script_ver\script_ver\quarantine\under-review\17mov_CharacterSystem\web\photos\mp_m_freemode_01-watches_1-3.webp
74F0EE16B8114B816407B9BAEE12ADEB074301E1786267C084FDF7CA3B6CC552	C:\admirales\script_ver\script_ver\quarantine\under-review\17mov_CharacterSystem\web\photos\mp_m_freemode_01-watches_1-30.webp
512808915E061E5E41EE0254168E6A29CEBFC8266C49890BF59B679892D9C3FA	C:\admirales\script_ver\script_ver\quarantine\under-review\17mov_CharacterSystem\web\photos\mp_m_freemode_01-watches_1-31.webp
E93F70AE63E40610A75D0A1211C1CCDCA4CCC81D2783A7640CD641CEE79118D8	C:\admirales\script_ver\script_ver\quarantine\under-review\17mov_CharacterSystem\web\photos\mp_m_freemode_01-watches_1-32.webp
FCE8C641CFFB731F6D22F0C3C8135797CC981BCF13FEC1C1D4E66C2B45D85115	C:\admirales\script_ver\script_ver\quarantine\under-review\17mov_CharacterSystem\web\photos\mp_m_freemode_01-watches_1-33.webp
0E4796C3B2284BCF7E791D3F40A83316C7B264C09082566EE15D78DEEE96EE01	C:\admirales\script_ver\script_ver\quarantine\under-review\17mov_CharacterSystem\web\photos\mp_m_freemode_01-watches_1-34.webp
45D8336A3FE66714D2AEF010204C0BFE685002543CA11AF1A6E749750012F947	C:\admirales\script_ver\script_ver\quarantine\under-review\17mov_CharacterSystem\web\photos\mp_m_freemode_01-watches_1-35.webp
5BF98D077E564CD171613EE1EAE9D1076E2871D93513CAA194797539EE1B3A48	C:\admirales\script_ver\script_ver\quarantine\under-review\17mov_CharacterSystem\web\photos\mp_m_freemode_01-watches_1-36.webp
B9DBDB029622FC5C4C42B45CCD2D1E8647145E23B7B7170974F4D91CAFE33816	C:\admirales\script_ver\script_ver\quarantine\under-review\17mov_CharacterSystem\web\photos\mp_m_freemode_01-watches_1-37.webp
65D065496F50BBC55CA992C918195A546401DD7DBAF2E1BCE8DB7A4D96A58C56	C:\admirales\script_ver\script_ver\quarantine\under-review\17mov_CharacterSystem\web\photos\mp_m_freemode_01-watches_1-38.webp
C411DC9D84C927BE043CF847A620E3BF08BD95698C99CC0332E571D79F9D91D0	C:\admirales\script_ver\script_ver\quarantine\under-review\17mov_CharacterSystem\web\photos\mp_m_freemode_01-watches_1-39.webp
AE2C7605001F4A056C0362B37F137B010B133F1C753E878D99AA223E25A82CB0	C:\admirales\script_ver\script_ver\quarantine\under-review\17mov_CharacterSystem\web\photos\mp_m_freemode_01-watches_1-4.webp
E8BE2549AADEB577807C4B88F6133216908CD8F7256C2DBC473CFA3E7DC5C0F5	C:\admirales\script_ver\script_ver\quarantine\under-review\17mov_CharacterSystem\web\photos\mp_m_freemode_01-watches_1-40.webp
D22249968D75A7F20D2BC98DA512B1FF5C42191499B29415968BF95E743A88DD	C:\admirales\script_ver\script_ver\quarantine\under-review\17mov_CharacterSystem\web\photos\mp_m_freemode_01-watches_1-41.webp
CD2F7E6E997BECBA5B307E79D48EAADFFCF3C0A2884EAD1623527BFD824C2617	C:\admirales\script_ver\script_ver\quarantine\under-review\17mov_CharacterSystem\web\photos\mp_m_freemode_01-watches_1-42.webp
EF2505DC83FE33B7DC370C4253A8779942991513E81A187A5D08ADE7B2C42504	C:\admirales\script_ver\script_ver\quarantine\under-review\17mov_CharacterSystem\web\photos\mp_m_freemode_01-watches_1-43.webp
8625787C0D0F2626285F86C015AD21A9E457465B889EAF87C7956007A76FF2BD	C:\admirales\script_ver\script_ver\quarantine\under-review\17mov_CharacterSystem\web\photos\mp_m_freemode_01-watches_1-44.webp
63A2EF09C7055C44450CE50496979549C634F97B247B4D3D9C764F9557D45BFA	C:\admirales\script_ver\script_ver\quarantine\under-review\17mov_CharacterSystem\web\photos\mp_m_freemode_01-watches_1-45.webp
276CF22744A88324E30827D2E71C93DEF7ABBBD5859E119667A0043B4F14F081	C:\admirales\script_ver\script_ver\quarantine\under-review\17mov_CharacterSystem\web\photos\mp_m_freemode_01-watches_1-46.webp
930413CE9405A1D7721A0298270E9AFB9E9C76EB905888A56AE88B212C4FB7E2	C:\admirales\script_ver\script_ver\quarantine\under-review\17mov_CharacterSystem\web\photos\mp_m_freemode_01-watches_1-47.webp
C1C0070E88E00B4EF514EB9E060B5F3E5FA49B77297D186E5FEC9CB10A5942AE	C:\admirales\script_ver\script_ver\quarantine\under-review\17mov_CharacterSystem\web\photos\mp_m_freemode_01-watches_1-5.webp
93EFB021DD96A73C26E807A2D4F4D93692520DFD7E75C4733D1C1475AEBF3B0F	C:\admirales\script_ver\script_ver\quarantine\under-review\17mov_CharacterSystem\web\photos\mp_m_freemode_01-watches_1-6.webp
E4BFEB9D742176099290975A7216D3A9B1EAAE01DF4A821B4A906656CF637ACD	C:\admirales\script_ver\script_ver\quarantine\under-review\17mov_CharacterSystem\web\photos\mp_m_freemode_01-watches_1-7.webp
111B30EA85F1F6E703527002C2B3D6565D8C3AC58A1533DEFFB01CA0FC471CDA	C:\admirales\script_ver\script_ver\quarantine\under-review\17mov_CharacterSystem\web\photos\mp_m_freemode_01-watches_1-8.webp
935F2BEA0BC8AC59B94E0358BB85E28073BAC4CBC10B9E41620402E6343D1B02	C:\admirales\script_ver\script_ver\quarantine\under-review\17mov_CharacterSystem\web\photos\mp_m_freemode_01-watches_1-9.webp
