C:\admirales\script_ver\script_ver\quarantine\under-review\17mov_CharacterSystem\bridge\esx\client.lua	10646
C:\admirales\script_ver\script_ver\quarantine\under-review\17mov_CharacterSystem\bridge\esx\server.lua	6605
C:\admirales\script_ver\script_ver\quarantine\under-review\17mov_CharacterSystem\bridge\illenium.lua	10194
C:\admirales\script_ver\script_ver\quarantine\under-review\17mov_CharacterSystem\bridge\qb\client.lua	8902
C:\admirales\script_ver\script_ver\quarantine\under-review\17mov_CharacterSystem\bridge\qb\server.lua	9388
C:\admirales\script_ver\script_ver\quarantine\under-review\17mov_CharacterSystem\client\core.lua	5008
C:\admirales\script_ver\script_ver\quarantine\under-review\17mov_CharacterSystem\client\functions.lua	13466
C:\admirales\script_ver\script_ver\quarantine\under-review\17mov_CharacterSystem\client\loadingscreen.lua	1624
C:\admirales\script_ver\script_ver\quarantine\under-review\17mov_CharacterSystem\client\location.lua	11599
C:\admirales\script_ver\script_ver\quarantine\under-review\17mov_CharacterSystem\client\main.lua	140
C:\admirales\script_ver\script_ver\quarantine\under-review\17mov_CharacterSystem\client\photos.lua	9800
C:\admirales\script_ver\script_ver\quarantine\under-review\17mov_CharacterSystem\client\register.lua	1754
C:\admirales\script_ver\script_ver\quarantine\under-review\17mov_CharacterSystem\client\selector.lua	12056
C:\admirales\script_ver\script_ver\quarantine\under-review\17mov_CharacterSystem\client\skin.lua	68244
C:\admirales\script_ver\script_ver\quarantine\under-review\17mov_CharacterSystem\client\stores.lua	11193
C:\admirales\script_ver\script_ver\quarantine\under-review\17mov_CharacterSystem\configs\Config.lua	107922
C:\admirales\script_ver\script_ver\quarantine\under-review\17mov_CharacterSystem\configs\Discord.lua	995
C:\admirales\script_ver\script_ver\quarantine\under-review\17mov_CharacterSystem\configs\LoadingScreen.lua	462
C:\admirales\script_ver\script_ver\quarantine\under-review\17mov_CharacterSystem\configs\Location.lua	1560
C:\admirales\script_ver\script_ver\quarantine\under-review\17mov_CharacterSystem\configs\Photos.lua	2664
C:\admirales\script_ver\script_ver\quarantine\under-review\17mov_CharacterSystem\configs\Register.lua	4043
C:\admirales\script_ver\script_ver\quarantine\under-review\17mov_CharacterSystem\configs\Selector.lua	15720
C:\admirales\script_ver\script_ver\quarantine\under-review\17mov_CharacterSystem\configs\Skin.lua	275989
C:\admirales\script_ver\script_ver\quarantine\under-review\17mov_CharacterSystem\fxmanifest.lua	1987
C:\admirales\script_ver\script_ver\quarantine\under-review\17mov_CharacterSystem\locale\en.lua	18102
C:\admirales\script_ver\script_ver\quarantine\under-review\17mov_CharacterSystem\locale\pl.lua	18485
C:\admirales\script_ver\script_ver\quarantine\under-review\17mov_CharacterSystem\readme.md	749
C:\admirales\script_ver\script_ver\quarantine\under-review\17mov_CharacterSystem\server\core.lua	1765
C:\admirales\script_ver\script_ver\quarantine\under-review\17mov_CharacterSystem\server\functions.lua	11489
C:\admirales\script_ver\script_ver\quarantine\under-review\17mov_CharacterSystem\server\location.lua	3121
C:\admirales\script_ver\script_ver\quarantine\under-review\17mov_CharacterSystem\server\main.lua	140
C:\admirales\script_ver\script_ver\quarantine\under-review\17mov_CharacterSystem\server\photos.lua	4535
C:\admirales\script_ver\script_ver\quarantine\under-review\17mov_CharacterSystem\server\register.lua	6777
C:\admirales\script_ver\script_ver\quarantine\under-review\17mov_CharacterSystem\server\selector.lua	18924
C:\admirales\script_ver\script_ver\quarantine\under-review\17mov_CharacterSystem\server\skin.lua	3400
C:\admirales\script_ver\script_ver\quarantine\under-review\17mov_CharacterSystem\shared\core.lua	4108
C:\admirales\script_ver\script_ver\quarantine\under-review\17mov_CharacterSystem\shared\locale.lua	1093
C:\admirales\script_ver\script_ver\quarantine\under-review\17mov_CharacterSystem\shared\skingenerator.lua	3526
C:\admirales\script_ver\script_ver\quarantine\under-review\17mov_CharacterSystem\shared\translator.lua	44061
C:\admirales\script_ver\script_ver\quarantine\under-review\17mov_CharacterSystem\stream\_manifest_apartment_17mov.ymf	936
C:\admirales\script_ver\script_ver\quarantine\under-review\17mov_CharacterSystem\stream\ybn\17mov_apartment_mlo.ybn	43716
C:\admirales\script_ver\script_ver\quarantine\under-review\17mov_CharacterSystem\stream\ybn\17mov_dressing_room_mlo.ybn	2633
C:\admirales\script_ver\script_ver\quarantine\under-review\17mov_CharacterSystem\stream\ybn\hi@kt1_06_0.ybn	213561
C:\admirales\script_ver\script_ver\quarantine\under-review\17mov_CharacterSystem\stream\ybn\kt1_06_0.ybn	110536
C:\admirales\script_ver\script_ver\quarantine\under-review\17mov_CharacterSystem\stream\ydr\17mov_apa_table.ydr	5232
C:\admirales\script_ver\script_ver\quarantine\under-review\17mov_CharacterSystem\stream\ydr\17mov_apartment_ao.ydr	547455
C:\admirales\script_ver\script_ver\quarantine\under-review\17mov_CharacterSystem\stream\ydr\17mov_apartment_chair.ydr	67163
C:\admirales\script_ver\script_ver\quarantine\under-review\17mov_CharacterSystem\stream\ydr\17mov_apartment_door_1.ydr	20783
C:\admirales\script_ver\script_ver\quarantine\under-review\17mov_CharacterSystem\stream\ydr\17mov_apartment_door.ydr	19046
C:\admirales\script_ver\script_ver\quarantine\under-review\17mov_CharacterSystem\stream\ydr\17mov_apartment_kitchen_ao.ydr	744379
C:\admirales\script_ver\script_ver\quarantine\under-review\17mov_CharacterSystem\stream\ydr\17mov_apartment_kitchen.ydr	3768453
C:\admirales\script_ver\script_ver\quarantine\under-review\17mov_CharacterSystem\stream\ydr\17mov_apartment_shadowmap.ydr	948165
C:\admirales\script_ver\script_ver\quarantine\under-review\17mov_CharacterSystem\stream\ydr\17mov_apartment_shell.ydr	53281
C:\admirales\script_ver\script_ver\quarantine\under-review\17mov_CharacterSystem\stream\ydr\17mov_apartment_shower.ydr	1076285
C:\admirales\script_ver\script_ver\quarantine\under-review\17mov_CharacterSystem\stream\ydr\17mov_bath.ydr	149589
C:\admirales\script_ver\script_ver\quarantine\under-review\17mov_CharacterSystem\stream\ydr\17mov_bathroom_radiator.ydr	38804
C:\admirales\script_ver\script_ver\quarantine\under-review\17mov_CharacterSystem\stream\ydr\17mov_bathroom_shelf.ydr	1165539
C:\admirales\script_ver\script_ver\quarantine\under-review\17mov_CharacterSystem\stream\ydr\17mov_bathroom_sink.ydr	1119601
C:\admirales\script_ver\script_ver\quarantine\under-review\17mov_CharacterSystem\stream\ydr\17mov_bed_table.ydr	6626
C:\admirales\script_ver\script_ver\quarantine\under-review\17mov_CharacterSystem\stream\ydr\17mov_biker_barstool_04.ydr	48645
C:\admirales\script_ver\script_ver\quarantine\under-review\17mov_CharacterSystem\stream\ydr\17mov_cabinet_01b_ao.ydr	106508
C:\admirales\script_ver\script_ver\quarantine\under-review\17mov_CharacterSystem\stream\ydr\17mov_cabinet_01b.ydr	5407
C:\admirales\script_ver\script_ver\quarantine\under-review\17mov_CharacterSystem\stream\ydr\17mov_chandelier_small.ydr	147325
C:\admirales\script_ver\script_ver\quarantine\under-review\17mov_CharacterSystem\stream\ydr\17mov_chandelier.ydr	144729
C:\admirales\script_ver\script_ver\quarantine\under-review\17mov_CharacterSystem\stream\ydr\17mov_clothes_greenscreen.ydr	1240
C:\admirales\script_ver\script_ver\quarantine\under-review\17mov_CharacterSystem\stream\ydr\17mov_coffe_table.ydr	8576
C:\admirales\script_ver\script_ver\quarantine\under-review\17mov_CharacterSystem\stream\ydr\17mov_corp_lidesk01.ydr	91598
C:\admirales\script_ver\script_ver\quarantine\under-review\17mov_CharacterSystem\stream\ydr\17mov_curtain_1.ydr	1988910
C:\admirales\script_ver\script_ver\quarantine\under-review\17mov_CharacterSystem\stream\ydr\17mov_curtain_2.ydr	1343730
C:\admirales\script_ver\script_ver\quarantine\under-review\17mov_CharacterSystem\stream\ydr\17mov_curtain_3.ydr	679606
C:\admirales\script_ver\script_ver\quarantine\under-review\17mov_CharacterSystem\stream\ydr\17mov_curtain_4.ydr	679558
C:\admirales\script_ver\script_ver\quarantine\under-review\17mov_CharacterSystem\stream\ydr\17mov_curtain_cover_1.ydr	4771
C:\admirales\script_ver\script_ver\quarantine\under-review\17mov_CharacterSystem\stream\ydr\17mov_curtain_cover_2.ydr	3544
C:\admirales\script_ver\script_ver\quarantine\under-review\17mov_CharacterSystem\stream\ydr\17mov_curtain_cover_3.ydr	2409
C:\admirales\script_ver\script_ver\quarantine\under-review\17mov_CharacterSystem\stream\ydr\17mov_curtain_cover_4.ydr	2424
C:\admirales\script_ver\script_ver\quarantine\under-review\17mov_CharacterSystem\stream\ydr\17mov_dressing_room_ao.ydr	290963
C:\admirales\script_ver\script_ver\quarantine\under-review\17mov_CharacterSystem\stream\ydr\17mov_dressing_room_shadowmap.ydr	260748
C:\admirales\script_ver\script_ver\quarantine\under-review\17mov_CharacterSystem\stream\ydr\17mov_dressing_room_shell.ydr	3050
C:\admirales\script_ver\script_ver\quarantine\under-review\17mov_CharacterSystem\stream\ydr\17mov_dressing_room_wardrobe.ydr	370536
C:\admirales\script_ver\script_ver\quarantine\under-review\17mov_CharacterSystem\stream\ydr\17mov_gym_mat.ydr	5867
C:\admirales\script_ver\script_ver\quarantine\under-review\17mov_CharacterSystem\stream\ydr\17mov_hanger.ydr	260810
C:\admirales\script_ver\script_ver\quarantine\under-review\17mov_CharacterSystem\stream\ydr\17mov_mp_h_floorlamp_c.ydr	493117
C:\admirales\script_ver\script_ver\quarantine\under-review\17mov_CharacterSystem\stream\ydr\17mov_mplanttongue_small.ydr	789846
C:\admirales\script_ver\script_ver\quarantine\under-review\17mov_CharacterSystem\stream\ydr\17mov_mplanttongue.ydr	792806
C:\admirales\script_ver\script_ver\quarantine\under-review\17mov_CharacterSystem\stream\ydr\17mov_muscle_bench_01.ydr	21857
C:\admirales\script_ver\script_ver\quarantine\under-review\17mov_CharacterSystem\stream\ydr\17mov_muscle_bench_02.ydr	55805
C:\admirales\script_ver\script_ver\quarantine\under-review\17mov_CharacterSystem\stream\ydr\17mov_muscle_bench_04.ydr	123678
C:\admirales\script_ver\script_ver\quarantine\under-review\17mov_CharacterSystem\stream\ydr\17mov_muscle_bench_05.ydr	93210
C:\admirales\script_ver\script_ver\quarantine\under-review\17mov_CharacterSystem\stream\ydr\17mov_muscle_bench_06.ydr	105806
C:\admirales\script_ver\script_ver\quarantine\under-review\17mov_CharacterSystem\stream\ydr\17mov_office_shelf.ydr	6911
C:\admirales\script_ver\script_ver\quarantine\under-review\17mov_CharacterSystem\stream\ydr\17mov_outlet_1.ydr	15520
C:\admirales\script_ver\script_ver\quarantine\under-review\17mov_CharacterSystem\stream\ydr\17mov_outlet_2.ydr	11514
C:\admirales\script_ver\script_ver\quarantine\under-review\17mov_CharacterSystem\stream\ydr\17mov_oven.ydr	178546
C:\admirales\script_ver\script_ver\quarantine\under-review\17mov_CharacterSystem\stream\ydr\17mov_painting_1.ydr	410877
C:\admirales\script_ver\script_ver\quarantine\under-review\17mov_CharacterSystem\stream\ydr\17mov_painting_2.ydr	517693
C:\admirales\script_ver\script_ver\quarantine\under-review\17mov_CharacterSystem\stream\ydr\17mov_painting_3.ydr	330961
C:\admirales\script_ver\script_ver\quarantine\under-review\17mov_CharacterSystem\stream\ydr\17mov_painting_4.ydr	446619
C:\admirales\script_ver\script_ver\quarantine\under-review\17mov_CharacterSystem\stream\ydr\17mov_roof_lamp.ydr	60879
C:\admirales\script_ver\script_ver\quarantine\under-review\17mov_CharacterSystem\stream\ydr\17mov_roof_lamps.ydr	194712
C:\admirales\script_ver\script_ver\quarantine\under-review\17mov_CharacterSystem\stream\ydr\17mov_rug.ydr	1033333
C:\admirales\script_ver\script_ver\quarantine\under-review\17mov_CharacterSystem\stream\ydr\17mov_shelfs.ydr	4588
C:\admirales\script_ver\script_ver\quarantine\under-review\17mov_CharacterSystem\stream\ydr\17mov_switch.ydr	11714
C:\admirales\script_ver\script_ver\quarantine\under-review\17mov_CharacterSystem\stream\ydr\17mov_toilet.ydr	100451
C:\admirales\script_ver\script_ver\quarantine\under-review\17mov_CharacterSystem\stream\ydr\17mov_trash_bin.ydr	180915
C:\admirales\script_ver\script_ver\quarantine\under-review\17mov_CharacterSystem\stream\ydr\17mov_tre_talllamp.ydr	36975
C:\admirales\script_ver\script_ver\quarantine\under-review\17mov_CharacterSystem\stream\ydr\17mov_wait_bench_01.ydr	198336
C:\admirales\script_ver\script_ver\quarantine\under-review\17mov_CharacterSystem\stream\ydr\17mov_wall_lamp_2.ydr	1599647
C:\admirales\script_ver\script_ver\quarantine\under-review\17mov_CharacterSystem\stream\ydr\17mov_wall_lamp.ydr	48388
C:\admirales\script_ver\script_ver\quarantine\under-review\17mov_CharacterSystem\stream\ydr\17mov_wardrobe_1.ydr	412740
C:\admirales\script_ver\script_ver\quarantine\under-review\17mov_CharacterSystem\stream\ydr\17mov_wardrobe_2_ao.ydr	665293
C:\admirales\script_ver\script_ver\quarantine\under-review\17mov_CharacterSystem\stream\ydr\17mov_wardrobe_2.ydr	23668
C:\admirales\script_ver\script_ver\quarantine\under-review\17mov_CharacterSystem\stream\ydr\17mov_wardrobe_3_ao.ydr	587560
C:\admirales\script_ver\script_ver\quarantine\under-review\17mov_CharacterSystem\stream\ydr\17mov_wardrobe_3.ydr	16753
C:\admirales\script_ver\script_ver\quarantine\under-review\17mov_CharacterSystem\stream\ydr\17mov_weight_rack_01.ydr	239595
C:\admirales\script_ver\script_ver\quarantine\under-review\17mov_CharacterSystem\stream\ydr\17mov_weight_rack_02.ydr	375192
C:\admirales\script_ver\script_ver\quarantine\under-review\17mov_CharacterSystem\stream\ydr\17mov_yacht_table_lamp.ydr	443004
C:\admirales\script_ver\script_ver\quarantine\under-review\17mov_CharacterSystem\stream\ydr\kt1_06_plazabld.ydr	597467
C:\admirales\script_ver\script_ver\quarantine\under-review\17mov_CharacterSystem\stream\ymap\17mov_apartment_mlo_location.ymap	1161
C:\admirales\script_ver\script_ver\quarantine\under-review\17mov_CharacterSystem\stream\ymap\17mov_dressing_room_mlo_location.ymap	1164
C:\admirales\script_ver\script_ver\quarantine\under-review\17mov_CharacterSystem\stream\ymap\hei_kt1_occl_02.ymap	14474
C:\admirales\script_ver\script_ver\quarantine\under-review\17mov_CharacterSystem\stream\ytd\17mov_apartment_2_txd.ytd	4747406
C:\admirales\script_ver\script_ver\quarantine\under-review\17mov_CharacterSystem\stream\ytd\17mov_apartment_3_txd.ytd	3593957
C:\admirales\script_ver\script_ver\quarantine\under-review\17mov_CharacterSystem\stream\ytd\17mov_apartment_txd.ytd	3624225
C:\admirales\script_ver\script_ver\quarantine\under-review\17mov_CharacterSystem\stream\ytyp\17mov_apartment_items.ytyp	4113
C:\admirales\script_ver\script_ver\quarantine\under-review\17mov_CharacterSystem\stream\ytyp\17mov_apartment_ytyp.ytyp	9867
C:\admirales\script_ver\script_ver\quarantine\under-review\17mov_CharacterSystem\stream\ytyp\17mov_clothes_greenscreen.ytyp	481
C:\admirales\script_ver\script_ver\quarantine\under-review\17mov_CharacterSystem\stream\ytyp\17mov_dressing_room_ytyp.ytyp	2768
C:\admirales\script_ver\script_ver\quarantine\under-review\17mov_CharacterSystem\web\assets\AgencyFB-Bold-BzjPAdkr.ttf	48072
C:\admirales\script_ver\script_ver\quarantine\under-review\17mov_CharacterSystem\web\assets\Akrobat-Black-vauZtut9.ttf	88344
C:\admirales\script_ver\script_ver\quarantine\under-review\17mov_CharacterSystem\web\assets\Akrobat-Bold-yH3JJFuY.ttf	88272
C:\admirales\script_ver\script_ver\quarantine\under-review\17mov_CharacterSystem\web\assets\Akrobat-ExtraLight-CsMRAUrH.ttf	84364
C:\admirales\script_ver\script_ver\quarantine\under-review\17mov_CharacterSystem\web\assets\Akrobat-Light-D4Xkb5zu.ttf	84300
C:\admirales\script_ver\script_ver\quarantine\under-review\17mov_CharacterSystem\web\assets\Akrobat-Regular-By2pXUBQ.ttf	83892
C:\admirales\script_ver\script_ver\quarantine\under-review\17mov_CharacterSystem\web\assets\Akrobat-SemiBold-lEf_vMEA.ttf	87412
C:\admirales\script_ver\script_ver\quarantine\under-review\17mov_CharacterSystem\web\assets\Akrobat-Thin-DRvBZ_jB.ttf	84808
C:\admirales\script_ver\script_ver\quarantine\under-review\17mov_CharacterSystem\web\assets\background1-Cy8WezO-.png	83827
C:\admirales\script_ver\script_ver\quarantine\under-review\17mov_CharacterSystem\web\assets\background2-BSYZCEFA.jpg	607745
C:\admirales\script_ver\script_ver\quarantine\under-review\17mov_CharacterSystem\web\assets\Gilroy-Black-CUfVRAQt.ttf	131924
C:\admirales\script_ver\script_ver\quarantine\under-review\17mov_CharacterSystem\web\assets\Gilroy-BlackItalic-cjNLRx1R.ttf	139308
C:\admirales\script_ver\script_ver\quarantine\under-review\17mov_CharacterSystem\web\assets\Gilroy-Bold-yXpx-Icw.ttf	137256
C:\admirales\script_ver\script_ver\quarantine\under-review\17mov_CharacterSystem\web\assets\Gilroy-BoldItalic-Coca13HG.ttf	150396
C:\admirales\script_ver\script_ver\quarantine\under-review\17mov_CharacterSystem\web\assets\Gilroy-ExtraBold-C3mOj7sV.ttf	133044
C:\admirales\script_ver\script_ver\quarantine\under-review\17mov_CharacterSystem\web\assets\Gilroy-ExtraBoldItalic-BlFqS295.ttf	145560
C:\admirales\script_ver\script_ver\quarantine\under-review\17mov_CharacterSystem\web\assets\Gilroy-Light-DVwvzZ-0.ttf	147128
C:\admirales\script_ver\script_ver\quarantine\under-review\17mov_CharacterSystem\web\assets\Gilroy-LightItalic-DtyHPyQI.ttf	163840
C:\admirales\script_ver\script_ver\quarantine\under-review\17mov_CharacterSystem\web\assets\Gilroy-Medium-D7PbV1sv.ttf	143724
C:\admirales\script_ver\script_ver\quarantine\under-review\17mov_CharacterSystem\web\assets\Gilroy-MediumItalic-Dn3kP8D5.ttf	158800
C:\admirales\script_ver\script_ver\quarantine\under-review\17mov_CharacterSystem\web\assets\Gilroy-Regular-D-tpQJef.ttf	145148
C:\admirales\script_ver\script_ver\quarantine\under-review\17mov_CharacterSystem\web\assets\Gilroy-RegularItalic-hORoWKIa.ttf	163684
C:\admirales\script_ver\script_ver\quarantine\under-review\17mov_CharacterSystem\web\assets\Gilroy-SemiBold-Rj2UL15y.ttf	139820
C:\admirales\script_ver\script_ver\quarantine\under-review\17mov_CharacterSystem\web\assets\Gilroy-SemiBoldItalic-CFg7est1.ttf	153272
C:\admirales\script_ver\script_ver\quarantine\under-review\17mov_CharacterSystem\web\assets\Gilroy-Thin-DG3iQGn8.ttf	150092
C:\admirales\script_ver\script_ver\quarantine\under-review\17mov_CharacterSystem\web\assets\Gilroy-ThinItalic-gF9dk6JJ.ttf	166064
C:\admirales\script_ver\script_ver\quarantine\under-review\17mov_CharacterSystem\web\assets\Gilroy-UltraLight-CIPbampK.ttf	149692
C:\admirales\script_ver\script_ver\quarantine\under-review\17mov_CharacterSystem\web\assets\Gilroy-UltraLightItalic-C7djAx-E.ttf	167608
C:\admirales\script_ver\script_ver\quarantine\under-review\17mov_CharacterSystem\web\assets\index-DmYTjsZA.css	26981
C:\admirales\script_ver\script_ver\quarantine\under-review\17mov_CharacterSystem\web\assets\index-DnAepNzs.js	4230228
C:\admirales\script_ver\script_ver\quarantine\under-review\17mov_CharacterSystem\web\assets\map-P8V5abhJ.png	550498
C:\admirales\script_ver\script_ver\quarantine\under-review\17mov_CharacterSystem\web\assets\Morganite-Black-YaGpgsEO.woff	36924
C:\admirales\script_ver\script_ver\quarantine\under-review\17mov_CharacterSystem\web\assets\Morganite-BlackItalic-DCkg71mh.woff	33112
C:\admirales\script_ver\script_ver\quarantine\under-review\17mov_CharacterSystem\web\assets\Morganite-Bold-BLtegPUl.woff	36848
C:\admirales\script_ver\script_ver\quarantine\under-review\17mov_CharacterSystem\web\assets\Morganite-BoldItalic-K-NUd_Rr.woff	34208
C:\admirales\script_ver\script_ver\quarantine\under-review\17mov_CharacterSystem\web\assets\Morganite-ExtraBold-CSio34JE.woff	36456
C:\admirales\script_ver\script_ver\quarantine\under-review\17mov_CharacterSystem\web\assets\Morganite-ExtraBoldItalic-DTjtTka5.woff	33304
C:\admirales\script_ver\script_ver\quarantine\under-review\17mov_CharacterSystem\web\assets\Morganite-ExtraLight-Db7Mi1T_.woff	34612
C:\admirales\script_ver\script_ver\quarantine\under-review\17mov_CharacterSystem\web\assets\Morganite-ExtraLightItalic-DrynbDQd.woff	32680
C:\admirales\script_ver\script_ver\quarantine\under-review\17mov_CharacterSystem\web\assets\Morganite-Light-C01nSzro.woff	36056
C:\admirales\script_ver\script_ver\quarantine\under-review\17mov_CharacterSystem\web\assets\Morganite-LightItalic-ChmJWhnj.woff	33592
C:\admirales\script_ver\script_ver\quarantine\under-review\17mov_CharacterSystem\web\assets\Morganite-Medium-D5BTPMap.woff	36328
C:\admirales\script_ver\script_ver\quarantine\under-review\17mov_CharacterSystem\web\assets\Morganite-MediumItalic-_75JgR3-.woff	33336
C:\admirales\script_ver\script_ver\quarantine\under-review\17mov_CharacterSystem\web\assets\Morganite-SemiBold-FEayMBfw.woff	36976
C:\admirales\script_ver\script_ver\quarantine\under-review\17mov_CharacterSystem\web\assets\Morganite-SemiBoldItalic-BP4fLRIF.woff	33508
C:\admirales\script_ver\script_ver\quarantine\under-review\17mov_CharacterSystem\web\assets\Morganite-Thin-Dn6K-91b.woff	30340
C:\admirales\script_ver\script_ver\quarantine\under-review\17mov_CharacterSystem\web\assets\Morganite-ThinItalic-CgqR-PcC.woff	31496
C:\admirales\script_ver\script_ver\quarantine\under-review\17mov_CharacterSystem\web\colors.css	639
C:\admirales\script_ver\script_ver\quarantine\under-review\17mov_CharacterSystem\web\images\AccessoriesIcon.svg	1647
C:\admirales\script_ver\script_ver\quarantine\under-review\17mov_CharacterSystem\web\images\BodyIcon.svg	698
C:\admirales\script_ver\script_ver\quarantine\under-review\17mov_CharacterSystem\web\images\ClothesIcon.svg	716
C:\admirales\script_ver\script_ver\quarantine\under-review\17mov_CharacterSystem\web\images\DnaIcon.svg	2967
C:\admirales\script_ver\script_ver\quarantine\under-review\17mov_CharacterSystem\web\index.html	425
C:\admirales\script_ver\script_ver\quarantine\under-review\17mov_CharacterSystem\web\loadingscreen\config.json	2632
C:\admirales\script_ver\script_ver\quarantine\under-review\17mov_CharacterSystem\web\loadingscreen\images\background1.webp	246996
C:\admirales\script_ver\script_ver\quarantine\under-review\17mov_CharacterSystem\web\loadingscreen\images\background2.webp	290820
C:\admirales\script_ver\script_ver\quarantine\under-review\17mov_CharacterSystem\web\loadingscreen\images\background3.webp	188938
C:\admirales\script_ver\script_ver\quarantine\under-review\17mov_CharacterSystem\web\loadingscreen\images\background4.webp	128038
C:\admirales\script_ver\script_ver\quarantine\under-review\17mov_CharacterSystem\web\loadingscreen\images\background5.webp	118888
C:\admirales\script_ver\script_ver\quarantine\under-review\17mov_CharacterSystem\web\loadingscreen\images\logo.webp	2764
C:\admirales\script_ver\script_ver\quarantine\under-review\17mov_CharacterSystem\web\loadingscreen\loading.mp4	16949824
C:\admirales\script_ver\script_ver\quarantine\under-review\17mov_CharacterSystem\web\loadingscreen\songs\fun_fun_fun.jpg	94026
C:\admirales\script_ver\script_ver\quarantine\under-review\17mov_CharacterSystem\web\loadingscreen\songs\fun_fun_fun.mp3	3781581
C:\admirales\script_ver\script_ver\quarantine\under-review\17mov_CharacterSystem\web\loadingscreen\songs\hot_for_a_min.jpg	98509
C:\admirales\script_ver\script_ver\quarantine\under-review\17mov_CharacterSystem\web\loadingscreen\songs\hot_for_a_min.mp3	2924076
C:\admirales\script_ver\script_ver\quarantine\under-review\17mov_CharacterSystem\web\loadingscreen\songs\look_at_that.jpg	125245
C:\admirales\script_ver\script_ver\quarantine\under-review\17mov_CharacterSystem\web\loadingscreen\songs\look_at_that.mp3	2659199
C:\admirales\script_ver\script_ver\quarantine\under-review\17mov_CharacterSystem\web\loadingscreen\songs\OMG.jpg	123842
C:\admirales\script_ver\script_ver\quarantine\under-review\17mov_CharacterSystem\web\loadingscreen\songs\OMG.mp3	3117698
C:\admirales\script_ver\script_ver\quarantine\under-review\17mov_CharacterSystem\web\loadingscreen\songs\Pilot.jpg	116880
C:\admirales\script_ver\script_ver\quarantine\under-review\17mov_CharacterSystem\web\loadingscreen\songs\Pilot.mp3	3832878
C:\admirales\script_ver\script_ver\quarantine\under-review\17mov_CharacterSystem\web\photos\mp_f_freemode_01-arms-0.webp	1924
C:\admirales\script_ver\script_ver\quarantine\under-review\17mov_CharacterSystem\web\photos\mp_f_freemode_01-arms-1.webp	1880
C:\admirales\script_ver\script_ver\quarantine\under-review\17mov_CharacterSystem\web\photos\mp_f_freemode_01-arms-10.webp	782
C:\admirales\script_ver\script_ver\quarantine\under-review\17mov_CharacterSystem\web\photos\mp_f_freemode_01-arms-100.webp	2308
C:\admirales\script_ver\script_ver\quarantine\under-review\17mov_CharacterSystem\web\photos\mp_f_freemode_01-arms-101.webp	1406
C:\admirales\script_ver\script_ver\quarantine\under-review\17mov_CharacterSystem\web\photos\mp_f_freemode_01-arms-102.webp	2400
C:\admirales\script_ver\script_ver\quarantine\under-review\17mov_CharacterSystem\web\photos\mp_f_freemode_01-arms-103.webp	2186
C:\admirales\script_ver\script_ver\quarantine\under-review\17mov_CharacterSystem\web\photos\mp_f_freemode_01-arms-104.webp	2022
C:\admirales\script_ver\script_ver\quarantine\under-review\17mov_CharacterSystem\web\photos\mp_f_freemode_01-arms-105.webp	1866
C:\admirales\script_ver\script_ver\quarantine\under-review\17mov_CharacterSystem\web\photos\mp_f_freemode_01-arms-106.webp	2070
C:\admirales\script_ver\script_ver\quarantine\under-review\17mov_CharacterSystem\web\photos\mp_f_freemode_01-arms-107.webp	2216
C:\admirales\script_ver\script_ver\quarantine\under-review\17mov_CharacterSystem\web\photos\mp_f_freemode_01-arms-108.webp	2406
C:\admirales\script_ver\script_ver\quarantine\under-review\17mov_CharacterSystem\web\photos\mp_f_freemode_01-arms-109.webp	2096
C:\admirales\script_ver\script_ver\quarantine\under-review\17mov_CharacterSystem\web\photos\mp_f_freemode_01-arms-11.webp	2178
C:\admirales\script_ver\script_ver\quarantine\under-review\17mov_CharacterSystem\web\photos\mp_f_freemode_01-arms-110.webp	2256
C:\admirales\script_ver\script_ver\quarantine\under-review\17mov_CharacterSystem\web\photos\mp_f_freemode_01-arms-111.webp	1292
C:\admirales\script_ver\script_ver\quarantine\under-review\17mov_CharacterSystem\web\photos\mp_f_freemode_01-arms-112.webp	1676
C:\admirales\script_ver\script_ver\quarantine\under-review\17mov_CharacterSystem\web\photos\mp_f_freemode_01-arms-113.webp	1660
C:\admirales\script_ver\script_ver\quarantine\under-review\17mov_CharacterSystem\web\photos\mp_f_freemode_01-arms-114.webp	2182
C:\admirales\script_ver\script_ver\quarantine\under-review\17mov_CharacterSystem\web\photos\mp_f_freemode_01-arms-115.webp	1790
C:\admirales\script_ver\script_ver\quarantine\under-review\17mov_CharacterSystem\web\photos\mp_f_freemode_01-arms-116.webp	2062
C:\admirales\script_ver\script_ver\quarantine\under-review\17mov_CharacterSystem\web\photos\mp_f_freemode_01-arms-117.webp	1294
C:\admirales\script_ver\script_ver\quarantine\under-review\17mov_CharacterSystem\web\photos\mp_f_freemode_01-arms-118.webp	2192
C:\admirales\script_ver\script_ver\quarantine\under-review\17mov_CharacterSystem\web\photos\mp_f_freemode_01-arms-119.webp	2044
C:\admirales\script_ver\script_ver\quarantine\under-review\17mov_CharacterSystem\web\photos\mp_f_freemode_01-arms-12.webp	2294
C:\admirales\script_ver\script_ver\quarantine\under-review\17mov_CharacterSystem\web\photos\mp_f_freemode_01-arms-120.webp	1900
C:\admirales\script_ver\script_ver\quarantine\under-review\17mov_CharacterSystem\web\photos\mp_f_freemode_01-arms-121.webp	1708
C:\admirales\script_ver\script_ver\quarantine\under-review\17mov_CharacterSystem\web\photos\mp_f_freemode_01-arms-122.webp	1914
C:\admirales\script_ver\script_ver\quarantine\under-review\17mov_CharacterSystem\web\photos\mp_f_freemode_01-arms-123.webp	2064
C:\admirales\script_ver\script_ver\quarantine\under-review\17mov_CharacterSystem\web\photos\mp_f_freemode_01-arms-124.webp	2284
C:\admirales\script_ver\script_ver\quarantine\under-review\17mov_CharacterSystem\web\photos\mp_f_freemode_01-arms-125.webp	1886
C:\admirales\script_ver\script_ver\quarantine\under-review\17mov_CharacterSystem\web\photos\mp_f_freemode_01-arms-126.webp	2120
C:\admirales\script_ver\script_ver\quarantine\under-review\17mov_CharacterSystem\web\photos\mp_f_freemode_01-arms-127.webp	1936
C:\admirales\script_ver\script_ver\quarantine\under-review\17mov_CharacterSystem\web\photos\mp_f_freemode_01-arms-128.webp	1878
C:\admirales\script_ver\script_ver\quarantine\under-review\17mov_CharacterSystem\web\photos\mp_f_freemode_01-arms-129.webp	2356
C:\admirales\script_ver\script_ver\quarantine\under-review\17mov_CharacterSystem\web\photos\mp_f_freemode_01-arms-13.webp	782
C:\admirales\script_ver\script_ver\quarantine\under-review\17mov_CharacterSystem\web\photos\mp_f_freemode_01-arms-130.webp	2324
C:\admirales\script_ver\script_ver\quarantine\under-review\17mov_CharacterSystem\web\photos\mp_f_freemode_01-arms-131.webp	2328
C:\admirales\script_ver\script_ver\quarantine\under-review\17mov_CharacterSystem\web\photos\mp_f_freemode_01-arms-132.webp	2340
C:\admirales\script_ver\script_ver\quarantine\under-review\17mov_CharacterSystem\web\photos\mp_f_freemode_01-arms-133.webp	2286
C:\admirales\script_ver\script_ver\quarantine\under-review\17mov_CharacterSystem\web\photos\mp_f_freemode_01-arms-134.webp	2268
C:\admirales\script_ver\script_ver\quarantine\under-review\17mov_CharacterSystem\web\photos\mp_f_freemode_01-arms-135.webp	2352
C:\admirales\script_ver\script_ver\quarantine\under-review\17mov_CharacterSystem\web\photos\mp_f_freemode_01-arms-136.webp	2446
C:\admirales\script_ver\script_ver\quarantine\under-review\17mov_CharacterSystem\web\photos\mp_f_freemode_01-arms-137.webp	2360
C:\admirales\script_ver\script_ver\quarantine\under-review\17mov_CharacterSystem\web\photos\mp_f_freemode_01-arms-138.webp	2370
C:\admirales\script_ver\script_ver\quarantine\under-review\17mov_CharacterSystem\web\photos\mp_f_freemode_01-arms-139.webp	2336
C:\admirales\script_ver\script_ver\quarantine\under-review\17mov_CharacterSystem\web\photos\mp_f_freemode_01-arms-14.webp	1990
C:\admirales\script_ver\script_ver\quarantine\under-review\17mov_CharacterSystem\web\photos\mp_f_freemode_01-arms-140.webp	2280
C:\admirales\script_ver\script_ver\quarantine\under-review\17mov_CharacterSystem\web\photos\mp_f_freemode_01-arms-141.webp	2264
C:\admirales\script_ver\script_ver\quarantine\under-review\17mov_CharacterSystem\web\photos\mp_f_freemode_01-arms-142.webp	2240
C:\admirales\script_ver\script_ver\quarantine\under-review\17mov_CharacterSystem\web\photos\mp_f_freemode_01-arms-143.webp	2392
C:\admirales\script_ver\script_ver\quarantine\under-review\17mov_CharacterSystem\web\photos\mp_f_freemode_01-arms-144.webp	2426
C:\admirales\script_ver\script_ver\quarantine\under-review\17mov_CharacterSystem\web\photos\mp_f_freemode_01-arms-145.webp	2402
C:\admirales\script_ver\script_ver\quarantine\under-review\17mov_CharacterSystem\web\photos\mp_f_freemode_01-arms-146.webp	2076
C:\admirales\script_ver\script_ver\quarantine\under-review\17mov_CharacterSystem\web\photos\mp_f_freemode_01-arms-147.webp	2014
C:\admirales\script_ver\script_ver\quarantine\under-review\17mov_CharacterSystem\web\photos\mp_f_freemode_01-arms-148.webp	1998
C:\admirales\script_ver\script_ver\quarantine\under-review\17mov_CharacterSystem\web\photos\mp_f_freemode_01-arms-149.webp	2286
C:\admirales\script_ver\script_ver\quarantine\under-review\17mov_CharacterSystem\web\photos\mp_f_freemode_01-arms-15.webp	2204
C:\admirales\script_ver\script_ver\quarantine\under-review\17mov_CharacterSystem\web\photos\mp_f_freemode_01-arms-150.webp	2196
C:\admirales\script_ver\script_ver\quarantine\under-review\17mov_CharacterSystem\web\photos\mp_f_freemode_01-arms-151.webp	2106
C:\admirales\script_ver\script_ver\quarantine\under-review\17mov_CharacterSystem\web\photos\mp_f_freemode_01-arms-152.webp	2128
C:\admirales\script_ver\script_ver\quarantine\under-review\17mov_CharacterSystem\web\photos\mp_f_freemode_01-arms-153.webp	2258
C:\admirales\script_ver\script_ver\quarantine\under-review\17mov_CharacterSystem\web\photos\mp_f_freemode_01-arms-154.webp	2228
C:\admirales\script_ver\script_ver\quarantine\under-review\17mov_CharacterSystem\web\photos\mp_f_freemode_01-arms-155.webp	2136
C:\admirales\script_ver\script_ver\quarantine\under-review\17mov_CharacterSystem\web\photos\mp_f_freemode_01-arms-156.webp	2142
C:\admirales\script_ver\script_ver\quarantine\under-review\17mov_CharacterSystem\web\photos\mp_f_freemode_01-arms-157.webp	2244
C:\admirales\script_ver\script_ver\quarantine\under-review\17mov_CharacterSystem\web\photos\mp_f_freemode_01-arms-158.webp	2314
C:\admirales\script_ver\script_ver\quarantine\under-review\17mov_CharacterSystem\web\photos\mp_f_freemode_01-arms-159.webp	2250
C:\admirales\script_ver\script_ver\quarantine\under-review\17mov_CharacterSystem\web\photos\mp_f_freemode_01-arms-16.webp	1996
C:\admirales\script_ver\script_ver\quarantine\under-review\17mov_CharacterSystem\web\photos\mp_f_freemode_01-arms-160.webp	2244
C:\admirales\script_ver\script_ver\quarantine\under-review\17mov_CharacterSystem\web\photos\mp_f_freemode_01-arms-161.webp	2284
C:\admirales\script_ver\script_ver\quarantine\under-review\17mov_CharacterSystem\web\photos\mp_f_freemode_01-arms-162.webp	2276
C:\admirales\script_ver\script_ver\quarantine\under-review\17mov_CharacterSystem\web\photos\mp_f_freemode_01-arms-163.webp	2208
C:\admirales\script_ver\script_ver\quarantine\under-review\17mov_CharacterSystem\web\photos\mp_f_freemode_01-arms-164.webp	2200
C:\admirales\script_ver\script_ver\quarantine\under-review\17mov_CharacterSystem\web\photos\mp_f_freemode_01-arms-165.webp	2300
C:\admirales\script_ver\script_ver\quarantine\under-review\17mov_CharacterSystem\web\photos\mp_f_freemode_01-arms-166.webp	2366
C:\admirales\script_ver\script_ver\quarantine\under-review\17mov_CharacterSystem\web\photos\mp_f_freemode_01-arms-167.webp	2306
C:\admirales\script_ver\script_ver\quarantine\under-review\17mov_CharacterSystem\web\photos\mp_f_freemode_01-arms-168.webp	2302
C:\admirales\script_ver\script_ver\quarantine\under-review\17mov_CharacterSystem\web\photos\mp_f_freemode_01-arms-169.webp	2314
C:\admirales\script_ver\script_ver\quarantine\under-review\17mov_CharacterSystem\web\photos\mp_f_freemode_01-arms-17.webp	1408
C:\admirales\script_ver\script_ver\quarantine\under-review\17mov_CharacterSystem\web\photos\mp_f_freemode_01-arms-170.webp	2382
C:\admirales\script_ver\script_ver\quarantine\under-review\17mov_CharacterSystem\web\photos\mp_f_freemode_01-arms-171.webp	2460
C:\admirales\script_ver\script_ver\quarantine\under-review\17mov_CharacterSystem\web\photos\mp_f_freemode_01-arms-172.webp	2024
C:\admirales\script_ver\script_ver\quarantine\under-review\17mov_CharacterSystem\web\photos\mp_f_freemode_01-arms-173.webp	2258
C:\admirales\script_ver\script_ver\quarantine\under-review\17mov_CharacterSystem\web\photos\mp_f_freemode_01-arms-174.webp	1476
C:\admirales\script_ver\script_ver\quarantine\under-review\17mov_CharacterSystem\web\photos\mp_f_freemode_01-arms-175.webp	2466
C:\admirales\script_ver\script_ver\quarantine\under-review\17mov_CharacterSystem\web\photos\mp_f_freemode_01-arms-176.webp	2246
C:\admirales\script_ver\script_ver\quarantine\under-review\17mov_CharacterSystem\web\photos\mp_f_freemode_01-arms-177.webp	2070
C:\admirales\script_ver\script_ver\quarantine\under-review\17mov_CharacterSystem\web\photos\mp_f_freemode_01-arms-178.webp	1934
C:\admirales\script_ver\script_ver\quarantine\under-review\17mov_CharacterSystem\web\photos\mp_f_freemode_01-arms-179.webp	2070
C:\admirales\script_ver\script_ver\quarantine\under-review\17mov_CharacterSystem\web\photos\mp_f_freemode_01-arms-18.webp	1260
C:\admirales\script_ver\script_ver\quarantine\under-review\17mov_CharacterSystem\web\photos\mp_f_freemode_01-arms-180.webp	2284
C:\admirales\script_ver\script_ver\quarantine\under-review\17mov_CharacterSystem\web\photos\mp_f_freemode_01-arms-181.webp	2504
C:\admirales\script_ver\script_ver\quarantine\under-review\17mov_CharacterSystem\web\photos\mp_f_freemode_01-arms-182.webp	2094
C:\admirales\script_ver\script_ver\quarantine\under-review\17mov_CharacterSystem\web\photos\mp_f_freemode_01-arms-183.webp	2452
C:\admirales\script_ver\script_ver\quarantine\under-review\17mov_CharacterSystem\web\photos\mp_f_freemode_01-arms-184.webp	2506
C:\admirales\script_ver\script_ver\quarantine\under-review\17mov_CharacterSystem\web\photos\mp_f_freemode_01-arms-185.webp	2190
C:\admirales\script_ver\script_ver\quarantine\under-review\17mov_CharacterSystem\web\photos\mp_f_freemode_01-arms-186.webp	2304
C:\admirales\script_ver\script_ver\quarantine\under-review\17mov_CharacterSystem\web\photos\mp_f_freemode_01-arms-187.webp	2520
C:\admirales\script_ver\script_ver\quarantine\under-review\17mov_CharacterSystem\web\photos\mp_f_freemode_01-arms-188.webp	2146
C:\admirales\script_ver\script_ver\quarantine\under-review\17mov_CharacterSystem\web\photos\mp_f_freemode_01-arms-189.webp	2334
C:\admirales\script_ver\script_ver\quarantine\under-review\17mov_CharacterSystem\web\photos\mp_f_freemode_01-arms-19.webp	1352
C:\admirales\script_ver\script_ver\quarantine\under-review\17mov_CharacterSystem\web\photos\mp_f_freemode_01-arms-190.webp	1534
C:\admirales\script_ver\script_ver\quarantine\under-review\17mov_CharacterSystem\web\photos\mp_f_freemode_01-arms-191.webp	2528
C:\admirales\script_ver\script_ver\quarantine\under-review\17mov_CharacterSystem\web\photos\mp_f_freemode_01-arms-192.webp	2306
C:\admirales\script_ver\script_ver\quarantine\under-review\17mov_CharacterSystem\web\photos\mp_f_freemode_01-arms-193.webp	2134
C:\admirales\script_ver\script_ver\quarantine\under-review\17mov_CharacterSystem\web\photos\mp_f_freemode_01-arms-194.webp	2008
C:\admirales\script_ver\script_ver\quarantine\under-review\17mov_CharacterSystem\web\photos\mp_f_freemode_01-arms-195.webp	2134
C:\admirales\script_ver\script_ver\quarantine\under-review\17mov_CharacterSystem\web\photos\mp_f_freemode_01-arms-196.webp	2360
C:\admirales\script_ver\script_ver\quarantine\under-review\17mov_CharacterSystem\web\photos\mp_f_freemode_01-arms-197.webp	2576
C:\admirales\script_ver\script_ver\quarantine\under-review\17mov_CharacterSystem\web\photos\mp_f_freemode_01-arms-198.webp	2176
C:\admirales\script_ver\script_ver\quarantine\under-review\17mov_CharacterSystem\web\photos\mp_f_freemode_01-arms-199.webp	2522
C:\admirales\script_ver\script_ver\quarantine\under-review\17mov_CharacterSystem\web\photos\mp_f_freemode_01-arms-2.webp	2160
C:\admirales\script_ver\script_ver\quarantine\under-review\17mov_CharacterSystem\web\photos\mp_f_freemode_01-arms-20.webp	2354
C:\admirales\script_ver\script_ver\quarantine\under-review\17mov_CharacterSystem\web\photos\mp_f_freemode_01-arms-200.webp	2542
C:\admirales\script_ver\script_ver\quarantine\under-review\17mov_CharacterSystem\web\photos\mp_f_freemode_01-arms-201.webp	2262
C:\admirales\script_ver\script_ver\quarantine\under-review\17mov_CharacterSystem\web\photos\mp_f_freemode_01-arms-202.webp	2404
C:\admirales\script_ver\script_ver\quarantine\under-review\17mov_CharacterSystem\web\photos\mp_f_freemode_01-arms-203.webp	2356
C:\admirales\script_ver\script_ver\quarantine\under-review\17mov_CharacterSystem\web\photos\mp_f_freemode_01-arms-204.webp	2432
C:\admirales\script_ver\script_ver\quarantine\under-review\17mov_CharacterSystem\web\photos\mp_f_freemode_01-arms-205.webp	2494
C:\admirales\script_ver\script_ver\quarantine\under-review\17mov_CharacterSystem\web\photos\mp_f_freemode_01-arms-206.webp	1538
C:\admirales\script_ver\script_ver\quarantine\under-review\17mov_CharacterSystem\web\photos\mp_f_freemode_01-arms-207.webp	1558
C:\admirales\script_ver\script_ver\quarantine\under-review\17mov_CharacterSystem\web\photos\mp_f_freemode_01-arms-208.webp	1880
C:\admirales\script_ver\script_ver\quarantine\under-review\17mov_CharacterSystem\web\photos\mp_f_freemode_01-arms-209.webp	1884
C:\admirales\script_ver\script_ver\quarantine\under-review\17mov_CharacterSystem\web\photos\mp_f_freemode_01-arms-21.webp	1890
C:\admirales\script_ver\script_ver\quarantine\under-review\17mov_CharacterSystem\web\photos\mp_f_freemode_01-arms-210.webp	2216
C:\admirales\script_ver\script_ver\quarantine\under-review\17mov_CharacterSystem\web\photos\mp_f_freemode_01-arms-211.webp	2232
C:\admirales\script_ver\script_ver\quarantine\under-review\17mov_CharacterSystem\web\photos\mp_f_freemode_01-arms-212.webp	2242
C:\admirales\script_ver\script_ver\quarantine\under-review\17mov_CharacterSystem\web\photos\mp_f_freemode_01-arms-213.webp	1882
C:\admirales\script_ver\script_ver\quarantine\under-review\17mov_CharacterSystem\web\photos\mp_f_freemode_01-arms-214.webp	2056
C:\admirales\script_ver\script_ver\quarantine\under-review\17mov_CharacterSystem\web\photos\mp_f_freemode_01-arms-215.webp	1264
C:\admirales\script_ver\script_ver\quarantine\under-review\17mov_CharacterSystem\web\photos\mp_f_freemode_01-arms-216.webp	2298
C:\admirales\script_ver\script_ver\quarantine\under-review\17mov_CharacterSystem\web\photos\mp_f_freemode_01-arms-217.webp	2058
C:\admirales\script_ver\script_ver\quarantine\under-review\17mov_CharacterSystem\web\photos\mp_f_freemode_01-arms-218.webp	1908
C:\admirales\script_ver\script_ver\quarantine\under-review\17mov_CharacterSystem\web\photos\mp_f_freemode_01-arms-219.webp	1738
C:\admirales\script_ver\script_ver\quarantine\under-review\17mov_CharacterSystem\web\photos\mp_f_freemode_01-arms-22.webp	2178
C:\admirales\script_ver\script_ver\quarantine\under-review\17mov_CharacterSystem\web\photos\mp_f_freemode_01-arms-220.webp	1866
C:\admirales\script_ver\script_ver\quarantine\under-review\17mov_CharacterSystem\web\photos\mp_f_freemode_01-arms-221.webp	2080
C:\admirales\script_ver\script_ver\quarantine\under-review\17mov_CharacterSystem\web\photos\mp_f_freemode_01-arms-222.webp	2360
C:\admirales\script_ver\script_ver\quarantine\under-review\17mov_CharacterSystem\web\photos\mp_f_freemode_01-arms-223.webp	1912
C:\admirales\script_ver\script_ver\quarantine\under-review\17mov_CharacterSystem\web\photos\mp_f_freemode_01-arms-224.webp	2294
C:\admirales\script_ver\script_ver\quarantine\under-review\17mov_CharacterSystem\web\photos\mp_f_freemode_01-arms-225.webp	2292
C:\admirales\script_ver\script_ver\quarantine\under-review\17mov_CharacterSystem\web\photos\mp_f_freemode_01-arms-226.webp	2008
C:\admirales\script_ver\script_ver\quarantine\under-review\17mov_CharacterSystem\web\photos\mp_f_freemode_01-arms-227.webp	2144
C:\admirales\script_ver\script_ver\quarantine\under-review\17mov_CharacterSystem\web\photos\mp_f_freemode_01-arms-228.webp	2194
C:\admirales\script_ver\script_ver\quarantine\under-review\17mov_CharacterSystem\web\photos\mp_f_freemode_01-arms-229.webp	2128
C:\admirales\script_ver\script_ver\quarantine\under-review\17mov_CharacterSystem\web\photos\mp_f_freemode_01-arms-23.webp	1354
C:\admirales\script_ver\script_ver\quarantine\under-review\17mov_CharacterSystem\web\photos\mp_f_freemode_01-arms-230.webp	2130
C:\admirales\script_ver\script_ver\quarantine\under-review\17mov_CharacterSystem\web\photos\mp_f_freemode_01-arms-231.webp	2074
C:\admirales\script_ver\script_ver\quarantine\under-review\17mov_CharacterSystem\web\photos\mp_f_freemode_01-arms-232.webp	2056
C:\admirales\script_ver\script_ver\quarantine\under-review\17mov_CharacterSystem\web\photos\mp_f_freemode_01-arms-233.webp	2118
C:\admirales\script_ver\script_ver\quarantine\under-review\17mov_CharacterSystem\web\photos\mp_f_freemode_01-arms-234.webp	2254
C:\admirales\script_ver\script_ver\quarantine\under-review\17mov_CharacterSystem\web\photos\mp_f_freemode_01-arms-235.webp	2162
C:\admirales\script_ver\script_ver\quarantine\under-review\17mov_CharacterSystem\web\photos\mp_f_freemode_01-arms-236.webp	2170
C:\admirales\script_ver\script_ver\quarantine\under-review\17mov_CharacterSystem\web\photos\mp_f_freemode_01-arms-237.webp	2266
C:\admirales\script_ver\script_ver\quarantine\under-review\17mov_CharacterSystem\web\photos\mp_f_freemode_01-arms-238.webp	2340
C:\admirales\script_ver\script_ver\quarantine\under-review\17mov_CharacterSystem\web\photos\mp_f_freemode_01-arms-239.webp	2102
C:\admirales\script_ver\script_ver\quarantine\under-review\17mov_CharacterSystem\web\photos\mp_f_freemode_01-arms-24.webp	2414
C:\admirales\script_ver\script_ver\quarantine\under-review\17mov_CharacterSystem\web\photos\mp_f_freemode_01-arms-240.webp	1636
C:\admirales\script_ver\script_ver\quarantine\under-review\17mov_CharacterSystem\web\photos\mp_f_freemode_01-arms-241.webp	1798
C:\admirales\script_ver\script_ver\quarantine\under-review\17mov_CharacterSystem\web\photos\mp_f_freemode_01-arms-242.webp	1404
C:\admirales\script_ver\script_ver\quarantine\under-review\17mov_CharacterSystem\web\photos\mp_f_freemode_01-arms-243.webp	1266
C:\admirales\script_ver\script_ver\quarantine\under-review\17mov_CharacterSystem\web\photos\mp_f_freemode_01-arms-244.webp	748
C:\admirales\script_ver\script_ver\quarantine\under-review\17mov_CharacterSystem\web\photos\mp_f_freemode_01-arms-245.webp	1402
C:\admirales\script_ver\script_ver\quarantine\under-review\17mov_CharacterSystem\web\photos\mp_f_freemode_01-arms-246.webp	1644
C:\admirales\script_ver\script_ver\quarantine\under-review\17mov_CharacterSystem\web\photos\mp_f_freemode_01-arms-247.webp	1538
C:\admirales\script_ver\script_ver\quarantine\under-review\17mov_CharacterSystem\web\photos\mp_f_freemode_01-arms-248.webp	746
C:\admirales\script_ver\script_ver\quarantine\under-review\17mov_CharacterSystem\web\photos\mp_f_freemode_01-arms-25.webp	2154
C:\admirales\script_ver\script_ver\quarantine\under-review\17mov_CharacterSystem\web\photos\mp_f_freemode_01-arms-26.webp	1996
C:\admirales\script_ver\script_ver\quarantine\under-review\17mov_CharacterSystem\web\photos\mp_f_freemode_01-arms-27.webp	1814
C:\admirales\script_ver\script_ver\quarantine\under-review\17mov_CharacterSystem\web\photos\mp_f_freemode_01-arms-28.webp	2022
C:\admirales\script_ver\script_ver\quarantine\under-review\17mov_CharacterSystem\web\photos\mp_f_freemode_01-arms-29.webp	2196
C:\admirales\script_ver\script_ver\quarantine\under-review\17mov_CharacterSystem\web\photos\mp_f_freemode_01-arms-3.webp	1386
C:\admirales\script_ver\script_ver\quarantine\under-review\17mov_CharacterSystem\web\photos\mp_f_freemode_01-arms-30.webp	2408
C:\admirales\script_ver\script_ver\quarantine\under-review\17mov_CharacterSystem\web\photos\mp_f_freemode_01-arms-31.webp	2068
C:\admirales\script_ver\script_ver\quarantine\under-review\17mov_CharacterSystem\web\photos\mp_f_freemode_01-arms-32.webp	2330
C:\admirales\script_ver\script_ver\quarantine\under-review\17mov_CharacterSystem\web\photos\mp_f_freemode_01-arms-33.webp	2260
C:\admirales\script_ver\script_ver\quarantine\under-review\17mov_CharacterSystem\web\photos\mp_f_freemode_01-arms-34.webp	1900
C:\admirales\script_ver\script_ver\quarantine\under-review\17mov_CharacterSystem\web\photos\mp_f_freemode_01-arms-35.webp	2174
C:\admirales\script_ver\script_ver\quarantine\under-review\17mov_CharacterSystem\web\photos\mp_f_freemode_01-arms-36.webp	1298
C:\admirales\script_ver\script_ver\quarantine\under-review\17mov_CharacterSystem\web\photos\mp_f_freemode_01-arms-37.webp	2296
C:\admirales\script_ver\script_ver\quarantine\under-review\17mov_CharacterSystem\web\photos\mp_f_freemode_01-arms-38.webp	2058
C:\admirales\script_ver\script_ver\quarantine\under-review\17mov_CharacterSystem\web\photos\mp_f_freemode_01-arms-39.webp	1900
C:\admirales\script_ver\script_ver\quarantine\under-review\17mov_CharacterSystem\web\photos\mp_f_freemode_01-arms-4.webp	2252
C:\admirales\script_ver\script_ver\quarantine\under-review\17mov_CharacterSystem\web\photos\mp_f_freemode_01-arms-40.webp	1754
C:\admirales\script_ver\script_ver\quarantine\under-review\17mov_CharacterSystem\web\photos\mp_f_freemode_01-arms-41.webp	1944
C:\admirales\script_ver\script_ver\quarantine\under-review\17mov_CharacterSystem\web\photos\mp_f_freemode_01-arms-42.webp	2184
C:\admirales\script_ver\script_ver\quarantine\under-review\17mov_CharacterSystem\web\photos\mp_f_freemode_01-arms-43.webp	2360
C:\admirales\script_ver\script_ver\quarantine\under-review\17mov_CharacterSystem\web\photos\mp_f_freemode_01-arms-44.webp	1966
C:\admirales\script_ver\script_ver\quarantine\under-review\17mov_CharacterSystem\web\photos\mp_f_freemode_01-arms-45.webp	2248
C:\admirales\script_ver\script_ver\quarantine\under-review\17mov_CharacterSystem\web\photos\mp_f_freemode_01-arms-46.webp	2244
C:\admirales\script_ver\script_ver\quarantine\under-review\17mov_CharacterSystem\web\photos\mp_f_freemode_01-arms-47.webp	1886
C:\admirales\script_ver\script_ver\quarantine\under-review\17mov_CharacterSystem\web\photos\mp_f_freemode_01-arms-48.webp	2062
C:\admirales\script_ver\script_ver\quarantine\under-review\17mov_CharacterSystem\web\photos\mp_f_freemode_01-arms-49.webp	1282
C:\admirales\script_ver\script_ver\quarantine\under-review\17mov_CharacterSystem\web\photos\mp_f_freemode_01-arms-5.webp	2128
C:\admirales\script_ver\script_ver\quarantine\under-review\17mov_CharacterSystem\web\photos\mp_f_freemode_01-arms-50.webp	2292
C:\admirales\script_ver\script_ver\quarantine\under-review\17mov_CharacterSystem\web\photos\mp_f_freemode_01-arms-51.webp	2046
C:\admirales\script_ver\script_ver\quarantine\under-review\17mov_CharacterSystem\web\photos\mp_f_freemode_01-arms-52.webp	1900
C:\admirales\script_ver\script_ver\quarantine\under-review\17mov_CharacterSystem\web\photos\mp_f_freemode_01-arms-53.webp	1742
C:\admirales\script_ver\script_ver\quarantine\under-review\17mov_CharacterSystem\web\photos\mp_f_freemode_01-arms-54.webp	1930
C:\admirales\script_ver\script_ver\quarantine\under-review\17mov_CharacterSystem\web\photos\mp_f_freemode_01-arms-55.webp	2162
C:\admirales\script_ver\script_ver\quarantine\under-review\17mov_CharacterSystem\web\photos\mp_f_freemode_01-arms-56.webp	2348
C:\admirales\script_ver\script_ver\quarantine\under-review\17mov_CharacterSystem\web\photos\mp_f_freemode_01-arms-57.webp	1946
C:\admirales\script_ver\script_ver\quarantine\under-review\17mov_CharacterSystem\web\photos\mp_f_freemode_01-arms-58.webp	2234
C:\admirales\script_ver\script_ver\quarantine\under-review\17mov_CharacterSystem\web\photos\mp_f_freemode_01-arms-59.webp	2282
C:\admirales\script_ver\script_ver\quarantine\under-review\17mov_CharacterSystem\web\photos\mp_f_freemode_01-arms-6.webp	1940
C:\admirales\script_ver\script_ver\quarantine\under-review\17mov_CharacterSystem\web\photos\mp_f_freemode_01-arms-60.webp	1924
C:\admirales\script_ver\script_ver\quarantine\under-review\17mov_CharacterSystem\web\photos\mp_f_freemode_01-arms-61.webp	2142
C:\admirales\script_ver\script_ver\quarantine\under-review\17mov_CharacterSystem\web\photos\mp_f_freemode_01-arms-62.webp	1364
C:\admirales\script_ver\script_ver\quarantine\under-review\17mov_CharacterSystem\web\photos\mp_f_freemode_01-arms-63.webp	2282
C:\admirales\script_ver\script_ver\quarantine\under-review\17mov_CharacterSystem\web\photos\mp_f_freemode_01-arms-64.webp	2134
C:\admirales\script_ver\script_ver\quarantine\under-review\17mov_CharacterSystem\web\photos\mp_f_freemode_01-arms-65.webp	1962
C:\admirales\script_ver\script_ver\quarantine\under-review\17mov_CharacterSystem\web\photos\mp_f_freemode_01-arms-66.webp	1800
C:\admirales\script_ver\script_ver\quarantine\under-review\17mov_CharacterSystem\web\photos\mp_f_freemode_01-arms-67.webp	2020
C:\admirales\script_ver\script_ver\quarantine\under-review\17mov_CharacterSystem\web\photos\mp_f_freemode_01-arms-68.webp	2166
C:\admirales\script_ver\script_ver\quarantine\under-review\17mov_CharacterSystem\web\photos\mp_f_freemode_01-arms-69.webp	2336
C:\admirales\script_ver\script_ver\quarantine\under-review\17mov_CharacterSystem\web\photos\mp_f_freemode_01-arms-7.webp	1838
C:\admirales\script_ver\script_ver\quarantine\under-review\17mov_CharacterSystem\web\photos\mp_f_freemode_01-arms-70.webp	2004
C:\admirales\script_ver\script_ver\quarantine\under-review\17mov_CharacterSystem\web\photos\mp_f_freemode_01-arms-71.webp	2230
C:\admirales\script_ver\script_ver\quarantine\under-review\17mov_CharacterSystem\web\photos\mp_f_freemode_01-arms-72.webp	2446
C:\admirales\script_ver\script_ver\quarantine\under-review\17mov_CharacterSystem\web\photos\mp_f_freemode_01-arms-73.webp	1962
C:\admirales\script_ver\script_ver\quarantine\under-review\17mov_CharacterSystem\web\photos\mp_f_freemode_01-arms-74.webp	2278
C:\admirales\script_ver\script_ver\quarantine\under-review\17mov_CharacterSystem\web\photos\mp_f_freemode_01-arms-75.webp	1468
C:\admirales\script_ver\script_ver\quarantine\under-review\17mov_CharacterSystem\web\photos\mp_f_freemode_01-arms-76.webp	2386
C:\admirales\script_ver\script_ver\quarantine\under-review\17mov_CharacterSystem\web\photos\mp_f_freemode_01-arms-77.webp	2212
C:\admirales\script_ver\script_ver\quarantine\under-review\17mov_CharacterSystem\web\photos\mp_f_freemode_01-arms-78.webp	2058
C:\admirales\script_ver\script_ver\quarantine\under-review\17mov_CharacterSystem\web\photos\mp_f_freemode_01-arms-79.webp	1908
C:\admirales\script_ver\script_ver\quarantine\under-review\17mov_CharacterSystem\web\photos\mp_f_freemode_01-arms-8.webp	782
C:\admirales\script_ver\script_ver\quarantine\under-review\17mov_CharacterSystem\web\photos\mp_f_freemode_01-arms-80.webp	2136
C:\admirales\script_ver\script_ver\quarantine\under-review\17mov_CharacterSystem\web\photos\mp_f_freemode_01-arms-81.webp	2284
C:\admirales\script_ver\script_ver\quarantine\under-review\17mov_CharacterSystem\web\photos\mp_f_freemode_01-arms-82.webp	2422
C:\admirales\script_ver\script_ver\quarantine\under-review\17mov_CharacterSystem\web\photos\mp_f_freemode_01-arms-83.webp	2114
C:\admirales\script_ver\script_ver\quarantine\under-review\17mov_CharacterSystem\web\photos\mp_f_freemode_01-arms-84.webp	2322
C:\admirales\script_ver\script_ver\quarantine\under-review\17mov_CharacterSystem\web\photos\mp_f_freemode_01-arms-85.webp	2354
C:\admirales\script_ver\script_ver\quarantine\under-review\17mov_CharacterSystem\web\photos\mp_f_freemode_01-arms-86.webp	1926
C:\admirales\script_ver\script_ver\quarantine\under-review\17mov_CharacterSystem\web\photos\mp_f_freemode_01-arms-87.webp	2174
C:\admirales\script_ver\script_ver\quarantine\under-review\17mov_CharacterSystem\web\photos\mp_f_freemode_01-arms-88.webp	1400
C:\admirales\script_ver\script_ver\quarantine\under-review\17mov_CharacterSystem\web\photos\mp_f_freemode_01-arms-89.webp	2404
C:\admirales\script_ver\script_ver\quarantine\under-review\17mov_CharacterSystem\web\photos\mp_f_freemode_01-arms-9.webp	1836
C:\admirales\script_ver\script_ver\quarantine\under-review\17mov_CharacterSystem\web\photos\mp_f_freemode_01-arms-90.webp	2148
C:\admirales\script_ver\script_ver\quarantine\under-review\17mov_CharacterSystem\web\photos\mp_f_freemode_01-arms-91.webp	1996
C:\admirales\script_ver\script_ver\quarantine\under-review\17mov_CharacterSystem\web\photos\mp_f_freemode_01-arms-92.webp	1846
C:\admirales\script_ver\script_ver\quarantine\under-review\17mov_CharacterSystem\web\photos\mp_f_freemode_01-arms-93.webp	2046
C:\admirales\script_ver\script_ver\quarantine\under-review\17mov_CharacterSystem\web\photos\mp_f_freemode_01-arms-94.webp	2190
C:\admirales\script_ver\script_ver\quarantine\under-review\17mov_CharacterSystem\web\photos\mp_f_freemode_01-arms-95.webp	2420
C:\admirales\script_ver\script_ver\quarantine\under-review\17mov_CharacterSystem\web\photos\mp_f_freemode_01-arms-96.webp	2082
C:\admirales\script_ver\script_ver\quarantine\under-review\17mov_CharacterSystem\web\photos\mp_f_freemode_01-arms-97.webp	2226
C:\admirales\script_ver\script_ver\quarantine\under-review\17mov_CharacterSystem\web\photos\mp_f_freemode_01-arms-98.webp	2372
C:\admirales\script_ver\script_ver\quarantine\under-review\17mov_CharacterSystem\web\photos\mp_f_freemode_01-arms-99.webp	2018
C:\admirales\script_ver\script_ver\quarantine\under-review\17mov_CharacterSystem\web\photos\mp_f_freemode_01-bags_1-0.webp	730
C:\admirales\script_ver\script_ver\quarantine\under-review\17mov_CharacterSystem\web\photos\mp_f_freemode_01-bags_1-1.webp	2084
C:\admirales\script_ver\script_ver\quarantine\under-review\17mov_CharacterSystem\web\photos\mp_f_freemode_01-bags_1-10.webp	2796
C:\admirales\script_ver\script_ver\quarantine\under-review\17mov_CharacterSystem\web\photos\mp_f_freemode_01-bags_1-100.webp	2390
C:\admirales\script_ver\script_ver\quarantine\under-review\17mov_CharacterSystem\web\photos\mp_f_freemode_01-bags_1-101.webp	2498
C:\admirales\script_ver\script_ver\quarantine\under-review\17mov_CharacterSystem\web\photos\mp_f_freemode_01-bags_1-102.webp	2508
C:\admirales\script_ver\script_ver\quarantine\under-review\17mov_CharacterSystem\web\photos\mp_f_freemode_01-bags_1-103.webp	2594
C:\admirales\script_ver\script_ver\quarantine\under-review\17mov_CharacterSystem\web\photos\mp_f_freemode_01-bags_1-104.webp	2408
C:\admirales\script_ver\script_ver\quarantine\under-review\17mov_CharacterSystem\web\photos\mp_f_freemode_01-bags_1-105.webp	2510
C:\admirales\script_ver\script_ver\quarantine\under-review\17mov_CharacterSystem\web\photos\mp_f_freemode_01-bags_1-106.webp	2576
C:\admirales\script_ver\script_ver\quarantine\under-review\17mov_CharacterSystem\web\photos\mp_f_freemode_01-bags_1-107.webp	2658
C:\admirales\script_ver\script_ver\quarantine\under-review\17mov_CharacterSystem\web\photos\mp_f_freemode_01-bags_1-108.webp	2540
C:\admirales\script_ver\script_ver\quarantine\under-review\17mov_CharacterSystem\web\photos\mp_f_freemode_01-bags_1-109.webp	2688
C:\admirales\script_ver\script_ver\quarantine\under-review\17mov_CharacterSystem\web\photos\mp_f_freemode_01-bags_1-11.webp	2984
C:\admirales\script_ver\script_ver\quarantine\under-review\17mov_CharacterSystem\web\photos\mp_f_freemode_01-bags_1-110.webp	2698
C:\admirales\script_ver\script_ver\quarantine\under-review\17mov_CharacterSystem\web\photos\mp_f_freemode_01-bags_1-111.webp	730
C:\admirales\script_ver\script_ver\quarantine\under-review\17mov_CharacterSystem\web\photos\mp_f_freemode_01-bags_1-12.webp	2868
C:\admirales\script_ver\script_ver\quarantine\under-review\17mov_CharacterSystem\web\photos\mp_f_freemode_01-bags_1-13.webp	3076
C:\admirales\script_ver\script_ver\quarantine\under-review\17mov_CharacterSystem\web\photos\mp_f_freemode_01-bags_1-14.webp	2796
C:\admirales\script_ver\script_ver\quarantine\under-review\17mov_CharacterSystem\web\photos\mp_f_freemode_01-bags_1-15.webp	3024
C:\admirales\script_ver\script_ver\quarantine\under-review\17mov_CharacterSystem\web\photos\mp_f_freemode_01-bags_1-16.webp	3000
C:\admirales\script_ver\script_ver\quarantine\under-review\17mov_CharacterSystem\web\photos\mp_f_freemode_01-bags_1-17.webp	3086
C:\admirales\script_ver\script_ver\quarantine\under-review\17mov_CharacterSystem\web\photos\mp_f_freemode_01-bags_1-18.webp	3130
C:\admirales\script_ver\script_ver\quarantine\under-review\17mov_CharacterSystem\web\photos\mp_f_freemode_01-bags_1-19.webp	2376
C:\admirales\script_ver\script_ver\quarantine\under-review\17mov_CharacterSystem\web\photos\mp_f_freemode_01-bags_1-2.webp	2306
C:\admirales\script_ver\script_ver\quarantine\under-review\17mov_CharacterSystem\web\photos\mp_f_freemode_01-bags_1-20.webp	730
C:\admirales\script_ver\script_ver\quarantine\under-review\17mov_CharacterSystem\web\photos\mp_f_freemode_01-bags_1-21.webp	2280
C:\admirales\script_ver\script_ver\quarantine\under-review\17mov_CharacterSystem\web\photos\mp_f_freemode_01-bags_1-22.webp	2510
C:\admirales\script_ver\script_ver\quarantine\under-review\17mov_CharacterSystem\web\photos\mp_f_freemode_01-bags_1-23.webp	2330
C:\admirales\script_ver\script_ver\quarantine\under-review\17mov_CharacterSystem\web\photos\mp_f_freemode_01-bags_1-24.webp	2484
C:\admirales\script_ver\script_ver\quarantine\under-review\17mov_CharacterSystem\web\photos\mp_f_freemode_01-bags_1-25.webp	2264
C:\admirales\script_ver\script_ver\quarantine\under-review\17mov_CharacterSystem\web\photos\mp_f_freemode_01-bags_1-26.webp	2462
C:\admirales\script_ver\script_ver\quarantine\under-review\17mov_CharacterSystem\web\photos\mp_f_freemode_01-bags_1-27.webp	2500
C:\admirales\script_ver\script_ver\quarantine\under-review\17mov_CharacterSystem\web\photos\mp_f_freemode_01-bags_1-28.webp	2586
C:\admirales\script_ver\script_ver\quarantine\under-review\17mov_CharacterSystem\web\photos\mp_f_freemode_01-bags_1-29.webp	2616
C:\admirales\script_ver\script_ver\quarantine\under-review\17mov_CharacterSystem\web\photos\mp_f_freemode_01-bags_1-3.webp	2178
C:\admirales\script_ver\script_ver\quarantine\under-review\17mov_CharacterSystem\web\photos\mp_f_freemode_01-bags_1-30.webp	730
C:\admirales\script_ver\script_ver\quarantine\under-review\17mov_CharacterSystem\web\photos\mp_f_freemode_01-bags_1-31.webp	1436
C:\admirales\script_ver\script_ver\quarantine\under-review\17mov_CharacterSystem\web\photos\mp_f_freemode_01-bags_1-32.webp	1466
C:\admirales\script_ver\script_ver\quarantine\under-review\17mov_CharacterSystem\web\photos\mp_f_freemode_01-bags_1-33.webp	1456
C:\admirales\script_ver\script_ver\quarantine\under-review\17mov_CharacterSystem\web\photos\mp_f_freemode_01-bags_1-34.webp	1440
C:\admirales\script_ver\script_ver\quarantine\under-review\17mov_CharacterSystem\web\photos\mp_f_freemode_01-bags_1-35.webp	1402
C:\admirales\script_ver\script_ver\quarantine\under-review\17mov_CharacterSystem\web\photos\mp_f_freemode_01-bags_1-36.webp	1458
C:\admirales\script_ver\script_ver\quarantine\under-review\17mov_CharacterSystem\web\photos\mp_f_freemode_01-bags_1-37.webp	1506
C:\admirales\script_ver\script_ver\quarantine\under-review\17mov_CharacterSystem\web\photos\mp_f_freemode_01-bags_1-38.webp	1554
C:\admirales\script_ver\script_ver\quarantine\under-review\17mov_CharacterSystem\web\photos\mp_f_freemode_01-bags_1-39.webp	1590
C:\admirales\script_ver\script_ver\quarantine\under-review\17mov_CharacterSystem\web\photos\mp_f_freemode_01-bags_1-4.webp	2282
C:\admirales\script_ver\script_ver\quarantine\under-review\17mov_CharacterSystem\web\photos\mp_f_freemode_01-bags_1-40.webp	2800
C:\admirales\script_ver\script_ver\quarantine\under-review\17mov_CharacterSystem\web\photos\mp_f_freemode_01-bags_1-41.webp	2718
C:\admirales\script_ver\script_ver\quarantine\under-review\17mov_CharacterSystem\web\photos\mp_f_freemode_01-bags_1-42.webp	730
C:\admirales\script_ver\script_ver\quarantine\under-review\17mov_CharacterSystem\web\photos\mp_f_freemode_01-bags_1-43.webp	730
C:\admirales\script_ver\script_ver\quarantine\under-review\17mov_CharacterSystem\web\photos\mp_f_freemode_01-bags_1-44.webp	2744
C:\admirales\script_ver\script_ver\quarantine\under-review\17mov_CharacterSystem\web\photos\mp_f_freemode_01-bags_1-45.webp	2734
C:\admirales\script_ver\script_ver\quarantine\under-review\17mov_CharacterSystem\web\photos\mp_f_freemode_01-bags_1-46.webp	730
C:\admirales\script_ver\script_ver\quarantine\under-review\17mov_CharacterSystem\web\photos\mp_f_freemode_01-bags_1-47.webp	730
C:\admirales\script_ver\script_ver\quarantine\under-review\17mov_CharacterSystem\web\photos\mp_f_freemode_01-bags_1-48.webp	2322
C:\admirales\script_ver\script_ver\quarantine\under-review\17mov_CharacterSystem\web\photos\mp_f_freemode_01-bags_1-49.webp	3228
C:\admirales\script_ver\script_ver\quarantine\under-review\17mov_CharacterSystem\web\photos\mp_f_freemode_01-bags_1-5.webp	2154
C:\admirales\script_ver\script_ver\quarantine\under-review\17mov_CharacterSystem\web\photos\mp_f_freemode_01-bags_1-50.webp	2664
C:\admirales\script_ver\script_ver\quarantine\under-review\17mov_CharacterSystem\web\photos\mp_f_freemode_01-bags_1-51.webp	1564
C:\admirales\script_ver\script_ver\quarantine\under-review\17mov_CharacterSystem\web\photos\mp_f_freemode_01-bags_1-52.webp	1590
C:\admirales\script_ver\script_ver\quarantine\under-review\17mov_CharacterSystem\web\photos\mp_f_freemode_01-bags_1-53.webp	1686
C:\admirales\script_ver\script_ver\quarantine\under-review\17mov_CharacterSystem\web\photos\mp_f_freemode_01-bags_1-54.webp	1622
C:\admirales\script_ver\script_ver\quarantine\under-review\17mov_CharacterSystem\web\photos\mp_f_freemode_01-bags_1-55.webp	1666
C:\admirales\script_ver\script_ver\quarantine\under-review\17mov_CharacterSystem\web\photos\mp_f_freemode_01-bags_1-56.webp	1588
C:\admirales\script_ver\script_ver\quarantine\under-review\17mov_CharacterSystem\web\photos\mp_f_freemode_01-bags_1-57.webp	1666
C:\admirales\script_ver\script_ver\quarantine\under-review\17mov_CharacterSystem\web\photos\mp_f_freemode_01-bags_1-58.webp	1722
C:\admirales\script_ver\script_ver\quarantine\under-review\17mov_CharacterSystem\web\photos\mp_f_freemode_01-bags_1-59.webp	1754
C:\admirales\script_ver\script_ver\quarantine\under-review\17mov_CharacterSystem\web\photos\mp_f_freemode_01-bags_1-6.webp	2324
C:\admirales\script_ver\script_ver\quarantine\under-review\17mov_CharacterSystem\web\photos\mp_f_freemode_01-bags_1-60.webp	1768
C:\admirales\script_ver\script_ver\quarantine\under-review\17mov_CharacterSystem\web\photos\mp_f_freemode_01-bags_1-61.webp	1702
C:\admirales\script_ver\script_ver\quarantine\under-review\17mov_CharacterSystem\web\photos\mp_f_freemode_01-bags_1-62.webp	2228
C:\admirales\script_ver\script_ver\quarantine\under-review\17mov_CharacterSystem\web\photos\mp_f_freemode_01-bags_1-63.webp	2260
C:\admirales\script_ver\script_ver\quarantine\under-review\17mov_CharacterSystem\web\photos\mp_f_freemode_01-bags_1-64.webp	3100
C:\admirales\script_ver\script_ver\quarantine\under-review\17mov_CharacterSystem\web\photos\mp_f_freemode_01-bags_1-65.webp	2520
C:\admirales\script_ver\script_ver\quarantine\under-review\17mov_CharacterSystem\web\photos\mp_f_freemode_01-bags_1-66.webp	1400
C:\admirales\script_ver\script_ver\quarantine\under-review\17mov_CharacterSystem\web\photos\mp_f_freemode_01-bags_1-67.webp	3112
C:\admirales\script_ver\script_ver\quarantine\under-review\17mov_CharacterSystem\web\photos\mp_f_freemode_01-bags_1-68.webp	2230
C:\admirales\script_ver\script_ver\quarantine\under-review\17mov_CharacterSystem\web\photos\mp_f_freemode_01-bags_1-69.webp	1748
C:\admirales\script_ver\script_ver\quarantine\under-review\17mov_CharacterSystem\web\photos\mp_f_freemode_01-bags_1-7.webp	2284
C:\admirales\script_ver\script_ver\quarantine\under-review\17mov_CharacterSystem\web\photos\mp_f_freemode_01-bags_1-70.webp	2198
C:\admirales\script_ver\script_ver\quarantine\under-review\17mov_CharacterSystem\web\photos\mp_f_freemode_01-bags_1-71.webp	2302
C:\admirales\script_ver\script_ver\quarantine\under-review\17mov_CharacterSystem\web\photos\mp_f_freemode_01-bags_1-72.webp	2304
C:\admirales\script_ver\script_ver\quarantine\under-review\17mov_CharacterSystem\web\photos\mp_f_freemode_01-bags_1-73.webp	2414
C:\admirales\script_ver\script_ver\quarantine\under-review\17mov_CharacterSystem\web\photos\mp_f_freemode_01-bags_1-74.webp	2292
C:\admirales\script_ver\script_ver\quarantine\under-review\17mov_CharacterSystem\web\photos\mp_f_freemode_01-bags_1-75.webp	2296
C:\admirales\script_ver\script_ver\quarantine\under-review\17mov_CharacterSystem\web\photos\mp_f_freemode_01-bags_1-76.webp	2320
C:\admirales\script_ver\script_ver\quarantine\under-review\17mov_CharacterSystem\web\photos\mp_f_freemode_01-bags_1-77.webp	2490
C:\admirales\script_ver\script_ver\quarantine\under-review\17mov_CharacterSystem\web\photos\mp_f_freemode_01-bags_1-78.webp	2378
C:\admirales\script_ver\script_ver\quarantine\under-review\17mov_CharacterSystem\web\photos\mp_f_freemode_01-bags_1-79.webp	2582
C:\admirales\script_ver\script_ver\quarantine\under-review\17mov_CharacterSystem\web\photos\mp_f_freemode_01-bags_1-8.webp	2326
C:\admirales\script_ver\script_ver\quarantine\under-review\17mov_CharacterSystem\web\photos\mp_f_freemode_01-bags_1-80.webp	2644
C:\admirales\script_ver\script_ver\quarantine\under-review\17mov_CharacterSystem\web\photos\mp_f_freemode_01-bags_1-81.webp	2236
C:\admirales\script_ver\script_ver\quarantine\under-review\17mov_CharacterSystem\web\photos\mp_f_freemode_01-bags_1-82.webp	2020
C:\admirales\script_ver\script_ver\quarantine\under-review\17mov_CharacterSystem\web\photos\mp_f_freemode_01-bags_1-83.webp	730
C:\admirales\script_ver\script_ver\quarantine\under-review\17mov_CharacterSystem\web\photos\mp_f_freemode_01-bags_1-84.webp	730
C:\admirales\script_ver\script_ver\quarantine\under-review\17mov_CharacterSystem\web\photos\mp_f_freemode_01-bags_1-85.webp	3644
C:\admirales\script_ver\script_ver\quarantine\under-review\17mov_CharacterSystem\web\photos\mp_f_freemode_01-bags_1-86.webp	3770
C:\admirales\script_ver\script_ver\quarantine\under-review\17mov_CharacterSystem\web\photos\mp_f_freemode_01-bags_1-87.webp	730
C:\admirales\script_ver\script_ver\quarantine\under-review\17mov_CharacterSystem\web\photos\mp_f_freemode_01-bags_1-88.webp	730
C:\admirales\script_ver\script_ver\quarantine\under-review\17mov_CharacterSystem\web\photos\mp_f_freemode_01-bags_1-89.webp	2062
C:\admirales\script_ver\script_ver\quarantine\under-review\17mov_CharacterSystem\web\photos\mp_f_freemode_01-bags_1-9.webp	730
C:\admirales\script_ver\script_ver\quarantine\under-review\17mov_CharacterSystem\web\photos\mp_f_freemode_01-bags_1-90.webp	1966
C:\admirales\script_ver\script_ver\quarantine\under-review\17mov_CharacterSystem\web\photos\mp_f_freemode_01-bags_1-91.webp	2082
C:\admirales\script_ver\script_ver\quarantine\under-review\17mov_CharacterSystem\web\photos\mp_f_freemode_01-bags_1-92.webp	1988
C:\admirales\script_ver\script_ver\quarantine\under-review\17mov_CharacterSystem\web\photos\mp_f_freemode_01-bags_1-93.webp	2108
C:\admirales\script_ver\script_ver\quarantine\under-review\17mov_CharacterSystem\web\photos\mp_f_freemode_01-bags_1-94.webp	1984
C:\admirales\script_ver\script_ver\quarantine\under-review\17mov_CharacterSystem\web\photos\mp_f_freemode_01-bags_1-95.webp	1970
C:\admirales\script_ver\script_ver\quarantine\under-review\17mov_CharacterSystem\web\photos\mp_f_freemode_01-bags_1-96.webp	2020
C:\admirales\script_ver\script_ver\quarantine\under-review\17mov_CharacterSystem\web\photos\mp_f_freemode_01-bags_1-97.webp	2070
C:\admirales\script_ver\script_ver\quarantine\under-review\17mov_CharacterSystem\web\photos\mp_f_freemode_01-bags_1-98.webp	2238
C:\admirales\script_ver\script_ver\quarantine\under-review\17mov_CharacterSystem\web\photos\mp_f_freemode_01-bags_1-99.webp	2224
C:\admirales\script_ver\script_ver\quarantine\under-review\17mov_CharacterSystem\web\photos\mp_f_freemode_01-bproof_1-0.webp	768
C:\admirales\script_ver\script_ver\quarantine\under-review\17mov_CharacterSystem\web\photos\mp_f_freemode_01-bproof_1-1.webp	3014
C:\admirales\script_ver\script_ver\quarantine\under-review\17mov_CharacterSystem\web\photos\mp_f_freemode_01-bproof_1-10.webp	3164
C:\admirales\script_ver\script_ver\quarantine\under-review\17mov_CharacterSystem\web\photos\mp_f_freemode_01-bproof_1-11.webp	2778
C:\admirales\script_ver\script_ver\quarantine\under-review\17mov_CharacterSystem\web\photos\mp_f_freemode_01-bproof_1-12.webp	3216
C:\admirales\script_ver\script_ver\quarantine\under-review\17mov_CharacterSystem\web\photos\mp_f_freemode_01-bproof_1-13.webp	3126
C:\admirales\script_ver\script_ver\quarantine\under-review\17mov_CharacterSystem\web\photos\mp_f_freemode_01-bproof_1-14.webp	768
C:\admirales\script_ver\script_ver\quarantine\under-review\17mov_CharacterSystem\web\photos\mp_f_freemode_01-bproof_1-15.webp	768
C:\admirales\script_ver\script_ver\quarantine\under-review\17mov_CharacterSystem\web\photos\mp_f_freemode_01-bproof_1-16.webp	850
C:\admirales\script_ver\script_ver\quarantine\under-review\17mov_CharacterSystem\web\photos\mp_f_freemode_01-bproof_1-17.webp	3438
C:\admirales\script_ver\script_ver\quarantine\under-review\17mov_CharacterSystem\web\photos\mp_f_freemode_01-bproof_1-18.webp	3448
C:\admirales\script_ver\script_ver\quarantine\under-review\17mov_CharacterSystem\web\photos\mp_f_freemode_01-bproof_1-19.webp	2374
C:\admirales\script_ver\script_ver\quarantine\under-review\17mov_CharacterSystem\web\photos\mp_f_freemode_01-bproof_1-2.webp	3032
C:\admirales\script_ver\script_ver\quarantine\under-review\17mov_CharacterSystem\web\photos\mp_f_freemode_01-bproof_1-20.webp	2338
C:\admirales\script_ver\script_ver\quarantine\under-review\17mov_CharacterSystem\web\photos\mp_f_freemode_01-bproof_1-21.webp	2294
C:\admirales\script_ver\script_ver\quarantine\under-review\17mov_CharacterSystem\web\photos\mp_f_freemode_01-bproof_1-22.webp	1732
C:\admirales\script_ver\script_ver\quarantine\under-review\17mov_CharacterSystem\web\photos\mp_f_freemode_01-bproof_1-23.webp	1294
C:\admirales\script_ver\script_ver\quarantine\under-review\17mov_CharacterSystem\web\photos\mp_f_freemode_01-bproof_1-24.webp	2446
C:\admirales\script_ver\script_ver\quarantine\under-review\17mov_CharacterSystem\web\photos\mp_f_freemode_01-bproof_1-25.webp	2280
C:\admirales\script_ver\script_ver\quarantine\under-review\17mov_CharacterSystem\web\photos\mp_f_freemode_01-bproof_1-26.webp	2376
C:\admirales\script_ver\script_ver\quarantine\under-review\17mov_CharacterSystem\web\photos\mp_f_freemode_01-bproof_1-27.webp	2442
C:\admirales\script_ver\script_ver\quarantine\under-review\17mov_CharacterSystem\web\photos\mp_f_freemode_01-bproof_1-28.webp	2380
C:\admirales\script_ver\script_ver\quarantine\under-review\17mov_CharacterSystem\web\photos\mp_f_freemode_01-bproof_1-29.webp	2210
C:\admirales\script_ver\script_ver\quarantine\under-review\17mov_CharacterSystem\web\photos\mp_f_freemode_01-bproof_1-3.webp	3002
C:\admirales\script_ver\script_ver\quarantine\under-review\17mov_CharacterSystem\web\photos\mp_f_freemode_01-bproof_1-30.webp	2294
C:\admirales\script_ver\script_ver\quarantine\under-review\17mov_CharacterSystem\web\photos\mp_f_freemode_01-bproof_1-31.webp	2390
C:\admirales\script_ver\script_ver\quarantine\under-review\17mov_CharacterSystem\web\photos\mp_f_freemode_01-bproof_1-32.webp	2492
C:\admirales\script_ver\script_ver\quarantine\under-review\17mov_CharacterSystem\web\photos\mp_f_freemode_01-bproof_1-33.webp	768
C:\admirales\script_ver\script_ver\quarantine\under-review\17mov_CharacterSystem\web\photos\mp_f_freemode_01-bproof_1-34.webp	768
C:\admirales\script_ver\script_ver\quarantine\under-review\17mov_CharacterSystem\web\photos\mp_f_freemode_01-bproof_1-35.webp	768
C:\admirales\script_ver\script_ver\quarantine\under-review\17mov_CharacterSystem\web\photos\mp_f_freemode_01-bproof_1-36.webp	768
C:\admirales\script_ver\script_ver\quarantine\under-review\17mov_CharacterSystem\web\photos\mp_f_freemode_01-bproof_1-37.webp	768
C:\admirales\script_ver\script_ver\quarantine\under-review\17mov_CharacterSystem\web\photos\mp_f_freemode_01-bproof_1-38.webp	768
C:\admirales\script_ver\script_ver\quarantine\under-review\17mov_CharacterSystem\web\photos\mp_f_freemode_01-bproof_1-39.webp	768
C:\admirales\script_ver\script_ver\quarantine\under-review\17mov_CharacterSystem\web\photos\mp_f_freemode_01-bproof_1-4.webp	2110
C:\admirales\script_ver\script_ver\quarantine\under-review\17mov_CharacterSystem\web\photos\mp_f_freemode_01-bproof_1-40.webp	768
C:\admirales\script_ver\script_ver\quarantine\under-review\17mov_CharacterSystem\web\photos\mp_f_freemode_01-bproof_1-41.webp	768
C:\admirales\script_ver\script_ver\quarantine\under-review\17mov_CharacterSystem\web\photos\mp_f_freemode_01-bproof_1-42.webp	768
C:\admirales\script_ver\script_ver\quarantine\under-review\17mov_CharacterSystem\web\photos\mp_f_freemode_01-bproof_1-43.webp	768
C:\admirales\script_ver\script_ver\quarantine\under-review\17mov_CharacterSystem\web\photos\mp_f_freemode_01-bproof_1-44.webp	768
C:\admirales\script_ver\script_ver\quarantine\under-review\17mov_CharacterSystem\web\photos\mp_f_freemode_01-bproof_1-45.webp	768
C:\admirales\script_ver\script_ver\quarantine\under-review\17mov_CharacterSystem\web\photos\mp_f_freemode_01-bproof_1-46.webp	768
C:\admirales\script_ver\script_ver\quarantine\under-review\17mov_CharacterSystem\web\photos\mp_f_freemode_01-bproof_1-47.webp	768
C:\admirales\script_ver\script_ver\quarantine\under-review\17mov_CharacterSystem\web\photos\mp_f_freemode_01-bproof_1-48.webp	768
C:\admirales\script_ver\script_ver\quarantine\under-review\17mov_CharacterSystem\web\photos\mp_f_freemode_01-bproof_1-49.webp	768
C:\admirales\script_ver\script_ver\quarantine\under-review\17mov_CharacterSystem\web\photos\mp_f_freemode_01-bproof_1-5.webp	1576
C:\admirales\script_ver\script_ver\quarantine\under-review\17mov_CharacterSystem\web\photos\mp_f_freemode_01-bproof_1-50.webp	768
C:\admirales\script_ver\script_ver\quarantine\under-review\17mov_CharacterSystem\web\photos\mp_f_freemode_01-bproof_1-51.webp	768
C:\admirales\script_ver\script_ver\quarantine\under-review\17mov_CharacterSystem\web\photos\mp_f_freemode_01-bproof_1-52.webp	768
C:\admirales\script_ver\script_ver\quarantine\under-review\17mov_CharacterSystem\web\photos\mp_f_freemode_01-bproof_1-53.webp	1262
C:\admirales\script_ver\script_ver\quarantine\under-review\17mov_CharacterSystem\web\photos\mp_f_freemode_01-bproof_1-54.webp	1286
C:\admirales\script_ver\script_ver\quarantine\under-review\17mov_CharacterSystem\web\photos\mp_f_freemode_01-bproof_1-55.webp	1342
C:\admirales\script_ver\script_ver\quarantine\under-review\17mov_CharacterSystem\web\photos\mp_f_freemode_01-bproof_1-56.webp	768
C:\admirales\script_ver\script_ver\quarantine\under-review\17mov_CharacterSystem\web\photos\mp_f_freemode_01-bproof_1-57.webp	2998
C:\admirales\script_ver\script_ver\quarantine\under-review\17mov_CharacterSystem\web\photos\mp_f_freemode_01-bproof_1-58.webp	3194
C:\admirales\script_ver\script_ver\quarantine\under-review\17mov_CharacterSystem\web\photos\mp_f_freemode_01-bproof_1-59.webp	3106
C:\admirales\script_ver\script_ver\quarantine\under-review\17mov_CharacterSystem\web\photos\mp_f_freemode_01-bproof_1-6.webp	3232
C:\admirales\script_ver\script_ver\quarantine\under-review\17mov_CharacterSystem\web\photos\mp_f_freemode_01-bproof_1-60.webp	3578
C:\admirales\script_ver\script_ver\quarantine\under-review\17mov_CharacterSystem\web\photos\mp_f_freemode_01-bproof_1-61.webp	4634
C:\admirales\script_ver\script_ver\quarantine\under-review\17mov_CharacterSystem\web\photos\mp_f_freemode_01-bproof_1-62.webp	768
C:\admirales\script_ver\script_ver\quarantine\under-review\17mov_CharacterSystem\web\photos\mp_f_freemode_01-bproof_1-7.webp	2910
C:\admirales\script_ver\script_ver\quarantine\under-review\17mov_CharacterSystem\web\photos\mp_f_freemode_01-bproof_1-8.webp	2962
C:\admirales\script_ver\script_ver\quarantine\under-review\17mov_CharacterSystem\web\photos\mp_f_freemode_01-bproof_1-9.webp	3064
C:\admirales\script_ver\script_ver\quarantine\under-review\17mov_CharacterSystem\web\photos\mp_f_freemode_01-bracelets_1-0.webp	730
C:\admirales\script_ver\script_ver\quarantine\under-review\17mov_CharacterSystem\web\photos\mp_f_freemode_01-bracelets_1-1.webp	2056
C:\admirales\script_ver\script_ver\quarantine\under-review\17mov_CharacterSystem\web\photos\mp_f_freemode_01-bracelets_1-10.webp	2078
C:\admirales\script_ver\script_ver\quarantine\under-review\17mov_CharacterSystem\web\photos\mp_f_freemode_01-bracelets_1-11.webp	1920
C:\admirales\script_ver\script_ver\quarantine\under-review\17mov_CharacterSystem\web\photos\mp_f_freemode_01-bracelets_1-12.webp	2530
C:\admirales\script_ver\script_ver\quarantine\under-review\17mov_CharacterSystem\web\photos\mp_f_freemode_01-bracelets_1-13.webp	4428
C:\admirales\script_ver\script_ver\quarantine\under-review\17mov_CharacterSystem\web\photos\mp_f_freemode_01-bracelets_1-14.webp	3202
C:\admirales\script_ver\script_ver\quarantine\under-review\17mov_CharacterSystem\web\photos\mp_f_freemode_01-bracelets_1-15.webp	2154
C:\admirales\script_ver\script_ver\quarantine\under-review\17mov_CharacterSystem\web\photos\mp_f_freemode_01-bracelets_1-16.webp	4060
C:\admirales\script_ver\script_ver\quarantine\under-review\17mov_CharacterSystem\web\photos\mp_f_freemode_01-bracelets_1-17.webp	1796
C:\admirales\script_ver\script_ver\quarantine\under-review\17mov_CharacterSystem\web\photos\mp_f_freemode_01-bracelets_1-18.webp	1642
C:\admirales\script_ver\script_ver\quarantine\under-review\17mov_CharacterSystem\web\photos\mp_f_freemode_01-bracelets_1-19.webp	1864
C:\admirales\script_ver\script_ver\quarantine\under-review\17mov_CharacterSystem\web\photos\mp_f_freemode_01-bracelets_1-2.webp	2024
C:\admirales\script_ver\script_ver\quarantine\under-review\17mov_CharacterSystem\web\photos\mp_f_freemode_01-bracelets_1-20.webp	1532
C:\admirales\script_ver\script_ver\quarantine\under-review\17mov_CharacterSystem\web\photos\mp_f_freemode_01-bracelets_1-21.webp	3076
C:\admirales\script_ver\script_ver\quarantine\under-review\17mov_CharacterSystem\web\photos\mp_f_freemode_01-bracelets_1-3.webp	1820
C:\admirales\script_ver\script_ver\quarantine\under-review\17mov_CharacterSystem\web\photos\mp_f_freemode_01-bracelets_1-4.webp	2248
C:\admirales\script_ver\script_ver\quarantine\under-review\17mov_CharacterSystem\web\photos\mp_f_freemode_01-bracelets_1-5.webp	2058
C:\admirales\script_ver\script_ver\quarantine\under-review\17mov_CharacterSystem\web\photos\mp_f_freemode_01-bracelets_1-6.webp	2180
C:\admirales\script_ver\script_ver\quarantine\under-review\17mov_CharacterSystem\web\photos\mp_f_freemode_01-bracelets_1-7.webp	1956
C:\admirales\script_ver\script_ver\quarantine\under-review\17mov_CharacterSystem\web\photos\mp_f_freemode_01-bracelets_1-8.webp	1922
C:\admirales\script_ver\script_ver\quarantine\under-review\17mov_CharacterSystem\web\photos\mp_f_freemode_01-bracelets_1-9.webp	1986
C:\admirales\script_ver\script_ver\quarantine\under-review\17mov_CharacterSystem\web\photos\mp_f_freemode_01-chain_1-0.webp	838
C:\admirales\script_ver\script_ver\quarantine\under-review\17mov_CharacterSystem\web\photos\mp_f_freemode_01-chain_1-1.webp	928
C:\admirales\script_ver\script_ver\quarantine\under-review\17mov_CharacterSystem\web\photos\mp_f_freemode_01-chain_1-10.webp	804
C:\admirales\script_ver\script_ver\quarantine\under-review\17mov_CharacterSystem\web\photos\mp_f_freemode_01-chain_1-100.webp	2336
C:\admirales\script_ver\script_ver\quarantine\under-review\17mov_CharacterSystem\web\photos\mp_f_freemode_01-chain_1-101.webp	2162
C:\admirales\script_ver\script_ver\quarantine\under-review\17mov_CharacterSystem\web\photos\mp_f_freemode_01-chain_1-102.webp	2242
C:\admirales\script_ver\script_ver\quarantine\under-review\17mov_CharacterSystem\web\photos\mp_f_freemode_01-chain_1-103.webp	1718
C:\admirales\script_ver\script_ver\quarantine\under-review\17mov_CharacterSystem\web\photos\mp_f_freemode_01-chain_1-104.webp	1864
C:\admirales\script_ver\script_ver\quarantine\under-review\17mov_CharacterSystem\web\photos\mp_f_freemode_01-chain_1-105.webp	1854
C:\admirales\script_ver\script_ver\quarantine\under-review\17mov_CharacterSystem\web\photos\mp_f_freemode_01-chain_1-106.webp	1864
C:\admirales\script_ver\script_ver\quarantine\under-review\17mov_CharacterSystem\web\photos\mp_f_freemode_01-chain_1-107.webp	1812
C:\admirales\script_ver\script_ver\quarantine\under-review\17mov_CharacterSystem\web\photos\mp_f_freemode_01-chain_1-108.webp	1792
C:\admirales\script_ver\script_ver\quarantine\under-review\17mov_CharacterSystem\web\photos\mp_f_freemode_01-chain_1-109.webp	1722
C:\admirales\script_ver\script_ver\quarantine\under-review\17mov_CharacterSystem\web\photos\mp_f_freemode_01-chain_1-11.webp	2226
C:\admirales\script_ver\script_ver\quarantine\under-review\17mov_CharacterSystem\web\photos\mp_f_freemode_01-chain_1-110.webp	1882
C:\admirales\script_ver\script_ver\quarantine\under-review\17mov_CharacterSystem\web\photos\mp_f_freemode_01-chain_1-111.webp	1866
C:\admirales\script_ver\script_ver\quarantine\under-review\17mov_CharacterSystem\web\photos\mp_f_freemode_01-chain_1-112.webp	1872
C:\admirales\script_ver\script_ver\quarantine\under-review\17mov_CharacterSystem\web\photos\mp_f_freemode_01-chain_1-113.webp	1710
C:\admirales\script_ver\script_ver\quarantine\under-review\17mov_CharacterSystem\web\photos\mp_f_freemode_01-chain_1-114.webp	1890
C:\admirales\script_ver\script_ver\quarantine\under-review\17mov_CharacterSystem\web\photos\mp_f_freemode_01-chain_1-115.webp	2250
C:\admirales\script_ver\script_ver\quarantine\under-review\17mov_CharacterSystem\web\photos\mp_f_freemode_01-chain_1-116.webp	2286
C:\admirales\script_ver\script_ver\quarantine\under-review\17mov_CharacterSystem\web\photos\mp_f_freemode_01-chain_1-117.webp	2268
C:\admirales\script_ver\script_ver\quarantine\under-review\17mov_CharacterSystem\web\photos\mp_f_freemode_01-chain_1-118.webp	1618
C:\admirales\script_ver\script_ver\quarantine\under-review\17mov_CharacterSystem\web\photos\mp_f_freemode_01-chain_1-119.webp	1504
C:\admirales\script_ver\script_ver\quarantine\under-review\17mov_CharacterSystem\web\photos\mp_f_freemode_01-chain_1-12.webp	3214
C:\admirales\script_ver\script_ver\quarantine\under-review\17mov_CharacterSystem\web\photos\mp_f_freemode_01-chain_1-120.webp	2084
C:\admirales\script_ver\script_ver\quarantine\under-review\17mov_CharacterSystem\web\photos\mp_f_freemode_01-chain_1-121.webp	1974
C:\admirales\script_ver\script_ver\quarantine\under-review\17mov_CharacterSystem\web\photos\mp_f_freemode_01-chain_1-122.webp	1546
C:\admirales\script_ver\script_ver\quarantine\under-review\17mov_CharacterSystem\web\photos\mp_f_freemode_01-chain_1-123.webp	1660
C:\admirales\script_ver\script_ver\quarantine\under-review\17mov_CharacterSystem\web\photos\mp_f_freemode_01-chain_1-124.webp	1784
C:\admirales\script_ver\script_ver\quarantine\under-review\17mov_CharacterSystem\web\photos\mp_f_freemode_01-chain_1-125.webp	1446
C:\admirales\script_ver\script_ver\quarantine\under-review\17mov_CharacterSystem\web\photos\mp_f_freemode_01-chain_1-126.webp	1486
C:\admirales\script_ver\script_ver\quarantine\under-review\17mov_CharacterSystem\web\photos\mp_f_freemode_01-chain_1-127.webp	1870
C:\admirales\script_ver\script_ver\quarantine\under-review\17mov_CharacterSystem\web\photos\mp_f_freemode_01-chain_1-128.webp	1832
C:\admirales\script_ver\script_ver\quarantine\under-review\17mov_CharacterSystem\web\photos\mp_f_freemode_01-chain_1-129.webp	1450
C:\admirales\script_ver\script_ver\quarantine\under-review\17mov_CharacterSystem\web\photos\mp_f_freemode_01-chain_1-13.webp	3754
C:\admirales\script_ver\script_ver\quarantine\under-review\17mov_CharacterSystem\web\photos\mp_f_freemode_01-chain_1-130.webp	1444
C:\admirales\script_ver\script_ver\quarantine\under-review\17mov_CharacterSystem\web\photos\mp_f_freemode_01-chain_1-131.webp	1362
C:\admirales\script_ver\script_ver\quarantine\under-review\17mov_CharacterSystem\web\photos\mp_f_freemode_01-chain_1-132.webp	1434
C:\admirales\script_ver\script_ver\quarantine\under-review\17mov_CharacterSystem\web\photos\mp_f_freemode_01-chain_1-133.webp	1572
C:\admirales\script_ver\script_ver\quarantine\under-review\17mov_CharacterSystem\web\photos\mp_f_freemode_01-chain_1-134.webp	1460
C:\admirales\script_ver\script_ver\quarantine\under-review\17mov_CharacterSystem\web\photos\mp_f_freemode_01-chain_1-135.webp	2738
C:\admirales\script_ver\script_ver\quarantine\under-review\17mov_CharacterSystem\web\photos\mp_f_freemode_01-chain_1-136.webp	804
C:\admirales\script_ver\script_ver\quarantine\under-review\17mov_CharacterSystem\web\photos\mp_f_freemode_01-chain_1-137.webp	804
C:\admirales\script_ver\script_ver\quarantine\under-review\17mov_CharacterSystem\web\photos\mp_f_freemode_01-chain_1-138.webp	838
C:\admirales\script_ver\script_ver\quarantine\under-review\17mov_CharacterSystem\web\photos\mp_f_freemode_01-chain_1-139.webp	838
C:\admirales\script_ver\script_ver\quarantine\under-review\17mov_CharacterSystem\web\photos\mp_f_freemode_01-chain_1-14.webp	804
C:\admirales\script_ver\script_ver\quarantine\under-review\17mov_CharacterSystem\web\photos\mp_f_freemode_01-chain_1-140.webp	838
C:\admirales\script_ver\script_ver\quarantine\under-review\17mov_CharacterSystem\web\photos\mp_f_freemode_01-chain_1-141.webp	1494
C:\admirales\script_ver\script_ver\quarantine\under-review\17mov_CharacterSystem\web\photos\mp_f_freemode_01-chain_1-142.webp	1730
C:\admirales\script_ver\script_ver\quarantine\under-review\17mov_CharacterSystem\web\photos\mp_f_freemode_01-chain_1-143.webp	838
C:\admirales\script_ver\script_ver\quarantine\under-review\17mov_CharacterSystem\web\photos\mp_f_freemode_01-chain_1-144.webp	838
C:\admirales\script_ver\script_ver\quarantine\under-review\17mov_CharacterSystem\web\photos\mp_f_freemode_01-chain_1-145.webp	1816
C:\admirales\script_ver\script_ver\quarantine\under-review\17mov_CharacterSystem\web\photos\mp_f_freemode_01-chain_1-146.webp	1600
C:\admirales\script_ver\script_ver\quarantine\under-review\17mov_CharacterSystem\web\photos\mp_f_freemode_01-chain_1-147.webp	2562
C:\admirales\script_ver\script_ver\quarantine\under-review\17mov_CharacterSystem\web\photos\mp_f_freemode_01-chain_1-148.webp	838
C:\admirales\script_ver\script_ver\quarantine\under-review\17mov_CharacterSystem\web\photos\mp_f_freemode_01-chain_1-15.webp	3088
C:\admirales\script_ver\script_ver\quarantine\under-review\17mov_CharacterSystem\web\photos\mp_f_freemode_01-chain_1-16.webp	1610
C:\admirales\script_ver\script_ver\quarantine\under-review\17mov_CharacterSystem\web\photos\mp_f_freemode_01-chain_1-17.webp	3370
C:\admirales\script_ver\script_ver\quarantine\under-review\17mov_CharacterSystem\web\photos\mp_f_freemode_01-chain_1-18.webp	3396
C:\admirales\script_ver\script_ver\quarantine\under-review\17mov_CharacterSystem\web\photos\mp_f_freemode_01-chain_1-19.webp	1088
C:\admirales\script_ver\script_ver\quarantine\under-review\17mov_CharacterSystem\web\photos\mp_f_freemode_01-chain_1-2.webp	896
C:\admirales\script_ver\script_ver\quarantine\under-review\17mov_CharacterSystem\web\photos\mp_f_freemode_01-chain_1-20.webp	1264
C:\admirales\script_ver\script_ver\quarantine\under-review\17mov_CharacterSystem\web\photos\mp_f_freemode_01-chain_1-21.webp	1326
C:\admirales\script_ver\script_ver\quarantine\under-review\17mov_CharacterSystem\web\photos\mp_f_freemode_01-chain_1-22.webp	1128
C:\admirales\script_ver\script_ver\quarantine\under-review\17mov_CharacterSystem\web\photos\mp_f_freemode_01-chain_1-23.webp	1060
C:\admirales\script_ver\script_ver\quarantine\under-review\17mov_CharacterSystem\web\photos\mp_f_freemode_01-chain_1-24.webp	1354
C:\admirales\script_ver\script_ver\quarantine\under-review\17mov_CharacterSystem\web\photos\mp_f_freemode_01-chain_1-25.webp	804
C:\admirales\script_ver\script_ver\quarantine\under-review\17mov_CharacterSystem\web\photos\mp_f_freemode_01-chain_1-26.webp	1162
C:\admirales\script_ver\script_ver\quarantine\under-review\17mov_CharacterSystem\web\photos\mp_f_freemode_01-chain_1-27.webp	1190
C:\admirales\script_ver\script_ver\quarantine\under-review\17mov_CharacterSystem\web\photos\mp_f_freemode_01-chain_1-28.webp	1092
C:\admirales\script_ver\script_ver\quarantine\under-review\17mov_CharacterSystem\web\photos\mp_f_freemode_01-chain_1-29.webp	2040
C:\admirales\script_ver\script_ver\quarantine\under-review\17mov_CharacterSystem\web\photos\mp_f_freemode_01-chain_1-3.webp	804
C:\admirales\script_ver\script_ver\quarantine\under-review\17mov_CharacterSystem\web\photos\mp_f_freemode_01-chain_1-30.webp	1884
C:\admirales\script_ver\script_ver\quarantine\under-review\17mov_CharacterSystem\web\photos\mp_f_freemode_01-chain_1-31.webp	1818
C:\admirales\script_ver\script_ver\quarantine\under-review\17mov_CharacterSystem\web\photos\mp_f_freemode_01-chain_1-32.webp	1924
C:\admirales\script_ver\script_ver\quarantine\under-review\17mov_CharacterSystem\web\photos\mp_f_freemode_01-chain_1-33.webp	1924
C:\admirales\script_ver\script_ver\quarantine\under-review\17mov_CharacterSystem\web\photos\mp_f_freemode_01-chain_1-34.webp	1956
C:\admirales\script_ver\script_ver\quarantine\under-review\17mov_CharacterSystem\web\photos\mp_f_freemode_01-chain_1-35.webp	1904
C:\admirales\script_ver\script_ver\quarantine\under-review\17mov_CharacterSystem\web\photos\mp_f_freemode_01-chain_1-36.webp	2096
C:\admirales\script_ver\script_ver\quarantine\under-review\17mov_CharacterSystem\web\photos\mp_f_freemode_01-chain_1-37.webp	1822
C:\admirales\script_ver\script_ver\quarantine\under-review\17mov_CharacterSystem\web\photos\mp_f_freemode_01-chain_1-38.webp	1800
C:\admirales\script_ver\script_ver\quarantine\under-review\17mov_CharacterSystem\web\photos\mp_f_freemode_01-chain_1-39.webp	1956
C:\admirales\script_ver\script_ver\quarantine\under-review\17mov_CharacterSystem\web\photos\mp_f_freemode_01-chain_1-4.webp	804
C:\admirales\script_ver\script_ver\quarantine\under-review\17mov_CharacterSystem\web\photos\mp_f_freemode_01-chain_1-40.webp	1944
C:\admirales\script_ver\script_ver\quarantine\under-review\17mov_CharacterSystem\web\photos\mp_f_freemode_01-chain_1-41.webp	1970
C:\admirales\script_ver\script_ver\quarantine\under-review\17mov_CharacterSystem\web\photos\mp_f_freemode_01-chain_1-42.webp	2062
C:\admirales\script_ver\script_ver\quarantine\under-review\17mov_CharacterSystem\web\photos\mp_f_freemode_01-chain_1-43.webp	822
C:\admirales\script_ver\script_ver\quarantine\under-review\17mov_CharacterSystem\web\photos\mp_f_freemode_01-chain_1-44.webp	822
C:\admirales\script_ver\script_ver\quarantine\under-review\17mov_CharacterSystem\web\photos\mp_f_freemode_01-chain_1-45.webp	822
C:\admirales\script_ver\script_ver\quarantine\under-review\17mov_CharacterSystem\web\photos\mp_f_freemode_01-chain_1-46.webp	822
C:\admirales\script_ver\script_ver\quarantine\under-review\17mov_CharacterSystem\web\photos\mp_f_freemode_01-chain_1-47.webp	822
C:\admirales\script_ver\script_ver\quarantine\under-review\17mov_CharacterSystem\web\photos\mp_f_freemode_01-chain_1-48.webp	822
C:\admirales\script_ver\script_ver\quarantine\under-review\17mov_CharacterSystem\web\photos\mp_f_freemode_01-chain_1-49.webp	822
C:\admirales\script_ver\script_ver\quarantine\under-review\17mov_CharacterSystem\web\photos\mp_f_freemode_01-chain_1-5.webp	804
C:\admirales\script_ver\script_ver\quarantine\under-review\17mov_CharacterSystem\web\photos\mp_f_freemode_01-chain_1-50.webp	822
C:\admirales\script_ver\script_ver\quarantine\under-review\17mov_CharacterSystem\web\photos\mp_f_freemode_01-chain_1-51.webp	822
C:\admirales\script_ver\script_ver\quarantine\under-review\17mov_CharacterSystem\web\photos\mp_f_freemode_01-chain_1-52.webp	822
C:\admirales\script_ver\script_ver\quarantine\under-review\17mov_CharacterSystem\web\photos\mp_f_freemode_01-chain_1-53.webp	1728
C:\admirales\script_ver\script_ver\quarantine\under-review\17mov_CharacterSystem\web\photos\mp_f_freemode_01-chain_1-54.webp	1874
C:\admirales\script_ver\script_ver\quarantine\under-review\17mov_CharacterSystem\web\photos\mp_f_freemode_01-chain_1-55.webp	1758
C:\admirales\script_ver\script_ver\quarantine\under-review\17mov_CharacterSystem\web\photos\mp_f_freemode_01-chain_1-56.webp	1874
C:\admirales\script_ver\script_ver\quarantine\under-review\17mov_CharacterSystem\web\photos\mp_f_freemode_01-chain_1-57.webp	1666
C:\admirales\script_ver\script_ver\quarantine\under-review\17mov_CharacterSystem\web\photos\mp_f_freemode_01-chain_1-58.webp	1774
C:\admirales\script_ver\script_ver\quarantine\under-review\17mov_CharacterSystem\web\photos\mp_f_freemode_01-chain_1-59.webp	1726
C:\admirales\script_ver\script_ver\quarantine\under-review\17mov_CharacterSystem\web\photos\mp_f_freemode_01-chain_1-6.webp	1434
C:\admirales\script_ver\script_ver\quarantine\under-review\17mov_CharacterSystem\web\photos\mp_f_freemode_01-chain_1-60.webp	1544
C:\admirales\script_ver\script_ver\quarantine\under-review\17mov_CharacterSystem\web\photos\mp_f_freemode_01-chain_1-61.webp	1510
C:\admirales\script_ver\script_ver\quarantine\under-review\17mov_CharacterSystem\web\photos\mp_f_freemode_01-chain_1-62.webp	1652
C:\admirales\script_ver\script_ver\quarantine\under-review\17mov_CharacterSystem\web\photos\mp_f_freemode_01-chain_1-63.webp	804
C:\admirales\script_ver\script_ver\quarantine\under-review\17mov_CharacterSystem\web\photos\mp_f_freemode_01-chain_1-64.webp	1568
C:\admirales\script_ver\script_ver\quarantine\under-review\17mov_CharacterSystem\web\photos\mp_f_freemode_01-chain_1-65.webp	1828
C:\admirales\script_ver\script_ver\quarantine\under-review\17mov_CharacterSystem\web\photos\mp_f_freemode_01-chain_1-66.webp	1908
C:\admirales\script_ver\script_ver\quarantine\under-review\17mov_CharacterSystem\web\photos\mp_f_freemode_01-chain_1-67.webp	1974
C:\admirales\script_ver\script_ver\quarantine\under-review\17mov_CharacterSystem\web\photos\mp_f_freemode_01-chain_1-68.webp	1830
C:\admirales\script_ver\script_ver\quarantine\under-review\17mov_CharacterSystem\web\photos\mp_f_freemode_01-chain_1-69.webp	1776
C:\admirales\script_ver\script_ver\quarantine\under-review\17mov_CharacterSystem\web\photos\mp_f_freemode_01-chain_1-7.webp	2090
C:\admirales\script_ver\script_ver\quarantine\under-review\17mov_CharacterSystem\web\photos\mp_f_freemode_01-chain_1-70.webp	1738
C:\admirales\script_ver\script_ver\quarantine\under-review\17mov_CharacterSystem\web\photos\mp_f_freemode_01-chain_1-71.webp	1732
C:\admirales\script_ver\script_ver\quarantine\under-review\17mov_CharacterSystem\web\photos\mp_f_freemode_01-chain_1-72.webp	1458
C:\admirales\script_ver\script_ver\quarantine\under-review\17mov_CharacterSystem\web\photos\mp_f_freemode_01-chain_1-73.webp	1654
C:\admirales\script_ver\script_ver\quarantine\under-review\17mov_CharacterSystem\web\photos\mp_f_freemode_01-chain_1-74.webp	814
C:\admirales\script_ver\script_ver\quarantine\under-review\17mov_CharacterSystem\web\photos\mp_f_freemode_01-chain_1-75.webp	814
C:\admirales\script_ver\script_ver\quarantine\under-review\17mov_CharacterSystem\web\photos\mp_f_freemode_01-chain_1-76.webp	814
C:\admirales\script_ver\script_ver\quarantine\under-review\17mov_CharacterSystem\web\photos\mp_f_freemode_01-chain_1-77.webp	814
C:\admirales\script_ver\script_ver\quarantine\under-review\17mov_CharacterSystem\web\photos\mp_f_freemode_01-chain_1-78.webp	814
C:\admirales\script_ver\script_ver\quarantine\under-review\17mov_CharacterSystem\web\photos\mp_f_freemode_01-chain_1-79.webp	814
C:\admirales\script_ver\script_ver\quarantine\under-review\17mov_CharacterSystem\web\photos\mp_f_freemode_01-chain_1-8.webp	804
C:\admirales\script_ver\script_ver\quarantine\under-review\17mov_CharacterSystem\web\photos\mp_f_freemode_01-chain_1-80.webp	814
C:\admirales\script_ver\script_ver\quarantine\under-review\17mov_CharacterSystem\web\photos\mp_f_freemode_01-chain_1-81.webp	1920
C:\admirales\script_ver\script_ver\quarantine\under-review\17mov_CharacterSystem\web\photos\mp_f_freemode_01-chain_1-82.webp	1952
C:\admirales\script_ver\script_ver\quarantine\under-review\17mov_CharacterSystem\web\photos\mp_f_freemode_01-chain_1-83.webp	4214
C:\admirales\script_ver\script_ver\quarantine\under-review\17mov_CharacterSystem\web\photos\mp_f_freemode_01-chain_1-84.webp	1762
C:\admirales\script_ver\script_ver\quarantine\under-review\17mov_CharacterSystem\web\photos\mp_f_freemode_01-chain_1-85.webp	1148
C:\admirales\script_ver\script_ver\quarantine\under-review\17mov_CharacterSystem\web\photos\mp_f_freemode_01-chain_1-86.webp	1980
C:\admirales\script_ver\script_ver\quarantine\under-review\17mov_CharacterSystem\web\photos\mp_f_freemode_01-chain_1-87.webp	1242
C:\admirales\script_ver\script_ver\quarantine\under-review\17mov_CharacterSystem\web\photos\mp_f_freemode_01-chain_1-88.webp	2578
C:\admirales\script_ver\script_ver\quarantine\under-review\17mov_CharacterSystem\web\photos\mp_f_freemode_01-chain_1-89.webp	1882
C:\admirales\script_ver\script_ver\quarantine\under-review\17mov_CharacterSystem\web\photos\mp_f_freemode_01-chain_1-9.webp	3538
C:\admirales\script_ver\script_ver\quarantine\under-review\17mov_CharacterSystem\web\photos\mp_f_freemode_01-chain_1-90.webp	2038
C:\admirales\script_ver\script_ver\quarantine\under-review\17mov_CharacterSystem\web\photos\mp_f_freemode_01-chain_1-91.webp	2076
C:\admirales\script_ver\script_ver\quarantine\under-review\17mov_CharacterSystem\web\photos\mp_f_freemode_01-chain_1-92.webp	2074
C:\admirales\script_ver\script_ver\quarantine\under-review\17mov_CharacterSystem\web\photos\mp_f_freemode_01-chain_1-93.webp	2382
C:\admirales\script_ver\script_ver\quarantine\under-review\17mov_CharacterSystem\web\photos\mp_f_freemode_01-chain_1-94.webp	1154
C:\admirales\script_ver\script_ver\quarantine\under-review\17mov_CharacterSystem\web\photos\mp_f_freemode_01-chain_1-95.webp	1658
C:\admirales\script_ver\script_ver\quarantine\under-review\17mov_CharacterSystem\web\photos\mp_f_freemode_01-chain_1-96.webp	2594
C:\admirales\script_ver\script_ver\quarantine\under-review\17mov_CharacterSystem\web\photos\mp_f_freemode_01-chain_1-97.webp	1348
C:\admirales\script_ver\script_ver\quarantine\under-review\17mov_CharacterSystem\web\photos\mp_f_freemode_01-chain_1-98.webp	1660
C:\admirales\script_ver\script_ver\quarantine\under-review\17mov_CharacterSystem\web\photos\mp_f_freemode_01-chain_1-99.webp	2556
C:\admirales\script_ver\script_ver\quarantine\under-review\17mov_CharacterSystem\web\photos\mp_f_freemode_01-ear_1-0.webp	2352
C:\admirales\script_ver\script_ver\quarantine\under-review\17mov_CharacterSystem\web\photos\mp_f_freemode_01-ear_1-1.webp	2452
C:\admirales\script_ver\script_ver\quarantine\under-review\17mov_CharacterSystem\web\photos\mp_f_freemode_01-ear_1-10.webp	2252
C:\admirales\script_ver\script_ver\quarantine\under-review\17mov_CharacterSystem\web\photos\mp_f_freemode_01-ear_1-11.webp	2334
C:\admirales\script_ver\script_ver\quarantine\under-review\17mov_CharacterSystem\web\photos\mp_f_freemode_01-ear_1-12.webp	2142
C:\admirales\script_ver\script_ver\quarantine\under-review\17mov_CharacterSystem\web\photos\mp_f_freemode_01-ear_1-13.webp	2414
C:\admirales\script_ver\script_ver\quarantine\under-review\17mov_CharacterSystem\web\photos\mp_f_freemode_01-ear_1-14.webp	2394
C:\admirales\script_ver\script_ver\quarantine\under-review\17mov_CharacterSystem\web\photos\mp_f_freemode_01-ear_1-15.webp	2230
C:\admirales\script_ver\script_ver\quarantine\under-review\17mov_CharacterSystem\web\photos\mp_f_freemode_01-ear_1-16.webp	2562
C:\admirales\script_ver\script_ver\quarantine\under-review\17mov_CharacterSystem\web\photos\mp_f_freemode_01-ear_1-17.webp	2540
C:\admirales\script_ver\script_ver\quarantine\under-review\17mov_CharacterSystem\web\photos\mp_f_freemode_01-ear_1-18.webp	2184
C:\admirales\script_ver\script_ver\quarantine\under-review\17mov_CharacterSystem\web\photos\mp_f_freemode_01-ear_1-19.webp	2266
C:\admirales\script_ver\script_ver\quarantine\under-review\17mov_CharacterSystem\web\photos\mp_f_freemode_01-ear_1-2.webp	2596
C:\admirales\script_ver\script_ver\quarantine\under-review\17mov_CharacterSystem\web\photos\mp_f_freemode_01-ear_1-20.webp	2406
C:\admirales\script_ver\script_ver\quarantine\under-review\17mov_CharacterSystem\web\photos\mp_f_freemode_01-ear_1-21.webp	2390
C:\admirales\script_ver\script_ver\quarantine\under-review\17mov_CharacterSystem\web\photos\mp_f_freemode_01-ear_1-22.webp	2166
C:\admirales\script_ver\script_ver\quarantine\under-review\17mov_CharacterSystem\web\photos\mp_f_freemode_01-ear_1-23.webp	2076
C:\admirales\script_ver\script_ver\quarantine\under-review\17mov_CharacterSystem\web\photos\mp_f_freemode_01-ear_1-3.webp	2346
C:\admirales\script_ver\script_ver\quarantine\under-review\17mov_CharacterSystem\web\photos\mp_f_freemode_01-ear_1-4.webp	2498
C:\admirales\script_ver\script_ver\quarantine\under-review\17mov_CharacterSystem\web\photos\mp_f_freemode_01-ear_1-5.webp	2386
C:\admirales\script_ver\script_ver\quarantine\under-review\17mov_CharacterSystem\web\photos\mp_f_freemode_01-ear_1-6.webp	2590
C:\admirales\script_ver\script_ver\quarantine\under-review\17mov_CharacterSystem\web\photos\mp_f_freemode_01-ear_1-7.webp	2390
C:\admirales\script_ver\script_ver\quarantine\under-review\17mov_CharacterSystem\web\photos\mp_f_freemode_01-ear_1-8.webp	2268
C:\admirales\script_ver\script_ver\quarantine\under-review\17mov_CharacterSystem\web\photos\mp_f_freemode_01-ear_1-9.webp	2346
C:\admirales\script_ver\script_ver\quarantine\under-review\17mov_CharacterSystem\web\photos\mp_f_freemode_01-glasses_1-0.webp	730
C:\admirales\script_ver\script_ver\quarantine\under-review\17mov_CharacterSystem\web\photos\mp_f_freemode_01-glasses_1-1.webp	1738
C:\admirales\script_ver\script_ver\quarantine\under-review\17mov_CharacterSystem\web\photos\mp_f_freemode_01-glasses_1-10.webp	1780
C:\admirales\script_ver\script_ver\quarantine\under-review\17mov_CharacterSystem\web\photos\mp_f_freemode_01-glasses_1-11.webp	1662
C:\admirales\script_ver\script_ver\quarantine\under-review\17mov_CharacterSystem\web\photos\mp_f_freemode_01-glasses_1-12.webp	1722
C:\admirales\script_ver\script_ver\quarantine\under-review\17mov_CharacterSystem\web\photos\mp_f_freemode_01-glasses_1-13.webp	986
C:\admirales\script_ver\script_ver\quarantine\under-review\17mov_CharacterSystem\web\photos\mp_f_freemode_01-glasses_1-14.webp	988
C:\admirales\script_ver\script_ver\quarantine\under-review\17mov_CharacterSystem\web\photos\mp_f_freemode_01-glasses_1-15.webp	1730
C:\admirales\script_ver\script_ver\quarantine\under-review\17mov_CharacterSystem\web\photos\mp_f_freemode_01-glasses_1-16.webp	988
C:\admirales\script_ver\script_ver\quarantine\under-review\17mov_CharacterSystem\web\photos\mp_f_freemode_01-glasses_1-17.webp	2112
C:\admirales\script_ver\script_ver\quarantine\under-review\17mov_CharacterSystem\web\photos\mp_f_freemode_01-glasses_1-18.webp	1766
C:\admirales\script_ver\script_ver\quarantine\under-review\17mov_CharacterSystem\web\photos\mp_f_freemode_01-glasses_1-19.webp	1852
C:\admirales\script_ver\script_ver\quarantine\under-review\17mov_CharacterSystem\web\photos\mp_f_freemode_01-glasses_1-2.webp	2266
C:\admirales\script_ver\script_ver\quarantine\under-review\17mov_CharacterSystem\web\photos\mp_f_freemode_01-glasses_1-20.webp	1378
C:\admirales\script_ver\script_ver\quarantine\under-review\17mov_CharacterSystem\web\photos\mp_f_freemode_01-glasses_1-21.webp	1764
C:\admirales\script_ver\script_ver\quarantine\under-review\17mov_CharacterSystem\web\photos\mp_f_freemode_01-glasses_1-22.webp	1694
C:\admirales\script_ver\script_ver\quarantine\under-review\17mov_CharacterSystem\web\photos\mp_f_freemode_01-glasses_1-23.webp	2722
C:\admirales\script_ver\script_ver\quarantine\under-review\17mov_CharacterSystem\web\photos\mp_f_freemode_01-glasses_1-24.webp	2014
C:\admirales\script_ver\script_ver\quarantine\under-review\17mov_CharacterSystem\web\photos\mp_f_freemode_01-glasses_1-25.webp	1766
C:\admirales\script_ver\script_ver\quarantine\under-review\17mov_CharacterSystem\web\photos\mp_f_freemode_01-glasses_1-26.webp	1328
C:\admirales\script_ver\script_ver\quarantine\under-review\17mov_CharacterSystem\web\photos\mp_f_freemode_01-glasses_1-27.webp	2326
C:\admirales\script_ver\script_ver\quarantine\under-review\17mov_CharacterSystem\web\photos\mp_f_freemode_01-glasses_1-28.webp	1968
C:\admirales\script_ver\script_ver\quarantine\under-review\17mov_CharacterSystem\web\photos\mp_f_freemode_01-glasses_1-29.webp	2998
C:\admirales\script_ver\script_ver\quarantine\under-review\17mov_CharacterSystem\web\photos\mp_f_freemode_01-glasses_1-3.webp	2154
C:\admirales\script_ver\script_ver\quarantine\under-review\17mov_CharacterSystem\web\photos\mp_f_freemode_01-glasses_1-30.webp	2054
C:\admirales\script_ver\script_ver\quarantine\under-review\17mov_CharacterSystem\web\photos\mp_f_freemode_01-glasses_1-31.webp	2188
C:\admirales\script_ver\script_ver\quarantine\under-review\17mov_CharacterSystem\web\photos\mp_f_freemode_01-glasses_1-32.webp	1988
C:\admirales\script_ver\script_ver\quarantine\under-review\17mov_CharacterSystem\web\photos\mp_f_freemode_01-glasses_1-33.webp	2746
C:\admirales\script_ver\script_ver\quarantine\under-review\17mov_CharacterSystem\web\photos\mp_f_freemode_01-glasses_1-34.webp	1702
C:\admirales\script_ver\script_ver\quarantine\under-review\17mov_CharacterSystem\web\photos\mp_f_freemode_01-glasses_1-35.webp	3144
C:\admirales\script_ver\script_ver\quarantine\under-review\17mov_CharacterSystem\web\photos\mp_f_freemode_01-glasses_1-36.webp	2134
C:\admirales\script_ver\script_ver\quarantine\under-review\17mov_CharacterSystem\web\photos\mp_f_freemode_01-glasses_1-37.webp	1806
C:\admirales\script_ver\script_ver\quarantine\under-review\17mov_CharacterSystem\web\photos\mp_f_freemode_01-glasses_1-38.webp	1686
C:\admirales\script_ver\script_ver\quarantine\under-review\17mov_CharacterSystem\web\photos\mp_f_freemode_01-glasses_1-39.webp	2226
C:\admirales\script_ver\script_ver\quarantine\under-review\17mov_CharacterSystem\web\photos\mp_f_freemode_01-glasses_1-4.webp	1988
C:\admirales\script_ver\script_ver\quarantine\under-review\17mov_CharacterSystem\web\photos\mp_f_freemode_01-glasses_1-40.webp	1806
C:\admirales\script_ver\script_ver\quarantine\under-review\17mov_CharacterSystem\web\photos\mp_f_freemode_01-glasses_1-41.webp	2044
C:\admirales\script_ver\script_ver\quarantine\under-review\17mov_CharacterSystem\web\photos\mp_f_freemode_01-glasses_1-42.webp	1944
C:\admirales\script_ver\script_ver\quarantine\under-review\17mov_CharacterSystem\web\photos\mp_f_freemode_01-glasses_1-43.webp	2366
C:\admirales\script_ver\script_ver\quarantine\under-review\17mov_CharacterSystem\web\photos\mp_f_freemode_01-glasses_1-44.webp	2328
C:\admirales\script_ver\script_ver\quarantine\under-review\17mov_CharacterSystem\web\photos\mp_f_freemode_01-glasses_1-45.webp	1650
C:\admirales\script_ver\script_ver\quarantine\under-review\17mov_CharacterSystem\web\photos\mp_f_freemode_01-glasses_1-46.webp	2292
C:\admirales\script_ver\script_ver\quarantine\under-review\17mov_CharacterSystem\web\photos\mp_f_freemode_01-glasses_1-47.webp	3502
C:\admirales\script_ver\script_ver\quarantine\under-review\17mov_CharacterSystem\web\photos\mp_f_freemode_01-glasses_1-48.webp	2864
C:\admirales\script_ver\script_ver\quarantine\under-review\17mov_CharacterSystem\web\photos\mp_f_freemode_01-glasses_1-49.webp	1970
C:\admirales\script_ver\script_ver\quarantine\under-review\17mov_CharacterSystem\web\photos\mp_f_freemode_01-glasses_1-5.webp	2178
C:\admirales\script_ver\script_ver\quarantine\under-review\17mov_CharacterSystem\web\photos\mp_f_freemode_01-glasses_1-50.webp	2782
C:\admirales\script_ver\script_ver\quarantine\under-review\17mov_CharacterSystem\web\photos\mp_f_freemode_01-glasses_1-51.webp	2096
C:\admirales\script_ver\script_ver\quarantine\under-review\17mov_CharacterSystem\web\photos\mp_f_freemode_01-glasses_1-52.webp	730
C:\admirales\script_ver\script_ver\quarantine\under-review\17mov_CharacterSystem\web\photos\mp_f_freemode_01-glasses_1-53.webp	730
C:\admirales\script_ver\script_ver\quarantine\under-review\17mov_CharacterSystem\web\photos\mp_f_freemode_01-glasses_1-54.webp	1688
C:\admirales\script_ver\script_ver\quarantine\under-review\17mov_CharacterSystem\web\photos\mp_f_freemode_01-glasses_1-55.webp	2548
C:\admirales\script_ver\script_ver\quarantine\under-review\17mov_CharacterSystem\web\photos\mp_f_freemode_01-glasses_1-56.webp	2090
C:\admirales\script_ver\script_ver\quarantine\under-review\17mov_CharacterSystem\web\photos\mp_f_freemode_01-glasses_1-57.webp	1740
C:\admirales\script_ver\script_ver\quarantine\under-review\17mov_CharacterSystem\web\photos\mp_f_freemode_01-glasses_1-58.webp	2292
C:\admirales\script_ver\script_ver\quarantine\under-review\17mov_CharacterSystem\web\photos\mp_f_freemode_01-glasses_1-6.webp	934
C:\admirales\script_ver\script_ver\quarantine\under-review\17mov_CharacterSystem\web\photos\mp_f_freemode_01-glasses_1-7.webp	2242
C:\admirales\script_ver\script_ver\quarantine\under-review\17mov_CharacterSystem\web\photos\mp_f_freemode_01-glasses_1-8.webp	2118
C:\admirales\script_ver\script_ver\quarantine\under-review\17mov_CharacterSystem\web\photos\mp_f_freemode_01-glasses_1-9.webp	2008
C:\admirales\script_ver\script_ver\quarantine\under-review\17mov_CharacterSystem\web\photos\mp_f_freemode_01-hair_1-0.webp	2604
C:\admirales\script_ver\script_ver\quarantine\under-review\17mov_CharacterSystem\web\photos\mp_f_freemode_01-hair_1-1.webp	3138
C:\admirales\script_ver\script_ver\quarantine\under-review\17mov_CharacterSystem\web\photos\mp_f_freemode_01-hair_1-10.webp	3394
C:\admirales\script_ver\script_ver\quarantine\under-review\17mov_CharacterSystem\web\photos\mp_f_freemode_01-hair_1-11.webp	3492
C:\admirales\script_ver\script_ver\quarantine\under-review\17mov_CharacterSystem\web\photos\mp_f_freemode_01-hair_1-12.webp	3336
C:\admirales\script_ver\script_ver\quarantine\under-review\17mov_CharacterSystem\web\photos\mp_f_freemode_01-hair_1-13.webp	3636
C:\admirales\script_ver\script_ver\quarantine\under-review\17mov_CharacterSystem\web\photos\mp_f_freemode_01-hair_1-14.webp	3606
C:\admirales\script_ver\script_ver\quarantine\under-review\17mov_CharacterSystem\web\photos\mp_f_freemode_01-hair_1-15.webp	3502
C:\admirales\script_ver\script_ver\quarantine\under-review\17mov_CharacterSystem\web\photos\mp_f_freemode_01-hair_1-16.webp	3876
C:\admirales\script_ver\script_ver\quarantine\under-review\17mov_CharacterSystem\web\photos\mp_f_freemode_01-hair_1-17.webp	3726
C:\admirales\script_ver\script_ver\quarantine\under-review\17mov_CharacterSystem\web\photos\mp_f_freemode_01-hair_1-18.webp	3620
C:\admirales\script_ver\script_ver\quarantine\under-review\17mov_CharacterSystem\web\photos\mp_f_freemode_01-hair_1-19.webp	2878
C:\admirales\script_ver\script_ver\quarantine\under-review\17mov_CharacterSystem\web\photos\mp_f_freemode_01-hair_1-2.webp	3482
C:\admirales\script_ver\script_ver\quarantine\under-review\17mov_CharacterSystem\web\photos\mp_f_freemode_01-hair_1-20.webp	5320
C:\admirales\script_ver\script_ver\quarantine\under-review\17mov_CharacterSystem\web\photos\mp_f_freemode_01-hair_1-21.webp	4178
C:\admirales\script_ver\script_ver\quarantine\under-review\17mov_CharacterSystem\web\photos\mp_f_freemode_01-hair_1-22.webp	3350
C:\admirales\script_ver\script_ver\quarantine\under-review\17mov_CharacterSystem\web\photos\mp_f_freemode_01-hair_1-23.webp	3792
C:\admirales\script_ver\script_ver\quarantine\under-review\17mov_CharacterSystem\web\photos\mp_f_freemode_01-hair_1-24.webp	3142
C:\admirales\script_ver\script_ver\quarantine\under-review\17mov_CharacterSystem\web\photos\mp_f_freemode_01-hair_1-25.webp	3254
C:\admirales\script_ver\script_ver\quarantine\under-review\17mov_CharacterSystem\web\photos\mp_f_freemode_01-hair_1-26.webp	3336
C:\admirales\script_ver\script_ver\quarantine\under-review\17mov_CharacterSystem\web\photos\mp_f_freemode_01-hair_1-27.webp	3058
C:\admirales\script_ver\script_ver\quarantine\under-review\17mov_CharacterSystem\web\photos\mp_f_freemode_01-hair_1-28.webp	3500
C:\admirales\script_ver\script_ver\quarantine\under-review\17mov_CharacterSystem\web\photos\mp_f_freemode_01-hair_1-29.webp	3324
C:\admirales\script_ver\script_ver\quarantine\under-review\17mov_CharacterSystem\web\photos\mp_f_freemode_01-hair_1-3.webp	3584
C:\admirales\script_ver\script_ver\quarantine\under-review\17mov_CharacterSystem\web\photos\mp_f_freemode_01-hair_1-30.webp	3058
C:\admirales\script_ver\script_ver\quarantine\under-review\17mov_CharacterSystem\web\photos\mp_f_freemode_01-hair_1-31.webp	3240
C:\admirales\script_ver\script_ver\quarantine\under-review\17mov_CharacterSystem\web\photos\mp_f_freemode_01-hair_1-32.webp	3174
C:\admirales\script_ver\script_ver\quarantine\under-review\17mov_CharacterSystem\web\photos\mp_f_freemode_01-hair_1-33.webp	3600
C:\admirales\script_ver\script_ver\quarantine\under-review\17mov_CharacterSystem\web\photos\mp_f_freemode_01-hair_1-34.webp	3240
C:\admirales\script_ver\script_ver\quarantine\under-review\17mov_CharacterSystem\web\photos\mp_f_freemode_01-hair_1-35.webp	3882
C:\admirales\script_ver\script_ver\quarantine\under-review\17mov_CharacterSystem\web\photos\mp_f_freemode_01-hair_1-36.webp	3774
C:\admirales\script_ver\script_ver\quarantine\under-review\17mov_CharacterSystem\web\photos\mp_f_freemode_01-hair_1-37.webp	3086
C:\admirales\script_ver\script_ver\quarantine\under-review\17mov_CharacterSystem\web\photos\mp_f_freemode_01-hair_1-38.webp	3472
C:\admirales\script_ver\script_ver\quarantine\under-review\17mov_CharacterSystem\web\photos\mp_f_freemode_01-hair_1-39.webp	3122
C:\admirales\script_ver\script_ver\quarantine\under-review\17mov_CharacterSystem\web\photos\mp_f_freemode_01-hair_1-4.webp	3270
C:\admirales\script_ver\script_ver\quarantine\under-review\17mov_CharacterSystem\web\photos\mp_f_freemode_01-hair_1-40.webp	3542
C:\admirales\script_ver\script_ver\quarantine\under-review\17mov_CharacterSystem\web\photos\mp_f_freemode_01-hair_1-41.webp	3646
C:\admirales\script_ver\script_ver\quarantine\under-review\17mov_CharacterSystem\web\photos\mp_f_freemode_01-hair_1-42.webp	3640
C:\admirales\script_ver\script_ver\quarantine\under-review\17mov_CharacterSystem\web\photos\mp_f_freemode_01-hair_1-43.webp	3778
C:\admirales\script_ver\script_ver\quarantine\under-review\17mov_CharacterSystem\web\photos\mp_f_freemode_01-hair_1-44.webp	3394
C:\admirales\script_ver\script_ver\quarantine\under-review\17mov_CharacterSystem\web\photos\mp_f_freemode_01-hair_1-45.webp	3796
C:\admirales\script_ver\script_ver\quarantine\under-review\17mov_CharacterSystem\web\photos\mp_f_freemode_01-hair_1-46.webp	3126
C:\admirales\script_ver\script_ver\quarantine\under-review\17mov_CharacterSystem\web\photos\mp_f_freemode_01-hair_1-47.webp	3828
C:\admirales\script_ver\script_ver\quarantine\under-review\17mov_CharacterSystem\web\photos\mp_f_freemode_01-hair_1-48.webp	3380
C:\admirales\script_ver\script_ver\quarantine\under-review\17mov_CharacterSystem\web\photos\mp_f_freemode_01-hair_1-49.webp	3510
C:\admirales\script_ver\script_ver\quarantine\under-review\17mov_CharacterSystem\web\photos\mp_f_freemode_01-hair_1-5.webp	3760
C:\admirales\script_ver\script_ver\quarantine\under-review\17mov_CharacterSystem\web\photos\mp_f_freemode_01-hair_1-50.webp	3350
C:\admirales\script_ver\script_ver\quarantine\under-review\17mov_CharacterSystem\web\photos\mp_f_freemode_01-hair_1-51.webp	3898
C:\admirales\script_ver\script_ver\quarantine\under-review\17mov_CharacterSystem\web\photos\mp_f_freemode_01-hair_1-52.webp	3950
C:\admirales\script_ver\script_ver\quarantine\under-review\17mov_CharacterSystem\web\photos\mp_f_freemode_01-hair_1-53.webp	3444
C:\admirales\script_ver\script_ver\quarantine\under-review\17mov_CharacterSystem\web\photos\mp_f_freemode_01-hair_1-54.webp	3854
C:\admirales\script_ver\script_ver\quarantine\under-review\17mov_CharacterSystem\web\photos\mp_f_freemode_01-hair_1-55.webp	3308
C:\admirales\script_ver\script_ver\quarantine\under-review\17mov_CharacterSystem\web\photos\mp_f_freemode_01-hair_1-56.webp	3590
C:\admirales\script_ver\script_ver\quarantine\under-review\17mov_CharacterSystem\web\photos\mp_f_freemode_01-hair_1-57.webp	3206
C:\admirales\script_ver\script_ver\quarantine\under-review\17mov_CharacterSystem\web\photos\mp_f_freemode_01-hair_1-58.webp	5294
C:\admirales\script_ver\script_ver\quarantine\under-review\17mov_CharacterSystem\web\photos\mp_f_freemode_01-hair_1-59.webp	4138
C:\admirales\script_ver\script_ver\quarantine\under-review\17mov_CharacterSystem\web\photos\mp_f_freemode_01-hair_1-6.webp	3360
C:\admirales\script_ver\script_ver\quarantine\under-review\17mov_CharacterSystem\web\photos\mp_f_freemode_01-hair_1-60.webp	3294
C:\admirales\script_ver\script_ver\quarantine\under-review\17mov_CharacterSystem\web\photos\mp_f_freemode_01-hair_1-61.webp	3738
C:\admirales\script_ver\script_ver\quarantine\under-review\17mov_CharacterSystem\web\photos\mp_f_freemode_01-hair_1-62.webp	3154
C:\admirales\script_ver\script_ver\quarantine\under-review\17mov_CharacterSystem\web\photos\mp_f_freemode_01-hair_1-63.webp	3290
C:\admirales\script_ver\script_ver\quarantine\under-review\17mov_CharacterSystem\web\photos\mp_f_freemode_01-hair_1-64.webp	3308
C:\admirales\script_ver\script_ver\quarantine\under-review\17mov_CharacterSystem\web\photos\mp_f_freemode_01-hair_1-65.webp	3454
C:\admirales\script_ver\script_ver\quarantine\under-review\17mov_CharacterSystem\web\photos\mp_f_freemode_01-hair_1-66.webp	3310
C:\admirales\script_ver\script_ver\quarantine\under-review\17mov_CharacterSystem\web\photos\mp_f_freemode_01-hair_1-67.webp	2972
C:\admirales\script_ver\script_ver\quarantine\under-review\17mov_CharacterSystem\web\photos\mp_f_freemode_01-hair_1-68.webp	3190
C:\admirales\script_ver\script_ver\quarantine\under-review\17mov_CharacterSystem\web\photos\mp_f_freemode_01-hair_1-69.webp	3184
C:\admirales\script_ver\script_ver\quarantine\under-review\17mov_CharacterSystem\web\photos\mp_f_freemode_01-hair_1-7.webp	3744
C:\admirales\script_ver\script_ver\quarantine\under-review\17mov_CharacterSystem\web\photos\mp_f_freemode_01-hair_1-70.webp	3564
C:\admirales\script_ver\script_ver\quarantine\under-review\17mov_CharacterSystem\web\photos\mp_f_freemode_01-hair_1-71.webp	3180
C:\admirales\script_ver\script_ver\quarantine\under-review\17mov_CharacterSystem\web\photos\mp_f_freemode_01-hair_1-72.webp	3896
C:\admirales\script_ver\script_ver\quarantine\under-review\17mov_CharacterSystem\web\photos\mp_f_freemode_01-hair_1-73.webp	3812
C:\admirales\script_ver\script_ver\quarantine\under-review\17mov_CharacterSystem\web\photos\mp_f_freemode_01-hair_1-74.webp	3018
C:\admirales\script_ver\script_ver\quarantine\under-review\17mov_CharacterSystem\web\photos\mp_f_freemode_01-hair_1-75.webp	3468
C:\admirales\script_ver\script_ver\quarantine\under-review\17mov_CharacterSystem\web\photos\mp_f_freemode_01-hair_1-76.webp	2892
C:\admirales\script_ver\script_ver\quarantine\under-review\17mov_CharacterSystem\web\photos\mp_f_freemode_01-hair_1-77.webp	3056
C:\admirales\script_ver\script_ver\quarantine\under-review\17mov_CharacterSystem\web\photos\mp_f_freemode_01-hair_1-78.webp	3404
C:\admirales\script_ver\script_ver\quarantine\under-review\17mov_CharacterSystem\web\photos\mp_f_freemode_01-hair_1-79.webp	5156
C:\admirales\script_ver\script_ver\quarantine\under-review\17mov_CharacterSystem\web\photos\mp_f_freemode_01-hair_1-8.webp	3094
C:\admirales\script_ver\script_ver\quarantine\under-review\17mov_CharacterSystem\web\photos\mp_f_freemode_01-hair_1-80.webp	3370
C:\admirales\script_ver\script_ver\quarantine\under-review\17mov_CharacterSystem\web\photos\mp_f_freemode_01-hair_1-81.webp	3394
C:\admirales\script_ver\script_ver\quarantine\under-review\17mov_CharacterSystem\web\photos\mp_f_freemode_01-hair_1-82.webp	3688
C:\admirales\script_ver\script_ver\quarantine\under-review\17mov_CharacterSystem\web\photos\mp_f_freemode_01-hair_1-83.webp	2918
C:\admirales\script_ver\script_ver\quarantine\under-review\17mov_CharacterSystem\web\photos\mp_f_freemode_01-hair_1-84.webp	3842
C:\admirales\script_ver\script_ver\quarantine\under-review\17mov_CharacterSystem\web\photos\mp_f_freemode_01-hair_1-85.webp	4134
C:\admirales\script_ver\script_ver\quarantine\under-review\17mov_CharacterSystem\web\photos\mp_f_freemode_01-hair_1-86.webp	2662
C:\admirales\script_ver\script_ver\quarantine\under-review\17mov_CharacterSystem\web\photos\mp_f_freemode_01-hair_1-9.webp	3572
C:\admirales\script_ver\script_ver\quarantine\under-review\17mov_CharacterSystem\web\photos\mp_f_freemode_01-helmet_1-0.webp	730
C:\admirales\script_ver\script_ver\quarantine\under-review\17mov_CharacterSystem\web\photos\mp_f_freemode_01-helmet_1-1.webp	2058
C:\admirales\script_ver\script_ver\quarantine\under-review\17mov_CharacterSystem\web\photos\mp_f_freemode_01-helmet_1-10.webp	1582
C:\admirales\script_ver\script_ver\quarantine\under-review\17mov_CharacterSystem\web\photos\mp_f_freemode_01-helmet_1-100.webp	2788
C:\admirales\script_ver\script_ver\quarantine\under-review\17mov_CharacterSystem\web\photos\mp_f_freemode_01-helmet_1-101.webp	1852
C:\admirales\script_ver\script_ver\quarantine\under-review\17mov_CharacterSystem\web\photos\mp_f_freemode_01-helmet_1-102.webp	1178
C:\admirales\script_ver\script_ver\quarantine\under-review\17mov_CharacterSystem\web\photos\mp_f_freemode_01-helmet_1-103.webp	2296
C:\admirales\script_ver\script_ver\quarantine\under-review\17mov_CharacterSystem\web\photos\mp_f_freemode_01-helmet_1-104.webp	2972
C:\admirales\script_ver\script_ver\quarantine\under-review\17mov_CharacterSystem\web\photos\mp_f_freemode_01-helmet_1-105.webp	2640
C:\admirales\script_ver\script_ver\quarantine\under-review\17mov_CharacterSystem\web\photos\mp_f_freemode_01-helmet_1-106.webp	2132
C:\admirales\script_ver\script_ver\quarantine\under-review\17mov_CharacterSystem\web\photos\mp_f_freemode_01-helmet_1-107.webp	2140
C:\admirales\script_ver\script_ver\quarantine\under-review\17mov_CharacterSystem\web\photos\mp_f_freemode_01-helmet_1-108.webp	2364
C:\admirales\script_ver\script_ver\quarantine\under-review\17mov_CharacterSystem\web\photos\mp_f_freemode_01-helmet_1-109.webp	1886
C:\admirales\script_ver\script_ver\quarantine\under-review\17mov_CharacterSystem\web\photos\mp_f_freemode_01-helmet_1-11.webp	2112
C:\admirales\script_ver\script_ver\quarantine\under-review\17mov_CharacterSystem\web\photos\mp_f_freemode_01-helmet_1-110.webp	1672
C:\admirales\script_ver\script_ver\quarantine\under-review\17mov_CharacterSystem\web\photos\mp_f_freemode_01-helmet_1-111.webp	3056
C:\admirales\script_ver\script_ver\quarantine\under-review\17mov_CharacterSystem\web\photos\mp_f_freemode_01-helmet_1-112.webp	2304
C:\admirales\script_ver\script_ver\quarantine\under-review\17mov_CharacterSystem\web\photos\mp_f_freemode_01-helmet_1-113.webp	1860
C:\admirales\script_ver\script_ver\quarantine\under-review\17mov_CharacterSystem\web\photos\mp_f_freemode_01-helmet_1-114.webp	1870
C:\admirales\script_ver\script_ver\quarantine\under-review\17mov_CharacterSystem\web\photos\mp_f_freemode_01-helmet_1-115.webp	2130
C:\admirales\script_ver\script_ver\quarantine\under-review\17mov_CharacterSystem\web\photos\mp_f_freemode_01-helmet_1-116.webp	2804
C:\admirales\script_ver\script_ver\quarantine\under-review\17mov_CharacterSystem\web\photos\mp_f_freemode_01-helmet_1-117.webp	2862
C:\admirales\script_ver\script_ver\quarantine\under-review\17mov_CharacterSystem\web\photos\mp_f_freemode_01-helmet_1-118.webp	3082
C:\admirales\script_ver\script_ver\quarantine\under-review\17mov_CharacterSystem\web\photos\mp_f_freemode_01-helmet_1-119.webp	3266
C:\admirales\script_ver\script_ver\quarantine\under-review\17mov_CharacterSystem\web\photos\mp_f_freemode_01-helmet_1-12.webp	2562
C:\admirales\script_ver\script_ver\quarantine\under-review\17mov_CharacterSystem\web\photos\mp_f_freemode_01-helmet_1-120.webp	1220
C:\admirales\script_ver\script_ver\quarantine\under-review\17mov_CharacterSystem\web\photos\mp_f_freemode_01-helmet_1-121.webp	790
C:\admirales\script_ver\script_ver\quarantine\under-review\17mov_CharacterSystem\web\photos\mp_f_freemode_01-helmet_1-122.webp	1786
C:\admirales\script_ver\script_ver\quarantine\under-review\17mov_CharacterSystem\web\photos\mp_f_freemode_01-helmet_1-123.webp	1810
C:\admirales\script_ver\script_ver\quarantine\under-review\17mov_CharacterSystem\web\photos\mp_f_freemode_01-helmet_1-124.webp	2050
C:\admirales\script_ver\script_ver\quarantine\under-review\17mov_CharacterSystem\web\photos\mp_f_freemode_01-helmet_1-125.webp	1846
C:\admirales\script_ver\script_ver\quarantine\under-review\17mov_CharacterSystem\web\photos\mp_f_freemode_01-helmet_1-126.webp	2250
C:\admirales\script_ver\script_ver\quarantine\under-review\17mov_CharacterSystem\web\photos\mp_f_freemode_01-helmet_1-127.webp	2272
C:\admirales\script_ver\script_ver\quarantine\under-review\17mov_CharacterSystem\web\photos\mp_f_freemode_01-helmet_1-128.webp	2160
C:\admirales\script_ver\script_ver\quarantine\under-review\17mov_CharacterSystem\web\photos\mp_f_freemode_01-helmet_1-129.webp	2804
C:\admirales\script_ver\script_ver\quarantine\under-review\17mov_CharacterSystem\web\photos\mp_f_freemode_01-helmet_1-13.webp	1292
C:\admirales\script_ver\script_ver\quarantine\under-review\17mov_CharacterSystem\web\photos\mp_f_freemode_01-helmet_1-130.webp	2196
C:\admirales\script_ver\script_ver\quarantine\under-review\17mov_CharacterSystem\web\photos\mp_f_freemode_01-helmet_1-131.webp	2034
C:\admirales\script_ver\script_ver\quarantine\under-review\17mov_CharacterSystem\web\photos\mp_f_freemode_01-helmet_1-132.webp	2400
C:\admirales\script_ver\script_ver\quarantine\under-review\17mov_CharacterSystem\web\photos\mp_f_freemode_01-helmet_1-133.webp	3062
C:\admirales\script_ver\script_ver\quarantine\under-review\17mov_CharacterSystem\web\photos\mp_f_freemode_01-helmet_1-134.webp	2492
C:\admirales\script_ver\script_ver\quarantine\under-review\17mov_CharacterSystem\web\photos\mp_f_freemode_01-helmet_1-135.webp	1718
C:\admirales\script_ver\script_ver\quarantine\under-review\17mov_CharacterSystem\web\photos\mp_f_freemode_01-helmet_1-136.webp	1608
C:\admirales\script_ver\script_ver\quarantine\under-review\17mov_CharacterSystem\web\photos\mp_f_freemode_01-helmet_1-137.webp	3140
C:\admirales\script_ver\script_ver\quarantine\under-review\17mov_CharacterSystem\web\photos\mp_f_freemode_01-helmet_1-138.webp	3452
C:\admirales\script_ver\script_ver\quarantine\under-review\17mov_CharacterSystem\web\photos\mp_f_freemode_01-helmet_1-139.webp	1898
C:\admirales\script_ver\script_ver\quarantine\under-review\17mov_CharacterSystem\web\photos\mp_f_freemode_01-helmet_1-14.webp	2028
C:\admirales\script_ver\script_ver\quarantine\under-review\17mov_CharacterSystem\web\photos\mp_f_freemode_01-helmet_1-140.webp	1494
C:\admirales\script_ver\script_ver\quarantine\under-review\17mov_CharacterSystem\web\photos\mp_f_freemode_01-helmet_1-141.webp	1474
C:\admirales\script_ver\script_ver\quarantine\under-review\17mov_CharacterSystem\web\photos\mp_f_freemode_01-helmet_1-142.webp	1360
C:\admirales\script_ver\script_ver\quarantine\under-review\17mov_CharacterSystem\web\photos\mp_f_freemode_01-helmet_1-143.webp	1268
C:\admirales\script_ver\script_ver\quarantine\under-review\17mov_CharacterSystem\web\photos\mp_f_freemode_01-helmet_1-144.webp	1872
C:\admirales\script_ver\script_ver\quarantine\under-review\17mov_CharacterSystem\web\photos\mp_f_freemode_01-helmet_1-145.webp	1792
C:\admirales\script_ver\script_ver\quarantine\under-review\17mov_CharacterSystem\web\photos\mp_f_freemode_01-helmet_1-146.webp	1350
C:\admirales\script_ver\script_ver\quarantine\under-review\17mov_CharacterSystem\web\photos\mp_f_freemode_01-helmet_1-147.webp	2312
C:\admirales\script_ver\script_ver\quarantine\under-review\17mov_CharacterSystem\web\photos\mp_f_freemode_01-helmet_1-148.webp	2574
C:\admirales\script_ver\script_ver\quarantine\under-review\17mov_CharacterSystem\web\photos\mp_f_freemode_01-helmet_1-149.webp	1886
C:\admirales\script_ver\script_ver\quarantine\under-review\17mov_CharacterSystem\web\photos\mp_f_freemode_01-helmet_1-15.webp	1352
C:\admirales\script_ver\script_ver\quarantine\under-review\17mov_CharacterSystem\web\photos\mp_f_freemode_01-helmet_1-150.webp	2272
C:\admirales\script_ver\script_ver\quarantine\under-review\17mov_CharacterSystem\web\photos\mp_f_freemode_01-helmet_1-151.webp	1652
C:\admirales\script_ver\script_ver\quarantine\under-review\17mov_CharacterSystem\web\photos\mp_f_freemode_01-helmet_1-152.webp	1654
C:\admirales\script_ver\script_ver\quarantine\under-review\17mov_CharacterSystem\web\photos\mp_f_freemode_01-helmet_1-153.webp	2124
C:\admirales\script_ver\script_ver\quarantine\under-review\17mov_CharacterSystem\web\photos\mp_f_freemode_01-helmet_1-154.webp	1776
C:\admirales\script_ver\script_ver\quarantine\under-review\17mov_CharacterSystem\web\photos\mp_f_freemode_01-helmet_1-155.webp	1424
C:\admirales\script_ver\script_ver\quarantine\under-review\17mov_CharacterSystem\web\photos\mp_f_freemode_01-helmet_1-156.webp	1526
C:\admirales\script_ver\script_ver\quarantine\under-review\17mov_CharacterSystem\web\photos\mp_f_freemode_01-helmet_1-157.webp	1624
C:\admirales\script_ver\script_ver\quarantine\under-review\17mov_CharacterSystem\web\photos\mp_f_freemode_01-helmet_1-158.webp	1544
C:\admirales\script_ver\script_ver\quarantine\under-review\17mov_CharacterSystem\web\photos\mp_f_freemode_01-helmet_1-159.webp	1690
C:\admirales\script_ver\script_ver\quarantine\under-review\17mov_CharacterSystem\web\photos\mp_f_freemode_01-helmet_1-16.webp	1820
C:\admirales\script_ver\script_ver\quarantine\under-review\17mov_CharacterSystem\web\photos\mp_f_freemode_01-helmet_1-160.webp	1542
C:\admirales\script_ver\script_ver\quarantine\under-review\17mov_CharacterSystem\web\photos\mp_f_freemode_01-helmet_1-161.webp	1366
C:\admirales\script_ver\script_ver\quarantine\under-review\17mov_CharacterSystem\web\photos\mp_f_freemode_01-helmet_1-162.webp	1842
C:\admirales\script_ver\script_ver\quarantine\under-review\17mov_CharacterSystem\web\photos\mp_f_freemode_01-helmet_1-163.webp	1628
C:\admirales\script_ver\script_ver\quarantine\under-review\17mov_CharacterSystem\web\photos\mp_f_freemode_01-helmet_1-164.webp	1398
C:\admirales\script_ver\script_ver\quarantine\under-review\17mov_CharacterSystem\web\photos\mp_f_freemode_01-helmet_1-165.webp	1556
C:\admirales\script_ver\script_ver\quarantine\under-review\17mov_CharacterSystem\web\photos\mp_f_freemode_01-helmet_1-166.webp	1712
C:\admirales\script_ver\script_ver\quarantine\under-review\17mov_CharacterSystem\web\photos\mp_f_freemode_01-helmet_1-167.webp	1582
C:\admirales\script_ver\script_ver\quarantine\under-review\17mov_CharacterSystem\web\photos\mp_f_freemode_01-helmet_1-168.webp	1456
C:\admirales\script_ver\script_ver\quarantine\under-review\17mov_CharacterSystem\web\photos\mp_f_freemode_01-helmet_1-169.webp	1540
C:\admirales\script_ver\script_ver\quarantine\under-review\17mov_CharacterSystem\web\photos\mp_f_freemode_01-helmet_1-17.webp	2840
C:\admirales\script_ver\script_ver\quarantine\under-review\17mov_CharacterSystem\web\photos\mp_f_freemode_01-helmet_1-170.webp	1872
C:\admirales\script_ver\script_ver\quarantine\under-review\17mov_CharacterSystem\web\photos\mp_f_freemode_01-helmet_1-171.webp	1270
C:\admirales\script_ver\script_ver\quarantine\under-review\17mov_CharacterSystem\web\photos\mp_f_freemode_01-helmet_1-172.webp	1874
C:\admirales\script_ver\script_ver\quarantine\under-review\17mov_CharacterSystem\web\photos\mp_f_freemode_01-helmet_1-173.webp	1480
C:\admirales\script_ver\script_ver\quarantine\under-review\17mov_CharacterSystem\web\photos\mp_f_freemode_01-helmet_1-174.webp	1530
C:\admirales\script_ver\script_ver\quarantine\under-review\17mov_CharacterSystem\web\photos\mp_f_freemode_01-helmet_1-175.webp	1314
C:\admirales\script_ver\script_ver\quarantine\under-review\17mov_CharacterSystem\web\photos\mp_f_freemode_01-helmet_1-176.webp	1562
C:\admirales\script_ver\script_ver\quarantine\under-review\17mov_CharacterSystem\web\photos\mp_f_freemode_01-helmet_1-177.webp	1512
C:\admirales\script_ver\script_ver\quarantine\under-review\17mov_CharacterSystem\web\photos\mp_f_freemode_01-helmet_1-178.webp	3662
C:\admirales\script_ver\script_ver\quarantine\under-review\17mov_CharacterSystem\web\photos\mp_f_freemode_01-helmet_1-179.webp	3132
C:\admirales\script_ver\script_ver\quarantine\under-review\17mov_CharacterSystem\web\photos\mp_f_freemode_01-helmet_1-18.webp	1994
C:\admirales\script_ver\script_ver\quarantine\under-review\17mov_CharacterSystem\web\photos\mp_f_freemode_01-helmet_1-180.webp	3064
C:\admirales\script_ver\script_ver\quarantine\under-review\17mov_CharacterSystem\web\photos\mp_f_freemode_01-helmet_1-181.webp	2040
C:\admirales\script_ver\script_ver\quarantine\under-review\17mov_CharacterSystem\web\photos\mp_f_freemode_01-helmet_1-182.webp	2312
C:\admirales\script_ver\script_ver\quarantine\under-review\17mov_CharacterSystem\web\photos\mp_f_freemode_01-helmet_1-183.webp	1590
C:\admirales\script_ver\script_ver\quarantine\under-review\17mov_CharacterSystem\web\photos\mp_f_freemode_01-helmet_1-184.webp	1696
C:\admirales\script_ver\script_ver\quarantine\under-review\17mov_CharacterSystem\web\photos\mp_f_freemode_01-helmet_1-185.webp	3682
C:\admirales\script_ver\script_ver\quarantine\under-review\17mov_CharacterSystem\web\photos\mp_f_freemode_01-helmet_1-186.webp	1742
C:\admirales\script_ver\script_ver\quarantine\under-review\17mov_CharacterSystem\web\photos\mp_f_freemode_01-helmet_1-187.webp	1634
C:\admirales\script_ver\script_ver\quarantine\under-review\17mov_CharacterSystem\web\photos\mp_f_freemode_01-helmet_1-188.webp	1250
C:\admirales\script_ver\script_ver\quarantine\under-review\17mov_CharacterSystem\web\photos\mp_f_freemode_01-helmet_1-189.webp	1440
C:\admirales\script_ver\script_ver\quarantine\under-review\17mov_CharacterSystem\web\photos\mp_f_freemode_01-helmet_1-19.webp	2270
C:\admirales\script_ver\script_ver\quarantine\under-review\17mov_CharacterSystem\web\photos\mp_f_freemode_01-helmet_1-190.webp	730
C:\admirales\script_ver\script_ver\quarantine\under-review\17mov_CharacterSystem\web\photos\mp_f_freemode_01-helmet_1-191.webp	730
C:\admirales\script_ver\script_ver\quarantine\under-review\17mov_CharacterSystem\web\photos\mp_f_freemode_01-helmet_1-192.webp	1614
C:\admirales\script_ver\script_ver\quarantine\under-review\17mov_CharacterSystem\web\photos\mp_f_freemode_01-helmet_1-193.webp	1608
C:\admirales\script_ver\script_ver\quarantine\under-review\17mov_CharacterSystem\web\photos\mp_f_freemode_01-helmet_1-194.webp	3008
C:\admirales\script_ver\script_ver\quarantine\under-review\17mov_CharacterSystem\web\photos\mp_f_freemode_01-helmet_1-195.webp	2316
C:\admirales\script_ver\script_ver\quarantine\under-review\17mov_CharacterSystem\web\photos\mp_f_freemode_01-helmet_1-196.webp	2470
C:\admirales\script_ver\script_ver\quarantine\under-review\17mov_CharacterSystem\web\photos\mp_f_freemode_01-helmet_1-197.webp	2080
C:\admirales\script_ver\script_ver\quarantine\under-review\17mov_CharacterSystem\web\photos\mp_f_freemode_01-helmet_1-198.webp	2690
C:\admirales\script_ver\script_ver\quarantine\under-review\17mov_CharacterSystem\web\photos\mp_f_freemode_01-helmet_1-199.webp	3644
C:\admirales\script_ver\script_ver\quarantine\under-review\17mov_CharacterSystem\web\photos\mp_f_freemode_01-helmet_1-2.webp	1762
C:\admirales\script_ver\script_ver\quarantine\under-review\17mov_CharacterSystem\web\photos\mp_f_freemode_01-helmet_1-20.webp	1968
C:\admirales\script_ver\script_ver\quarantine\under-review\17mov_CharacterSystem\web\photos\mp_f_freemode_01-helmet_1-200.webp	3544
C:\admirales\script_ver\script_ver\quarantine\under-review\17mov_CharacterSystem\web\photos\mp_f_freemode_01-helmet_1-201.webp	730
C:\admirales\script_ver\script_ver\quarantine\under-review\17mov_CharacterSystem\web\photos\mp_f_freemode_01-helmet_1-202.webp	730
C:\admirales\script_ver\script_ver\quarantine\under-review\17mov_CharacterSystem\web\photos\mp_f_freemode_01-helmet_1-203.webp	2860
C:\admirales\script_ver\script_ver\quarantine\under-review\17mov_CharacterSystem\web\photos\mp_f_freemode_01-helmet_1-204.webp	3064
C:\admirales\script_ver\script_ver\quarantine\under-review\17mov_CharacterSystem\web\photos\mp_f_freemode_01-helmet_1-205.webp	2828
C:\admirales\script_ver\script_ver\quarantine\under-review\17mov_CharacterSystem\web\photos\mp_f_freemode_01-helmet_1-206.webp	2674
C:\admirales\script_ver\script_ver\quarantine\under-review\17mov_CharacterSystem\web\photos\mp_f_freemode_01-helmet_1-207.webp	730
C:\admirales\script_ver\script_ver\quarantine\under-review\17mov_CharacterSystem\web\photos\mp_f_freemode_01-helmet_1-208.webp	730
C:\admirales\script_ver\script_ver\quarantine\under-review\17mov_CharacterSystem\web\photos\mp_f_freemode_01-helmet_1-209.webp	2936
C:\admirales\script_ver\script_ver\quarantine\under-review\17mov_CharacterSystem\web\photos\mp_f_freemode_01-helmet_1-21.webp	1828
C:\admirales\script_ver\script_ver\quarantine\under-review\17mov_CharacterSystem\web\photos\mp_f_freemode_01-helmet_1-210.webp	1690
C:\admirales\script_ver\script_ver\quarantine\under-review\17mov_CharacterSystem\web\photos\mp_f_freemode_01-helmet_1-211.webp	1390
C:\admirales\script_ver\script_ver\quarantine\under-review\17mov_CharacterSystem\web\photos\mp_f_freemode_01-helmet_1-212.webp	1980
C:\admirales\script_ver\script_ver\quarantine\under-review\17mov_CharacterSystem\web\photos\mp_f_freemode_01-helmet_1-213.webp	1916
C:\admirales\script_ver\script_ver\quarantine\under-review\17mov_CharacterSystem\web\photos\mp_f_freemode_01-helmet_1-22.webp	2012
C:\admirales\script_ver\script_ver\quarantine\under-review\17mov_CharacterSystem\web\photos\mp_f_freemode_01-helmet_1-23.webp	3290
C:\admirales\script_ver\script_ver\quarantine\under-review\17mov_CharacterSystem\web\photos\mp_f_freemode_01-helmet_1-24.webp	2208
C:\admirales\script_ver\script_ver\quarantine\under-review\17mov_CharacterSystem\web\photos\mp_f_freemode_01-helmet_1-25.webp	2632
C:\admirales\script_ver\script_ver\quarantine\under-review\17mov_CharacterSystem\web\photos\mp_f_freemode_01-helmet_1-26.webp	1654
C:\admirales\script_ver\script_ver\quarantine\under-review\17mov_CharacterSystem\web\photos\mp_f_freemode_01-helmet_1-27.webp	1230
C:\admirales\script_ver\script_ver\quarantine\under-review\17mov_CharacterSystem\web\photos\mp_f_freemode_01-helmet_1-28.webp	1412
C:\admirales\script_ver\script_ver\quarantine\under-review\17mov_CharacterSystem\web\photos\mp_f_freemode_01-helmet_1-29.webp	1436
C:\admirales\script_ver\script_ver\quarantine\under-review\17mov_CharacterSystem\web\photos\mp_f_freemode_01-helmet_1-3.webp	2020
C:\admirales\script_ver\script_ver\quarantine\under-review\17mov_CharacterSystem\web\photos\mp_f_freemode_01-helmet_1-30.webp	1488
C:\admirales\script_ver\script_ver\quarantine\under-review\17mov_CharacterSystem\web\photos\mp_f_freemode_01-helmet_1-31.webp	2218
C:\admirales\script_ver\script_ver\quarantine\under-review\17mov_CharacterSystem\web\photos\mp_f_freemode_01-helmet_1-32.webp	2194
C:\admirales\script_ver\script_ver\quarantine\under-review\17mov_CharacterSystem\web\photos\mp_f_freemode_01-helmet_1-33.webp	2614
C:\admirales\script_ver\script_ver\quarantine\under-review\17mov_CharacterSystem\web\photos\mp_f_freemode_01-helmet_1-34.webp	1996
C:\admirales\script_ver\script_ver\quarantine\under-review\17mov_CharacterSystem\web\photos\mp_f_freemode_01-helmet_1-35.webp	2024
C:\admirales\script_ver\script_ver\quarantine\under-review\17mov_CharacterSystem\web\photos\mp_f_freemode_01-helmet_1-36.webp	2470
C:\admirales\script_ver\script_ver\quarantine\under-review\17mov_CharacterSystem\web\photos\mp_f_freemode_01-helmet_1-37.webp	3092
C:\admirales\script_ver\script_ver\quarantine\under-review\17mov_CharacterSystem\web\photos\mp_f_freemode_01-helmet_1-38.webp	2864
C:\admirales\script_ver\script_ver\quarantine\under-review\17mov_CharacterSystem\web\photos\mp_f_freemode_01-helmet_1-39.webp	1966
C:\admirales\script_ver\script_ver\quarantine\under-review\17mov_CharacterSystem\web\photos\mp_f_freemode_01-helmet_1-4.webp	2034
C:\admirales\script_ver\script_ver\quarantine\under-review\17mov_CharacterSystem\web\photos\mp_f_freemode_01-helmet_1-40.webp	2396
C:\admirales\script_ver\script_ver\quarantine\under-review\17mov_CharacterSystem\web\photos\mp_f_freemode_01-helmet_1-41.webp	1954
C:\admirales\script_ver\script_ver\quarantine\under-review\17mov_CharacterSystem\web\photos\mp_f_freemode_01-helmet_1-42.webp	3154
C:\admirales\script_ver\script_ver\quarantine\under-review\17mov_CharacterSystem\web\photos\mp_f_freemode_01-helmet_1-43.webp	2336
C:\admirales\script_ver\script_ver\quarantine\under-review\17mov_CharacterSystem\web\photos\mp_f_freemode_01-helmet_1-44.webp	1976
C:\admirales\script_ver\script_ver\quarantine\under-review\17mov_CharacterSystem\web\photos\mp_f_freemode_01-helmet_1-45.webp	1676
C:\admirales\script_ver\script_ver\quarantine\under-review\17mov_CharacterSystem\web\photos\mp_f_freemode_01-helmet_1-46.webp	1474
C:\admirales\script_ver\script_ver\quarantine\under-review\17mov_CharacterSystem\web\photos\mp_f_freemode_01-helmet_1-47.webp	2364
C:\admirales\script_ver\script_ver\quarantine\under-review\17mov_CharacterSystem\web\photos\mp_f_freemode_01-helmet_1-48.webp	1766
C:\admirales\script_ver\script_ver\quarantine\under-review\17mov_CharacterSystem\web\photos\mp_f_freemode_01-helmet_1-49.webp	1692
C:\admirales\script_ver\script_ver\quarantine\under-review\17mov_CharacterSystem\web\photos\mp_f_freemode_01-helmet_1-5.webp	1514
C:\admirales\script_ver\script_ver\quarantine\under-review\17mov_CharacterSystem\web\photos\mp_f_freemode_01-helmet_1-50.webp	1552
C:\admirales\script_ver\script_ver\quarantine\under-review\17mov_CharacterSystem\web\photos\mp_f_freemode_01-helmet_1-51.webp	1866
C:\admirales\script_ver\script_ver\quarantine\under-review\17mov_CharacterSystem\web\photos\mp_f_freemode_01-helmet_1-52.webp	1492
C:\admirales\script_ver\script_ver\quarantine\under-review\17mov_CharacterSystem\web\photos\mp_f_freemode_01-helmet_1-53.webp	1814
C:\admirales\script_ver\script_ver\quarantine\under-review\17mov_CharacterSystem\web\photos\mp_f_freemode_01-helmet_1-54.webp	1916
C:\admirales\script_ver\script_ver\quarantine\under-review\17mov_CharacterSystem\web\photos\mp_f_freemode_01-helmet_1-55.webp	1924
C:\admirales\script_ver\script_ver\quarantine\under-review\17mov_CharacterSystem\web\photos\mp_f_freemode_01-helmet_1-56.webp	1838
C:\admirales\script_ver\script_ver\quarantine\under-review\17mov_CharacterSystem\web\photos\mp_f_freemode_01-helmet_1-57.webp	1482
C:\admirales\script_ver\script_ver\quarantine\under-review\17mov_CharacterSystem\web\photos\mp_f_freemode_01-helmet_1-58.webp	834
C:\admirales\script_ver\script_ver\quarantine\under-review\17mov_CharacterSystem\web\photos\mp_f_freemode_01-helmet_1-59.webp	1788
C:\admirales\script_ver\script_ver\quarantine\under-review\17mov_CharacterSystem\web\photos\mp_f_freemode_01-helmet_1-6.webp	1492
C:\admirales\script_ver\script_ver\quarantine\under-review\17mov_CharacterSystem\web\photos\mp_f_freemode_01-helmet_1-60.webp	2074
C:\admirales\script_ver\script_ver\quarantine\under-review\17mov_CharacterSystem\web\photos\mp_f_freemode_01-helmet_1-61.webp	1654
C:\admirales\script_ver\script_ver\quarantine\under-review\17mov_CharacterSystem\web\photos\mp_f_freemode_01-helmet_1-62.webp	1568
C:\admirales\script_ver\script_ver\quarantine\under-review\17mov_CharacterSystem\web\photos\mp_f_freemode_01-helmet_1-63.webp	1878
C:\admirales\script_ver\script_ver\quarantine\under-review\17mov_CharacterSystem\web\photos\mp_f_freemode_01-helmet_1-64.webp	1468
C:\admirales\script_ver\script_ver\quarantine\under-review\17mov_CharacterSystem\web\photos\mp_f_freemode_01-helmet_1-65.webp	1556
C:\admirales\script_ver\script_ver\quarantine\under-review\17mov_CharacterSystem\web\photos\mp_f_freemode_01-helmet_1-66.webp	1390
C:\admirales\script_ver\script_ver\quarantine\under-review\17mov_CharacterSystem\web\photos\mp_f_freemode_01-helmet_1-67.webp	2402
C:\admirales\script_ver\script_ver\quarantine\under-review\17mov_CharacterSystem\web\photos\mp_f_freemode_01-helmet_1-68.webp	1724
C:\admirales\script_ver\script_ver\quarantine\under-review\17mov_CharacterSystem\web\photos\mp_f_freemode_01-helmet_1-69.webp	1948
C:\admirales\script_ver\script_ver\quarantine\under-review\17mov_CharacterSystem\web\photos\mp_f_freemode_01-helmet_1-7.webp	1372
C:\admirales\script_ver\script_ver\quarantine\under-review\17mov_CharacterSystem\web\photos\mp_f_freemode_01-helmet_1-70.webp	1656
C:\admirales\script_ver\script_ver\quarantine\under-review\17mov_CharacterSystem\web\photos\mp_f_freemode_01-helmet_1-71.webp	1880
C:\admirales\script_ver\script_ver\quarantine\under-review\17mov_CharacterSystem\web\photos\mp_f_freemode_01-helmet_1-72.webp	2056
C:\admirales\script_ver\script_ver\quarantine\under-review\17mov_CharacterSystem\web\photos\mp_f_freemode_01-helmet_1-73.webp	2244
C:\admirales\script_ver\script_ver\quarantine\under-review\17mov_CharacterSystem\web\photos\mp_f_freemode_01-helmet_1-74.webp	2688
C:\admirales\script_ver\script_ver\quarantine\under-review\17mov_CharacterSystem\web\photos\mp_f_freemode_01-helmet_1-75.webp	1948
C:\admirales\script_ver\script_ver\quarantine\under-review\17mov_CharacterSystem\web\photos\mp_f_freemode_01-helmet_1-76.webp	2140
C:\admirales\script_ver\script_ver\quarantine\under-review\17mov_CharacterSystem\web\photos\mp_f_freemode_01-helmet_1-77.webp	1560
C:\admirales\script_ver\script_ver\quarantine\under-review\17mov_CharacterSystem\web\photos\mp_f_freemode_01-helmet_1-78.webp	2838
C:\admirales\script_ver\script_ver\quarantine\under-review\17mov_CharacterSystem\web\photos\mp_f_freemode_01-helmet_1-79.webp	3224
C:\admirales\script_ver\script_ver\quarantine\under-review\17mov_CharacterSystem\web\photos\mp_f_freemode_01-helmet_1-8.webp	1306
C:\admirales\script_ver\script_ver\quarantine\under-review\17mov_CharacterSystem\web\photos\mp_f_freemode_01-helmet_1-80.webp	2902
C:\admirales\script_ver\script_ver\quarantine\under-review\17mov_CharacterSystem\web\photos\mp_f_freemode_01-helmet_1-81.webp	3200
C:\admirales\script_ver\script_ver\quarantine\under-review\17mov_CharacterSystem\web\photos\mp_f_freemode_01-helmet_1-82.webp	2250
C:\admirales\script_ver\script_ver\quarantine\under-review\17mov_CharacterSystem\web\photos\mp_f_freemode_01-helmet_1-83.webp	1350
C:\admirales\script_ver\script_ver\quarantine\under-review\17mov_CharacterSystem\web\photos\mp_f_freemode_01-helmet_1-84.webp	1848
C:\admirales\script_ver\script_ver\quarantine\under-review\17mov_CharacterSystem\web\photos\mp_f_freemode_01-helmet_1-85.webp	1788
C:\admirales\script_ver\script_ver\quarantine\under-review\17mov_CharacterSystem\web\photos\mp_f_freemode_01-helmet_1-86.webp	1900
C:\admirales\script_ver\script_ver\quarantine\under-review\17mov_CharacterSystem\web\photos\mp_f_freemode_01-helmet_1-87.webp	2328
C:\admirales\script_ver\script_ver\quarantine\under-review\17mov_CharacterSystem\web\photos\mp_f_freemode_01-helmet_1-88.webp	1950
C:\admirales\script_ver\script_ver\quarantine\under-review\17mov_CharacterSystem\web\photos\mp_f_freemode_01-helmet_1-89.webp	1752
C:\admirales\script_ver\script_ver\quarantine\under-review\17mov_CharacterSystem\web\photos\mp_f_freemode_01-helmet_1-9.webp	1808
C:\admirales\script_ver\script_ver\quarantine\under-review\17mov_CharacterSystem\web\photos\mp_f_freemode_01-helmet_1-90.webp	1880
C:\admirales\script_ver\script_ver\quarantine\under-review\17mov_CharacterSystem\web\photos\mp_f_freemode_01-helmet_1-91.webp	2338
C:\admirales\script_ver\script_ver\quarantine\under-review\17mov_CharacterSystem\web\photos\mp_f_freemode_01-helmet_1-92.webp	2332
C:\admirales\script_ver\script_ver\quarantine\under-review\17mov_CharacterSystem\web\photos\mp_f_freemode_01-helmet_1-93.webp	2254
C:\admirales\script_ver\script_ver\quarantine\under-review\17mov_CharacterSystem\web\photos\mp_f_freemode_01-helmet_1-94.webp	1646
C:\admirales\script_ver\script_ver\quarantine\under-review\17mov_CharacterSystem\web\photos\mp_f_freemode_01-helmet_1-95.webp	1664
C:\admirales\script_ver\script_ver\quarantine\under-review\17mov_CharacterSystem\web\photos\mp_f_freemode_01-helmet_1-96.webp	1484
C:\admirales\script_ver\script_ver\quarantine\under-review\17mov_CharacterSystem\web\photos\mp_f_freemode_01-helmet_1-97.webp	2322
C:\admirales\script_ver\script_ver\quarantine\under-review\17mov_CharacterSystem\web\photos\mp_f_freemode_01-helmet_1-98.webp	2070
C:\admirales\script_ver\script_ver\quarantine\under-review\17mov_CharacterSystem\web\photos\mp_f_freemode_01-helmet_1-99.webp	3070
C:\admirales\script_ver\script_ver\quarantine\under-review\17mov_CharacterSystem\web\photos\mp_f_freemode_01-mask_1-0.webp	1894
C:\admirales\script_ver\script_ver\quarantine\under-review\17mov_CharacterSystem\web\photos\mp_f_freemode_01-mask_1-1.webp	2712
C:\admirales\script_ver\script_ver\quarantine\under-review\17mov_CharacterSystem\web\photos\mp_f_freemode_01-mask_1-10.webp	2876
C:\admirales\script_ver\script_ver\quarantine\under-review\17mov_CharacterSystem\web\photos\mp_f_freemode_01-mask_1-100.webp	2990
C:\admirales\script_ver\script_ver\quarantine\under-review\17mov_CharacterSystem\web\photos\mp_f_freemode_01-mask_1-101.webp	2374
C:\admirales\script_ver\script_ver\quarantine\under-review\17mov_CharacterSystem\web\photos\mp_f_freemode_01-mask_1-102.webp	3692
C:\admirales\script_ver\script_ver\quarantine\under-review\17mov_CharacterSystem\web\photos\mp_f_freemode_01-mask_1-103.webp	3696
C:\admirales\script_ver\script_ver\quarantine\under-review\17mov_CharacterSystem\web\photos\mp_f_freemode_01-mask_1-104.webp	2336
C:\admirales\script_ver\script_ver\quarantine\under-review\17mov_CharacterSystem\web\photos\mp_f_freemode_01-mask_1-105.webp	1988
C:\admirales\script_ver\script_ver\quarantine\under-review\17mov_CharacterSystem\web\photos\mp_f_freemode_01-mask_1-106.webp	3694
C:\admirales\script_ver\script_ver\quarantine\under-review\17mov_CharacterSystem\web\photos\mp_f_freemode_01-mask_1-107.webp	2754
C:\admirales\script_ver\script_ver\quarantine\under-review\17mov_CharacterSystem\web\photos\mp_f_freemode_01-mask_1-108.webp	2946
C:\admirales\script_ver\script_ver\quarantine\under-review\17mov_CharacterSystem\web\photos\mp_f_freemode_01-mask_1-109.webp	2570
C:\admirales\script_ver\script_ver\quarantine\under-review\17mov_CharacterSystem\web\photos\mp_f_freemode_01-mask_1-11.webp	2064
C:\admirales\script_ver\script_ver\quarantine\under-review\17mov_CharacterSystem\web\photos\mp_f_freemode_01-mask_1-110.webp	2234
C:\admirales\script_ver\script_ver\quarantine\under-review\17mov_CharacterSystem\web\photos\mp_f_freemode_01-mask_1-111.webp	2636
C:\admirales\script_ver\script_ver\quarantine\under-review\17mov_CharacterSystem\web\photos\mp_f_freemode_01-mask_1-112.webp	2076
C:\admirales\script_ver\script_ver\quarantine\under-review\17mov_CharacterSystem\web\photos\mp_f_freemode_01-mask_1-113.webp	2820
C:\admirales\script_ver\script_ver\quarantine\under-review\17mov_CharacterSystem\web\photos\mp_f_freemode_01-mask_1-114.webp	6046
C:\admirales\script_ver\script_ver\quarantine\under-review\17mov_CharacterSystem\web\photos\mp_f_freemode_01-mask_1-115.webp	5568
C:\admirales\script_ver\script_ver\quarantine\under-review\17mov_CharacterSystem\web\photos\mp_f_freemode_01-mask_1-116.webp	3196
C:\admirales\script_ver\script_ver\quarantine\under-review\17mov_CharacterSystem\web\photos\mp_f_freemode_01-mask_1-117.webp	3252
C:\admirales\script_ver\script_ver\quarantine\under-review\17mov_CharacterSystem\web\photos\mp_f_freemode_01-mask_1-118.webp	2368
C:\admirales\script_ver\script_ver\quarantine\under-review\17mov_CharacterSystem\web\photos\mp_f_freemode_01-mask_1-119.webp	2860
C:\admirales\script_ver\script_ver\quarantine\under-review\17mov_CharacterSystem\web\photos\mp_f_freemode_01-mask_1-12.webp	2134
C:\admirales\script_ver\script_ver\quarantine\under-review\17mov_CharacterSystem\web\photos\mp_f_freemode_01-mask_1-120.webp	1916
C:\admirales\script_ver\script_ver\quarantine\under-review\17mov_CharacterSystem\web\photos\mp_f_freemode_01-mask_1-121.webp	2006
C:\admirales\script_ver\script_ver\quarantine\under-review\17mov_CharacterSystem\web\photos\mp_f_freemode_01-mask_1-122.webp	1950
C:\admirales\script_ver\script_ver\quarantine\under-review\17mov_CharacterSystem\web\photos\mp_f_freemode_01-mask_1-123.webp	4028
C:\admirales\script_ver\script_ver\quarantine\under-review\17mov_CharacterSystem\web\photos\mp_f_freemode_01-mask_1-124.webp	3122
C:\admirales\script_ver\script_ver\quarantine\under-review\17mov_CharacterSystem\web\photos\mp_f_freemode_01-mask_1-125.webp	2112
C:\admirales\script_ver\script_ver\quarantine\under-review\17mov_CharacterSystem\web\photos\mp_f_freemode_01-mask_1-126.webp	1984
C:\admirales\script_ver\script_ver\quarantine\under-review\17mov_CharacterSystem\web\photos\mp_f_freemode_01-mask_1-127.webp	3068
C:\admirales\script_ver\script_ver\quarantine\under-review\17mov_CharacterSystem\web\photos\mp_f_freemode_01-mask_1-128.webp	2328
C:\admirales\script_ver\script_ver\quarantine\under-review\17mov_CharacterSystem\web\photos\mp_f_freemode_01-mask_1-129.webp	2400
C:\admirales\script_ver\script_ver\quarantine\under-review\17mov_CharacterSystem\web\photos\mp_f_freemode_01-mask_1-13.webp	3542
C:\admirales\script_ver\script_ver\quarantine\under-review\17mov_CharacterSystem\web\photos\mp_f_freemode_01-mask_1-130.webp	1944
C:\admirales\script_ver\script_ver\quarantine\under-review\17mov_CharacterSystem\web\photos\mp_f_freemode_01-mask_1-131.webp	4058
C:\admirales\script_ver\script_ver\quarantine\under-review\17mov_CharacterSystem\web\photos\mp_f_freemode_01-mask_1-132.webp	1942
C:\admirales\script_ver\script_ver\quarantine\under-review\17mov_CharacterSystem\web\photos\mp_f_freemode_01-mask_1-133.webp	3090
C:\admirales\script_ver\script_ver\quarantine\under-review\17mov_CharacterSystem\web\photos\mp_f_freemode_01-mask_1-134.webp	2840
C:\admirales\script_ver\script_ver\quarantine\under-review\17mov_CharacterSystem\web\photos\mp_f_freemode_01-mask_1-135.webp	2572
C:\admirales\script_ver\script_ver\quarantine\under-review\17mov_CharacterSystem\web\photos\mp_f_freemode_01-mask_1-136.webp	4294
C:\admirales\script_ver\script_ver\quarantine\under-review\17mov_CharacterSystem\web\photos\mp_f_freemode_01-mask_1-137.webp	3248
C:\admirales\script_ver\script_ver\quarantine\under-review\17mov_CharacterSystem\web\photos\mp_f_freemode_01-mask_1-138.webp	3374
C:\admirales\script_ver\script_ver\quarantine\under-review\17mov_CharacterSystem\web\photos\mp_f_freemode_01-mask_1-139.webp	4306
C:\admirales\script_ver\script_ver\quarantine\under-review\17mov_CharacterSystem\web\photos\mp_f_freemode_01-mask_1-14.webp	2706
C:\admirales\script_ver\script_ver\quarantine\under-review\17mov_CharacterSystem\web\photos\mp_f_freemode_01-mask_1-140.webp	3912
C:\admirales\script_ver\script_ver\quarantine\under-review\17mov_CharacterSystem\web\photos\mp_f_freemode_01-mask_1-141.webp	3254
C:\admirales\script_ver\script_ver\quarantine\under-review\17mov_CharacterSystem\web\photos\mp_f_freemode_01-mask_1-142.webp	3204
C:\admirales\script_ver\script_ver\quarantine\under-review\17mov_CharacterSystem\web\photos\mp_f_freemode_01-mask_1-143.webp	4450
C:\admirales\script_ver\script_ver\quarantine\under-review\17mov_CharacterSystem\web\photos\mp_f_freemode_01-mask_1-144.webp	4128
C:\admirales\script_ver\script_ver\quarantine\under-review\17mov_CharacterSystem\web\photos\mp_f_freemode_01-mask_1-145.webp	3206
C:\admirales\script_ver\script_ver\quarantine\under-review\17mov_CharacterSystem\web\photos\mp_f_freemode_01-mask_1-146.webp	2150
C:\admirales\script_ver\script_ver\quarantine\under-review\17mov_CharacterSystem\web\photos\mp_f_freemode_01-mask_1-147.webp	4468
C:\admirales\script_ver\script_ver\quarantine\under-review\17mov_CharacterSystem\web\photos\mp_f_freemode_01-mask_1-148.webp	2058
C:\admirales\script_ver\script_ver\quarantine\under-review\17mov_CharacterSystem\web\photos\mp_f_freemode_01-mask_1-149.webp	3500
C:\admirales\script_ver\script_ver\quarantine\under-review\17mov_CharacterSystem\web\photos\mp_f_freemode_01-mask_1-15.webp	2842
C:\admirales\script_ver\script_ver\quarantine\under-review\17mov_CharacterSystem\web\photos\mp_f_freemode_01-mask_1-150.webp	3518
C:\admirales\script_ver\script_ver\quarantine\under-review\17mov_CharacterSystem\web\photos\mp_f_freemode_01-mask_1-151.webp	3892
C:\admirales\script_ver\script_ver\quarantine\under-review\17mov_CharacterSystem\web\photos\mp_f_freemode_01-mask_1-152.webp	4026
C:\admirales\script_ver\script_ver\quarantine\under-review\17mov_CharacterSystem\web\photos\mp_f_freemode_01-mask_1-153.webp	3676
C:\admirales\script_ver\script_ver\quarantine\under-review\17mov_CharacterSystem\web\photos\mp_f_freemode_01-mask_1-154.webp	3690
C:\admirales\script_ver\script_ver\quarantine\under-review\17mov_CharacterSystem\web\photos\mp_f_freemode_01-mask_1-155.webp	4988
C:\admirales\script_ver\script_ver\quarantine\under-review\17mov_CharacterSystem\web\photos\mp_f_freemode_01-mask_1-156.webp	4472
C:\admirales\script_ver\script_ver\quarantine\under-review\17mov_CharacterSystem\web\photos\mp_f_freemode_01-mask_1-157.webp	4664
C:\admirales\script_ver\script_ver\quarantine\under-review\17mov_CharacterSystem\web\photos\mp_f_freemode_01-mask_1-158.webp	4580
C:\admirales\script_ver\script_ver\quarantine\under-review\17mov_CharacterSystem\web\photos\mp_f_freemode_01-mask_1-159.webp	4334
C:\admirales\script_ver\script_ver\quarantine\under-review\17mov_CharacterSystem\web\photos\mp_f_freemode_01-mask_1-16.webp	2740
C:\admirales\script_ver\script_ver\quarantine\under-review\17mov_CharacterSystem\web\photos\mp_f_freemode_01-mask_1-160.webp	2274
C:\admirales\script_ver\script_ver\quarantine\under-review\17mov_CharacterSystem\web\photos\mp_f_freemode_01-mask_1-161.webp	3008
C:\admirales\script_ver\script_ver\quarantine\under-review\17mov_CharacterSystem\web\photos\mp_f_freemode_01-mask_1-162.webp	3906
C:\admirales\script_ver\script_ver\quarantine\under-review\17mov_CharacterSystem\web\photos\mp_f_freemode_01-mask_1-163.webp	3062
C:\admirales\script_ver\script_ver\quarantine\under-review\17mov_CharacterSystem\web\photos\mp_f_freemode_01-mask_1-164.webp	2854
C:\admirales\script_ver\script_ver\quarantine\under-review\17mov_CharacterSystem\web\photos\mp_f_freemode_01-mask_1-165.webp	3648
C:\admirales\script_ver\script_ver\quarantine\under-review\17mov_CharacterSystem\web\photos\mp_f_freemode_01-mask_1-166.webp	2144
C:\admirales\script_ver\script_ver\quarantine\under-review\17mov_CharacterSystem\web\photos\mp_f_freemode_01-mask_1-167.webp	3040
C:\admirales\script_ver\script_ver\quarantine\under-review\17mov_CharacterSystem\web\photos\mp_f_freemode_01-mask_1-168.webp	3100
C:\admirales\script_ver\script_ver\quarantine\under-review\17mov_CharacterSystem\web\photos\mp_f_freemode_01-mask_1-169.webp	1782
C:\admirales\script_ver\script_ver\quarantine\under-review\17mov_CharacterSystem\web\photos\mp_f_freemode_01-mask_1-17.webp	3292
C:\admirales\script_ver\script_ver\quarantine\under-review\17mov_CharacterSystem\web\photos\mp_f_freemode_01-mask_1-170.webp	2456
C:\admirales\script_ver\script_ver\quarantine\under-review\17mov_CharacterSystem\web\photos\mp_f_freemode_01-mask_1-171.webp	2968
C:\admirales\script_ver\script_ver\quarantine\under-review\17mov_CharacterSystem\web\photos\mp_f_freemode_01-mask_1-172.webp	2750
C:\admirales\script_ver\script_ver\quarantine\under-review\17mov_CharacterSystem\web\photos\mp_f_freemode_01-mask_1-173.webp	2748
C:\admirales\script_ver\script_ver\quarantine\under-review\17mov_CharacterSystem\web\photos\mp_f_freemode_01-mask_1-174.webp	2138
C:\admirales\script_ver\script_ver\quarantine\under-review\17mov_CharacterSystem\web\photos\mp_f_freemode_01-mask_1-175.webp	2340
C:\admirales\script_ver\script_ver\quarantine\under-review\17mov_CharacterSystem\web\photos\mp_f_freemode_01-mask_1-176.webp	2576
C:\admirales\script_ver\script_ver\quarantine\under-review\17mov_CharacterSystem\web\photos\mp_f_freemode_01-mask_1-177.webp	3664
C:\admirales\script_ver\script_ver\quarantine\under-review\17mov_CharacterSystem\web\photos\mp_f_freemode_01-mask_1-178.webp	2066
C:\admirales\script_ver\script_ver\quarantine\under-review\17mov_CharacterSystem\web\photos\mp_f_freemode_01-mask_1-179.webp	2158
C:\admirales\script_ver\script_ver\quarantine\under-review\17mov_CharacterSystem\web\photos\mp_f_freemode_01-mask_1-18.webp	3408
C:\admirales\script_ver\script_ver\quarantine\under-review\17mov_CharacterSystem\web\photos\mp_f_freemode_01-mask_1-180.webp	3974
C:\admirales\script_ver\script_ver\quarantine\under-review\17mov_CharacterSystem\web\photos\mp_f_freemode_01-mask_1-181.webp	3182
C:\admirales\script_ver\script_ver\quarantine\under-review\17mov_CharacterSystem\web\photos\mp_f_freemode_01-mask_1-182.webp	2660
C:\admirales\script_ver\script_ver\quarantine\under-review\17mov_CharacterSystem\web\photos\mp_f_freemode_01-mask_1-183.webp	2048
C:\admirales\script_ver\script_ver\quarantine\under-review\17mov_CharacterSystem\web\photos\mp_f_freemode_01-mask_1-184.webp	3060
C:\admirales\script_ver\script_ver\quarantine\under-review\17mov_CharacterSystem\web\photos\mp_f_freemode_01-mask_1-185.webp	1834
C:\admirales\script_ver\script_ver\quarantine\under-review\17mov_CharacterSystem\web\photos\mp_f_freemode_01-mask_1-186.webp	2412
C:\admirales\script_ver\script_ver\quarantine\under-review\17mov_CharacterSystem\web\photos\mp_f_freemode_01-mask_1-187.webp	2504
C:\admirales\script_ver\script_ver\quarantine\under-review\17mov_CharacterSystem\web\photos\mp_f_freemode_01-mask_1-188.webp	3842
C:\admirales\script_ver\script_ver\quarantine\under-review\17mov_CharacterSystem\web\photos\mp_f_freemode_01-mask_1-189.webp	4298
C:\admirales\script_ver\script_ver\quarantine\under-review\17mov_CharacterSystem\web\photos\mp_f_freemode_01-mask_1-19.webp	3342
C:\admirales\script_ver\script_ver\quarantine\under-review\17mov_CharacterSystem\web\photos\mp_f_freemode_01-mask_1-190.webp	2006
C:\admirales\script_ver\script_ver\quarantine\under-review\17mov_CharacterSystem\web\photos\mp_f_freemode_01-mask_1-191.webp	3938
C:\admirales\script_ver\script_ver\quarantine\under-review\17mov_CharacterSystem\web\photos\mp_f_freemode_01-mask_1-192.webp	3200
C:\admirales\script_ver\script_ver\quarantine\under-review\17mov_CharacterSystem\web\photos\mp_f_freemode_01-mask_1-193.webp	3590
C:\admirales\script_ver\script_ver\quarantine\under-review\17mov_CharacterSystem\web\photos\mp_f_freemode_01-mask_1-194.webp	2956
C:\admirales\script_ver\script_ver\quarantine\under-review\17mov_CharacterSystem\web\photos\mp_f_freemode_01-mask_1-195.webp	2302
C:\admirales\script_ver\script_ver\quarantine\under-review\17mov_CharacterSystem\web\photos\mp_f_freemode_01-mask_1-196.webp	2652
C:\admirales\script_ver\script_ver\quarantine\under-review\17mov_CharacterSystem\web\photos\mp_f_freemode_01-mask_1-197.webp	2694
C:\admirales\script_ver\script_ver\quarantine\under-review\17mov_CharacterSystem\web\photos\mp_f_freemode_01-mask_1-198.webp	3404
C:\admirales\script_ver\script_ver\quarantine\under-review\17mov_CharacterSystem\web\photos\mp_f_freemode_01-mask_1-199.webp	3342
C:\admirales\script_ver\script_ver\quarantine\under-review\17mov_CharacterSystem\web\photos\mp_f_freemode_01-mask_1-2.webp	2648
C:\admirales\script_ver\script_ver\quarantine\under-review\17mov_CharacterSystem\web\photos\mp_f_freemode_01-mask_1-20.webp	4682
C:\admirales\script_ver\script_ver\quarantine\under-review\17mov_CharacterSystem\web\photos\mp_f_freemode_01-mask_1-200.webp	3422
C:\admirales\script_ver\script_ver\quarantine\under-review\17mov_CharacterSystem\web\photos\mp_f_freemode_01-mask_1-201.webp	5202
C:\admirales\script_ver\script_ver\quarantine\under-review\17mov_CharacterSystem\web\photos\mp_f_freemode_01-mask_1-202.webp	3074
C:\admirales\script_ver\script_ver\quarantine\under-review\17mov_CharacterSystem\web\photos\mp_f_freemode_01-mask_1-203.webp	3172
C:\admirales\script_ver\script_ver\quarantine\under-review\17mov_CharacterSystem\web\photos\mp_f_freemode_01-mask_1-204.webp	4490
C:\admirales\script_ver\script_ver\quarantine\under-review\17mov_CharacterSystem\web\photos\mp_f_freemode_01-mask_1-205.webp	3028
C:\admirales\script_ver\script_ver\quarantine\under-review\17mov_CharacterSystem\web\photos\mp_f_freemode_01-mask_1-206.webp	3458
C:\admirales\script_ver\script_ver\quarantine\under-review\17mov_CharacterSystem\web\photos\mp_f_freemode_01-mask_1-207.webp	3508
C:\admirales\script_ver\script_ver\quarantine\under-review\17mov_CharacterSystem\web\photos\mp_f_freemode_01-mask_1-208.webp	3180
C:\admirales\script_ver\script_ver\quarantine\under-review\17mov_CharacterSystem\web\photos\mp_f_freemode_01-mask_1-209.webp	3088
C:\admirales\script_ver\script_ver\quarantine\under-review\17mov_CharacterSystem\web\photos\mp_f_freemode_01-mask_1-21.webp	3406
C:\admirales\script_ver\script_ver\quarantine\under-review\17mov_CharacterSystem\web\photos\mp_f_freemode_01-mask_1-210.webp	4302
C:\admirales\script_ver\script_ver\quarantine\under-review\17mov_CharacterSystem\web\photos\mp_f_freemode_01-mask_1-211.webp	4718
C:\admirales\script_ver\script_ver\quarantine\under-review\17mov_CharacterSystem\web\photos\mp_f_freemode_01-mask_1-212.webp	2732
C:\admirales\script_ver\script_ver\quarantine\under-review\17mov_CharacterSystem\web\photos\mp_f_freemode_01-mask_1-213.webp	2696
C:\admirales\script_ver\script_ver\quarantine\under-review\17mov_CharacterSystem\web\photos\mp_f_freemode_01-mask_1-214.webp	3516
C:\admirales\script_ver\script_ver\quarantine\under-review\17mov_CharacterSystem\web\photos\mp_f_freemode_01-mask_1-215.webp	4394
C:\admirales\script_ver\script_ver\quarantine\under-review\17mov_CharacterSystem\web\photos\mp_f_freemode_01-mask_1-216.webp	2592
C:\admirales\script_ver\script_ver\quarantine\under-review\17mov_CharacterSystem\web\photos\mp_f_freemode_01-mask_1-217.webp	3872
C:\admirales\script_ver\script_ver\quarantine\under-review\17mov_CharacterSystem\web\photos\mp_f_freemode_01-mask_1-218.webp	4232
C:\admirales\script_ver\script_ver\quarantine\under-review\17mov_CharacterSystem\web\photos\mp_f_freemode_01-mask_1-219.webp	3166
C:\admirales\script_ver\script_ver\quarantine\under-review\17mov_CharacterSystem\web\photos\mp_f_freemode_01-mask_1-22.webp	4092
C:\admirales\script_ver\script_ver\quarantine\under-review\17mov_CharacterSystem\web\photos\mp_f_freemode_01-mask_1-220.webp	3446
C:\admirales\script_ver\script_ver\quarantine\under-review\17mov_CharacterSystem\web\photos\mp_f_freemode_01-mask_1-221.webp	3712
C:\admirales\script_ver\script_ver\quarantine\under-review\17mov_CharacterSystem\web\photos\mp_f_freemode_01-mask_1-222.webp	1930
C:\admirales\script_ver\script_ver\quarantine\under-review\17mov_CharacterSystem\web\photos\mp_f_freemode_01-mask_1-223.webp	1924
C:\admirales\script_ver\script_ver\quarantine\under-review\17mov_CharacterSystem\web\photos\mp_f_freemode_01-mask_1-224.webp	3440
C:\admirales\script_ver\script_ver\quarantine\under-review\17mov_CharacterSystem\web\photos\mp_f_freemode_01-mask_1-225.webp	1918
C:\admirales\script_ver\script_ver\quarantine\under-review\17mov_CharacterSystem\web\photos\mp_f_freemode_01-mask_1-226.webp	5046
C:\admirales\script_ver\script_ver\quarantine\under-review\17mov_CharacterSystem\web\photos\mp_f_freemode_01-mask_1-227.webp	4852
C:\admirales\script_ver\script_ver\quarantine\under-review\17mov_CharacterSystem\web\photos\mp_f_freemode_01-mask_1-228.webp	4572
C:\admirales\script_ver\script_ver\quarantine\under-review\17mov_CharacterSystem\web\photos\mp_f_freemode_01-mask_1-229.webp	1922
C:\admirales\script_ver\script_ver\quarantine\under-review\17mov_CharacterSystem\web\photos\mp_f_freemode_01-mask_1-23.webp	3122
C:\admirales\script_ver\script_ver\quarantine\under-review\17mov_CharacterSystem\web\photos\mp_f_freemode_01-mask_1-230.webp	5334
C:\admirales\script_ver\script_ver\quarantine\under-review\17mov_CharacterSystem\web\photos\mp_f_freemode_01-mask_1-231.webp	2730
C:\admirales\script_ver\script_ver\quarantine\under-review\17mov_CharacterSystem\web\photos\mp_f_freemode_01-mask_1-232.webp	1928
C:\admirales\script_ver\script_ver\quarantine\under-review\17mov_CharacterSystem\web\photos\mp_f_freemode_01-mask_1-233.webp	7144
C:\admirales\script_ver\script_ver\quarantine\under-review\17mov_CharacterSystem\web\photos\mp_f_freemode_01-mask_1-234.webp	3060
C:\admirales\script_ver\script_ver\quarantine\under-review\17mov_CharacterSystem\web\photos\mp_f_freemode_01-mask_1-235.webp	2518
C:\admirales\script_ver\script_ver\quarantine\under-review\17mov_CharacterSystem\web\photos\mp_f_freemode_01-mask_1-236.webp	3016
C:\admirales\script_ver\script_ver\quarantine\under-review\17mov_CharacterSystem\web\photos\mp_f_freemode_01-mask_1-237.webp	2822
C:\admirales\script_ver\script_ver\quarantine\under-review\17mov_CharacterSystem\web\photos\mp_f_freemode_01-mask_1-238.webp	1926
C:\admirales\script_ver\script_ver\quarantine\under-review\17mov_CharacterSystem\web\photos\mp_f_freemode_01-mask_1-24.webp	3168
C:\admirales\script_ver\script_ver\quarantine\under-review\17mov_CharacterSystem\web\photos\mp_f_freemode_01-mask_1-25.webp	3712
C:\admirales\script_ver\script_ver\quarantine\under-review\17mov_CharacterSystem\web\photos\mp_f_freemode_01-mask_1-26.webp	4740
C:\admirales\script_ver\script_ver\quarantine\under-review\17mov_CharacterSystem\web\photos\mp_f_freemode_01-mask_1-27.webp	2550
C:\admirales\script_ver\script_ver\quarantine\under-review\17mov_CharacterSystem\web\photos\mp_f_freemode_01-mask_1-28.webp	1780
C:\admirales\script_ver\script_ver\quarantine\under-review\17mov_CharacterSystem\web\photos\mp_f_freemode_01-mask_1-29.webp	2106
C:\admirales\script_ver\script_ver\quarantine\under-review\17mov_CharacterSystem\web\photos\mp_f_freemode_01-mask_1-3.webp	3032
C:\admirales\script_ver\script_ver\quarantine\under-review\17mov_CharacterSystem\web\photos\mp_f_freemode_01-mask_1-30.webp	2658
C:\admirales\script_ver\script_ver\quarantine\under-review\17mov_CharacterSystem\web\photos\mp_f_freemode_01-mask_1-31.webp	3230
C:\admirales\script_ver\script_ver\quarantine\under-review\17mov_CharacterSystem\web\photos\mp_f_freemode_01-mask_1-32.webp	2852
C:\admirales\script_ver\script_ver\quarantine\under-review\17mov_CharacterSystem\web\photos\mp_f_freemode_01-mask_1-33.webp	2952
C:\admirales\script_ver\script_ver\quarantine\under-review\17mov_CharacterSystem\web\photos\mp_f_freemode_01-mask_1-34.webp	3290
C:\admirales\script_ver\script_ver\quarantine\under-review\17mov_CharacterSystem\web\photos\mp_f_freemode_01-mask_1-35.webp	1684
C:\admirales\script_ver\script_ver\quarantine\under-review\17mov_CharacterSystem\web\photos\mp_f_freemode_01-mask_1-36.webp	2084
C:\admirales\script_ver\script_ver\quarantine\under-review\17mov_CharacterSystem\web\photos\mp_f_freemode_01-mask_1-37.webp	2346
C:\admirales\script_ver\script_ver\quarantine\under-review\17mov_CharacterSystem\web\photos\mp_f_freemode_01-mask_1-38.webp	1932
C:\admirales\script_ver\script_ver\quarantine\under-review\17mov_CharacterSystem\web\photos\mp_f_freemode_01-mask_1-39.webp	3042
C:\admirales\script_ver\script_ver\quarantine\under-review\17mov_CharacterSystem\web\photos\mp_f_freemode_01-mask_1-4.webp	2514
C:\admirales\script_ver\script_ver\quarantine\under-review\17mov_CharacterSystem\web\photos\mp_f_freemode_01-mask_1-40.webp	3394
C:\admirales\script_ver\script_ver\quarantine\under-review\17mov_CharacterSystem\web\photos\mp_f_freemode_01-mask_1-41.webp	2944
C:\admirales\script_ver\script_ver\quarantine\under-review\17mov_CharacterSystem\web\photos\mp_f_freemode_01-mask_1-42.webp	3144
C:\admirales\script_ver\script_ver\quarantine\under-review\17mov_CharacterSystem\web\photos\mp_f_freemode_01-mask_1-43.webp	3030
C:\admirales\script_ver\script_ver\quarantine\under-review\17mov_CharacterSystem\web\photos\mp_f_freemode_01-mask_1-44.webp	3632
C:\admirales\script_ver\script_ver\quarantine\under-review\17mov_CharacterSystem\web\photos\mp_f_freemode_01-mask_1-45.webp	2366
C:\admirales\script_ver\script_ver\quarantine\under-review\17mov_CharacterSystem\web\photos\mp_f_freemode_01-mask_1-46.webp	2166
C:\admirales\script_ver\script_ver\quarantine\under-review\17mov_CharacterSystem\web\photos\mp_f_freemode_01-mask_1-47.webp	3890
C:\admirales\script_ver\script_ver\quarantine\under-review\17mov_CharacterSystem\web\photos\mp_f_freemode_01-mask_1-48.webp	2754
C:\admirales\script_ver\script_ver\quarantine\under-review\17mov_CharacterSystem\web\photos\mp_f_freemode_01-mask_1-49.webp	2682
C:\admirales\script_ver\script_ver\quarantine\under-review\17mov_CharacterSystem\web\photos\mp_f_freemode_01-mask_1-5.webp	2866
C:\admirales\script_ver\script_ver\quarantine\under-review\17mov_CharacterSystem\web\photos\mp_f_freemode_01-mask_1-50.webp	1874
C:\admirales\script_ver\script_ver\quarantine\under-review\17mov_CharacterSystem\web\photos\mp_f_freemode_01-mask_1-51.webp	1884
C:\admirales\script_ver\script_ver\quarantine\under-review\17mov_CharacterSystem\web\photos\mp_f_freemode_01-mask_1-52.webp	1944
C:\admirales\script_ver\script_ver\quarantine\under-review\17mov_CharacterSystem\web\photos\mp_f_freemode_01-mask_1-53.webp	2332
C:\admirales\script_ver\script_ver\quarantine\under-review\17mov_CharacterSystem\web\photos\mp_f_freemode_01-mask_1-54.webp	2050
C:\admirales\script_ver\script_ver\quarantine\under-review\17mov_CharacterSystem\web\photos\mp_f_freemode_01-mask_1-55.webp	2118
C:\admirales\script_ver\script_ver\quarantine\under-review\17mov_CharacterSystem\web\photos\mp_f_freemode_01-mask_1-56.webp	2210
C:\admirales\script_ver\script_ver\quarantine\under-review\17mov_CharacterSystem\web\photos\mp_f_freemode_01-mask_1-57.webp	2082
C:\admirales\script_ver\script_ver\quarantine\under-review\17mov_CharacterSystem\web\photos\mp_f_freemode_01-mask_1-58.webp	2700
C:\admirales\script_ver\script_ver\quarantine\under-review\17mov_CharacterSystem\web\photos\mp_f_freemode_01-mask_1-59.webp	3278
C:\admirales\script_ver\script_ver\quarantine\under-review\17mov_CharacterSystem\web\photos\mp_f_freemode_01-mask_1-6.webp	3118
C:\admirales\script_ver\script_ver\quarantine\under-review\17mov_CharacterSystem\web\photos\mp_f_freemode_01-mask_1-60.webp	3894
C:\admirales\script_ver\script_ver\quarantine\under-review\17mov_CharacterSystem\web\photos\mp_f_freemode_01-mask_1-61.webp	3282
C:\admirales\script_ver\script_ver\quarantine\under-review\17mov_CharacterSystem\web\photos\mp_f_freemode_01-mask_1-62.webp	3168
C:\admirales\script_ver\script_ver\quarantine\under-review\17mov_CharacterSystem\web\photos\mp_f_freemode_01-mask_1-63.webp	2946
C:\admirales\script_ver\script_ver\quarantine\under-review\17mov_CharacterSystem\web\photos\mp_f_freemode_01-mask_1-64.webp	3826
C:\admirales\script_ver\script_ver\quarantine\under-review\17mov_CharacterSystem\web\photos\mp_f_freemode_01-mask_1-65.webp	3280
C:\admirales\script_ver\script_ver\quarantine\under-review\17mov_CharacterSystem\web\photos\mp_f_freemode_01-mask_1-66.webp	3372
C:\admirales\script_ver\script_ver\quarantine\under-review\17mov_CharacterSystem\web\photos\mp_f_freemode_01-mask_1-67.webp	3348
C:\admirales\script_ver\script_ver\quarantine\under-review\17mov_CharacterSystem\web\photos\mp_f_freemode_01-mask_1-68.webp	3364
C:\admirales\script_ver\script_ver\quarantine\under-review\17mov_CharacterSystem\web\photos\mp_f_freemode_01-mask_1-69.webp	3506
C:\admirales\script_ver\script_ver\quarantine\under-review\17mov_CharacterSystem\web\photos\mp_f_freemode_01-mask_1-7.webp	2768
C:\admirales\script_ver\script_ver\quarantine\under-review\17mov_CharacterSystem\web\photos\mp_f_freemode_01-mask_1-70.webp	3780
C:\admirales\script_ver\script_ver\quarantine\under-review\17mov_CharacterSystem\web\photos\mp_f_freemode_01-mask_1-71.webp	4042
C:\admirales\script_ver\script_ver\quarantine\under-review\17mov_CharacterSystem\web\photos\mp_f_freemode_01-mask_1-72.webp	3368
C:\admirales\script_ver\script_ver\quarantine\under-review\17mov_CharacterSystem\web\photos\mp_f_freemode_01-mask_1-73.webp	1916
C:\admirales\script_ver\script_ver\quarantine\under-review\17mov_CharacterSystem\web\photos\mp_f_freemode_01-mask_1-74.webp	2868
C:\admirales\script_ver\script_ver\quarantine\under-review\17mov_CharacterSystem\web\photos\mp_f_freemode_01-mask_1-75.webp	2950
C:\admirales\script_ver\script_ver\quarantine\under-review\17mov_CharacterSystem\web\photos\mp_f_freemode_01-mask_1-76.webp	4436
C:\admirales\script_ver\script_ver\quarantine\under-review\17mov_CharacterSystem\web\photos\mp_f_freemode_01-mask_1-77.webp	3262
C:\admirales\script_ver\script_ver\quarantine\under-review\17mov_CharacterSystem\web\photos\mp_f_freemode_01-mask_1-78.webp	3380
C:\admirales\script_ver\script_ver\quarantine\under-review\17mov_CharacterSystem\web\photos\mp_f_freemode_01-mask_1-79.webp	3182
C:\admirales\script_ver\script_ver\quarantine\under-review\17mov_CharacterSystem\web\photos\mp_f_freemode_01-mask_1-8.webp	3630
C:\admirales\script_ver\script_ver\quarantine\under-review\17mov_CharacterSystem\web\photos\mp_f_freemode_01-mask_1-80.webp	3130
C:\admirales\script_ver\script_ver\quarantine\under-review\17mov_CharacterSystem\web\photos\mp_f_freemode_01-mask_1-81.webp	3456
C:\admirales\script_ver\script_ver\quarantine\under-review\17mov_CharacterSystem\web\photos\mp_f_freemode_01-mask_1-82.webp	3570
C:\admirales\script_ver\script_ver\quarantine\under-review\17mov_CharacterSystem\web\photos\mp_f_freemode_01-mask_1-83.webp	3690
C:\admirales\script_ver\script_ver\quarantine\under-review\17mov_CharacterSystem\web\photos\mp_f_freemode_01-mask_1-84.webp	4042
C:\admirales\script_ver\script_ver\quarantine\under-review\17mov_CharacterSystem\web\photos\mp_f_freemode_01-mask_1-85.webp	2434
C:\admirales\script_ver\script_ver\quarantine\under-review\17mov_CharacterSystem\web\photos\mp_f_freemode_01-mask_1-86.webp	3646
C:\admirales\script_ver\script_ver\quarantine\under-review\17mov_CharacterSystem\web\photos\mp_f_freemode_01-mask_1-87.webp	3182
C:\admirales\script_ver\script_ver\quarantine\under-review\17mov_CharacterSystem\web\photos\mp_f_freemode_01-mask_1-88.webp	3730
C:\admirales\script_ver\script_ver\quarantine\under-review\17mov_CharacterSystem\web\photos\mp_f_freemode_01-mask_1-89.webp	1882
C:\admirales\script_ver\script_ver\quarantine\under-review\17mov_CharacterSystem\web\photos\mp_f_freemode_01-mask_1-9.webp	3270
C:\admirales\script_ver\script_ver\quarantine\under-review\17mov_CharacterSystem\web\photos\mp_f_freemode_01-mask_1-90.webp	2122
C:\admirales\script_ver\script_ver\quarantine\under-review\17mov_CharacterSystem\web\photos\mp_f_freemode_01-mask_1-91.webp	3366
C:\admirales\script_ver\script_ver\quarantine\under-review\17mov_CharacterSystem\web\photos\mp_f_freemode_01-mask_1-92.webp	3670
C:\admirales\script_ver\script_ver\quarantine\under-review\17mov_CharacterSystem\web\photos\mp_f_freemode_01-mask_1-93.webp	2924
C:\admirales\script_ver\script_ver\quarantine\under-review\17mov_CharacterSystem\web\photos\mp_f_freemode_01-mask_1-94.webp	3206
C:\admirales\script_ver\script_ver\quarantine\under-review\17mov_CharacterSystem\web\photos\mp_f_freemode_01-mask_1-95.webp	3520
C:\admirales\script_ver\script_ver\quarantine\under-review\17mov_CharacterSystem\web\photos\mp_f_freemode_01-mask_1-96.webp	3056
C:\admirales\script_ver\script_ver\quarantine\under-review\17mov_CharacterSystem\web\photos\mp_f_freemode_01-mask_1-97.webp	3270
C:\admirales\script_ver\script_ver\quarantine\under-review\17mov_CharacterSystem\web\photos\mp_f_freemode_01-mask_1-98.webp	3122
C:\admirales\script_ver\script_ver\quarantine\under-review\17mov_CharacterSystem\web\photos\mp_f_freemode_01-mask_1-99.webp	3028
C:\admirales\script_ver\script_ver\quarantine\under-review\17mov_CharacterSystem\web\photos\mp_f_freemode_01-mom-0.webp	2944
C:\admirales\script_ver\script_ver\quarantine\under-review\17mov_CharacterSystem\web\photos\mp_f_freemode_01-mom-1.webp	2940
C:\admirales\script_ver\script_ver\quarantine\under-review\17mov_CharacterSystem\web\photos\mp_f_freemode_01-mom-10.webp	2664
C:\admirales\script_ver\script_ver\quarantine\under-review\17mov_CharacterSystem\web\photos\mp_f_freemode_01-mom-11.webp	2662
C:\admirales\script_ver\script_ver\quarantine\under-review\17mov_CharacterSystem\web\photos\mp_f_freemode_01-mom-12.webp	2952
C:\admirales\script_ver\script_ver\quarantine\under-review\17mov_CharacterSystem\web\photos\mp_f_freemode_01-mom-13.webp	2932
C:\admirales\script_ver\script_ver\quarantine\under-review\17mov_CharacterSystem\web\photos\mp_f_freemode_01-mom-14.webp	2622
C:\admirales\script_ver\script_ver\quarantine\under-review\17mov_CharacterSystem\web\photos\mp_f_freemode_01-mom-15.webp	2628
C:\admirales\script_ver\script_ver\quarantine\under-review\17mov_CharacterSystem\web\photos\mp_f_freemode_01-mom-16.webp	2902
C:\admirales\script_ver\script_ver\quarantine\under-review\17mov_CharacterSystem\web\photos\mp_f_freemode_01-mom-17.webp	2626
C:\admirales\script_ver\script_ver\quarantine\under-review\17mov_CharacterSystem\web\photos\mp_f_freemode_01-mom-18.webp	2864
C:\admirales\script_ver\script_ver\quarantine\under-review\17mov_CharacterSystem\web\photos\mp_f_freemode_01-mom-19.webp	2872
C:\admirales\script_ver\script_ver\quarantine\under-review\17mov_CharacterSystem\web\photos\mp_f_freemode_01-mom-2.webp	2632
C:\admirales\script_ver\script_ver\quarantine\under-review\17mov_CharacterSystem\web\photos\mp_f_freemode_01-mom-20.webp	2898
C:\admirales\script_ver\script_ver\quarantine\under-review\17mov_CharacterSystem\web\photos\mp_f_freemode_01-mom-21.webp	2662
C:\admirales\script_ver\script_ver\quarantine\under-review\17mov_CharacterSystem\web\photos\mp_f_freemode_01-mom-22.webp	2802
C:\admirales\script_ver\script_ver\quarantine\under-review\17mov_CharacterSystem\web\photos\mp_f_freemode_01-mom-23.webp	2840
C:\admirales\script_ver\script_ver\quarantine\under-review\17mov_CharacterSystem\web\photos\mp_f_freemode_01-mom-24.webp	2772
C:\admirales\script_ver\script_ver\quarantine\under-review\17mov_CharacterSystem\web\photos\mp_f_freemode_01-mom-25.webp	2880
C:\admirales\script_ver\script_ver\quarantine\under-review\17mov_CharacterSystem\web\photos\mp_f_freemode_01-mom-26.webp	2686
C:\admirales\script_ver\script_ver\quarantine\under-review\17mov_CharacterSystem\web\photos\mp_f_freemode_01-mom-27.webp	2886
C:\admirales\script_ver\script_ver\quarantine\under-review\17mov_CharacterSystem\web\photos\mp_f_freemode_01-mom-28.webp	2884
C:\admirales\script_ver\script_ver\quarantine\under-review\17mov_CharacterSystem\web\photos\mp_f_freemode_01-mom-29.webp	2864
C:\admirales\script_ver\script_ver\quarantine\under-review\17mov_CharacterSystem\web\photos\mp_f_freemode_01-mom-3.webp	2650
C:\admirales\script_ver\script_ver\quarantine\under-review\17mov_CharacterSystem\web\photos\mp_f_freemode_01-mom-30.webp	2942
C:\admirales\script_ver\script_ver\quarantine\under-review\17mov_CharacterSystem\web\photos\mp_f_freemode_01-mom-31.webp	2908
C:\admirales\script_ver\script_ver\quarantine\under-review\17mov_CharacterSystem\web\photos\mp_f_freemode_01-mom-32.webp	2894
C:\admirales\script_ver\script_ver\quarantine\under-review\17mov_CharacterSystem\web\photos\mp_f_freemode_01-mom-33.webp	2828
C:\admirales\script_ver\script_ver\quarantine\under-review\17mov_CharacterSystem\web\photos\mp_f_freemode_01-mom-34.webp	2600
C:\admirales\script_ver\script_ver\quarantine\under-review\17mov_CharacterSystem\web\photos\mp_f_freemode_01-mom-35.webp	2898
C:\admirales\script_ver\script_ver\quarantine\under-review\17mov_CharacterSystem\web\photos\mp_f_freemode_01-mom-36.webp	2610
C:\admirales\script_ver\script_ver\quarantine\under-review\17mov_CharacterSystem\web\photos\mp_f_freemode_01-mom-37.webp	2852
C:\admirales\script_ver\script_ver\quarantine\under-review\17mov_CharacterSystem\web\photos\mp_f_freemode_01-mom-38.webp	2878
C:\admirales\script_ver\script_ver\quarantine\under-review\17mov_CharacterSystem\web\photos\mp_f_freemode_01-mom-39.webp	2590
C:\admirales\script_ver\script_ver\quarantine\under-review\17mov_CharacterSystem\web\photos\mp_f_freemode_01-mom-4.webp	2846
C:\admirales\script_ver\script_ver\quarantine\under-review\17mov_CharacterSystem\web\photos\mp_f_freemode_01-mom-40.webp	2882
C:\admirales\script_ver\script_ver\quarantine\under-review\17mov_CharacterSystem\web\photos\mp_f_freemode_01-mom-41.webp	2978
C:\admirales\script_ver\script_ver\quarantine\under-review\17mov_CharacterSystem\web\photos\mp_f_freemode_01-mom-42.webp	2972
C:\admirales\script_ver\script_ver\quarantine\under-review\17mov_CharacterSystem\web\photos\mp_f_freemode_01-mom-43.webp	2914
C:\admirales\script_ver\script_ver\quarantine\under-review\17mov_CharacterSystem\web\photos\mp_f_freemode_01-mom-5.webp	2644
C:\admirales\script_ver\script_ver\quarantine\under-review\17mov_CharacterSystem\web\photos\mp_f_freemode_01-mom-6.webp	2742
C:\admirales\script_ver\script_ver\quarantine\under-review\17mov_CharacterSystem\web\photos\mp_f_freemode_01-mom-7.webp	2680
C:\admirales\script_ver\script_ver\quarantine\under-review\17mov_CharacterSystem\web\photos\mp_f_freemode_01-mom-8.webp	2662
C:\admirales\script_ver\script_ver\quarantine\under-review\17mov_CharacterSystem\web\photos\mp_f_freemode_01-mom-9.webp	2614
C:\admirales\script_ver\script_ver\quarantine\under-review\17mov_CharacterSystem\web\photos\mp_f_freemode_01-pants_1-0.webp	3116
C:\admirales\script_ver\script_ver\quarantine\under-review\17mov_CharacterSystem\web\photos\mp_f_freemode_01-pants_1-1.webp	3260
C:\admirales\script_ver\script_ver\quarantine\under-review\17mov_CharacterSystem\web\photos\mp_f_freemode_01-pants_1-10.webp	2940
C:\admirales\script_ver\script_ver\quarantine\under-review\17mov_CharacterSystem\web\photos\mp_f_freemode_01-pants_1-100.webp	2888
C:\admirales\script_ver\script_ver\quarantine\under-review\17mov_CharacterSystem\web\photos\mp_f_freemode_01-pants_1-101.webp	3156
C:\admirales\script_ver\script_ver\quarantine\under-review\17mov_CharacterSystem\web\photos\mp_f_freemode_01-pants_1-102.webp	2536
C:\admirales\script_ver\script_ver\quarantine\under-review\17mov_CharacterSystem\web\photos\mp_f_freemode_01-pants_1-103.webp	2666
C:\admirales\script_ver\script_ver\quarantine\under-review\17mov_CharacterSystem\web\photos\mp_f_freemode_01-pants_1-104.webp	4666
C:\admirales\script_ver\script_ver\quarantine\under-review\17mov_CharacterSystem\web\photos\mp_f_freemode_01-pants_1-105.webp	2812
C:\admirales\script_ver\script_ver\quarantine\under-review\17mov_CharacterSystem\web\photos\mp_f_freemode_01-pants_1-106.webp	3570
C:\admirales\script_ver\script_ver\quarantine\under-review\17mov_CharacterSystem\web\photos\mp_f_freemode_01-pants_1-107.webp	2742
C:\admirales\script_ver\script_ver\quarantine\under-review\17mov_CharacterSystem\web\photos\mp_f_freemode_01-pants_1-108.webp	4424
C:\admirales\script_ver\script_ver\quarantine\under-review\17mov_CharacterSystem\web\photos\mp_f_freemode_01-pants_1-109.webp	2550
C:\admirales\script_ver\script_ver\quarantine\under-review\17mov_CharacterSystem\web\photos\mp_f_freemode_01-pants_1-11.webp	3612
C:\admirales\script_ver\script_ver\quarantine\under-review\17mov_CharacterSystem\web\photos\mp_f_freemode_01-pants_1-110.webp	2826
C:\admirales\script_ver\script_ver\quarantine\under-review\17mov_CharacterSystem\web\photos\mp_f_freemode_01-pants_1-111.webp	2970
C:\admirales\script_ver\script_ver\quarantine\under-review\17mov_CharacterSystem\web\photos\mp_f_freemode_01-pants_1-112.webp	2268
C:\admirales\script_ver\script_ver\quarantine\under-review\17mov_CharacterSystem\web\photos\mp_f_freemode_01-pants_1-113.webp	3620
C:\admirales\script_ver\script_ver\quarantine\under-review\17mov_CharacterSystem\web\photos\mp_f_freemode_01-pants_1-114.webp	3184
C:\admirales\script_ver\script_ver\quarantine\under-review\17mov_CharacterSystem\web\photos\mp_f_freemode_01-pants_1-115.webp	3028
C:\admirales\script_ver\script_ver\quarantine\under-review\17mov_CharacterSystem\web\photos\mp_f_freemode_01-pants_1-116.webp	2688
C:\admirales\script_ver\script_ver\quarantine\under-review\17mov_CharacterSystem\web\photos\mp_f_freemode_01-pants_1-117.webp	3464
C:\admirales\script_ver\script_ver\quarantine\under-review\17mov_CharacterSystem\web\photos\mp_f_freemode_01-pants_1-118.webp	3220
C:\admirales\script_ver\script_ver\quarantine\under-review\17mov_CharacterSystem\web\photos\mp_f_freemode_01-pants_1-119.webp	4402
C:\admirales\script_ver\script_ver\quarantine\under-review\17mov_CharacterSystem\web\photos\mp_f_freemode_01-pants_1-12.webp	3010
C:\admirales\script_ver\script_ver\quarantine\under-review\17mov_CharacterSystem\web\photos\mp_f_freemode_01-pants_1-120.webp	2792
C:\admirales\script_ver\script_ver\quarantine\under-review\17mov_CharacterSystem\web\photos\mp_f_freemode_01-pants_1-121.webp	3394
C:\admirales\script_ver\script_ver\quarantine\under-review\17mov_CharacterSystem\web\photos\mp_f_freemode_01-pants_1-122.webp	2230
C:\admirales\script_ver\script_ver\quarantine\under-review\17mov_CharacterSystem\web\photos\mp_f_freemode_01-pants_1-123.webp	3984
C:\admirales\script_ver\script_ver\quarantine\under-review\17mov_CharacterSystem\web\photos\mp_f_freemode_01-pants_1-124.webp	2512
C:\admirales\script_ver\script_ver\quarantine\under-review\17mov_CharacterSystem\web\photos\mp_f_freemode_01-pants_1-125.webp	3308
C:\admirales\script_ver\script_ver\quarantine\under-review\17mov_CharacterSystem\web\photos\mp_f_freemode_01-pants_1-126.webp	3682
C:\admirales\script_ver\script_ver\quarantine\under-review\17mov_CharacterSystem\web\photos\mp_f_freemode_01-pants_1-127.webp	2600
C:\admirales\script_ver\script_ver\quarantine\under-review\17mov_CharacterSystem\web\photos\mp_f_freemode_01-pants_1-128.webp	2670
C:\admirales\script_ver\script_ver\quarantine\under-review\17mov_CharacterSystem\web\photos\mp_f_freemode_01-pants_1-129.webp	2914
C:\admirales\script_ver\script_ver\quarantine\under-review\17mov_CharacterSystem\web\photos\mp_f_freemode_01-pants_1-13.webp	730
C:\admirales\script_ver\script_ver\quarantine\under-review\17mov_CharacterSystem\web\photos\mp_f_freemode_01-pants_1-130.webp	2412
C:\admirales\script_ver\script_ver\quarantine\under-review\17mov_CharacterSystem\web\photos\mp_f_freemode_01-pants_1-131.webp	2828
C:\admirales\script_ver\script_ver\quarantine\under-review\17mov_CharacterSystem\web\photos\mp_f_freemode_01-pants_1-132.webp	2730
C:\admirales\script_ver\script_ver\quarantine\under-review\17mov_CharacterSystem\web\photos\mp_f_freemode_01-pants_1-133.webp	1960
C:\admirales\script_ver\script_ver\quarantine\under-review\17mov_CharacterSystem\web\photos\mp_f_freemode_01-pants_1-134.webp	2434
C:\admirales\script_ver\script_ver\quarantine\under-review\17mov_CharacterSystem\web\photos\mp_f_freemode_01-pants_1-135.webp	2402
C:\admirales\script_ver\script_ver\quarantine\under-review\17mov_CharacterSystem\web\photos\mp_f_freemode_01-pants_1-136.webp	2514
C:\admirales\script_ver\script_ver\quarantine\under-review\17mov_CharacterSystem\web\photos\mp_f_freemode_01-pants_1-137.webp	2312
C:\admirales\script_ver\script_ver\quarantine\under-review\17mov_CharacterSystem\web\photos\mp_f_freemode_01-pants_1-138.webp	3258
C:\admirales\script_ver\script_ver\quarantine\under-review\17mov_CharacterSystem\web\photos\mp_f_freemode_01-pants_1-139.webp	3592
C:\admirales\script_ver\script_ver\quarantine\under-review\17mov_CharacterSystem\web\photos\mp_f_freemode_01-pants_1-14.webp	2710
C:\admirales\script_ver\script_ver\quarantine\under-review\17mov_CharacterSystem\web\photos\mp_f_freemode_01-pants_1-140.webp	3932
C:\admirales\script_ver\script_ver\quarantine\under-review\17mov_CharacterSystem\web\photos\mp_f_freemode_01-pants_1-141.webp	2730
C:\admirales\script_ver\script_ver\quarantine\under-review\17mov_CharacterSystem\web\photos\mp_f_freemode_01-pants_1-142.webp	2842
C:\admirales\script_ver\script_ver\quarantine\under-review\17mov_CharacterSystem\web\photos\mp_f_freemode_01-pants_1-143.webp	2482
C:\admirales\script_ver\script_ver\quarantine\under-review\17mov_CharacterSystem\web\photos\mp_f_freemode_01-pants_1-144.webp	2568
C:\admirales\script_ver\script_ver\quarantine\under-review\17mov_CharacterSystem\web\photos\mp_f_freemode_01-pants_1-145.webp	3034
C:\admirales\script_ver\script_ver\quarantine\under-review\17mov_CharacterSystem\web\photos\mp_f_freemode_01-pants_1-146.webp	3658
C:\admirales\script_ver\script_ver\quarantine\under-review\17mov_CharacterSystem\web\photos\mp_f_freemode_01-pants_1-147.webp	5358
C:\admirales\script_ver\script_ver\quarantine\under-review\17mov_CharacterSystem\web\photos\mp_f_freemode_01-pants_1-148.webp	2012
C:\admirales\script_ver\script_ver\quarantine\under-review\17mov_CharacterSystem\web\photos\mp_f_freemode_01-pants_1-149.webp	4180
C:\admirales\script_ver\script_ver\quarantine\under-review\17mov_CharacterSystem\web\photos\mp_f_freemode_01-pants_1-15.webp	2296
C:\admirales\script_ver\script_ver\quarantine\under-review\17mov_CharacterSystem\web\photos\mp_f_freemode_01-pants_1-150.webp	1914
C:\admirales\script_ver\script_ver\quarantine\under-review\17mov_CharacterSystem\web\photos\mp_f_freemode_01-pants_1-151.webp	4058
C:\admirales\script_ver\script_ver\quarantine\under-review\17mov_CharacterSystem\web\photos\mp_f_freemode_01-pants_1-152.webp	2970
C:\admirales\script_ver\script_ver\quarantine\under-review\17mov_CharacterSystem\web\photos\mp_f_freemode_01-pants_1-153.webp	2818
C:\admirales\script_ver\script_ver\quarantine\under-review\17mov_CharacterSystem\web\photos\mp_f_freemode_01-pants_1-154.webp	3134
C:\admirales\script_ver\script_ver\quarantine\under-review\17mov_CharacterSystem\web\photos\mp_f_freemode_01-pants_1-155.webp	2286
C:\admirales\script_ver\script_ver\quarantine\under-review\17mov_CharacterSystem\web\photos\mp_f_freemode_01-pants_1-156.webp	2350
C:\admirales\script_ver\script_ver\quarantine\under-review\17mov_CharacterSystem\web\photos\mp_f_freemode_01-pants_1-157.webp	2678
C:\admirales\script_ver\script_ver\quarantine\under-review\17mov_CharacterSystem\web\photos\mp_f_freemode_01-pants_1-158.webp	2186
C:\admirales\script_ver\script_ver\quarantine\under-review\17mov_CharacterSystem\web\photos\mp_f_freemode_01-pants_1-159.webp	3836
C:\admirales\script_ver\script_ver\quarantine\under-review\17mov_CharacterSystem\web\photos\mp_f_freemode_01-pants_1-16.webp	2702
C:\admirales\script_ver\script_ver\quarantine\under-review\17mov_CharacterSystem\web\photos\mp_f_freemode_01-pants_1-160.webp	6188
C:\admirales\script_ver\script_ver\quarantine\under-review\17mov_CharacterSystem\web\photos\mp_f_freemode_01-pants_1-161.webp	5502
C:\admirales\script_ver\script_ver\quarantine\under-review\17mov_CharacterSystem\web\photos\mp_f_freemode_01-pants_1-162.webp	1802
C:\admirales\script_ver\script_ver\quarantine\under-review\17mov_CharacterSystem\web\photos\mp_f_freemode_01-pants_1-163.webp	2744
C:\admirales\script_ver\script_ver\quarantine\under-review\17mov_CharacterSystem\web\photos\mp_f_freemode_01-pants_1-164.webp	4450
C:\admirales\script_ver\script_ver\quarantine\under-review\17mov_CharacterSystem\web\photos\mp_f_freemode_01-pants_1-165.webp	4406
C:\admirales\script_ver\script_ver\quarantine\under-review\17mov_CharacterSystem\web\photos\mp_f_freemode_01-pants_1-166.webp	1988
C:\admirales\script_ver\script_ver\quarantine\under-review\17mov_CharacterSystem\web\photos\mp_f_freemode_01-pants_1-167.webp	2246
C:\admirales\script_ver\script_ver\quarantine\under-review\17mov_CharacterSystem\web\photos\mp_f_freemode_01-pants_1-168.webp	2170
C:\admirales\script_ver\script_ver\quarantine\under-review\17mov_CharacterSystem\web\photos\mp_f_freemode_01-pants_1-169.webp	3544
C:\admirales\script_ver\script_ver\quarantine\under-review\17mov_CharacterSystem\web\photos\mp_f_freemode_01-pants_1-17.webp	2252
C:\admirales\script_ver\script_ver\quarantine\under-review\17mov_CharacterSystem\web\photos\mp_f_freemode_01-pants_1-170.webp	2916
C:\admirales\script_ver\script_ver\quarantine\under-review\17mov_CharacterSystem\web\photos\mp_f_freemode_01-pants_1-171.webp	730
C:\admirales\script_ver\script_ver\quarantine\under-review\17mov_CharacterSystem\web\photos\mp_f_freemode_01-pants_1-172.webp	730
C:\admirales\script_ver\script_ver\quarantine\under-review\17mov_CharacterSystem\web\photos\mp_f_freemode_01-pants_1-173.webp	730
C:\admirales\script_ver\script_ver\quarantine\under-review\17mov_CharacterSystem\web\photos\mp_f_freemode_01-pants_1-174.webp	730
C:\admirales\script_ver\script_ver\quarantine\under-review\17mov_CharacterSystem\web\photos\mp_f_freemode_01-pants_1-175.webp	730
C:\admirales\script_ver\script_ver\quarantine\under-review\17mov_CharacterSystem\web\photos\mp_f_freemode_01-pants_1-176.webp	730
C:\admirales\script_ver\script_ver\quarantine\under-review\17mov_CharacterSystem\web\photos\mp_f_freemode_01-pants_1-177.webp	730
C:\admirales\script_ver\script_ver\quarantine\under-review\17mov_CharacterSystem\web\photos\mp_f_freemode_01-pants_1-178.webp	730
C:\admirales\script_ver\script_ver\quarantine\under-review\17mov_CharacterSystem\web\photos\mp_f_freemode_01-pants_1-179.webp	730
C:\admirales\script_ver\script_ver\quarantine\under-review\17mov_CharacterSystem\web\photos\mp_f_freemode_01-pants_1-18.webp	2480
C:\admirales\script_ver\script_ver\quarantine\under-review\17mov_CharacterSystem\web\photos\mp_f_freemode_01-pants_1-180.webp	3738
C:\admirales\script_ver\script_ver\quarantine\under-review\17mov_CharacterSystem\web\photos\mp_f_freemode_01-pants_1-181.webp	730
C:\admirales\script_ver\script_ver\quarantine\under-review\17mov_CharacterSystem\web\photos\mp_f_freemode_01-pants_1-182.webp	2716
C:\admirales\script_ver\script_ver\quarantine\under-review\17mov_CharacterSystem\web\photos\mp_f_freemode_01-pants_1-183.webp	730
C:\admirales\script_ver\script_ver\quarantine\under-review\17mov_CharacterSystem\web\photos\mp_f_freemode_01-pants_1-184.webp	3320
C:\admirales\script_ver\script_ver\quarantine\under-review\17mov_CharacterSystem\web\photos\mp_f_freemode_01-pants_1-185.webp	3256
C:\admirales\script_ver\script_ver\quarantine\under-review\17mov_CharacterSystem\web\photos\mp_f_freemode_01-pants_1-186.webp	730
C:\admirales\script_ver\script_ver\quarantine\under-review\17mov_CharacterSystem\web\photos\mp_f_freemode_01-pants_1-187.webp	2016
C:\admirales\script_ver\script_ver\quarantine\under-review\17mov_CharacterSystem\web\photos\mp_f_freemode_01-pants_1-188.webp	4440
C:\admirales\script_ver\script_ver\quarantine\under-review\17mov_CharacterSystem\web\photos\mp_f_freemode_01-pants_1-189.webp	2942
C:\admirales\script_ver\script_ver\quarantine\under-review\17mov_CharacterSystem\web\photos\mp_f_freemode_01-pants_1-19.webp	2900
C:\admirales\script_ver\script_ver\quarantine\under-review\17mov_CharacterSystem\web\photos\mp_f_freemode_01-pants_1-190.webp	4268
C:\admirales\script_ver\script_ver\quarantine\under-review\17mov_CharacterSystem\web\photos\mp_f_freemode_01-pants_1-191.webp	1894
C:\admirales\script_ver\script_ver\quarantine\under-review\17mov_CharacterSystem\web\photos\mp_f_freemode_01-pants_1-192.webp	2570
C:\admirales\script_ver\script_ver\quarantine\under-review\17mov_CharacterSystem\web\photos\mp_f_freemode_01-pants_1-193.webp	2628
C:\admirales\script_ver\script_ver\quarantine\under-review\17mov_CharacterSystem\web\photos\mp_f_freemode_01-pants_1-194.webp	2634
C:\admirales\script_ver\script_ver\quarantine\under-review\17mov_CharacterSystem\web\photos\mp_f_freemode_01-pants_1-195.webp	730
C:\admirales\script_ver\script_ver\quarantine\under-review\17mov_CharacterSystem\web\photos\mp_f_freemode_01-pants_1-196.webp	730
C:\admirales\script_ver\script_ver\quarantine\under-review\17mov_CharacterSystem\web\photos\mp_f_freemode_01-pants_1-197.webp	730
C:\admirales\script_ver\script_ver\quarantine\under-review\17mov_CharacterSystem\web\photos\mp_f_freemode_01-pants_1-198.webp	730
C:\admirales\script_ver\script_ver\quarantine\under-review\17mov_CharacterSystem\web\photos\mp_f_freemode_01-pants_1-199.webp	730
C:\admirales\script_ver\script_ver\quarantine\under-review\17mov_CharacterSystem\web\photos\mp_f_freemode_01-pants_1-2.webp	3202
C:\admirales\script_ver\script_ver\quarantine\under-review\17mov_CharacterSystem\web\photos\mp_f_freemode_01-pants_1-20.webp	2964
C:\admirales\script_ver\script_ver\quarantine\under-review\17mov_CharacterSystem\web\photos\mp_f_freemode_01-pants_1-200.webp	730
C:\admirales\script_ver\script_ver\quarantine\under-review\17mov_CharacterSystem\web\photos\mp_f_freemode_01-pants_1-201.webp	730
C:\admirales\script_ver\script_ver\quarantine\under-review\17mov_CharacterSystem\web\photos\mp_f_freemode_01-pants_1-202.webp	3032
C:\admirales\script_ver\script_ver\quarantine\under-review\17mov_CharacterSystem\web\photos\mp_f_freemode_01-pants_1-203.webp	3278
C:\admirales\script_ver\script_ver\quarantine\under-review\17mov_CharacterSystem\web\photos\mp_f_freemode_01-pants_1-204.webp	730
C:\admirales\script_ver\script_ver\quarantine\under-review\17mov_CharacterSystem\web\photos\mp_f_freemode_01-pants_1-205.webp	2550
C:\admirales\script_ver\script_ver\quarantine\under-review\17mov_CharacterSystem\web\photos\mp_f_freemode_01-pants_1-206.webp	3138
C:\admirales\script_ver\script_ver\quarantine\under-review\17mov_CharacterSystem\web\photos\mp_f_freemode_01-pants_1-207.webp	730
C:\admirales\script_ver\script_ver\quarantine\under-review\17mov_CharacterSystem\web\photos\mp_f_freemode_01-pants_1-21.webp	2414
C:\admirales\script_ver\script_ver\quarantine\under-review\17mov_CharacterSystem\web\photos\mp_f_freemode_01-pants_1-22.webp	2980
C:\admirales\script_ver\script_ver\quarantine\under-review\17mov_CharacterSystem\web\photos\mp_f_freemode_01-pants_1-23.webp	2380
C:\admirales\script_ver\script_ver\quarantine\under-review\17mov_CharacterSystem\web\photos\mp_f_freemode_01-pants_1-24.webp	4538
C:\admirales\script_ver\script_ver\quarantine\under-review\17mov_CharacterSystem\web\photos\mp_f_freemode_01-pants_1-25.webp	3086
C:\admirales\script_ver\script_ver\quarantine\under-review\17mov_CharacterSystem\web\photos\mp_f_freemode_01-pants_1-26.webp	3724
C:\admirales\script_ver\script_ver\quarantine\under-review\17mov_CharacterSystem\web\photos\mp_f_freemode_01-pants_1-27.webp	2252
C:\admirales\script_ver\script_ver\quarantine\under-review\17mov_CharacterSystem\web\photos\mp_f_freemode_01-pants_1-28.webp	3056
C:\admirales\script_ver\script_ver\quarantine\under-review\17mov_CharacterSystem\web\photos\mp_f_freemode_01-pants_1-29.webp	3450
C:\admirales\script_ver\script_ver\quarantine\under-review\17mov_CharacterSystem\web\photos\mp_f_freemode_01-pants_1-3.webp	2204
C:\admirales\script_ver\script_ver\quarantine\under-review\17mov_CharacterSystem\web\photos\mp_f_freemode_01-pants_1-30.webp	2380
C:\admirales\script_ver\script_ver\quarantine\under-review\17mov_CharacterSystem\web\photos\mp_f_freemode_01-pants_1-31.webp	2636
C:\admirales\script_ver\script_ver\quarantine\under-review\17mov_CharacterSystem\web\photos\mp_f_freemode_01-pants_1-32.webp	2098
C:\admirales\script_ver\script_ver\quarantine\under-review\17mov_CharacterSystem\web\photos\mp_f_freemode_01-pants_1-33.webp	2222
C:\admirales\script_ver\script_ver\quarantine\under-review\17mov_CharacterSystem\web\photos\mp_f_freemode_01-pants_1-34.webp	2154
C:\admirales\script_ver\script_ver\quarantine\under-review\17mov_CharacterSystem\web\photos\mp_f_freemode_01-pants_1-35.webp	2952
C:\admirales\script_ver\script_ver\quarantine\under-review\17mov_CharacterSystem\web\photos\mp_f_freemode_01-pants_1-36.webp	2436
C:\admirales\script_ver\script_ver\quarantine\under-review\17mov_CharacterSystem\web\photos\mp_f_freemode_01-pants_1-37.webp	1910
C:\admirales\script_ver\script_ver\quarantine\under-review\17mov_CharacterSystem\web\photos\mp_f_freemode_01-pants_1-38.webp	2398
C:\admirales\script_ver\script_ver\quarantine\under-review\17mov_CharacterSystem\web\photos\mp_f_freemode_01-pants_1-39.webp	2346
C:\admirales\script_ver\script_ver\quarantine\under-review\17mov_CharacterSystem\web\photos\mp_f_freemode_01-pants_1-4.webp	2806
C:\admirales\script_ver\script_ver\quarantine\under-review\17mov_CharacterSystem\web\photos\mp_f_freemode_01-pants_1-40.webp	2720
C:\admirales\script_ver\script_ver\quarantine\under-review\17mov_CharacterSystem\web\photos\mp_f_freemode_01-pants_1-41.webp	2776
C:\admirales\script_ver\script_ver\quarantine\under-review\17mov_CharacterSystem\web\photos\mp_f_freemode_01-pants_1-42.webp	2296
C:\admirales\script_ver\script_ver\quarantine\under-review\17mov_CharacterSystem\web\photos\mp_f_freemode_01-pants_1-43.webp	2824
C:\admirales\script_ver\script_ver\quarantine\under-review\17mov_CharacterSystem\web\photos\mp_f_freemode_01-pants_1-44.webp	2800
C:\admirales\script_ver\script_ver\quarantine\under-review\17mov_CharacterSystem\web\photos\mp_f_freemode_01-pants_1-45.webp	3078
C:\admirales\script_ver\script_ver\quarantine\under-review\17mov_CharacterSystem\web\photos\mp_f_freemode_01-pants_1-46.webp	798
C:\admirales\script_ver\script_ver\quarantine\under-review\17mov_CharacterSystem\web\photos\mp_f_freemode_01-pants_1-47.webp	1902
C:\admirales\script_ver\script_ver\quarantine\under-review\17mov_CharacterSystem\web\photos\mp_f_freemode_01-pants_1-48.webp	3568
C:\admirales\script_ver\script_ver\quarantine\under-review\17mov_CharacterSystem\web\photos\mp_f_freemode_01-pants_1-49.webp	3350
C:\admirales\script_ver\script_ver\quarantine\under-review\17mov_CharacterSystem\web\photos\mp_f_freemode_01-pants_1-5.webp	3292
C:\admirales\script_ver\script_ver\quarantine\under-review\17mov_CharacterSystem\web\photos\mp_f_freemode_01-pants_1-50.webp	2302
C:\admirales\script_ver\script_ver\quarantine\under-review\17mov_CharacterSystem\web\photos\mp_f_freemode_01-pants_1-51.webp	2536
C:\admirales\script_ver\script_ver\quarantine\under-review\17mov_CharacterSystem\web\photos\mp_f_freemode_01-pants_1-52.webp	2232
C:\admirales\script_ver\script_ver\quarantine\under-review\17mov_CharacterSystem\web\photos\mp_f_freemode_01-pants_1-53.webp	3642
C:\admirales\script_ver\script_ver\quarantine\under-review\17mov_CharacterSystem\web\photos\mp_f_freemode_01-pants_1-54.webp	2360
C:\admirales\script_ver\script_ver\quarantine\under-review\17mov_CharacterSystem\web\photos\mp_f_freemode_01-pants_1-55.webp	3532
C:\admirales\script_ver\script_ver\quarantine\under-review\17mov_CharacterSystem\web\photos\mp_f_freemode_01-pants_1-56.webp	2486
C:\admirales\script_ver\script_ver\quarantine\under-review\17mov_CharacterSystem\web\photos\mp_f_freemode_01-pants_1-57.webp	2324
C:\admirales\script_ver\script_ver\quarantine\under-review\17mov_CharacterSystem\web\photos\mp_f_freemode_01-pants_1-58.webp	2524
C:\admirales\script_ver\script_ver\quarantine\under-review\17mov_CharacterSystem\web\photos\mp_f_freemode_01-pants_1-59.webp	2258
C:\admirales\script_ver\script_ver\quarantine\under-review\17mov_CharacterSystem\web\photos\mp_f_freemode_01-pants_1-6.webp	1948
C:\admirales\script_ver\script_ver\quarantine\under-review\17mov_CharacterSystem\web\photos\mp_f_freemode_01-pants_1-60.webp	3392
C:\admirales\script_ver\script_ver\quarantine\under-review\17mov_CharacterSystem\web\photos\mp_f_freemode_01-pants_1-61.webp	3160
C:\admirales\script_ver\script_ver\quarantine\under-review\17mov_CharacterSystem\web\photos\mp_f_freemode_01-pants_1-62.webp	2964
C:\admirales\script_ver\script_ver\quarantine\under-review\17mov_CharacterSystem\web\photos\mp_f_freemode_01-pants_1-63.webp	2420
C:\admirales\script_ver\script_ver\quarantine\under-review\17mov_CharacterSystem\web\photos\mp_f_freemode_01-pants_1-64.webp	2806
C:\admirales\script_ver\script_ver\quarantine\under-review\17mov_CharacterSystem\web\photos\mp_f_freemode_01-pants_1-65.webp	1848
C:\admirales\script_ver\script_ver\quarantine\under-review\17mov_CharacterSystem\web\photos\mp_f_freemode_01-pants_1-66.webp	2930
C:\admirales\script_ver\script_ver\quarantine\under-review\17mov_CharacterSystem\web\photos\mp_f_freemode_01-pants_1-67.webp	2718
C:\admirales\script_ver\script_ver\quarantine\under-review\17mov_CharacterSystem\web\photos\mp_f_freemode_01-pants_1-68.webp	2778
C:\admirales\script_ver\script_ver\quarantine\under-review\17mov_CharacterSystem\web\photos\mp_f_freemode_01-pants_1-69.webp	3250
C:\admirales\script_ver\script_ver\quarantine\under-review\17mov_CharacterSystem\web\photos\mp_f_freemode_01-pants_1-7.webp	2288
C:\admirales\script_ver\script_ver\quarantine\under-review\17mov_CharacterSystem\web\photos\mp_f_freemode_01-pants_1-70.webp	4028
C:\admirales\script_ver\script_ver\quarantine\under-review\17mov_CharacterSystem\web\photos\mp_f_freemode_01-pants_1-71.webp	4312
C:\admirales\script_ver\script_ver\quarantine\under-review\17mov_CharacterSystem\web\photos\mp_f_freemode_01-pants_1-72.webp	4326
C:\admirales\script_ver\script_ver\quarantine\under-review\17mov_CharacterSystem\web\photos\mp_f_freemode_01-pants_1-73.webp	3730
C:\admirales\script_ver\script_ver\quarantine\under-review\17mov_CharacterSystem\web\photos\mp_f_freemode_01-pants_1-74.webp	3440
C:\admirales\script_ver\script_ver\quarantine\under-review\17mov_CharacterSystem\web\photos\mp_f_freemode_01-pants_1-75.webp	2090
C:\admirales\script_ver\script_ver\quarantine\under-review\17mov_CharacterSystem\web\photos\mp_f_freemode_01-pants_1-76.webp	2102
C:\admirales\script_ver\script_ver\quarantine\under-review\17mov_CharacterSystem\web\photos\mp_f_freemode_01-pants_1-77.webp	2040
C:\admirales\script_ver\script_ver\quarantine\under-review\17mov_CharacterSystem\web\photos\mp_f_freemode_01-pants_1-78.webp	3628
C:\admirales\script_ver\script_ver\quarantine\under-review\17mov_CharacterSystem\web\photos\mp_f_freemode_01-pants_1-79.webp	3132
C:\admirales\script_ver\script_ver\quarantine\under-review\17mov_CharacterSystem\web\photos\mp_f_freemode_01-pants_1-8.webp	2382
C:\admirales\script_ver\script_ver\quarantine\under-review\17mov_CharacterSystem\web\photos\mp_f_freemode_01-pants_1-80.webp	2524
C:\admirales\script_ver\script_ver\quarantine\under-review\17mov_CharacterSystem\web\photos\mp_f_freemode_01-pants_1-81.webp	2204
C:\admirales\script_ver\script_ver\quarantine\under-review\17mov_CharacterSystem\web\photos\mp_f_freemode_01-pants_1-82.webp	2576
C:\admirales\script_ver\script_ver\quarantine\under-review\17mov_CharacterSystem\web\photos\mp_f_freemode_01-pants_1-83.webp	2600
C:\admirales\script_ver\script_ver\quarantine\under-review\17mov_CharacterSystem\web\photos\mp_f_freemode_01-pants_1-84.webp	2406
C:\admirales\script_ver\script_ver\quarantine\under-review\17mov_CharacterSystem\web\photos\mp_f_freemode_01-pants_1-85.webp	2192
C:\admirales\script_ver\script_ver\quarantine\under-review\17mov_CharacterSystem\web\photos\mp_f_freemode_01-pants_1-86.webp	2956
C:\admirales\script_ver\script_ver\quarantine\under-review\17mov_CharacterSystem\web\photos\mp_f_freemode_01-pants_1-87.webp	3732
C:\admirales\script_ver\script_ver\quarantine\under-review\17mov_CharacterSystem\web\photos\mp_f_freemode_01-pants_1-88.webp	3458
C:\admirales\script_ver\script_ver\quarantine\under-review\17mov_CharacterSystem\web\photos\mp_f_freemode_01-pants_1-89.webp	4592
C:\admirales\script_ver\script_ver\quarantine\under-review\17mov_CharacterSystem\web\photos\mp_f_freemode_01-pants_1-9.webp	3218
C:\admirales\script_ver\script_ver\quarantine\under-review\17mov_CharacterSystem\web\photos\mp_f_freemode_01-pants_1-90.webp	5058
C:\admirales\script_ver\script_ver\quarantine\under-review\17mov_CharacterSystem\web\photos\mp_f_freemode_01-pants_1-91.webp	4300
C:\admirales\script_ver\script_ver\quarantine\under-review\17mov_CharacterSystem\web\photos\mp_f_freemode_01-pants_1-92.webp	5406
C:\admirales\script_ver\script_ver\quarantine\under-review\17mov_CharacterSystem\web\photos\mp_f_freemode_01-pants_1-93.webp	2952
C:\admirales\script_ver\script_ver\quarantine\under-review\17mov_CharacterSystem\web\photos\mp_f_freemode_01-pants_1-94.webp	2554
C:\admirales\script_ver\script_ver\quarantine\under-review\17mov_CharacterSystem\web\photos\mp_f_freemode_01-pants_1-95.webp	3090
C:\admirales\script_ver\script_ver\quarantine\under-review\17mov_CharacterSystem\web\photos\mp_f_freemode_01-pants_1-96.webp	3786
C:\admirales\script_ver\script_ver\quarantine\under-review\17mov_CharacterSystem\web\photos\mp_f_freemode_01-pants_1-97.webp	2412
C:\admirales\script_ver\script_ver\quarantine\under-review\17mov_CharacterSystem\web\photos\mp_f_freemode_01-pants_1-98.webp	3976
C:\admirales\script_ver\script_ver\quarantine\under-review\17mov_CharacterSystem\web\photos\mp_f_freemode_01-pants_1-99.webp	2128
C:\admirales\script_ver\script_ver\quarantine\under-review\17mov_CharacterSystem\web\photos\mp_f_freemode_01-shoes_1-0.webp	2354
C:\admirales\script_ver\script_ver\quarantine\under-review\17mov_CharacterSystem\web\photos\mp_f_freemode_01-shoes_1-1.webp	2480
C:\admirales\script_ver\script_ver\quarantine\under-review\17mov_CharacterSystem\web\photos\mp_f_freemode_01-shoes_1-10.webp	2270
C:\admirales\script_ver\script_ver\quarantine\under-review\17mov_CharacterSystem\web\photos\mp_f_freemode_01-shoes_1-100.webp	2846
C:\admirales\script_ver\script_ver\quarantine\under-review\17mov_CharacterSystem\web\photos\mp_f_freemode_01-shoes_1-101.webp	2016
C:\admirales\script_ver\script_ver\quarantine\under-review\17mov_CharacterSystem\web\photos\mp_f_freemode_01-shoes_1-102.webp	2450
C:\admirales\script_ver\script_ver\quarantine\under-review\17mov_CharacterSystem\web\photos\mp_f_freemode_01-shoes_1-103.webp	2308
C:\admirales\script_ver\script_ver\quarantine\under-review\17mov_CharacterSystem\web\photos\mp_f_freemode_01-shoes_1-104.webp	1744
C:\admirales\script_ver\script_ver\quarantine\under-review\17mov_CharacterSystem\web\photos\mp_f_freemode_01-shoes_1-105.webp	2928
C:\admirales\script_ver\script_ver\quarantine\under-review\17mov_CharacterSystem\web\photos\mp_f_freemode_01-shoes_1-106.webp	3150
C:\admirales\script_ver\script_ver\quarantine\under-review\17mov_CharacterSystem\web\photos\mp_f_freemode_01-shoes_1-107.webp	1978
C:\admirales\script_ver\script_ver\quarantine\under-review\17mov_CharacterSystem\web\photos\mp_f_freemode_01-shoes_1-108.webp	2360
C:\admirales\script_ver\script_ver\quarantine\under-review\17mov_CharacterSystem\web\photos\mp_f_freemode_01-shoes_1-109.webp	2382
C:\admirales\script_ver\script_ver\quarantine\under-review\17mov_CharacterSystem\web\photos\mp_f_freemode_01-shoes_1-11.webp	2708
C:\admirales\script_ver\script_ver\quarantine\under-review\17mov_CharacterSystem\web\photos\mp_f_freemode_01-shoes_1-110.webp	2008
C:\admirales\script_ver\script_ver\quarantine\under-review\17mov_CharacterSystem\web\photos\mp_f_freemode_01-shoes_1-111.webp	2452
C:\admirales\script_ver\script_ver\quarantine\under-review\17mov_CharacterSystem\web\photos\mp_f_freemode_01-shoes_1-112.webp	2170
C:\admirales\script_ver\script_ver\quarantine\under-review\17mov_CharacterSystem\web\photos\mp_f_freemode_01-shoes_1-113.webp	2180
C:\admirales\script_ver\script_ver\quarantine\under-review\17mov_CharacterSystem\web\photos\mp_f_freemode_01-shoes_1-114.webp	2710
C:\admirales\script_ver\script_ver\quarantine\under-review\17mov_CharacterSystem\web\photos\mp_f_freemode_01-shoes_1-115.webp	2062
C:\admirales\script_ver\script_ver\quarantine\under-review\17mov_CharacterSystem\web\photos\mp_f_freemode_01-shoes_1-116.webp	2372
C:\admirales\script_ver\script_ver\quarantine\under-review\17mov_CharacterSystem\web\photos\mp_f_freemode_01-shoes_1-117.webp	1612
C:\admirales\script_ver\script_ver\quarantine\under-review\17mov_CharacterSystem\web\photos\mp_f_freemode_01-shoes_1-118.webp	2788
C:\admirales\script_ver\script_ver\quarantine\under-review\17mov_CharacterSystem\web\photos\mp_f_freemode_01-shoes_1-119.webp	2772
C:\admirales\script_ver\script_ver\quarantine\under-review\17mov_CharacterSystem\web\photos\mp_f_freemode_01-shoes_1-12.webp	730
C:\admirales\script_ver\script_ver\quarantine\under-review\17mov_CharacterSystem\web\photos\mp_f_freemode_01-shoes_1-120.webp	3096
C:\admirales\script_ver\script_ver\quarantine\under-review\17mov_CharacterSystem\web\photos\mp_f_freemode_01-shoes_1-121.webp	3370
C:\admirales\script_ver\script_ver\quarantine\under-review\17mov_CharacterSystem\web\photos\mp_f_freemode_01-shoes_1-122.webp	2166
C:\admirales\script_ver\script_ver\quarantine\under-review\17mov_CharacterSystem\web\photos\mp_f_freemode_01-shoes_1-123.webp	2926
C:\admirales\script_ver\script_ver\quarantine\under-review\17mov_CharacterSystem\web\photos\mp_f_freemode_01-shoes_1-124.webp	2990
C:\admirales\script_ver\script_ver\quarantine\under-review\17mov_CharacterSystem\web\photos\mp_f_freemode_01-shoes_1-125.webp	2482
C:\admirales\script_ver\script_ver\quarantine\under-review\17mov_CharacterSystem\web\photos\mp_f_freemode_01-shoes_1-126.webp	2462
C:\admirales\script_ver\script_ver\quarantine\under-review\17mov_CharacterSystem\web\photos\mp_f_freemode_01-shoes_1-127.webp	2940
C:\admirales\script_ver\script_ver\quarantine\under-review\17mov_CharacterSystem\web\photos\mp_f_freemode_01-shoes_1-128.webp	2268
C:\admirales\script_ver\script_ver\quarantine\under-review\17mov_CharacterSystem\web\photos\mp_f_freemode_01-shoes_1-129.webp	1978
C:\admirales\script_ver\script_ver\quarantine\under-review\17mov_CharacterSystem\web\photos\mp_f_freemode_01-shoes_1-13.webp	1670
C:\admirales\script_ver\script_ver\quarantine\under-review\17mov_CharacterSystem\web\photos\mp_f_freemode_01-shoes_1-130.webp	2058
C:\admirales\script_ver\script_ver\quarantine\under-review\17mov_CharacterSystem\web\photos\mp_f_freemode_01-shoes_1-131.webp	730
C:\admirales\script_ver\script_ver\quarantine\under-review\17mov_CharacterSystem\web\photos\mp_f_freemode_01-shoes_1-132.webp	2048
C:\admirales\script_ver\script_ver\quarantine\under-review\17mov_CharacterSystem\web\photos\mp_f_freemode_01-shoes_1-133.webp	730
C:\admirales\script_ver\script_ver\quarantine\under-review\17mov_CharacterSystem\web\photos\mp_f_freemode_01-shoes_1-134.webp	730
C:\admirales\script_ver\script_ver\quarantine\under-review\17mov_CharacterSystem\web\photos\mp_f_freemode_01-shoes_1-135.webp	730
C:\admirales\script_ver\script_ver\quarantine\under-review\17mov_CharacterSystem\web\photos\mp_f_freemode_01-shoes_1-136.webp	730
C:\admirales\script_ver\script_ver\quarantine\under-review\17mov_CharacterSystem\web\photos\mp_f_freemode_01-shoes_1-137.webp	3088
C:\admirales\script_ver\script_ver\quarantine\under-review\17mov_CharacterSystem\web\photos\mp_f_freemode_01-shoes_1-138.webp	730
C:\admirales\script_ver\script_ver\quarantine\under-review\17mov_CharacterSystem\web\photos\mp_f_freemode_01-shoes_1-139.webp	2096
C:\admirales\script_ver\script_ver\quarantine\under-review\17mov_CharacterSystem\web\photos\mp_f_freemode_01-shoes_1-14.webp	2926
C:\admirales\script_ver\script_ver\quarantine\under-review\17mov_CharacterSystem\web\photos\mp_f_freemode_01-shoes_1-140.webp	2504
C:\admirales\script_ver\script_ver\quarantine\under-review\17mov_CharacterSystem\web\photos\mp_f_freemode_01-shoes_1-141.webp	2260
C:\admirales\script_ver\script_ver\quarantine\under-review\17mov_CharacterSystem\web\photos\mp_f_freemode_01-shoes_1-142.webp	2572
C:\admirales\script_ver\script_ver\quarantine\under-review\17mov_CharacterSystem\web\photos\mp_f_freemode_01-shoes_1-143.webp	3042
C:\admirales\script_ver\script_ver\quarantine\under-review\17mov_CharacterSystem\web\photos\mp_f_freemode_01-shoes_1-144.webp	1846
C:\admirales\script_ver\script_ver\quarantine\under-review\17mov_CharacterSystem\web\photos\mp_f_freemode_01-shoes_1-145.webp	2686
C:\admirales\script_ver\script_ver\quarantine\under-review\17mov_CharacterSystem\web\photos\mp_f_freemode_01-shoes_1-146.webp	2154
C:\admirales\script_ver\script_ver\quarantine\under-review\17mov_CharacterSystem\web\photos\mp_f_freemode_01-shoes_1-147.webp	730
C:\admirales\script_ver\script_ver\quarantine\under-review\17mov_CharacterSystem\web\photos\mp_f_freemode_01-shoes_1-148.webp	2962
C:\admirales\script_ver\script_ver\quarantine\under-review\17mov_CharacterSystem\web\photos\mp_f_freemode_01-shoes_1-149.webp	2296
C:\admirales\script_ver\script_ver\quarantine\under-review\17mov_CharacterSystem\web\photos\mp_f_freemode_01-shoes_1-15.webp	2486
C:\admirales\script_ver\script_ver\quarantine\under-review\17mov_CharacterSystem\web\photos\mp_f_freemode_01-shoes_1-150.webp	730
C:\admirales\script_ver\script_ver\quarantine\under-review\17mov_CharacterSystem\web\photos\mp_f_freemode_01-shoes_1-151.webp	730
C:\admirales\script_ver\script_ver\quarantine\under-review\17mov_CharacterSystem\web\photos\mp_f_freemode_01-shoes_1-152.webp	730
C:\admirales\script_ver\script_ver\quarantine\under-review\17mov_CharacterSystem\web\photos\mp_f_freemode_01-shoes_1-153.webp	1544
C:\admirales\script_ver\script_ver\quarantine\under-review\17mov_CharacterSystem\web\photos\mp_f_freemode_01-shoes_1-154.webp	730
C:\admirales\script_ver\script_ver\quarantine\under-review\17mov_CharacterSystem\web\photos\mp_f_freemode_01-shoes_1-16.webp	1894
C:\admirales\script_ver\script_ver\quarantine\under-review\17mov_CharacterSystem\web\photos\mp_f_freemode_01-shoes_1-17.webp	2378
C:\admirales\script_ver\script_ver\quarantine\under-review\17mov_CharacterSystem\web\photos\mp_f_freemode_01-shoes_1-18.webp	2040
C:\admirales\script_ver\script_ver\quarantine\under-review\17mov_CharacterSystem\web\photos\mp_f_freemode_01-shoes_1-19.webp	1918
C:\admirales\script_ver\script_ver\quarantine\under-review\17mov_CharacterSystem\web\photos\mp_f_freemode_01-shoes_1-2.webp	3286
C:\admirales\script_ver\script_ver\quarantine\under-review\17mov_CharacterSystem\web\photos\mp_f_freemode_01-shoes_1-20.webp	2890
C:\admirales\script_ver\script_ver\quarantine\under-review\17mov_CharacterSystem\web\photos\mp_f_freemode_01-shoes_1-21.webp	3824
C:\admirales\script_ver\script_ver\quarantine\under-review\17mov_CharacterSystem\web\photos\mp_f_freemode_01-shoes_1-22.webp	2968
C:\admirales\script_ver\script_ver\quarantine\under-review\17mov_CharacterSystem\web\photos\mp_f_freemode_01-shoes_1-23.webp	2820
C:\admirales\script_ver\script_ver\quarantine\under-review\17mov_CharacterSystem\web\photos\mp_f_freemode_01-shoes_1-24.webp	2250
C:\admirales\script_ver\script_ver\quarantine\under-review\17mov_CharacterSystem\web\photos\mp_f_freemode_01-shoes_1-25.webp	2642
C:\admirales\script_ver\script_ver\quarantine\under-review\17mov_CharacterSystem\web\photos\mp_f_freemode_01-shoes_1-26.webp	2626
C:\admirales\script_ver\script_ver\quarantine\under-review\17mov_CharacterSystem\web\photos\mp_f_freemode_01-shoes_1-27.webp	1676
C:\admirales\script_ver\script_ver\quarantine\under-review\17mov_CharacterSystem\web\photos\mp_f_freemode_01-shoes_1-28.webp	1762
C:\admirales\script_ver\script_ver\quarantine\under-review\17mov_CharacterSystem\web\photos\mp_f_freemode_01-shoes_1-29.webp	1548
C:\admirales\script_ver\script_ver\quarantine\under-review\17mov_CharacterSystem\web\photos\mp_f_freemode_01-shoes_1-3.webp	2620
C:\admirales\script_ver\script_ver\quarantine\under-review\17mov_CharacterSystem\web\photos\mp_f_freemode_01-shoes_1-30.webp	2358
C:\admirales\script_ver\script_ver\quarantine\under-review\17mov_CharacterSystem\web\photos\mp_f_freemode_01-shoes_1-31.webp	2748
C:\admirales\script_ver\script_ver\quarantine\under-review\17mov_CharacterSystem\web\photos\mp_f_freemode_01-shoes_1-32.webp	3040
C:\admirales\script_ver\script_ver\quarantine\under-review\17mov_CharacterSystem\web\photos\mp_f_freemode_01-shoes_1-33.webp	3294
C:\admirales\script_ver\script_ver\quarantine\under-review\17mov_CharacterSystem\web\photos\mp_f_freemode_01-shoes_1-34.webp	730
C:\admirales\script_ver\script_ver\quarantine\under-review\17mov_CharacterSystem\web\photos\mp_f_freemode_01-shoes_1-35.webp	1746
C:\admirales\script_ver\script_ver\quarantine\under-review\17mov_CharacterSystem\web\photos\mp_f_freemode_01-shoes_1-36.webp	3330
C:\admirales\script_ver\script_ver\quarantine\under-review\17mov_CharacterSystem\web\photos\mp_f_freemode_01-shoes_1-37.webp	1950
C:\admirales\script_ver\script_ver\quarantine\under-review\17mov_CharacterSystem\web\photos\mp_f_freemode_01-shoes_1-38.webp	3318
C:\admirales\script_ver\script_ver\quarantine\under-review\17mov_CharacterSystem\web\photos\mp_f_freemode_01-shoes_1-39.webp	2264
C:\admirales\script_ver\script_ver\quarantine\under-review\17mov_CharacterSystem\web\photos\mp_f_freemode_01-shoes_1-4.webp	2500
C:\admirales\script_ver\script_ver\quarantine\under-review\17mov_CharacterSystem\web\photos\mp_f_freemode_01-shoes_1-40.webp	2328
C:\admirales\script_ver\script_ver\quarantine\under-review\17mov_CharacterSystem\web\photos\mp_f_freemode_01-shoes_1-41.webp	2202
C:\admirales\script_ver\script_ver\quarantine\under-review\17mov_CharacterSystem\web\photos\mp_f_freemode_01-shoes_1-42.webp	2172
C:\admirales\script_ver\script_ver\quarantine\under-review\17mov_CharacterSystem\web\photos\mp_f_freemode_01-shoes_1-43.webp	2702
C:\admirales\script_ver\script_ver\quarantine\under-review\17mov_CharacterSystem\web\photos\mp_f_freemode_01-shoes_1-44.webp	2482
C:\admirales\script_ver\script_ver\quarantine\under-review\17mov_CharacterSystem\web\photos\mp_f_freemode_01-shoes_1-45.webp	3770
C:\admirales\script_ver\script_ver\quarantine\under-review\17mov_CharacterSystem\web\photos\mp_f_freemode_01-shoes_1-46.webp	2422
C:\admirales\script_ver\script_ver\quarantine\under-review\17mov_CharacterSystem\web\photos\mp_f_freemode_01-shoes_1-47.webp	3068
C:\admirales\script_ver\script_ver\quarantine\under-review\17mov_CharacterSystem\web\photos\mp_f_freemode_01-shoes_1-48.webp	4740
C:\admirales\script_ver\script_ver\quarantine\under-review\17mov_CharacterSystem\web\photos\mp_f_freemode_01-shoes_1-49.webp	2832
C:\admirales\script_ver\script_ver\quarantine\under-review\17mov_CharacterSystem\web\photos\mp_f_freemode_01-shoes_1-5.webp	1968
C:\admirales\script_ver\script_ver\quarantine\under-review\17mov_CharacterSystem\web\photos\mp_f_freemode_01-shoes_1-50.webp	2910
C:\admirales\script_ver\script_ver\quarantine\under-review\17mov_CharacterSystem\web\photos\mp_f_freemode_01-shoes_1-51.webp	3164
C:\admirales\script_ver\script_ver\quarantine\under-review\17mov_CharacterSystem\web\photos\mp_f_freemode_01-shoes_1-52.webp	2142
C:\admirales\script_ver\script_ver\quarantine\under-review\17mov_CharacterSystem\web\photos\mp_f_freemode_01-shoes_1-53.webp	2542
C:\admirales\script_ver\script_ver\quarantine\under-review\17mov_CharacterSystem\web\photos\mp_f_freemode_01-shoes_1-54.webp	3324
C:\admirales\script_ver\script_ver\quarantine\under-review\17mov_CharacterSystem\web\photos\mp_f_freemode_01-shoes_1-55.webp	2124
C:\admirales\script_ver\script_ver\quarantine\under-review\17mov_CharacterSystem\web\photos\mp_f_freemode_01-shoes_1-56.webp	3336
C:\admirales\script_ver\script_ver\quarantine\under-review\17mov_CharacterSystem\web\photos\mp_f_freemode_01-shoes_1-57.webp	1866
C:\admirales\script_ver\script_ver\quarantine\under-review\17mov_CharacterSystem\web\photos\mp_f_freemode_01-shoes_1-58.webp	2590
C:\admirales\script_ver\script_ver\quarantine\under-review\17mov_CharacterSystem\web\photos\mp_f_freemode_01-shoes_1-59.webp	1812
C:\admirales\script_ver\script_ver\quarantine\under-review\17mov_CharacterSystem\web\photos\mp_f_freemode_01-shoes_1-6.webp	2144
C:\admirales\script_ver\script_ver\quarantine\under-review\17mov_CharacterSystem\web\photos\mp_f_freemode_01-shoes_1-60.webp	2582
C:\admirales\script_ver\script_ver\quarantine\under-review\17mov_CharacterSystem\web\photos\mp_f_freemode_01-shoes_1-61.webp	2280
C:\admirales\script_ver\script_ver\quarantine\under-review\17mov_CharacterSystem\web\photos\mp_f_freemode_01-shoes_1-62.webp	2760
C:\admirales\script_ver\script_ver\quarantine\under-review\17mov_CharacterSystem\web\photos\mp_f_freemode_01-shoes_1-63.webp	2438
C:\admirales\script_ver\script_ver\quarantine\under-review\17mov_CharacterSystem\web\photos\mp_f_freemode_01-shoes_1-64.webp	1792
C:\admirales\script_ver\script_ver\quarantine\under-review\17mov_CharacterSystem\web\photos\mp_f_freemode_01-shoes_1-65.webp	3936
C:\admirales\script_ver\script_ver\quarantine\under-review\17mov_CharacterSystem\web\photos\mp_f_freemode_01-shoes_1-66.webp	2688
C:\admirales\script_ver\script_ver\quarantine\under-review\17mov_CharacterSystem\web\photos\mp_f_freemode_01-shoes_1-67.webp	2658
C:\admirales\script_ver\script_ver\quarantine\under-review\17mov_CharacterSystem\web\photos\mp_f_freemode_01-shoes_1-68.webp	3260
C:\admirales\script_ver\script_ver\quarantine\under-review\17mov_CharacterSystem\web\photos\mp_f_freemode_01-shoes_1-69.webp	2574
C:\admirales\script_ver\script_ver\quarantine\under-review\17mov_CharacterSystem\web\photos\mp_f_freemode_01-shoes_1-7.webp	2624
C:\admirales\script_ver\script_ver\quarantine\under-review\17mov_CharacterSystem\web\photos\mp_f_freemode_01-shoes_1-70.webp	2460
C:\admirales\script_ver\script_ver\quarantine\under-review\17mov_CharacterSystem\web\photos\mp_f_freemode_01-shoes_1-71.webp	2388
C:\admirales\script_ver\script_ver\quarantine\under-review\17mov_CharacterSystem\web\photos\mp_f_freemode_01-shoes_1-72.webp	2024
C:\admirales\script_ver\script_ver\quarantine\under-review\17mov_CharacterSystem\web\photos\mp_f_freemode_01-shoes_1-73.webp	3338
C:\admirales\script_ver\script_ver\quarantine\under-review\17mov_CharacterSystem\web\photos\mp_f_freemode_01-shoes_1-74.webp	2166
C:\admirales\script_ver\script_ver\quarantine\under-review\17mov_CharacterSystem\web\photos\mp_f_freemode_01-shoes_1-75.webp	3070
C:\admirales\script_ver\script_ver\quarantine\under-review\17mov_CharacterSystem\web\photos\mp_f_freemode_01-shoes_1-76.webp	2088
C:\admirales\script_ver\script_ver\quarantine\under-review\17mov_CharacterSystem\web\photos\mp_f_freemode_01-shoes_1-77.webp	2656
C:\admirales\script_ver\script_ver\quarantine\under-review\17mov_CharacterSystem\web\photos\mp_f_freemode_01-shoes_1-78.webp	2898
C:\admirales\script_ver\script_ver\quarantine\under-review\17mov_CharacterSystem\web\photos\mp_f_freemode_01-shoes_1-79.webp	2900
C:\admirales\script_ver\script_ver\quarantine\under-review\17mov_CharacterSystem\web\photos\mp_f_freemode_01-shoes_1-8.webp	1976
C:\admirales\script_ver\script_ver\quarantine\under-review\17mov_CharacterSystem\web\photos\mp_f_freemode_01-shoes_1-80.webp	2332
C:\admirales\script_ver\script_ver\quarantine\under-review\17mov_CharacterSystem\web\photos\mp_f_freemode_01-shoes_1-81.webp	2170
C:\admirales\script_ver\script_ver\quarantine\under-review\17mov_CharacterSystem\web\photos\mp_f_freemode_01-shoes_1-82.webp	2472
C:\admirales\script_ver\script_ver\quarantine\under-review\17mov_CharacterSystem\web\photos\mp_f_freemode_01-shoes_1-83.webp	3694
C:\admirales\script_ver\script_ver\quarantine\under-review\17mov_CharacterSystem\web\photos\mp_f_freemode_01-shoes_1-84.webp	2354
C:\admirales\script_ver\script_ver\quarantine\under-review\17mov_CharacterSystem\web\photos\mp_f_freemode_01-shoes_1-85.webp	2336
C:\admirales\script_ver\script_ver\quarantine\under-review\17mov_CharacterSystem\web\photos\mp_f_freemode_01-shoes_1-86.webp	1688
C:\admirales\script_ver\script_ver\quarantine\under-review\17mov_CharacterSystem\web\photos\mp_f_freemode_01-shoes_1-87.webp	1954
C:\admirales\script_ver\script_ver\quarantine\under-review\17mov_CharacterSystem\web\photos\mp_f_freemode_01-shoes_1-88.webp	5216
C:\admirales\script_ver\script_ver\quarantine\under-review\17mov_CharacterSystem\web\photos\mp_f_freemode_01-shoes_1-89.webp	5160
C:\admirales\script_ver\script_ver\quarantine\under-review\17mov_CharacterSystem\web\photos\mp_f_freemode_01-shoes_1-9.webp	2706
C:\admirales\script_ver\script_ver\quarantine\under-review\17mov_CharacterSystem\web\photos\mp_f_freemode_01-shoes_1-90.webp	2822
C:\admirales\script_ver\script_ver\quarantine\under-review\17mov_CharacterSystem\web\photos\mp_f_freemode_01-shoes_1-91.webp	2698
C:\admirales\script_ver\script_ver\quarantine\under-review\17mov_CharacterSystem\web\photos\mp_f_freemode_01-shoes_1-92.webp	3330
C:\admirales\script_ver\script_ver\quarantine\under-review\17mov_CharacterSystem\web\photos\mp_f_freemode_01-shoes_1-93.webp	2890
C:\admirales\script_ver\script_ver\quarantine\under-review\17mov_CharacterSystem\web\photos\mp_f_freemode_01-shoes_1-94.webp	2996
C:\admirales\script_ver\script_ver\quarantine\under-review\17mov_CharacterSystem\web\photos\mp_f_freemode_01-shoes_1-95.webp	3576
C:\admirales\script_ver\script_ver\quarantine\under-review\17mov_CharacterSystem\web\photos\mp_f_freemode_01-shoes_1-96.webp	3500
C:\admirales\script_ver\script_ver\quarantine\under-review\17mov_CharacterSystem\web\photos\mp_f_freemode_01-shoes_1-97.webp	2836
C:\admirales\script_ver\script_ver\quarantine\under-review\17mov_CharacterSystem\web\photos\mp_f_freemode_01-shoes_1-98.webp	2424
C:\admirales\script_ver\script_ver\quarantine\under-review\17mov_CharacterSystem\web\photos\mp_f_freemode_01-shoes_1-99.webp	2800
C:\admirales\script_ver\script_ver\quarantine\under-review\17mov_CharacterSystem\web\photos\mp_f_freemode_01-torso_1-0.webp	2754
C:\admirales\script_ver\script_ver\quarantine\under-review\17mov_CharacterSystem\web\photos\mp_f_freemode_01-torso_1-1.webp	3256
C:\admirales\script_ver\script_ver\quarantine\under-review\17mov_CharacterSystem\web\photos\mp_f_freemode_01-torso_1-10.webp	2862
C:\admirales\script_ver\script_ver\quarantine\under-review\17mov_CharacterSystem\web\photos\mp_f_freemode_01-torso_1-100.webp	1610
C:\admirales\script_ver\script_ver\quarantine\under-review\17mov_CharacterSystem\web\photos\mp_f_freemode_01-torso_1-101.webp	1350
C:\admirales\script_ver\script_ver\quarantine\under-review\17mov_CharacterSystem\web\photos\mp_f_freemode_01-torso_1-102.webp	3478
C:\admirales\script_ver\script_ver\quarantine\under-review\17mov_CharacterSystem\web\photos\mp_f_freemode_01-torso_1-103.webp	2900
C:\admirales\script_ver\script_ver\quarantine\under-review\17mov_CharacterSystem\web\photos\mp_f_freemode_01-torso_1-104.webp	3616
C:\admirales\script_ver\script_ver\quarantine\under-review\17mov_CharacterSystem\web\photos\mp_f_freemode_01-torso_1-105.webp	2346
C:\admirales\script_ver\script_ver\quarantine\under-review\17mov_CharacterSystem\web\photos\mp_f_freemode_01-torso_1-106.webp	3894
C:\admirales\script_ver\script_ver\quarantine\under-review\17mov_CharacterSystem\web\photos\mp_f_freemode_01-torso_1-107.webp	2960
C:\admirales\script_ver\script_ver\quarantine\under-review\17mov_CharacterSystem\web\photos\mp_f_freemode_01-torso_1-108.webp	4484
C:\admirales\script_ver\script_ver\quarantine\under-review\17mov_CharacterSystem\web\photos\mp_f_freemode_01-torso_1-109.webp	4336
C:\admirales\script_ver\script_ver\quarantine\under-review\17mov_CharacterSystem\web\photos\mp_f_freemode_01-torso_1-11.webp	1770
C:\admirales\script_ver\script_ver\quarantine\under-review\17mov_CharacterSystem\web\photos\mp_f_freemode_01-torso_1-110.webp	4170
C:\admirales\script_ver\script_ver\quarantine\under-review\17mov_CharacterSystem\web\photos\mp_f_freemode_01-torso_1-111.webp	1676
C:\admirales\script_ver\script_ver\quarantine\under-review\17mov_CharacterSystem\web\photos\mp_f_freemode_01-torso_1-112.webp	3454
C:\admirales\script_ver\script_ver\quarantine\under-review\17mov_CharacterSystem\web\photos\mp_f_freemode_01-torso_1-113.webp	3548
C:\admirales\script_ver\script_ver\quarantine\under-review\17mov_CharacterSystem\web\photos\mp_f_freemode_01-torso_1-114.webp	3384
C:\admirales\script_ver\script_ver\quarantine\under-review\17mov_CharacterSystem\web\photos\mp_f_freemode_01-torso_1-115.webp	2710
C:\admirales\script_ver\script_ver\quarantine\under-review\17mov_CharacterSystem\web\photos\mp_f_freemode_01-torso_1-116.webp	3150
C:\admirales\script_ver\script_ver\quarantine\under-review\17mov_CharacterSystem\web\photos\mp_f_freemode_01-torso_1-117.webp	1878
C:\admirales\script_ver\script_ver\quarantine\under-review\17mov_CharacterSystem\web\photos\mp_f_freemode_01-torso_1-118.webp	1884
C:\admirales\script_ver\script_ver\quarantine\under-review\17mov_CharacterSystem\web\photos\mp_f_freemode_01-torso_1-119.webp	2566
C:\admirales\script_ver\script_ver\quarantine\under-review\17mov_CharacterSystem\web\photos\mp_f_freemode_01-torso_1-12.webp	2602
C:\admirales\script_ver\script_ver\quarantine\under-review\17mov_CharacterSystem\web\photos\mp_f_freemode_01-torso_1-120.webp	5094
C:\admirales\script_ver\script_ver\quarantine\under-review\17mov_CharacterSystem\web\photos\mp_f_freemode_01-torso_1-121.webp	4810
C:\admirales\script_ver\script_ver\quarantine\under-review\17mov_CharacterSystem\web\photos\mp_f_freemode_01-torso_1-122.webp	4390
C:\admirales\script_ver\script_ver\quarantine\under-review\17mov_CharacterSystem\web\photos\mp_f_freemode_01-torso_1-123.webp	5832
C:\admirales\script_ver\script_ver\quarantine\under-review\17mov_CharacterSystem\web\photos\mp_f_freemode_01-torso_1-124.webp	2204
C:\admirales\script_ver\script_ver\quarantine\under-review\17mov_CharacterSystem\web\photos\mp_f_freemode_01-torso_1-125.webp	3220
C:\admirales\script_ver\script_ver\quarantine\under-review\17mov_CharacterSystem\web\photos\mp_f_freemode_01-torso_1-126.webp	2086
C:\admirales\script_ver\script_ver\quarantine\under-review\17mov_CharacterSystem\web\photos\mp_f_freemode_01-torso_1-127.webp	3148
C:\admirales\script_ver\script_ver\quarantine\under-review\17mov_CharacterSystem\web\photos\mp_f_freemode_01-torso_1-128.webp	2248
C:\admirales\script_ver\script_ver\quarantine\under-review\17mov_CharacterSystem\web\photos\mp_f_freemode_01-torso_1-129.webp	2190
C:\admirales\script_ver\script_ver\quarantine\under-review\17mov_CharacterSystem\web\photos\mp_f_freemode_01-torso_1-13.webp	1284
C:\admirales\script_ver\script_ver\quarantine\under-review\17mov_CharacterSystem\web\photos\mp_f_freemode_01-torso_1-130.webp	2714
C:\admirales\script_ver\script_ver\quarantine\under-review\17mov_CharacterSystem\web\photos\mp_f_freemode_01-torso_1-131.webp	3598
C:\admirales\script_ver\script_ver\quarantine\under-review\17mov_CharacterSystem\web\photos\mp_f_freemode_01-torso_1-132.webp	5902
C:\admirales\script_ver\script_ver\quarantine\under-review\17mov_CharacterSystem\web\photos\mp_f_freemode_01-torso_1-133.webp	3800
C:\admirales\script_ver\script_ver\quarantine\under-review\17mov_CharacterSystem\web\photos\mp_f_freemode_01-torso_1-134.webp	3186
C:\admirales\script_ver\script_ver\quarantine\under-review\17mov_CharacterSystem\web\photos\mp_f_freemode_01-torso_1-135.webp	3082
C:\admirales\script_ver\script_ver\quarantine\under-review\17mov_CharacterSystem\web\photos\mp_f_freemode_01-torso_1-136.webp	2938
C:\admirales\script_ver\script_ver\quarantine\under-review\17mov_CharacterSystem\web\photos\mp_f_freemode_01-torso_1-137.webp	2716
C:\admirales\script_ver\script_ver\quarantine\under-review\17mov_CharacterSystem\web\photos\mp_f_freemode_01-torso_1-138.webp	3796
C:\admirales\script_ver\script_ver\quarantine\under-review\17mov_CharacterSystem\web\photos\mp_f_freemode_01-torso_1-139.webp	2500
C:\admirales\script_ver\script_ver\quarantine\under-review\17mov_CharacterSystem\web\photos\mp_f_freemode_01-torso_1-14.webp	1984
C:\admirales\script_ver\script_ver\quarantine\under-review\17mov_CharacterSystem\web\photos\mp_f_freemode_01-torso_1-140.webp	3670
C:\admirales\script_ver\script_ver\quarantine\under-review\17mov_CharacterSystem\web\photos\mp_f_freemode_01-torso_1-141.webp	2156
C:\admirales\script_ver\script_ver\quarantine\under-review\17mov_CharacterSystem\web\photos\mp_f_freemode_01-torso_1-142.webp	3170
C:\admirales\script_ver\script_ver\quarantine\under-review\17mov_CharacterSystem\web\photos\mp_f_freemode_01-torso_1-143.webp	3984
C:\admirales\script_ver\script_ver\quarantine\under-review\17mov_CharacterSystem\web\photos\mp_f_freemode_01-torso_1-144.webp	3554
C:\admirales\script_ver\script_ver\quarantine\under-review\17mov_CharacterSystem\web\photos\mp_f_freemode_01-torso_1-145.webp	3910
C:\admirales\script_ver\script_ver\quarantine\under-review\17mov_CharacterSystem\web\photos\mp_f_freemode_01-torso_1-146.webp	5268
C:\admirales\script_ver\script_ver\quarantine\under-review\17mov_CharacterSystem\web\photos\mp_f_freemode_01-torso_1-147.webp	3510
C:\admirales\script_ver\script_ver\quarantine\under-review\17mov_CharacterSystem\web\photos\mp_f_freemode_01-torso_1-148.webp	3578
C:\admirales\script_ver\script_ver\quarantine\under-review\17mov_CharacterSystem\web\photos\mp_f_freemode_01-torso_1-149.webp	5308
C:\admirales\script_ver\script_ver\quarantine\under-review\17mov_CharacterSystem\web\photos\mp_f_freemode_01-torso_1-15.webp	1176
C:\admirales\script_ver\script_ver\quarantine\under-review\17mov_CharacterSystem\web\photos\mp_f_freemode_01-torso_1-150.webp	3922
C:\admirales\script_ver\script_ver\quarantine\under-review\17mov_CharacterSystem\web\photos\mp_f_freemode_01-torso_1-151.webp	3670
C:\admirales\script_ver\script_ver\quarantine\under-review\17mov_CharacterSystem\web\photos\mp_f_freemode_01-torso_1-152.webp	5470
C:\admirales\script_ver\script_ver\quarantine\under-review\17mov_CharacterSystem\web\photos\mp_f_freemode_01-torso_1-153.webp	3578
C:\admirales\script_ver\script_ver\quarantine\under-review\17mov_CharacterSystem\web\photos\mp_f_freemode_01-torso_1-154.webp	1776
C:\admirales\script_ver\script_ver\quarantine\under-review\17mov_CharacterSystem\web\photos\mp_f_freemode_01-torso_1-155.webp	1752
C:\admirales\script_ver\script_ver\quarantine\under-review\17mov_CharacterSystem\web\photos\mp_f_freemode_01-torso_1-156.webp	1762
C:\admirales\script_ver\script_ver\quarantine\under-review\17mov_CharacterSystem\web\photos\mp_f_freemode_01-torso_1-157.webp	2132
C:\admirales\script_ver\script_ver\quarantine\under-review\17mov_CharacterSystem\web\photos\mp_f_freemode_01-torso_1-158.webp	4140
C:\admirales\script_ver\script_ver\quarantine\under-review\17mov_CharacterSystem\web\photos\mp_f_freemode_01-torso_1-159.webp	2440
C:\admirales\script_ver\script_ver\quarantine\under-review\17mov_CharacterSystem\web\photos\mp_f_freemode_01-torso_1-16.webp	1716
C:\admirales\script_ver\script_ver\quarantine\under-review\17mov_CharacterSystem\web\photos\mp_f_freemode_01-torso_1-160.webp	3200
C:\admirales\script_ver\script_ver\quarantine\under-review\17mov_CharacterSystem\web\photos\mp_f_freemode_01-torso_1-161.webp	2428
C:\admirales\script_ver\script_ver\quarantine\under-review\17mov_CharacterSystem\web\photos\mp_f_freemode_01-torso_1-162.webp	3396
C:\admirales\script_ver\script_ver\quarantine\under-review\17mov_CharacterSystem\web\photos\mp_f_freemode_01-torso_1-163.webp	2958
C:\admirales\script_ver\script_ver\quarantine\under-review\17mov_CharacterSystem\web\photos\mp_f_freemode_01-torso_1-164.webp	4138
C:\admirales\script_ver\script_ver\quarantine\under-review\17mov_CharacterSystem\web\photos\mp_f_freemode_01-torso_1-165.webp	3058
C:\admirales\script_ver\script_ver\quarantine\under-review\17mov_CharacterSystem\web\photos\mp_f_freemode_01-torso_1-166.webp	3646
C:\admirales\script_ver\script_ver\quarantine\under-review\17mov_CharacterSystem\web\photos\mp_f_freemode_01-torso_1-167.webp	2658
C:\admirales\script_ver\script_ver\quarantine\under-review\17mov_CharacterSystem\web\photos\mp_f_freemode_01-torso_1-168.webp	1394
C:\admirales\script_ver\script_ver\quarantine\under-review\17mov_CharacterSystem\web\photos\mp_f_freemode_01-torso_1-169.webp	1644
C:\admirales\script_ver\script_ver\quarantine\under-review\17mov_CharacterSystem\web\photos\mp_f_freemode_01-torso_1-17.webp	4780
C:\admirales\script_ver\script_ver\quarantine\under-review\17mov_CharacterSystem\web\photos\mp_f_freemode_01-torso_1-170.webp	1480
C:\admirales\script_ver\script_ver\quarantine\under-review\17mov_CharacterSystem\web\photos\mp_f_freemode_01-torso_1-171.webp	2548
C:\admirales\script_ver\script_ver\quarantine\under-review\17mov_CharacterSystem\web\photos\mp_f_freemode_01-torso_1-172.webp	2904
C:\admirales\script_ver\script_ver\quarantine\under-review\17mov_CharacterSystem\web\photos\mp_f_freemode_01-torso_1-173.webp	1664
C:\admirales\script_ver\script_ver\quarantine\under-review\17mov_CharacterSystem\web\photos\mp_f_freemode_01-torso_1-174.webp	4100
C:\admirales\script_ver\script_ver\quarantine\under-review\17mov_CharacterSystem\web\photos\mp_f_freemode_01-torso_1-175.webp	2808
C:\admirales\script_ver\script_ver\quarantine\under-review\17mov_CharacterSystem\web\photos\mp_f_freemode_01-torso_1-176.webp	4290
C:\admirales\script_ver\script_ver\quarantine\under-review\17mov_CharacterSystem\web\photos\mp_f_freemode_01-torso_1-177.webp	2682
C:\admirales\script_ver\script_ver\quarantine\under-review\17mov_CharacterSystem\web\photos\mp_f_freemode_01-torso_1-178.webp	2042
C:\admirales\script_ver\script_ver\quarantine\under-review\17mov_CharacterSystem\web\photos\mp_f_freemode_01-torso_1-179.webp	1602
C:\admirales\script_ver\script_ver\quarantine\under-review\17mov_CharacterSystem\web\photos\mp_f_freemode_01-torso_1-18.webp	1292
C:\admirales\script_ver\script_ver\quarantine\under-review\17mov_CharacterSystem\web\photos\mp_f_freemode_01-torso_1-180.webp	3794
C:\admirales\script_ver\script_ver\quarantine\under-review\17mov_CharacterSystem\web\photos\mp_f_freemode_01-torso_1-181.webp	1774
C:\admirales\script_ver\script_ver\quarantine\under-review\17mov_CharacterSystem\web\photos\mp_f_freemode_01-torso_1-182.webp	1762
C:\admirales\script_ver\script_ver\quarantine\under-review\17mov_CharacterSystem\web\photos\mp_f_freemode_01-torso_1-183.webp	2954
C:\admirales\script_ver\script_ver\quarantine\under-review\17mov_CharacterSystem\web\photos\mp_f_freemode_01-torso_1-184.webp	2890
C:\admirales\script_ver\script_ver\quarantine\under-review\17mov_CharacterSystem\web\photos\mp_f_freemode_01-torso_1-185.webp	6052
C:\admirales\script_ver\script_ver\quarantine\under-review\17mov_CharacterSystem\web\photos\mp_f_freemode_01-torso_1-186.webp	4074
C:\admirales\script_ver\script_ver\quarantine\under-review\17mov_CharacterSystem\web\photos\mp_f_freemode_01-torso_1-187.webp	3986
C:\admirales\script_ver\script_ver\quarantine\under-review\17mov_CharacterSystem\web\photos\mp_f_freemode_01-torso_1-188.webp	3504
C:\admirales\script_ver\script_ver\quarantine\under-review\17mov_CharacterSystem\web\photos\mp_f_freemode_01-torso_1-189.webp	2852
C:\admirales\script_ver\script_ver\quarantine\under-review\17mov_CharacterSystem\web\photos\mp_f_freemode_01-torso_1-19.webp	2674
C:\admirales\script_ver\script_ver\quarantine\under-review\17mov_CharacterSystem\web\photos\mp_f_freemode_01-torso_1-190.webp	4622
C:\admirales\script_ver\script_ver\quarantine\under-review\17mov_CharacterSystem\web\photos\mp_f_freemode_01-torso_1-191.webp	4814
C:\admirales\script_ver\script_ver\quarantine\under-review\17mov_CharacterSystem\web\photos\mp_f_freemode_01-torso_1-192.webp	3792
C:\admirales\script_ver\script_ver\quarantine\under-review\17mov_CharacterSystem\web\photos\mp_f_freemode_01-torso_1-193.webp	4608
C:\admirales\script_ver\script_ver\quarantine\under-review\17mov_CharacterSystem\web\photos\mp_f_freemode_01-torso_1-194.webp	3896
C:\admirales\script_ver\script_ver\quarantine\under-review\17mov_CharacterSystem\web\photos\mp_f_freemode_01-torso_1-195.webp	1892
C:\admirales\script_ver\script_ver\quarantine\under-review\17mov_CharacterSystem\web\photos\mp_f_freemode_01-torso_1-196.webp	5840
C:\admirales\script_ver\script_ver\quarantine\under-review\17mov_CharacterSystem\web\photos\mp_f_freemode_01-torso_1-197.webp	5806
C:\admirales\script_ver\script_ver\quarantine\under-review\17mov_CharacterSystem\web\photos\mp_f_freemode_01-torso_1-198.webp	4554
C:\admirales\script_ver\script_ver\quarantine\under-review\17mov_CharacterSystem\web\photos\mp_f_freemode_01-torso_1-199.webp	4556
C:\admirales\script_ver\script_ver\quarantine\under-review\17mov_CharacterSystem\web\photos\mp_f_freemode_01-torso_1-2.webp	2184
C:\admirales\script_ver\script_ver\quarantine\under-review\17mov_CharacterSystem\web\photos\mp_f_freemode_01-torso_1-20.webp	3456
C:\admirales\script_ver\script_ver\quarantine\under-review\17mov_CharacterSystem\web\photos\mp_f_freemode_01-torso_1-200.webp	4076
C:\admirales\script_ver\script_ver\quarantine\under-review\17mov_CharacterSystem\web\photos\mp_f_freemode_01-torso_1-201.webp	4066
C:\admirales\script_ver\script_ver\quarantine\under-review\17mov_CharacterSystem\web\photos\mp_f_freemode_01-torso_1-202.webp	5970
C:\admirales\script_ver\script_ver\quarantine\under-review\17mov_CharacterSystem\web\photos\mp_f_freemode_01-torso_1-203.webp	6432
C:\admirales\script_ver\script_ver\quarantine\under-review\17mov_CharacterSystem\web\photos\mp_f_freemode_01-torso_1-204.webp	1712
C:\admirales\script_ver\script_ver\quarantine\under-review\17mov_CharacterSystem\web\photos\mp_f_freemode_01-torso_1-205.webp	5386
C:\admirales\script_ver\script_ver\quarantine\under-review\17mov_CharacterSystem\web\photos\mp_f_freemode_01-torso_1-206.webp	2620
C:\admirales\script_ver\script_ver\quarantine\under-review\17mov_CharacterSystem\web\photos\mp_f_freemode_01-torso_1-207.webp	1634
C:\admirales\script_ver\script_ver\quarantine\under-review\17mov_CharacterSystem\web\photos\mp_f_freemode_01-torso_1-208.webp	2660
C:\admirales\script_ver\script_ver\quarantine\under-review\17mov_CharacterSystem\web\photos\mp_f_freemode_01-torso_1-209.webp	2756
C:\admirales\script_ver\script_ver\quarantine\under-review\17mov_CharacterSystem\web\photos\mp_f_freemode_01-torso_1-21.webp	2852
C:\admirales\script_ver\script_ver\quarantine\under-review\17mov_CharacterSystem\web\photos\mp_f_freemode_01-torso_1-210.webp	4082
C:\admirales\script_ver\script_ver\quarantine\under-review\17mov_CharacterSystem\web\photos\mp_f_freemode_01-torso_1-211.webp	4596
C:\admirales\script_ver\script_ver\quarantine\under-review\17mov_CharacterSystem\web\photos\mp_f_freemode_01-torso_1-212.webp	3930
C:\admirales\script_ver\script_ver\quarantine\under-review\17mov_CharacterSystem\web\photos\mp_f_freemode_01-torso_1-213.webp	8258
C:\admirales\script_ver\script_ver\quarantine\under-review\17mov_CharacterSystem\web\photos\mp_f_freemode_01-torso_1-214.webp	8012
C:\admirales\script_ver\script_ver\quarantine\under-review\17mov_CharacterSystem\web\photos\mp_f_freemode_01-torso_1-215.webp	8840
C:\admirales\script_ver\script_ver\quarantine\under-review\17mov_CharacterSystem\web\photos\mp_f_freemode_01-torso_1-216.webp	8082
C:\admirales\script_ver\script_ver\quarantine\under-review\17mov_CharacterSystem\web\photos\mp_f_freemode_01-torso_1-217.webp	2570
C:\admirales\script_ver\script_ver\quarantine\under-review\17mov_CharacterSystem\web\photos\mp_f_freemode_01-torso_1-218.webp	3602
C:\admirales\script_ver\script_ver\quarantine\under-review\17mov_CharacterSystem\web\photos\mp_f_freemode_01-torso_1-219.webp	6004
C:\admirales\script_ver\script_ver\quarantine\under-review\17mov_CharacterSystem\web\photos\mp_f_freemode_01-torso_1-22.webp	1596
C:\admirales\script_ver\script_ver\quarantine\under-review\17mov_CharacterSystem\web\photos\mp_f_freemode_01-torso_1-220.webp	4158
C:\admirales\script_ver\script_ver\quarantine\under-review\17mov_CharacterSystem\web\photos\mp_f_freemode_01-torso_1-221.webp	2962
C:\admirales\script_ver\script_ver\quarantine\under-review\17mov_CharacterSystem\web\photos\mp_f_freemode_01-torso_1-222.webp	3568
C:\admirales\script_ver\script_ver\quarantine\under-review\17mov_CharacterSystem\web\photos\mp_f_freemode_01-torso_1-223.webp	2382
C:\admirales\script_ver\script_ver\quarantine\under-review\17mov_CharacterSystem\web\photos\mp_f_freemode_01-torso_1-224.webp	3732
C:\admirales\script_ver\script_ver\quarantine\under-review\17mov_CharacterSystem\web\photos\mp_f_freemode_01-torso_1-225.webp	3330
C:\admirales\script_ver\script_ver\quarantine\under-review\17mov_CharacterSystem\web\photos\mp_f_freemode_01-torso_1-226.webp	3130
C:\admirales\script_ver\script_ver\quarantine\under-review\17mov_CharacterSystem\web\photos\mp_f_freemode_01-torso_1-227.webp	3828
C:\admirales\script_ver\script_ver\quarantine\under-review\17mov_CharacterSystem\web\photos\mp_f_freemode_01-torso_1-228.webp	4066
C:\admirales\script_ver\script_ver\quarantine\under-review\17mov_CharacterSystem\web\photos\mp_f_freemode_01-torso_1-229.webp	4960
C:\admirales\script_ver\script_ver\quarantine\under-review\17mov_CharacterSystem\web\photos\mp_f_freemode_01-torso_1-23.webp	1816
C:\admirales\script_ver\script_ver\quarantine\under-review\17mov_CharacterSystem\web\photos\mp_f_freemode_01-torso_1-230.webp	4402
C:\admirales\script_ver\script_ver\quarantine\under-review\17mov_CharacterSystem\web\photos\mp_f_freemode_01-torso_1-231.webp	6982
C:\admirales\script_ver\script_ver\quarantine\under-review\17mov_CharacterSystem\web\photos\mp_f_freemode_01-torso_1-232.webp	5762
C:\admirales\script_ver\script_ver\quarantine\under-review\17mov_CharacterSystem\web\photos\mp_f_freemode_01-torso_1-233.webp	1674
C:\admirales\script_ver\script_ver\quarantine\under-review\17mov_CharacterSystem\web\photos\mp_f_freemode_01-torso_1-234.webp	2554
C:\admirales\script_ver\script_ver\quarantine\under-review\17mov_CharacterSystem\web\photos\mp_f_freemode_01-torso_1-235.webp	3120
C:\admirales\script_ver\script_ver\quarantine\under-review\17mov_CharacterSystem\web\photos\mp_f_freemode_01-torso_1-236.webp	1660
C:\admirales\script_ver\script_ver\quarantine\under-review\17mov_CharacterSystem\web\photos\mp_f_freemode_01-torso_1-237.webp	3040
C:\admirales\script_ver\script_ver\quarantine\under-review\17mov_CharacterSystem\web\photos\mp_f_freemode_01-torso_1-238.webp	3808
C:\admirales\script_ver\script_ver\quarantine\under-review\17mov_CharacterSystem\web\photos\mp_f_freemode_01-torso_1-239.webp	3252
C:\admirales\script_ver\script_ver\quarantine\under-review\17mov_CharacterSystem\web\photos\mp_f_freemode_01-torso_1-24.webp	3300
C:\admirales\script_ver\script_ver\quarantine\under-review\17mov_CharacterSystem\web\photos\mp_f_freemode_01-torso_1-240.webp	3452
C:\admirales\script_ver\script_ver\quarantine\under-review\17mov_CharacterSystem\web\photos\mp_f_freemode_01-torso_1-241.webp	4246
C:\admirales\script_ver\script_ver\quarantine\under-review\17mov_CharacterSystem\web\photos\mp_f_freemode_01-torso_1-242.webp	4580
C:\admirales\script_ver\script_ver\quarantine\under-review\17mov_CharacterSystem\web\photos\mp_f_freemode_01-torso_1-243.webp	4216
C:\admirales\script_ver\script_ver\quarantine\under-review\17mov_CharacterSystem\web\photos\mp_f_freemode_01-torso_1-244.webp	2332
C:\admirales\script_ver\script_ver\quarantine\under-review\17mov_CharacterSystem\web\photos\mp_f_freemode_01-torso_1-245.webp	2734
C:\admirales\script_ver\script_ver\quarantine\under-review\17mov_CharacterSystem\web\photos\mp_f_freemode_01-torso_1-246.webp	2564
C:\admirales\script_ver\script_ver\quarantine\under-review\17mov_CharacterSystem\web\photos\mp_f_freemode_01-torso_1-247.webp	1442
C:\admirales\script_ver\script_ver\quarantine\under-review\17mov_CharacterSystem\web\photos\mp_f_freemode_01-torso_1-248.webp	4530
C:\admirales\script_ver\script_ver\quarantine\under-review\17mov_CharacterSystem\web\photos\mp_f_freemode_01-torso_1-249.webp	1928
C:\admirales\script_ver\script_ver\quarantine\under-review\17mov_CharacterSystem\web\photos\mp_f_freemode_01-torso_1-25.webp	3170
C:\admirales\script_ver\script_ver\quarantine\under-review\17mov_CharacterSystem\web\photos\mp_f_freemode_01-torso_1-250.webp	1888
C:\admirales\script_ver\script_ver\quarantine\under-review\17mov_CharacterSystem\web\photos\mp_f_freemode_01-torso_1-251.webp	2962
C:\admirales\script_ver\script_ver\quarantine\under-review\17mov_CharacterSystem\web\photos\mp_f_freemode_01-torso_1-252.webp	4134
C:\admirales\script_ver\script_ver\quarantine\under-review\17mov_CharacterSystem\web\photos\mp_f_freemode_01-torso_1-253.webp	8076
C:\admirales\script_ver\script_ver\quarantine\under-review\17mov_CharacterSystem\web\photos\mp_f_freemode_01-torso_1-254.webp	6580
C:\admirales\script_ver\script_ver\quarantine\under-review\17mov_CharacterSystem\web\photos\mp_f_freemode_01-torso_1-255.webp	1972
C:\admirales\script_ver\script_ver\quarantine\under-review\17mov_CharacterSystem\web\photos\mp_f_freemode_01-torso_1-256.webp	3734
C:\admirales\script_ver\script_ver\quarantine\under-review\17mov_CharacterSystem\web\photos\mp_f_freemode_01-torso_1-257.webp	3134
C:\admirales\script_ver\script_ver\quarantine\under-review\17mov_CharacterSystem\web\photos\mp_f_freemode_01-torso_1-258.webp	2006
C:\admirales\script_ver\script_ver\quarantine\under-review\17mov_CharacterSystem\web\photos\mp_f_freemode_01-torso_1-259.webp	3844
C:\admirales\script_ver\script_ver\quarantine\under-review\17mov_CharacterSystem\web\photos\mp_f_freemode_01-torso_1-26.webp	2566
C:\admirales\script_ver\script_ver\quarantine\under-review\17mov_CharacterSystem\web\photos\mp_f_freemode_01-torso_1-260.webp	844
C:\admirales\script_ver\script_ver\quarantine\under-review\17mov_CharacterSystem\web\photos\mp_f_freemode_01-torso_1-261.webp	3938
C:\admirales\script_ver\script_ver\quarantine\under-review\17mov_CharacterSystem\web\photos\mp_f_freemode_01-torso_1-262.webp	3140
C:\admirales\script_ver\script_ver\quarantine\under-review\17mov_CharacterSystem\web\photos\mp_f_freemode_01-torso_1-263.webp	3834
C:\admirales\script_ver\script_ver\quarantine\under-review\17mov_CharacterSystem\web\photos\mp_f_freemode_01-torso_1-264.webp	5244
C:\admirales\script_ver\script_ver\quarantine\under-review\17mov_CharacterSystem\web\photos\mp_f_freemode_01-torso_1-265.webp	6382
C:\admirales\script_ver\script_ver\quarantine\under-review\17mov_CharacterSystem\web\photos\mp_f_freemode_01-torso_1-266.webp	4022
C:\admirales\script_ver\script_ver\quarantine\under-review\17mov_CharacterSystem\web\photos\mp_f_freemode_01-torso_1-267.webp	4150
C:\admirales\script_ver\script_ver\quarantine\under-review\17mov_CharacterSystem\web\photos\mp_f_freemode_01-torso_1-268.webp	4806
C:\admirales\script_ver\script_ver\quarantine\under-review\17mov_CharacterSystem\web\photos\mp_f_freemode_01-torso_1-269.webp	4872
C:\admirales\script_ver\script_ver\quarantine\under-review\17mov_CharacterSystem\web\photos\mp_f_freemode_01-torso_1-27.webp	2096
C:\admirales\script_ver\script_ver\quarantine\under-review\17mov_CharacterSystem\web\photos\mp_f_freemode_01-torso_1-270.webp	6336
C:\admirales\script_ver\script_ver\quarantine\under-review\17mov_CharacterSystem\web\photos\mp_f_freemode_01-torso_1-271.webp	4370
C:\admirales\script_ver\script_ver\quarantine\under-review\17mov_CharacterSystem\web\photos\mp_f_freemode_01-torso_1-272.webp	3648
C:\admirales\script_ver\script_ver\quarantine\under-review\17mov_CharacterSystem\web\photos\mp_f_freemode_01-torso_1-273.webp	2576
C:\admirales\script_ver\script_ver\quarantine\under-review\17mov_CharacterSystem\web\photos\mp_f_freemode_01-torso_1-274.webp	6162
C:\admirales\script_ver\script_ver\quarantine\under-review\17mov_CharacterSystem\web\photos\mp_f_freemode_01-torso_1-275.webp	6056
C:\admirales\script_ver\script_ver\quarantine\under-review\17mov_CharacterSystem\web\photos\mp_f_freemode_01-torso_1-276.webp	4452
C:\admirales\script_ver\script_ver\quarantine\under-review\17mov_CharacterSystem\web\photos\mp_f_freemode_01-torso_1-277.webp	4196
C:\admirales\script_ver\script_ver\quarantine\under-review\17mov_CharacterSystem\web\photos\mp_f_freemode_01-torso_1-278.webp	4794
C:\admirales\script_ver\script_ver\quarantine\under-review\17mov_CharacterSystem\web\photos\mp_f_freemode_01-torso_1-279.webp	1598
C:\admirales\script_ver\script_ver\quarantine\under-review\17mov_CharacterSystem\web\photos\mp_f_freemode_01-torso_1-28.webp	1750
C:\admirales\script_ver\script_ver\quarantine\under-review\17mov_CharacterSystem\web\photos\mp_f_freemode_01-torso_1-280.webp	2094
C:\admirales\script_ver\script_ver\quarantine\under-review\17mov_CharacterSystem\web\photos\mp_f_freemode_01-torso_1-281.webp	2056
C:\admirales\script_ver\script_ver\quarantine\under-review\17mov_CharacterSystem\web\photos\mp_f_freemode_01-torso_1-282.webp	3830
C:\admirales\script_ver\script_ver\quarantine\under-review\17mov_CharacterSystem\web\photos\mp_f_freemode_01-torso_1-283.webp	3310
C:\admirales\script_ver\script_ver\quarantine\under-review\17mov_CharacterSystem\web\photos\mp_f_freemode_01-torso_1-284.webp	2256
C:\admirales\script_ver\script_ver\quarantine\under-review\17mov_CharacterSystem\web\photos\mp_f_freemode_01-torso_1-285.webp	3612
C:\admirales\script_ver\script_ver\quarantine\under-review\17mov_CharacterSystem\web\photos\mp_f_freemode_01-torso_1-286.webp	2170
C:\admirales\script_ver\script_ver\quarantine\under-review\17mov_CharacterSystem\web\photos\mp_f_freemode_01-torso_1-287.webp	4854
C:\admirales\script_ver\script_ver\quarantine\under-review\17mov_CharacterSystem\web\photos\mp_f_freemode_01-torso_1-288.webp	5642
C:\admirales\script_ver\script_ver\quarantine\under-review\17mov_CharacterSystem\web\photos\mp_f_freemode_01-torso_1-289.webp	4866
C:\admirales\script_ver\script_ver\quarantine\under-review\17mov_CharacterSystem\web\photos\mp_f_freemode_01-torso_1-29.webp	2092
C:\admirales\script_ver\script_ver\quarantine\under-review\17mov_CharacterSystem\web\photos\mp_f_freemode_01-torso_1-290.webp	2946
C:\admirales\script_ver\script_ver\quarantine\under-review\17mov_CharacterSystem\web\photos\mp_f_freemode_01-torso_1-291.webp	4366
C:\admirales\script_ver\script_ver\quarantine\under-review\17mov_CharacterSystem\web\photos\mp_f_freemode_01-torso_1-292.webp	5058
C:\admirales\script_ver\script_ver\quarantine\under-review\17mov_CharacterSystem\web\photos\mp_f_freemode_01-torso_1-293.webp	5056
C:\admirales\script_ver\script_ver\quarantine\under-review\17mov_CharacterSystem\web\photos\mp_f_freemode_01-torso_1-294.webp	5894
C:\admirales\script_ver\script_ver\quarantine\under-review\17mov_CharacterSystem\web\photos\mp_f_freemode_01-torso_1-295.webp	4204
C:\admirales\script_ver\script_ver\quarantine\under-review\17mov_CharacterSystem\web\photos\mp_f_freemode_01-torso_1-296.webp	4556
C:\admirales\script_ver\script_ver\quarantine\under-review\17mov_CharacterSystem\web\photos\mp_f_freemode_01-torso_1-297.webp	3650
C:\admirales\script_ver\script_ver\quarantine\under-review\17mov_CharacterSystem\web\photos\mp_f_freemode_01-torso_1-298.webp	4252
C:\admirales\script_ver\script_ver\quarantine\under-review\17mov_CharacterSystem\web\photos\mp_f_freemode_01-torso_1-299.webp	3556
C:\admirales\script_ver\script_ver\quarantine\under-review\17mov_CharacterSystem\web\photos\mp_f_freemode_01-torso_1-3.webp	3904
C:\admirales\script_ver\script_ver\quarantine\under-review\17mov_CharacterSystem\web\photos\mp_f_freemode_01-torso_1-30.webp	2158
C:\admirales\script_ver\script_ver\quarantine\under-review\17mov_CharacterSystem\web\photos\mp_f_freemode_01-torso_1-300.webp	4998
C:\admirales\script_ver\script_ver\quarantine\under-review\17mov_CharacterSystem\web\photos\mp_f_freemode_01-torso_1-301.webp	4730
C:\admirales\script_ver\script_ver\quarantine\under-review\17mov_CharacterSystem\web\photos\mp_f_freemode_01-torso_1-302.webp	3590
C:\admirales\script_ver\script_ver\quarantine\under-review\17mov_CharacterSystem\web\photos\mp_f_freemode_01-torso_1-303.webp	1844
C:\admirales\script_ver\script_ver\quarantine\under-review\17mov_CharacterSystem\web\photos\mp_f_freemode_01-torso_1-304.webp	3700
C:\admirales\script_ver\script_ver\quarantine\under-review\17mov_CharacterSystem\web\photos\mp_f_freemode_01-torso_1-305.webp	2642
C:\admirales\script_ver\script_ver\quarantine\under-review\17mov_CharacterSystem\web\photos\mp_f_freemode_01-torso_1-306.webp	2416
C:\admirales\script_ver\script_ver\quarantine\under-review\17mov_CharacterSystem\web\photos\mp_f_freemode_01-torso_1-307.webp	3870
C:\admirales\script_ver\script_ver\quarantine\under-review\17mov_CharacterSystem\web\photos\mp_f_freemode_01-torso_1-308.webp	3726
C:\admirales\script_ver\script_ver\quarantine\under-review\17mov_CharacterSystem\web\photos\mp_f_freemode_01-torso_1-309.webp	5388
C:\admirales\script_ver\script_ver\quarantine\under-review\17mov_CharacterSystem\web\photos\mp_f_freemode_01-torso_1-31.webp	2628
C:\admirales\script_ver\script_ver\quarantine\under-review\17mov_CharacterSystem\web\photos\mp_f_freemode_01-torso_1-310.webp	4658
C:\admirales\script_ver\script_ver\quarantine\under-review\17mov_CharacterSystem\web\photos\mp_f_freemode_01-torso_1-311.webp	5672
C:\admirales\script_ver\script_ver\quarantine\under-review\17mov_CharacterSystem\web\photos\mp_f_freemode_01-torso_1-312.webp	5976
C:\admirales\script_ver\script_ver\quarantine\under-review\17mov_CharacterSystem\web\photos\mp_f_freemode_01-torso_1-313.webp	6384
C:\admirales\script_ver\script_ver\quarantine\under-review\17mov_CharacterSystem\web\photos\mp_f_freemode_01-torso_1-314.webp	5852
C:\admirales\script_ver\script_ver\quarantine\under-review\17mov_CharacterSystem\web\photos\mp_f_freemode_01-torso_1-315.webp	5238
C:\admirales\script_ver\script_ver\quarantine\under-review\17mov_CharacterSystem\web\photos\mp_f_freemode_01-torso_1-316.webp	3950
C:\admirales\script_ver\script_ver\quarantine\under-review\17mov_CharacterSystem\web\photos\mp_f_freemode_01-torso_1-317.webp	4030
C:\admirales\script_ver\script_ver\quarantine\under-review\17mov_CharacterSystem\web\photos\mp_f_freemode_01-torso_1-318.webp	5678
C:\admirales\script_ver\script_ver\quarantine\under-review\17mov_CharacterSystem\web\photos\mp_f_freemode_01-torso_1-319.webp	3734
C:\admirales\script_ver\script_ver\quarantine\under-review\17mov_CharacterSystem\web\photos\mp_f_freemode_01-torso_1-32.webp	3714
C:\admirales\script_ver\script_ver\quarantine\under-review\17mov_CharacterSystem\web\photos\mp_f_freemode_01-torso_1-320.webp	6916
C:\admirales\script_ver\script_ver\quarantine\under-review\17mov_CharacterSystem\web\photos\mp_f_freemode_01-torso_1-321.webp	3634
C:\admirales\script_ver\script_ver\quarantine\under-review\17mov_CharacterSystem\web\photos\mp_f_freemode_01-torso_1-322.webp	2552
C:\admirales\script_ver\script_ver\quarantine\under-review\17mov_CharacterSystem\web\photos\mp_f_freemode_01-torso_1-323.webp	5416
C:\admirales\script_ver\script_ver\quarantine\under-review\17mov_CharacterSystem\web\photos\mp_f_freemode_01-torso_1-324.webp	3182
C:\admirales\script_ver\script_ver\quarantine\under-review\17mov_CharacterSystem\web\photos\mp_f_freemode_01-torso_1-325.webp	5146
C:\admirales\script_ver\script_ver\quarantine\under-review\17mov_CharacterSystem\web\photos\mp_f_freemode_01-torso_1-326.webp	5244
C:\admirales\script_ver\script_ver\quarantine\under-review\17mov_CharacterSystem\web\photos\mp_f_freemode_01-torso_1-327.webp	2394
C:\admirales\script_ver\script_ver\quarantine\under-review\17mov_CharacterSystem\web\photos\mp_f_freemode_01-torso_1-328.webp	2444
C:\admirales\script_ver\script_ver\quarantine\under-review\17mov_CharacterSystem\web\photos\mp_f_freemode_01-torso_1-329.webp	1890
C:\admirales\script_ver\script_ver\quarantine\under-review\17mov_CharacterSystem\web\photos\mp_f_freemode_01-torso_1-33.webp	1560
C:\admirales\script_ver\script_ver\quarantine\under-review\17mov_CharacterSystem\web\photos\mp_f_freemode_01-torso_1-330.webp	1926
C:\admirales\script_ver\script_ver\quarantine\under-review\17mov_CharacterSystem\web\photos\mp_f_freemode_01-torso_1-331.webp	3310
C:\admirales\script_ver\script_ver\quarantine\under-review\17mov_CharacterSystem\web\photos\mp_f_freemode_01-torso_1-332.webp	3278
C:\admirales\script_ver\script_ver\quarantine\under-review\17mov_CharacterSystem\web\photos\mp_f_freemode_01-torso_1-333.webp	3264
C:\admirales\script_ver\script_ver\quarantine\under-review\17mov_CharacterSystem\web\photos\mp_f_freemode_01-torso_1-334.webp	1868
C:\admirales\script_ver\script_ver\quarantine\under-review\17mov_CharacterSystem\web\photos\mp_f_freemode_01-torso_1-335.webp	2910
C:\admirales\script_ver\script_ver\quarantine\under-review\17mov_CharacterSystem\web\photos\mp_f_freemode_01-torso_1-336.webp	2722
C:\admirales\script_ver\script_ver\quarantine\under-review\17mov_CharacterSystem\web\photos\mp_f_freemode_01-torso_1-337.webp	2618
C:\admirales\script_ver\script_ver\quarantine\under-review\17mov_CharacterSystem\web\photos\mp_f_freemode_01-torso_1-338.webp	2344
C:\admirales\script_ver\script_ver\quarantine\under-review\17mov_CharacterSystem\web\photos\mp_f_freemode_01-torso_1-339.webp	2296
C:\admirales\script_ver\script_ver\quarantine\under-review\17mov_CharacterSystem\web\photos\mp_f_freemode_01-torso_1-34.webp	4878
C:\admirales\script_ver\script_ver\quarantine\under-review\17mov_CharacterSystem\web\photos\mp_f_freemode_01-torso_1-340.webp	2306
C:\admirales\script_ver\script_ver\quarantine\under-review\17mov_CharacterSystem\web\photos\mp_f_freemode_01-torso_1-341.webp	4010
C:\admirales\script_ver\script_ver\quarantine\under-review\17mov_CharacterSystem\web\photos\mp_f_freemode_01-torso_1-342.webp	1364
C:\admirales\script_ver\script_ver\quarantine\under-review\17mov_CharacterSystem\web\photos\mp_f_freemode_01-torso_1-343.webp	2348
C:\admirales\script_ver\script_ver\quarantine\under-review\17mov_CharacterSystem\web\photos\mp_f_freemode_01-torso_1-344.webp	3346
C:\admirales\script_ver\script_ver\quarantine\under-review\17mov_CharacterSystem\web\photos\mp_f_freemode_01-torso_1-345.webp	3522
C:\admirales\script_ver\script_ver\quarantine\under-review\17mov_CharacterSystem\web\photos\mp_f_freemode_01-torso_1-346.webp	3188
C:\admirales\script_ver\script_ver\quarantine\under-review\17mov_CharacterSystem\web\photos\mp_f_freemode_01-torso_1-347.webp	3480
C:\admirales\script_ver\script_ver\quarantine\under-review\17mov_CharacterSystem\web\photos\mp_f_freemode_01-torso_1-348.webp	2900
C:\admirales\script_ver\script_ver\quarantine\under-review\17mov_CharacterSystem\web\photos\mp_f_freemode_01-torso_1-349.webp	2398
C:\admirales\script_ver\script_ver\quarantine\under-review\17mov_CharacterSystem\web\photos\mp_f_freemode_01-torso_1-35.webp	3386
C:\admirales\script_ver\script_ver\quarantine\under-review\17mov_CharacterSystem\web\photos\mp_f_freemode_01-torso_1-350.webp	3396
C:\admirales\script_ver\script_ver\quarantine\under-review\17mov_CharacterSystem\web\photos\mp_f_freemode_01-torso_1-351.webp	3880
C:\admirales\script_ver\script_ver\quarantine\under-review\17mov_CharacterSystem\web\photos\mp_f_freemode_01-torso_1-352.webp	2998
C:\admirales\script_ver\script_ver\quarantine\under-review\17mov_CharacterSystem\web\photos\mp_f_freemode_01-torso_1-353.webp	3570
C:\admirales\script_ver\script_ver\quarantine\under-review\17mov_CharacterSystem\web\photos\mp_f_freemode_01-torso_1-354.webp	4860
C:\admirales\script_ver\script_ver\quarantine\under-review\17mov_CharacterSystem\web\photos\mp_f_freemode_01-torso_1-355.webp	2616
C:\admirales\script_ver\script_ver\quarantine\under-review\17mov_CharacterSystem\web\photos\mp_f_freemode_01-torso_1-356.webp	2628
C:\admirales\script_ver\script_ver\quarantine\under-review\17mov_CharacterSystem\web\photos\mp_f_freemode_01-torso_1-357.webp	2598
C:\admirales\script_ver\script_ver\quarantine\under-review\17mov_CharacterSystem\web\photos\mp_f_freemode_01-torso_1-358.webp	2066
C:\admirales\script_ver\script_ver\quarantine\under-review\17mov_CharacterSystem\web\photos\mp_f_freemode_01-torso_1-359.webp	2784
C:\admirales\script_ver\script_ver\quarantine\under-review\17mov_CharacterSystem\web\photos\mp_f_freemode_01-torso_1-36.webp	2082
C:\admirales\script_ver\script_ver\quarantine\under-review\17mov_CharacterSystem\web\photos\mp_f_freemode_01-torso_1-360.webp	2270
C:\admirales\script_ver\script_ver\quarantine\under-review\17mov_CharacterSystem\web\photos\mp_f_freemode_01-torso_1-361.webp	6864
C:\admirales\script_ver\script_ver\quarantine\under-review\17mov_CharacterSystem\web\photos\mp_f_freemode_01-torso_1-362.webp	6216
C:\admirales\script_ver\script_ver\quarantine\under-review\17mov_CharacterSystem\web\photos\mp_f_freemode_01-torso_1-363.webp	6226
C:\admirales\script_ver\script_ver\quarantine\under-review\17mov_CharacterSystem\web\photos\mp_f_freemode_01-torso_1-364.webp	2648
C:\admirales\script_ver\script_ver\quarantine\under-review\17mov_CharacterSystem\web\photos\mp_f_freemode_01-torso_1-365.webp	5060
C:\admirales\script_ver\script_ver\quarantine\under-review\17mov_CharacterSystem\web\photos\mp_f_freemode_01-torso_1-366.webp	3220
C:\admirales\script_ver\script_ver\quarantine\under-review\17mov_CharacterSystem\web\photos\mp_f_freemode_01-torso_1-367.webp	3270
C:\admirales\script_ver\script_ver\quarantine\under-review\17mov_CharacterSystem\web\photos\mp_f_freemode_01-torso_1-368.webp	4020
C:\admirales\script_ver\script_ver\quarantine\under-review\17mov_CharacterSystem\web\photos\mp_f_freemode_01-torso_1-369.webp	2796
C:\admirales\script_ver\script_ver\quarantine\under-review\17mov_CharacterSystem\web\photos\mp_f_freemode_01-torso_1-37.webp	4322
C:\admirales\script_ver\script_ver\quarantine\under-review\17mov_CharacterSystem\web\photos\mp_f_freemode_01-torso_1-370.webp	3952
C:\admirales\script_ver\script_ver\quarantine\under-review\17mov_CharacterSystem\web\photos\mp_f_freemode_01-torso_1-371.webp	4072
C:\admirales\script_ver\script_ver\quarantine\under-review\17mov_CharacterSystem\web\photos\mp_f_freemode_01-torso_1-372.webp	4838
C:\admirales\script_ver\script_ver\quarantine\under-review\17mov_CharacterSystem\web\photos\mp_f_freemode_01-torso_1-373.webp	4830
C:\admirales\script_ver\script_ver\quarantine\under-review\17mov_CharacterSystem\web\photos\mp_f_freemode_01-torso_1-374.webp	3722
C:\admirales\script_ver\script_ver\quarantine\under-review\17mov_CharacterSystem\web\photos\mp_f_freemode_01-torso_1-375.webp	2530
C:\admirales\script_ver\script_ver\quarantine\under-review\17mov_CharacterSystem\web\photos\mp_f_freemode_01-torso_1-376.webp	5200
C:\admirales\script_ver\script_ver\quarantine\under-review\17mov_CharacterSystem\web\photos\mp_f_freemode_01-torso_1-377.webp	2346
C:\admirales\script_ver\script_ver\quarantine\under-review\17mov_CharacterSystem\web\photos\mp_f_freemode_01-torso_1-378.webp	3372
C:\admirales\script_ver\script_ver\quarantine\under-review\17mov_CharacterSystem\web\photos\mp_f_freemode_01-torso_1-379.webp	3860
C:\admirales\script_ver\script_ver\quarantine\under-review\17mov_CharacterSystem\web\photos\mp_f_freemode_01-torso_1-38.webp	2260
C:\admirales\script_ver\script_ver\quarantine\under-review\17mov_CharacterSystem\web\photos\mp_f_freemode_01-torso_1-380.webp	4686
C:\admirales\script_ver\script_ver\quarantine\under-review\17mov_CharacterSystem\web\photos\mp_f_freemode_01-torso_1-381.webp	5108
C:\admirales\script_ver\script_ver\quarantine\under-review\17mov_CharacterSystem\web\photos\mp_f_freemode_01-torso_1-382.webp	3378
C:\admirales\script_ver\script_ver\quarantine\under-review\17mov_CharacterSystem\web\photos\mp_f_freemode_01-torso_1-383.webp	3516
C:\admirales\script_ver\script_ver\quarantine\under-review\17mov_CharacterSystem\web\photos\mp_f_freemode_01-torso_1-384.webp	1748
C:\admirales\script_ver\script_ver\quarantine\under-review\17mov_CharacterSystem\web\photos\mp_f_freemode_01-torso_1-385.webp	1930
C:\admirales\script_ver\script_ver\quarantine\under-review\17mov_CharacterSystem\web\photos\mp_f_freemode_01-torso_1-386.webp	2746
C:\admirales\script_ver\script_ver\quarantine\under-review\17mov_CharacterSystem\web\photos\mp_f_freemode_01-torso_1-387.webp	4674
C:\admirales\script_ver\script_ver\quarantine\under-review\17mov_CharacterSystem\web\photos\mp_f_freemode_01-torso_1-388.webp	3772
C:\admirales\script_ver\script_ver\quarantine\under-review\17mov_CharacterSystem\web\photos\mp_f_freemode_01-torso_1-389.webp	5602
C:\admirales\script_ver\script_ver\quarantine\under-review\17mov_CharacterSystem\web\photos\mp_f_freemode_01-torso_1-39.webp	3998
C:\admirales\script_ver\script_ver\quarantine\under-review\17mov_CharacterSystem\web\photos\mp_f_freemode_01-torso_1-390.webp	4822
C:\admirales\script_ver\script_ver\quarantine\under-review\17mov_CharacterSystem\web\photos\mp_f_freemode_01-torso_1-391.webp	3350
C:\admirales\script_ver\script_ver\quarantine\under-review\17mov_CharacterSystem\web\photos\mp_f_freemode_01-torso_1-392.webp	3782
C:\admirales\script_ver\script_ver\quarantine\under-review\17mov_CharacterSystem\web\photos\mp_f_freemode_01-torso_1-393.webp	3908
C:\admirales\script_ver\script_ver\quarantine\under-review\17mov_CharacterSystem\web\photos\mp_f_freemode_01-torso_1-394.webp	4006
C:\admirales\script_ver\script_ver\quarantine\under-review\17mov_CharacterSystem\web\photos\mp_f_freemode_01-torso_1-395.webp	2448
C:\admirales\script_ver\script_ver\quarantine\under-review\17mov_CharacterSystem\web\photos\mp_f_freemode_01-torso_1-396.webp	3654
C:\admirales\script_ver\script_ver\quarantine\under-review\17mov_CharacterSystem\web\photos\mp_f_freemode_01-torso_1-397.webp	2956
C:\admirales\script_ver\script_ver\quarantine\under-review\17mov_CharacterSystem\web\photos\mp_f_freemode_01-torso_1-398.webp	3882
C:\admirales\script_ver\script_ver\quarantine\under-review\17mov_CharacterSystem\web\photos\mp_f_freemode_01-torso_1-399.webp	2706
C:\admirales\script_ver\script_ver\quarantine\under-review\17mov_CharacterSystem\web\photos\mp_f_freemode_01-torso_1-4.webp	2176
C:\admirales\script_ver\script_ver\quarantine\under-review\17mov_CharacterSystem\web\photos\mp_f_freemode_01-torso_1-40.webp	2096
C:\admirales\script_ver\script_ver\quarantine\under-review\17mov_CharacterSystem\web\photos\mp_f_freemode_01-torso_1-400.webp	2210
C:\admirales\script_ver\script_ver\quarantine\under-review\17mov_CharacterSystem\web\photos\mp_f_freemode_01-torso_1-401.webp	2104
C:\admirales\script_ver\script_ver\quarantine\under-review\17mov_CharacterSystem\web\photos\mp_f_freemode_01-torso_1-402.webp	3860
C:\admirales\script_ver\script_ver\quarantine\under-review\17mov_CharacterSystem\web\photos\mp_f_freemode_01-torso_1-403.webp	4578
C:\admirales\script_ver\script_ver\quarantine\under-review\17mov_CharacterSystem\web\photos\mp_f_freemode_01-torso_1-404.webp	2020
C:\admirales\script_ver\script_ver\quarantine\under-review\17mov_CharacterSystem\web\photos\mp_f_freemode_01-torso_1-405.webp	3280
C:\admirales\script_ver\script_ver\quarantine\under-review\17mov_CharacterSystem\web\photos\mp_f_freemode_01-torso_1-406.webp	2416
C:\admirales\script_ver\script_ver\quarantine\under-review\17mov_CharacterSystem\web\photos\mp_f_freemode_01-torso_1-407.webp	2902
C:\admirales\script_ver\script_ver\quarantine\under-review\17mov_CharacterSystem\web\photos\mp_f_freemode_01-torso_1-408.webp	2490
C:\admirales\script_ver\script_ver\quarantine\under-review\17mov_CharacterSystem\web\photos\mp_f_freemode_01-torso_1-409.webp	3404
C:\admirales\script_ver\script_ver\quarantine\under-review\17mov_CharacterSystem\web\photos\mp_f_freemode_01-torso_1-41.webp	4186
C:\admirales\script_ver\script_ver\quarantine\under-review\17mov_CharacterSystem\web\photos\mp_f_freemode_01-torso_1-410.webp	3336
C:\admirales\script_ver\script_ver\quarantine\under-review\17mov_CharacterSystem\web\photos\mp_f_freemode_01-torso_1-411.webp	3664
C:\admirales\script_ver\script_ver\quarantine\under-review\17mov_CharacterSystem\web\photos\mp_f_freemode_01-torso_1-412.webp	3474
C:\admirales\script_ver\script_ver\quarantine\under-review\17mov_CharacterSystem\web\photos\mp_f_freemode_01-torso_1-413.webp	5758
C:\admirales\script_ver\script_ver\quarantine\under-review\17mov_CharacterSystem\web\photos\mp_f_freemode_01-torso_1-414.webp	5466
C:\admirales\script_ver\script_ver\quarantine\under-review\17mov_CharacterSystem\web\photos\mp_f_freemode_01-torso_1-415.webp	1636
C:\admirales\script_ver\script_ver\quarantine\under-review\17mov_CharacterSystem\web\photos\mp_f_freemode_01-torso_1-416.webp	5794
C:\admirales\script_ver\script_ver\quarantine\under-review\17mov_CharacterSystem\web\photos\mp_f_freemode_01-torso_1-417.webp	3874
C:\admirales\script_ver\script_ver\quarantine\under-review\17mov_CharacterSystem\web\photos\mp_f_freemode_01-torso_1-418.webp	4968
C:\admirales\script_ver\script_ver\quarantine\under-review\17mov_CharacterSystem\web\photos\mp_f_freemode_01-torso_1-419.webp	3640
C:\admirales\script_ver\script_ver\quarantine\under-review\17mov_CharacterSystem\web\photos\mp_f_freemode_01-torso_1-42.webp	2352
C:\admirales\script_ver\script_ver\quarantine\under-review\17mov_CharacterSystem\web\photos\mp_f_freemode_01-torso_1-420.webp	4324
C:\admirales\script_ver\script_ver\quarantine\under-review\17mov_CharacterSystem\web\photos\mp_f_freemode_01-torso_1-421.webp	5404
C:\admirales\script_ver\script_ver\quarantine\under-review\17mov_CharacterSystem\web\photos\mp_f_freemode_01-torso_1-422.webp	3442
C:\admirales\script_ver\script_ver\quarantine\under-review\17mov_CharacterSystem\web\photos\mp_f_freemode_01-torso_1-423.webp	2842
C:\admirales\script_ver\script_ver\quarantine\under-review\17mov_CharacterSystem\web\photos\mp_f_freemode_01-torso_1-424.webp	5518
C:\admirales\script_ver\script_ver\quarantine\under-review\17mov_CharacterSystem\web\photos\mp_f_freemode_01-torso_1-425.webp	3428
C:\admirales\script_ver\script_ver\quarantine\under-review\17mov_CharacterSystem\web\photos\mp_f_freemode_01-torso_1-426.webp	3214
C:\admirales\script_ver\script_ver\quarantine\under-review\17mov_CharacterSystem\web\photos\mp_f_freemode_01-torso_1-427.webp	3190
C:\admirales\script_ver\script_ver\quarantine\under-review\17mov_CharacterSystem\web\photos\mp_f_freemode_01-torso_1-428.webp	1702
C:\admirales\script_ver\script_ver\quarantine\under-review\17mov_CharacterSystem\web\photos\mp_f_freemode_01-torso_1-429.webp	4398
C:\admirales\script_ver\script_ver\quarantine\under-review\17mov_CharacterSystem\web\photos\mp_f_freemode_01-torso_1-43.webp	2368
C:\admirales\script_ver\script_ver\quarantine\under-review\17mov_CharacterSystem\web\photos\mp_f_freemode_01-torso_1-430.webp	4700
C:\admirales\script_ver\script_ver\quarantine\under-review\17mov_CharacterSystem\web\photos\mp_f_freemode_01-torso_1-431.webp	4360
C:\admirales\script_ver\script_ver\quarantine\under-review\17mov_CharacterSystem\web\photos\mp_f_freemode_01-torso_1-432.webp	1922
C:\admirales\script_ver\script_ver\quarantine\under-review\17mov_CharacterSystem\web\photos\mp_f_freemode_01-torso_1-433.webp	4736
C:\admirales\script_ver\script_ver\quarantine\under-review\17mov_CharacterSystem\web\photos\mp_f_freemode_01-torso_1-434.webp	4348
C:\admirales\script_ver\script_ver\quarantine\under-review\17mov_CharacterSystem\web\photos\mp_f_freemode_01-torso_1-435.webp	4014
C:\admirales\script_ver\script_ver\quarantine\under-review\17mov_CharacterSystem\web\photos\mp_f_freemode_01-torso_1-436.webp	3000
C:\admirales\script_ver\script_ver\quarantine\under-review\17mov_CharacterSystem\web\photos\mp_f_freemode_01-torso_1-437.webp	4394
C:\admirales\script_ver\script_ver\quarantine\under-review\17mov_CharacterSystem\web\photos\mp_f_freemode_01-torso_1-438.webp	3972
C:\admirales\script_ver\script_ver\quarantine\under-review\17mov_CharacterSystem\web\photos\mp_f_freemode_01-torso_1-439.webp	3404
C:\admirales\script_ver\script_ver\quarantine\under-review\17mov_CharacterSystem\web\photos\mp_f_freemode_01-torso_1-44.webp	4046
C:\admirales\script_ver\script_ver\quarantine\under-review\17mov_CharacterSystem\web\photos\mp_f_freemode_01-torso_1-440.webp	768
C:\admirales\script_ver\script_ver\quarantine\under-review\17mov_CharacterSystem\web\photos\mp_f_freemode_01-torso_1-441.webp	2354
C:\admirales\script_ver\script_ver\quarantine\under-review\17mov_CharacterSystem\web\photos\mp_f_freemode_01-torso_1-442.webp	2378
C:\admirales\script_ver\script_ver\quarantine\under-review\17mov_CharacterSystem\web\photos\mp_f_freemode_01-torso_1-443.webp	3624
C:\admirales\script_ver\script_ver\quarantine\under-review\17mov_CharacterSystem\web\photos\mp_f_freemode_01-torso_1-444.webp	2224
C:\admirales\script_ver\script_ver\quarantine\under-review\17mov_CharacterSystem\web\photos\mp_f_freemode_01-torso_1-445.webp	2588
C:\admirales\script_ver\script_ver\quarantine\under-review\17mov_CharacterSystem\web\photos\mp_f_freemode_01-torso_1-446.webp	2250
C:\admirales\script_ver\script_ver\quarantine\under-review\17mov_CharacterSystem\web\photos\mp_f_freemode_01-torso_1-447.webp	2630
C:\admirales\script_ver\script_ver\quarantine\under-review\17mov_CharacterSystem\web\photos\mp_f_freemode_01-torso_1-448.webp	1746
C:\admirales\script_ver\script_ver\quarantine\under-review\17mov_CharacterSystem\web\photos\mp_f_freemode_01-torso_1-449.webp	4058
C:\admirales\script_ver\script_ver\quarantine\under-review\17mov_CharacterSystem\web\photos\mp_f_freemode_01-torso_1-45.webp	3618
C:\admirales\script_ver\script_ver\quarantine\under-review\17mov_CharacterSystem\web\photos\mp_f_freemode_01-torso_1-450.webp	3324
C:\admirales\script_ver\script_ver\quarantine\under-review\17mov_CharacterSystem\web\photos\mp_f_freemode_01-torso_1-451.webp	3218
C:\admirales\script_ver\script_ver\quarantine\under-review\17mov_CharacterSystem\web\photos\mp_f_freemode_01-torso_1-452.webp	5600
C:\admirales\script_ver\script_ver\quarantine\under-review\17mov_CharacterSystem\web\photos\mp_f_freemode_01-torso_1-453.webp	2672
C:\admirales\script_ver\script_ver\quarantine\under-review\17mov_CharacterSystem\web\photos\mp_f_freemode_01-torso_1-454.webp	3006
C:\admirales\script_ver\script_ver\quarantine\under-review\17mov_CharacterSystem\web\photos\mp_f_freemode_01-torso_1-455.webp	3104
C:\admirales\script_ver\script_ver\quarantine\under-review\17mov_CharacterSystem\web\photos\mp_f_freemode_01-torso_1-456.webp	3236
C:\admirales\script_ver\script_ver\quarantine\under-review\17mov_CharacterSystem\web\photos\mp_f_freemode_01-torso_1-457.webp	3240
C:\admirales\script_ver\script_ver\quarantine\under-review\17mov_CharacterSystem\web\photos\mp_f_freemode_01-torso_1-458.webp	4242
C:\admirales\script_ver\script_ver\quarantine\under-review\17mov_CharacterSystem\web\photos\mp_f_freemode_01-torso_1-459.webp	4426
C:\admirales\script_ver\script_ver\quarantine\under-review\17mov_CharacterSystem\web\photos\mp_f_freemode_01-torso_1-46.webp	2580
C:\admirales\script_ver\script_ver\quarantine\under-review\17mov_CharacterSystem\web\photos\mp_f_freemode_01-torso_1-460.webp	4646
C:\admirales\script_ver\script_ver\quarantine\under-review\17mov_CharacterSystem\web\photos\mp_f_freemode_01-torso_1-461.webp	2114
C:\admirales\script_ver\script_ver\quarantine\under-review\17mov_CharacterSystem\web\photos\mp_f_freemode_01-torso_1-462.webp	2540
C:\admirales\script_ver\script_ver\quarantine\under-review\17mov_CharacterSystem\web\photos\mp_f_freemode_01-torso_1-463.webp	4036
C:\admirales\script_ver\script_ver\quarantine\under-review\17mov_CharacterSystem\web\photos\mp_f_freemode_01-torso_1-464.webp	4092
C:\admirales\script_ver\script_ver\quarantine\under-review\17mov_CharacterSystem\web\photos\mp_f_freemode_01-torso_1-465.webp	3860
C:\admirales\script_ver\script_ver\quarantine\under-review\17mov_CharacterSystem\web\photos\mp_f_freemode_01-torso_1-466.webp	5180
C:\admirales\script_ver\script_ver\quarantine\under-review\17mov_CharacterSystem\web\photos\mp_f_freemode_01-torso_1-467.webp	4424
C:\admirales\script_ver\script_ver\quarantine\under-review\17mov_CharacterSystem\web\photos\mp_f_freemode_01-torso_1-468.webp	4502
C:\admirales\script_ver\script_ver\quarantine\under-review\17mov_CharacterSystem\web\photos\mp_f_freemode_01-torso_1-469.webp	3490
C:\admirales\script_ver\script_ver\quarantine\under-review\17mov_CharacterSystem\web\photos\mp_f_freemode_01-torso_1-47.webp	3140
C:\admirales\script_ver\script_ver\quarantine\under-review\17mov_CharacterSystem\web\photos\mp_f_freemode_01-torso_1-470.webp	5472
C:\admirales\script_ver\script_ver\quarantine\under-review\17mov_CharacterSystem\web\photos\mp_f_freemode_01-torso_1-471.webp	4644
C:\admirales\script_ver\script_ver\quarantine\under-review\17mov_CharacterSystem\web\photos\mp_f_freemode_01-torso_1-472.webp	3170
C:\admirales\script_ver\script_ver\quarantine\under-review\17mov_CharacterSystem\web\photos\mp_f_freemode_01-torso_1-473.webp	4744
C:\admirales\script_ver\script_ver\quarantine\under-review\17mov_CharacterSystem\web\photos\mp_f_freemode_01-torso_1-474.webp	6546
C:\admirales\script_ver\script_ver\quarantine\under-review\17mov_CharacterSystem\web\photos\mp_f_freemode_01-torso_1-475.webp	3836
C:\admirales\script_ver\script_ver\quarantine\under-review\17mov_CharacterSystem\web\photos\mp_f_freemode_01-torso_1-476.webp	768
C:\admirales\script_ver\script_ver\quarantine\under-review\17mov_CharacterSystem\web\photos\mp_f_freemode_01-torso_1-477.webp	1446
C:\admirales\script_ver\script_ver\quarantine\under-review\17mov_CharacterSystem\web\photos\mp_f_freemode_01-torso_1-478.webp	768
C:\admirales\script_ver\script_ver\quarantine\under-review\17mov_CharacterSystem\web\photos\mp_f_freemode_01-torso_1-479.webp	768
C:\admirales\script_ver\script_ver\quarantine\under-review\17mov_CharacterSystem\web\photos\mp_f_freemode_01-torso_1-48.webp	2082
C:\admirales\script_ver\script_ver\quarantine\under-review\17mov_CharacterSystem\web\photos\mp_f_freemode_01-torso_1-480.webp	768
C:\admirales\script_ver\script_ver\quarantine\under-review\17mov_CharacterSystem\web\photos\mp_f_freemode_01-torso_1-481.webp	768
C:\admirales\script_ver\script_ver\quarantine\under-review\17mov_CharacterSystem\web\photos\mp_f_freemode_01-torso_1-482.webp	768
C:\admirales\script_ver\script_ver\quarantine\under-review\17mov_CharacterSystem\web\photos\mp_f_freemode_01-torso_1-483.webp	3730
C:\admirales\script_ver\script_ver\quarantine\under-review\17mov_CharacterSystem\web\photos\mp_f_freemode_01-torso_1-484.webp	3728
C:\admirales\script_ver\script_ver\quarantine\under-review\17mov_CharacterSystem\web\photos\mp_f_freemode_01-torso_1-485.webp	768
C:\admirales\script_ver\script_ver\quarantine\under-review\17mov_CharacterSystem\web\photos\mp_f_freemode_01-torso_1-486.webp	768
C:\admirales\script_ver\script_ver\quarantine\under-review\17mov_CharacterSystem\web\photos\mp_f_freemode_01-torso_1-487.webp	768
C:\admirales\script_ver\script_ver\quarantine\under-review\17mov_CharacterSystem\web\photos\mp_f_freemode_01-torso_1-488.webp	3640
C:\admirales\script_ver\script_ver\quarantine\under-review\17mov_CharacterSystem\web\photos\mp_f_freemode_01-torso_1-489.webp	768
C:\admirales\script_ver\script_ver\quarantine\under-review\17mov_CharacterSystem\web\photos\mp_f_freemode_01-torso_1-49.webp	2184
C:\admirales\script_ver\script_ver\quarantine\under-review\17mov_CharacterSystem\web\photos\mp_f_freemode_01-torso_1-490.webp	768
C:\admirales\script_ver\script_ver\quarantine\under-review\17mov_CharacterSystem\web\photos\mp_f_freemode_01-torso_1-491.webp	768
C:\admirales\script_ver\script_ver\quarantine\under-review\17mov_CharacterSystem\web\photos\mp_f_freemode_01-torso_1-492.webp	768
C:\admirales\script_ver\script_ver\quarantine\under-review\17mov_CharacterSystem\web\photos\mp_f_freemode_01-torso_1-493.webp	768
C:\admirales\script_ver\script_ver\quarantine\under-review\17mov_CharacterSystem\web\photos\mp_f_freemode_01-torso_1-494.webp	1486
C:\admirales\script_ver\script_ver\quarantine\under-review\17mov_CharacterSystem\web\photos\mp_f_freemode_01-torso_1-495.webp	768
C:\admirales\script_ver\script_ver\quarantine\under-review\17mov_CharacterSystem\web\photos\mp_f_freemode_01-torso_1-496.webp	3576
C:\admirales\script_ver\script_ver\quarantine\under-review\17mov_CharacterSystem\web\photos\mp_f_freemode_01-torso_1-497.webp	2708
C:\admirales\script_ver\script_ver\quarantine\under-review\17mov_CharacterSystem\web\photos\mp_f_freemode_01-torso_1-498.webp	2538
C:\admirales\script_ver\script_ver\quarantine\under-review\17mov_CharacterSystem\web\photos\mp_f_freemode_01-torso_1-499.webp	768
C:\admirales\script_ver\script_ver\quarantine\under-review\17mov_CharacterSystem\web\photos\mp_f_freemode_01-torso_1-5.webp	1272
C:\admirales\script_ver\script_ver\quarantine\under-review\17mov_CharacterSystem\web\photos\mp_f_freemode_01-torso_1-50.webp	3254
C:\admirales\script_ver\script_ver\quarantine\under-review\17mov_CharacterSystem\web\photos\mp_f_freemode_01-torso_1-500.webp	768
C:\admirales\script_ver\script_ver\quarantine\under-review\17mov_CharacterSystem\web\photos\mp_f_freemode_01-torso_1-501.webp	4812
C:\admirales\script_ver\script_ver\quarantine\under-review\17mov_CharacterSystem\web\photos\mp_f_freemode_01-torso_1-502.webp	768
C:\admirales\script_ver\script_ver\quarantine\under-review\17mov_CharacterSystem\web\photos\mp_f_freemode_01-torso_1-503.webp	768
C:\admirales\script_ver\script_ver\quarantine\under-review\17mov_CharacterSystem\web\photos\mp_f_freemode_01-torso_1-504.webp	768
C:\admirales\script_ver\script_ver\quarantine\under-review\17mov_CharacterSystem\web\photos\mp_f_freemode_01-torso_1-505.webp	768
C:\admirales\script_ver\script_ver\quarantine\under-review\17mov_CharacterSystem\web\photos\mp_f_freemode_01-torso_1-506.webp	768
C:\admirales\script_ver\script_ver\quarantine\under-review\17mov_CharacterSystem\web\photos\mp_f_freemode_01-torso_1-507.webp	2156
C:\admirales\script_ver\script_ver\quarantine\under-review\17mov_CharacterSystem\web\photos\mp_f_freemode_01-torso_1-508.webp	5482
C:\admirales\script_ver\script_ver\quarantine\under-review\17mov_CharacterSystem\web\photos\mp_f_freemode_01-torso_1-509.webp	768
C:\admirales\script_ver\script_ver\quarantine\under-review\17mov_CharacterSystem\web\photos\mp_f_freemode_01-torso_1-51.webp	2680
C:\admirales\script_ver\script_ver\quarantine\under-review\17mov_CharacterSystem\web\photos\mp_f_freemode_01-torso_1-510.webp	5106
C:\admirales\script_ver\script_ver\quarantine\under-review\17mov_CharacterSystem\web\photos\mp_f_freemode_01-torso_1-511.webp	768
C:\admirales\script_ver\script_ver\quarantine\under-review\17mov_CharacterSystem\web\photos\mp_f_freemode_01-torso_1-512.webp	768
C:\admirales\script_ver\script_ver\quarantine\under-review\17mov_CharacterSystem\web\photos\mp_f_freemode_01-torso_1-513.webp	4284
C:\admirales\script_ver\script_ver\quarantine\under-review\17mov_CharacterSystem\web\photos\mp_f_freemode_01-torso_1-514.webp	3628
C:\admirales\script_ver\script_ver\quarantine\under-review\17mov_CharacterSystem\web\photos\mp_f_freemode_01-torso_1-515.webp	3630
C:\admirales\script_ver\script_ver\quarantine\under-review\17mov_CharacterSystem\web\photos\mp_f_freemode_01-torso_1-516.webp	2172
C:\admirales\script_ver\script_ver\quarantine\under-review\17mov_CharacterSystem\web\photos\mp_f_freemode_01-torso_1-517.webp	768
C:\admirales\script_ver\script_ver\quarantine\under-review\17mov_CharacterSystem\web\photos\mp_f_freemode_01-torso_1-518.webp	768
C:\admirales\script_ver\script_ver\quarantine\under-review\17mov_CharacterSystem\web\photos\mp_f_freemode_01-torso_1-519.webp	768
C:\admirales\script_ver\script_ver\quarantine\under-review\17mov_CharacterSystem\web\photos\mp_f_freemode_01-torso_1-52.webp	3942
C:\admirales\script_ver\script_ver\quarantine\under-review\17mov_CharacterSystem\web\photos\mp_f_freemode_01-torso_1-520.webp	768
C:\admirales\script_ver\script_ver\quarantine\under-review\17mov_CharacterSystem\web\photos\mp_f_freemode_01-torso_1-521.webp	768
C:\admirales\script_ver\script_ver\quarantine\under-review\17mov_CharacterSystem\web\photos\mp_f_freemode_01-torso_1-522.webp	768
C:\admirales\script_ver\script_ver\quarantine\under-review\17mov_CharacterSystem\web\photos\mp_f_freemode_01-torso_1-523.webp	5106
C:\admirales\script_ver\script_ver\quarantine\under-review\17mov_CharacterSystem\web\photos\mp_f_freemode_01-torso_1-524.webp	3474
C:\admirales\script_ver\script_ver\quarantine\under-review\17mov_CharacterSystem\web\photos\mp_f_freemode_01-torso_1-525.webp	768
C:\admirales\script_ver\script_ver\quarantine\under-review\17mov_CharacterSystem\web\photos\mp_f_freemode_01-torso_1-526.webp	768
C:\admirales\script_ver\script_ver\quarantine\under-review\17mov_CharacterSystem\web\photos\mp_f_freemode_01-torso_1-527.webp	768
C:\admirales\script_ver\script_ver\quarantine\under-review\17mov_CharacterSystem\web\photos\mp_f_freemode_01-torso_1-528.webp	3688
C:\admirales\script_ver\script_ver\quarantine\under-review\17mov_CharacterSystem\web\photos\mp_f_freemode_01-torso_1-529.webp	3476
C:\admirales\script_ver\script_ver\quarantine\under-review\17mov_CharacterSystem\web\photos\mp_f_freemode_01-torso_1-53.webp	3914
C:\admirales\script_ver\script_ver\quarantine\under-review\17mov_CharacterSystem\web\photos\mp_f_freemode_01-torso_1-530.webp	2090
C:\admirales\script_ver\script_ver\quarantine\under-review\17mov_CharacterSystem\web\photos\mp_f_freemode_01-torso_1-531.webp	2116
C:\admirales\script_ver\script_ver\quarantine\under-review\17mov_CharacterSystem\web\photos\mp_f_freemode_01-torso_1-532.webp	768
C:\admirales\script_ver\script_ver\quarantine\under-review\17mov_CharacterSystem\web\photos\mp_f_freemode_01-torso_1-533.webp	768
C:\admirales\script_ver\script_ver\quarantine\under-review\17mov_CharacterSystem\web\photos\mp_f_freemode_01-torso_1-534.webp	4028
C:\admirales\script_ver\script_ver\quarantine\under-review\17mov_CharacterSystem\web\photos\mp_f_freemode_01-torso_1-535.webp	3298
C:\admirales\script_ver\script_ver\quarantine\under-review\17mov_CharacterSystem\web\photos\mp_f_freemode_01-torso_1-536.webp	5110
C:\admirales\script_ver\script_ver\quarantine\under-review\17mov_CharacterSystem\web\photos\mp_f_freemode_01-torso_1-537.webp	3086
C:\admirales\script_ver\script_ver\quarantine\under-review\17mov_CharacterSystem\web\photos\mp_f_freemode_01-torso_1-538.webp	2684
C:\admirales\script_ver\script_ver\quarantine\under-review\17mov_CharacterSystem\web\photos\mp_f_freemode_01-torso_1-539.webp	768
C:\admirales\script_ver\script_ver\quarantine\under-review\17mov_CharacterSystem\web\photos\mp_f_freemode_01-torso_1-54.webp	3464
C:\admirales\script_ver\script_ver\quarantine\under-review\17mov_CharacterSystem\web\photos\mp_f_freemode_01-torso_1-540.webp	1410
C:\admirales\script_ver\script_ver\quarantine\under-review\17mov_CharacterSystem\web\photos\mp_f_freemode_01-torso_1-541.webp	2126
C:\admirales\script_ver\script_ver\quarantine\under-review\17mov_CharacterSystem\web\photos\mp_f_freemode_01-torso_1-542.webp	768
C:\admirales\script_ver\script_ver\quarantine\under-review\17mov_CharacterSystem\web\photos\mp_f_freemode_01-torso_1-543.webp	768
C:\admirales\script_ver\script_ver\quarantine\under-review\17mov_CharacterSystem\web\photos\mp_f_freemode_01-torso_1-544.webp	768
C:\admirales\script_ver\script_ver\quarantine\under-review\17mov_CharacterSystem\web\photos\mp_f_freemode_01-torso_1-545.webp	768
C:\admirales\script_ver\script_ver\quarantine\under-review\17mov_CharacterSystem\web\photos\mp_f_freemode_01-torso_1-546.webp	3854
C:\admirales\script_ver\script_ver\quarantine\under-review\17mov_CharacterSystem\web\photos\mp_f_freemode_01-torso_1-547.webp	3680
C:\admirales\script_ver\script_ver\quarantine\under-review\17mov_CharacterSystem\web\photos\mp_f_freemode_01-torso_1-548.webp	768
C:\admirales\script_ver\script_ver\quarantine\under-review\17mov_CharacterSystem\web\photos\mp_f_freemode_01-torso_1-549.webp	768
C:\admirales\script_ver\script_ver\quarantine\under-review\17mov_CharacterSystem\web\photos\mp_f_freemode_01-torso_1-55.webp	4150
C:\admirales\script_ver\script_ver\quarantine\under-review\17mov_CharacterSystem\web\photos\mp_f_freemode_01-torso_1-550.webp	768
C:\admirales\script_ver\script_ver\quarantine\under-review\17mov_CharacterSystem\web\photos\mp_f_freemode_01-torso_1-551.webp	4392
C:\admirales\script_ver\script_ver\quarantine\under-review\17mov_CharacterSystem\web\photos\mp_f_freemode_01-torso_1-552.webp	768
C:\admirales\script_ver\script_ver\quarantine\under-review\17mov_CharacterSystem\web\photos\mp_f_freemode_01-torso_1-553.webp	4040
C:\admirales\script_ver\script_ver\quarantine\under-review\17mov_CharacterSystem\web\photos\mp_f_freemode_01-torso_1-554.webp	4568
C:\admirales\script_ver\script_ver\quarantine\under-review\17mov_CharacterSystem\web\photos\mp_f_freemode_01-torso_1-555.webp	768
C:\admirales\script_ver\script_ver\quarantine\under-review\17mov_CharacterSystem\web\photos\mp_f_freemode_01-torso_1-556.webp	3852
C:\admirales\script_ver\script_ver\quarantine\under-review\17mov_CharacterSystem\web\photos\mp_f_freemode_01-torso_1-557.webp	768
C:\admirales\script_ver\script_ver\quarantine\under-review\17mov_CharacterSystem\web\photos\mp_f_freemode_01-torso_1-558.webp	3328
C:\admirales\script_ver\script_ver\quarantine\under-review\17mov_CharacterSystem\web\photos\mp_f_freemode_01-torso_1-559.webp	4414
C:\admirales\script_ver\script_ver\quarantine\under-review\17mov_CharacterSystem\web\photos\mp_f_freemode_01-torso_1-56.webp	2030
C:\admirales\script_ver\script_ver\quarantine\under-review\17mov_CharacterSystem\web\photos\mp_f_freemode_01-torso_1-560.webp	4080
C:\admirales\script_ver\script_ver\quarantine\under-review\17mov_CharacterSystem\web\photos\mp_f_freemode_01-torso_1-561.webp	2564
C:\admirales\script_ver\script_ver\quarantine\under-review\17mov_CharacterSystem\web\photos\mp_f_freemode_01-torso_1-562.webp	1476
C:\admirales\script_ver\script_ver\quarantine\under-review\17mov_CharacterSystem\web\photos\mp_f_freemode_01-torso_1-563.webp	5288
C:\admirales\script_ver\script_ver\quarantine\under-review\17mov_CharacterSystem\web\photos\mp_f_freemode_01-torso_1-564.webp	3268
C:\admirales\script_ver\script_ver\quarantine\under-review\17mov_CharacterSystem\web\photos\mp_f_freemode_01-torso_1-565.webp	768
C:\admirales\script_ver\script_ver\quarantine\under-review\17mov_CharacterSystem\web\photos\mp_f_freemode_01-torso_1-57.webp	2616
C:\admirales\script_ver\script_ver\quarantine\under-review\17mov_CharacterSystem\web\photos\mp_f_freemode_01-torso_1-58.webp	2466
C:\admirales\script_ver\script_ver\quarantine\under-review\17mov_CharacterSystem\web\photos\mp_f_freemode_01-torso_1-59.webp	2824
C:\admirales\script_ver\script_ver\quarantine\under-review\17mov_CharacterSystem\web\photos\mp_f_freemode_01-torso_1-6.webp	3122
C:\admirales\script_ver\script_ver\quarantine\under-review\17mov_CharacterSystem\web\photos\mp_f_freemode_01-torso_1-60.webp	3044
C:\admirales\script_ver\script_ver\quarantine\under-review\17mov_CharacterSystem\web\photos\mp_f_freemode_01-torso_1-61.webp	3852
C:\admirales\script_ver\script_ver\quarantine\under-review\17mov_CharacterSystem\web\photos\mp_f_freemode_01-torso_1-62.webp	2994
C:\admirales\script_ver\script_ver\quarantine\under-review\17mov_CharacterSystem\web\photos\mp_f_freemode_01-torso_1-63.webp	2962
C:\admirales\script_ver\script_ver\quarantine\under-review\17mov_CharacterSystem\web\photos\mp_f_freemode_01-torso_1-64.webp	4800
C:\admirales\script_ver\script_ver\quarantine\under-review\17mov_CharacterSystem\web\photos\mp_f_freemode_01-torso_1-65.webp	3858
C:\admirales\script_ver\script_ver\quarantine\under-review\17mov_CharacterSystem\web\photos\mp_f_freemode_01-torso_1-66.webp	2520
C:\admirales\script_ver\script_ver\quarantine\under-review\17mov_CharacterSystem\web\photos\mp_f_freemode_01-torso_1-67.webp	2462
C:\admirales\script_ver\script_ver\quarantine\under-review\17mov_CharacterSystem\web\photos\mp_f_freemode_01-torso_1-68.webp	2770
C:\admirales\script_ver\script_ver\quarantine\under-review\17mov_CharacterSystem\web\photos\mp_f_freemode_01-torso_1-69.webp	3382
C:\admirales\script_ver\script_ver\quarantine\under-review\17mov_CharacterSystem\web\photos\mp_f_freemode_01-torso_1-7.webp	2336
C:\admirales\script_ver\script_ver\quarantine\under-review\17mov_CharacterSystem\web\photos\mp_f_freemode_01-torso_1-70.webp	4420
C:\admirales\script_ver\script_ver\quarantine\under-review\17mov_CharacterSystem\web\photos\mp_f_freemode_01-torso_1-71.webp	6048
C:\admirales\script_ver\script_ver\quarantine\under-review\17mov_CharacterSystem\web\photos\mp_f_freemode_01-torso_1-72.webp	4720
C:\admirales\script_ver\script_ver\quarantine\under-review\17mov_CharacterSystem\web\photos\mp_f_freemode_01-torso_1-73.webp	2080
C:\admirales\script_ver\script_ver\quarantine\under-review\17mov_CharacterSystem\web\photos\mp_f_freemode_01-torso_1-74.webp	1482
C:\admirales\script_ver\script_ver\quarantine\under-review\17mov_CharacterSystem\web\photos\mp_f_freemode_01-torso_1-75.webp	2892
C:\admirales\script_ver\script_ver\quarantine\under-review\17mov_CharacterSystem\web\photos\mp_f_freemode_01-torso_1-76.webp	3298
C:\admirales\script_ver\script_ver\quarantine\under-review\17mov_CharacterSystem\web\photos\mp_f_freemode_01-torso_1-77.webp	3686
C:\admirales\script_ver\script_ver\quarantine\under-review\17mov_CharacterSystem\web\photos\mp_f_freemode_01-torso_1-78.webp	2730
C:\admirales\script_ver\script_ver\quarantine\under-review\17mov_CharacterSystem\web\photos\mp_f_freemode_01-torso_1-79.webp	2158
C:\admirales\script_ver\script_ver\quarantine\under-review\17mov_CharacterSystem\web\photos\mp_f_freemode_01-torso_1-8.webp	2904
C:\admirales\script_ver\script_ver\quarantine\under-review\17mov_CharacterSystem\web\photos\mp_f_freemode_01-torso_1-80.webp	4354
C:\admirales\script_ver\script_ver\quarantine\under-review\17mov_CharacterSystem\web\photos\mp_f_freemode_01-torso_1-81.webp	4848
C:\admirales\script_ver\script_ver\quarantine\under-review\17mov_CharacterSystem\web\photos\mp_f_freemode_01-torso_1-82.webp	808
C:\admirales\script_ver\script_ver\quarantine\under-review\17mov_CharacterSystem\web\photos\mp_f_freemode_01-torso_1-83.webp	2444
C:\admirales\script_ver\script_ver\quarantine\under-review\17mov_CharacterSystem\web\photos\mp_f_freemode_01-torso_1-84.webp	2222
C:\admirales\script_ver\script_ver\quarantine\under-review\17mov_CharacterSystem\web\photos\mp_f_freemode_01-torso_1-85.webp	2162
C:\admirales\script_ver\script_ver\quarantine\under-review\17mov_CharacterSystem\web\photos\mp_f_freemode_01-torso_1-86.webp	2588
C:\admirales\script_ver\script_ver\quarantine\under-review\17mov_CharacterSystem\web\photos\mp_f_freemode_01-torso_1-87.webp	4366
C:\admirales\script_ver\script_ver\quarantine\under-review\17mov_CharacterSystem\web\photos\mp_f_freemode_01-torso_1-88.webp	2198
C:\admirales\script_ver\script_ver\quarantine\under-review\17mov_CharacterSystem\web\photos\mp_f_freemode_01-torso_1-89.webp	3832
C:\admirales\script_ver\script_ver\quarantine\under-review\17mov_CharacterSystem\web\photos\mp_f_freemode_01-torso_1-9.webp	2086
C:\admirales\script_ver\script_ver\quarantine\under-review\17mov_CharacterSystem\web\photos\mp_f_freemode_01-torso_1-90.webp	3696
C:\admirales\script_ver\script_ver\quarantine\under-review\17mov_CharacterSystem\web\photos\mp_f_freemode_01-torso_1-91.webp	3470
C:\admirales\script_ver\script_ver\quarantine\under-review\17mov_CharacterSystem\web\photos\mp_f_freemode_01-torso_1-92.webp	2916
C:\admirales\script_ver\script_ver\quarantine\under-review\17mov_CharacterSystem\web\photos\mp_f_freemode_01-torso_1-93.webp	2916
C:\admirales\script_ver\script_ver\quarantine\under-review\17mov_CharacterSystem\web\photos\mp_f_freemode_01-torso_1-94.webp	4432
C:\admirales\script_ver\script_ver\quarantine\under-review\17mov_CharacterSystem\web\photos\mp_f_freemode_01-torso_1-95.webp	4546
C:\admirales\script_ver\script_ver\quarantine\under-review\17mov_CharacterSystem\web\photos\mp_f_freemode_01-torso_1-96.webp	5108
C:\admirales\script_ver\script_ver\quarantine\under-review\17mov_CharacterSystem\web\photos\mp_f_freemode_01-torso_1-97.webp	3662
C:\admirales\script_ver\script_ver\quarantine\under-review\17mov_CharacterSystem\web\photos\mp_f_freemode_01-torso_1-98.webp	4222
C:\admirales\script_ver\script_ver\quarantine\under-review\17mov_CharacterSystem\web\photos\mp_f_freemode_01-torso_1-99.webp	4074
C:\admirales\script_ver\script_ver\quarantine\under-review\17mov_CharacterSystem\web\photos\mp_f_freemode_01-tshirt_1-0.webp	2492
C:\admirales\script_ver\script_ver\quarantine\under-review\17mov_CharacterSystem\web\photos\mp_f_freemode_01-tshirt_1-1.webp	1126
C:\admirales\script_ver\script_ver\quarantine\under-review\17mov_CharacterSystem\web\photos\mp_f_freemode_01-tshirt_1-10.webp	776
C:\admirales\script_ver\script_ver\quarantine\under-review\17mov_CharacterSystem\web\photos\mp_f_freemode_01-tshirt_1-100.webp	1978
C:\admirales\script_ver\script_ver\quarantine\under-review\17mov_CharacterSystem\web\photos\mp_f_freemode_01-tshirt_1-101.webp	1892
C:\admirales\script_ver\script_ver\quarantine\under-review\17mov_CharacterSystem\web\photos\mp_f_freemode_01-tshirt_1-102.webp	3748
C:\admirales\script_ver\script_ver\quarantine\under-review\17mov_CharacterSystem\web\photos\mp_f_freemode_01-tshirt_1-103.webp	3654
C:\admirales\script_ver\script_ver\quarantine\under-review\17mov_CharacterSystem\web\photos\mp_f_freemode_01-tshirt_1-104.webp	1444
C:\admirales\script_ver\script_ver\quarantine\under-review\17mov_CharacterSystem\web\photos\mp_f_freemode_01-tshirt_1-105.webp	6064
C:\admirales\script_ver\script_ver\quarantine\under-review\17mov_CharacterSystem\web\photos\mp_f_freemode_01-tshirt_1-106.webp	3008
C:\admirales\script_ver\script_ver\quarantine\under-review\17mov_CharacterSystem\web\photos\mp_f_freemode_01-tshirt_1-107.webp	1854
C:\admirales\script_ver\script_ver\quarantine\under-review\17mov_CharacterSystem\web\photos\mp_f_freemode_01-tshirt_1-108.webp	3078
C:\admirales\script_ver\script_ver\quarantine\under-review\17mov_CharacterSystem\web\photos\mp_f_freemode_01-tshirt_1-109.webp	2216
C:\admirales\script_ver\script_ver\quarantine\under-review\17mov_CharacterSystem\web\photos\mp_f_freemode_01-tshirt_1-11.webp	1958
C:\admirales\script_ver\script_ver\quarantine\under-review\17mov_CharacterSystem\web\photos\mp_f_freemode_01-tshirt_1-110.webp	2654
C:\admirales\script_ver\script_ver\quarantine\under-review\17mov_CharacterSystem\web\photos\mp_f_freemode_01-tshirt_1-111.webp	3082
C:\admirales\script_ver\script_ver\quarantine\under-review\17mov_CharacterSystem\web\photos\mp_f_freemode_01-tshirt_1-112.webp	3112
C:\admirales\script_ver\script_ver\quarantine\under-review\17mov_CharacterSystem\web\photos\mp_f_freemode_01-tshirt_1-113.webp	1916
C:\admirales\script_ver\script_ver\quarantine\under-review\17mov_CharacterSystem\web\photos\mp_f_freemode_01-tshirt_1-114.webp	3366
C:\admirales\script_ver\script_ver\quarantine\under-review\17mov_CharacterSystem\web\photos\mp_f_freemode_01-tshirt_1-115.webp	2552
C:\admirales\script_ver\script_ver\quarantine\under-review\17mov_CharacterSystem\web\photos\mp_f_freemode_01-tshirt_1-116.webp	2638
C:\admirales\script_ver\script_ver\quarantine\under-review\17mov_CharacterSystem\web\photos\mp_f_freemode_01-tshirt_1-117.webp	3332
C:\admirales\script_ver\script_ver\quarantine\under-review\17mov_CharacterSystem\web\photos\mp_f_freemode_01-tshirt_1-118.webp	5092
C:\admirales\script_ver\script_ver\quarantine\under-review\17mov_CharacterSystem\web\photos\mp_f_freemode_01-tshirt_1-119.webp	3556
C:\admirales\script_ver\script_ver\quarantine\under-review\17mov_CharacterSystem\web\photos\mp_f_freemode_01-tshirt_1-12.webp	2904
C:\admirales\script_ver\script_ver\quarantine\under-review\17mov_CharacterSystem\web\photos\mp_f_freemode_01-tshirt_1-120.webp	3450
C:\admirales\script_ver\script_ver\quarantine\under-review\17mov_CharacterSystem\web\photos\mp_f_freemode_01-tshirt_1-121.webp	4032
C:\admirales\script_ver\script_ver\quarantine\under-review\17mov_CharacterSystem\web\photos\mp_f_freemode_01-tshirt_1-122.webp	2110
C:\admirales\script_ver\script_ver\quarantine\under-review\17mov_CharacterSystem\web\photos\mp_f_freemode_01-tshirt_1-123.webp	3938
C:\admirales\script_ver\script_ver\quarantine\under-review\17mov_CharacterSystem\web\photos\mp_f_freemode_01-tshirt_1-124.webp	5022
C:\admirales\script_ver\script_ver\quarantine\under-review\17mov_CharacterSystem\web\photos\mp_f_freemode_01-tshirt_1-125.webp	3038
C:\admirales\script_ver\script_ver\quarantine\under-review\17mov_CharacterSystem\web\photos\mp_f_freemode_01-tshirt_1-126.webp	3480
C:\admirales\script_ver\script_ver\quarantine\under-review\17mov_CharacterSystem\web\photos\mp_f_freemode_01-tshirt_1-127.webp	3820
C:\admirales\script_ver\script_ver\quarantine\under-review\17mov_CharacterSystem\web\photos\mp_f_freemode_01-tshirt_1-128.webp	3864
C:\admirales\script_ver\script_ver\quarantine\under-review\17mov_CharacterSystem\web\photos\mp_f_freemode_01-tshirt_1-129.webp	2202
C:\admirales\script_ver\script_ver\quarantine\under-review\17mov_CharacterSystem\web\photos\mp_f_freemode_01-tshirt_1-13.webp	1526
C:\admirales\script_ver\script_ver\quarantine\under-review\17mov_CharacterSystem\web\photos\mp_f_freemode_01-tshirt_1-130.webp	3804
C:\admirales\script_ver\script_ver\quarantine\under-review\17mov_CharacterSystem\web\photos\mp_f_freemode_01-tshirt_1-131.webp	1974
C:\admirales\script_ver\script_ver\quarantine\under-review\17mov_CharacterSystem\web\photos\mp_f_freemode_01-tshirt_1-132.webp	4026
C:\admirales\script_ver\script_ver\quarantine\under-review\17mov_CharacterSystem\web\photos\mp_f_freemode_01-tshirt_1-133.webp	2490
C:\admirales\script_ver\script_ver\quarantine\under-review\17mov_CharacterSystem\web\photos\mp_f_freemode_01-tshirt_1-134.webp	2798
C:\admirales\script_ver\script_ver\quarantine\under-review\17mov_CharacterSystem\web\photos\mp_f_freemode_01-tshirt_1-135.webp	3948
C:\admirales\script_ver\script_ver\quarantine\under-review\17mov_CharacterSystem\web\photos\mp_f_freemode_01-tshirt_1-136.webp	3668
C:\admirales\script_ver\script_ver\quarantine\under-review\17mov_CharacterSystem\web\photos\mp_f_freemode_01-tshirt_1-137.webp	1976
C:\admirales\script_ver\script_ver\quarantine\under-review\17mov_CharacterSystem\web\photos\mp_f_freemode_01-tshirt_1-138.webp	3596
C:\admirales\script_ver\script_ver\quarantine\under-review\17mov_CharacterSystem\web\photos\mp_f_freemode_01-tshirt_1-139.webp	2562
C:\admirales\script_ver\script_ver\quarantine\under-review\17mov_CharacterSystem\web\photos\mp_f_freemode_01-tshirt_1-14.webp	776
C:\admirales\script_ver\script_ver\quarantine\under-review\17mov_CharacterSystem\web\photos\mp_f_freemode_01-tshirt_1-140.webp	2746
C:\admirales\script_ver\script_ver\quarantine\under-review\17mov_CharacterSystem\web\photos\mp_f_freemode_01-tshirt_1-141.webp	3596
C:\admirales\script_ver\script_ver\quarantine\under-review\17mov_CharacterSystem\web\photos\mp_f_freemode_01-tshirt_1-142.webp	2400
C:\admirales\script_ver\script_ver\quarantine\under-review\17mov_CharacterSystem\web\photos\mp_f_freemode_01-tshirt_1-143.webp	1946
C:\admirales\script_ver\script_ver\quarantine\under-review\17mov_CharacterSystem\web\photos\mp_f_freemode_01-tshirt_1-144.webp	1920
C:\admirales\script_ver\script_ver\quarantine\under-review\17mov_CharacterSystem\web\photos\mp_f_freemode_01-tshirt_1-145.webp	1788
C:\admirales\script_ver\script_ver\quarantine\under-review\17mov_CharacterSystem\web\photos\mp_f_freemode_01-tshirt_1-146.webp	1336
C:\admirales\script_ver\script_ver\quarantine\under-review\17mov_CharacterSystem\web\photos\mp_f_freemode_01-tshirt_1-147.webp	1636
C:\admirales\script_ver\script_ver\quarantine\under-review\17mov_CharacterSystem\web\photos\mp_f_freemode_01-tshirt_1-148.webp	2492
C:\admirales\script_ver\script_ver\quarantine\under-review\17mov_CharacterSystem\web\photos\mp_f_freemode_01-tshirt_1-149.webp	2780
C:\admirales\script_ver\script_ver\quarantine\under-review\17mov_CharacterSystem\web\photos\mp_f_freemode_01-tshirt_1-15.webp	1036
C:\admirales\script_ver\script_ver\quarantine\under-review\17mov_CharacterSystem\web\photos\mp_f_freemode_01-tshirt_1-150.webp	2506
C:\admirales\script_ver\script_ver\quarantine\under-review\17mov_CharacterSystem\web\photos\mp_f_freemode_01-tshirt_1-151.webp	1848
C:\admirales\script_ver\script_ver\quarantine\under-review\17mov_CharacterSystem\web\photos\mp_f_freemode_01-tshirt_1-152.webp	1940
C:\admirales\script_ver\script_ver\quarantine\under-review\17mov_CharacterSystem\web\photos\mp_f_freemode_01-tshirt_1-153.webp	3304
C:\admirales\script_ver\script_ver\quarantine\under-review\17mov_CharacterSystem\web\photos\mp_f_freemode_01-tshirt_1-154.webp	2410
C:\admirales\script_ver\script_ver\quarantine\under-review\17mov_CharacterSystem\web\photos\mp_f_freemode_01-tshirt_1-155.webp	2556
C:\admirales\script_ver\script_ver\quarantine\under-review\17mov_CharacterSystem\web\photos\mp_f_freemode_01-tshirt_1-156.webp	2446
C:\admirales\script_ver\script_ver\quarantine\under-review\17mov_CharacterSystem\web\photos\mp_f_freemode_01-tshirt_1-157.webp	2688
C:\admirales\script_ver\script_ver\quarantine\under-review\17mov_CharacterSystem\web\photos\mp_f_freemode_01-tshirt_1-158.webp	3526
C:\admirales\script_ver\script_ver\quarantine\under-review\17mov_CharacterSystem\web\photos\mp_f_freemode_01-tshirt_1-159.webp	1930
C:\admirales\script_ver\script_ver\quarantine\under-review\17mov_CharacterSystem\web\photos\mp_f_freemode_01-tshirt_1-16.webp	1914
C:\admirales\script_ver\script_ver\quarantine\under-review\17mov_CharacterSystem\web\photos\mp_f_freemode_01-tshirt_1-160.webp	1160
C:\admirales\script_ver\script_ver\quarantine\under-review\17mov_CharacterSystem\web\photos\mp_f_freemode_01-tshirt_1-161.webp	2090
C:\admirales\script_ver\script_ver\quarantine\under-review\17mov_CharacterSystem\web\photos\mp_f_freemode_01-tshirt_1-162.webp	2632
C:\admirales\script_ver\script_ver\quarantine\under-review\17mov_CharacterSystem\web\photos\mp_f_freemode_01-tshirt_1-163.webp	2744
C:\admirales\script_ver\script_ver\quarantine\under-review\17mov_CharacterSystem\web\photos\mp_f_freemode_01-tshirt_1-164.webp	2170
C:\admirales\script_ver\script_ver\quarantine\under-review\17mov_CharacterSystem\web\photos\mp_f_freemode_01-tshirt_1-165.webp	2218
C:\admirales\script_ver\script_ver\quarantine\under-review\17mov_CharacterSystem\web\photos\mp_f_freemode_01-tshirt_1-166.webp	1258
C:\admirales\script_ver\script_ver\quarantine\under-review\17mov_CharacterSystem\web\photos\mp_f_freemode_01-tshirt_1-167.webp	1900
C:\admirales\script_ver\script_ver\quarantine\under-review\17mov_CharacterSystem\web\photos\mp_f_freemode_01-tshirt_1-168.webp	2904
C:\admirales\script_ver\script_ver\quarantine\under-review\17mov_CharacterSystem\web\photos\mp_f_freemode_01-tshirt_1-169.webp	2300
C:\admirales\script_ver\script_ver\quarantine\under-review\17mov_CharacterSystem\web\photos\mp_f_freemode_01-tshirt_1-17.webp	1124
C:\admirales\script_ver\script_ver\quarantine\under-review\17mov_CharacterSystem\web\photos\mp_f_freemode_01-tshirt_1-170.webp	2206
C:\admirales\script_ver\script_ver\quarantine\under-review\17mov_CharacterSystem\web\photos\mp_f_freemode_01-tshirt_1-171.webp	1932
C:\admirales\script_ver\script_ver\quarantine\under-review\17mov_CharacterSystem\web\photos\mp_f_freemode_01-tshirt_1-172.webp	1716
C:\admirales\script_ver\script_ver\quarantine\under-review\17mov_CharacterSystem\web\photos\mp_f_freemode_01-tshirt_1-173.webp	1252
C:\admirales\script_ver\script_ver\quarantine\under-review\17mov_CharacterSystem\web\photos\mp_f_freemode_01-tshirt_1-174.webp	2160
C:\admirales\script_ver\script_ver\quarantine\under-review\17mov_CharacterSystem\web\photos\mp_f_freemode_01-tshirt_1-175.webp	2764
C:\admirales\script_ver\script_ver\quarantine\under-review\17mov_CharacterSystem\web\photos\mp_f_freemode_01-tshirt_1-176.webp	4564
C:\admirales\script_ver\script_ver\quarantine\under-review\17mov_CharacterSystem\web\photos\mp_f_freemode_01-tshirt_1-177.webp	1214
C:\admirales\script_ver\script_ver\quarantine\under-review\17mov_CharacterSystem\web\photos\mp_f_freemode_01-tshirt_1-178.webp	2680
C:\admirales\script_ver\script_ver\quarantine\under-review\17mov_CharacterSystem\web\photos\mp_f_freemode_01-tshirt_1-179.webp	2928
C:\admirales\script_ver\script_ver\quarantine\under-review\17mov_CharacterSystem\web\photos\mp_f_freemode_01-tshirt_1-18.webp	2452
C:\admirales\script_ver\script_ver\quarantine\under-review\17mov_CharacterSystem\web\photos\mp_f_freemode_01-tshirt_1-180.webp	2184
C:\admirales\script_ver\script_ver\quarantine\under-review\17mov_CharacterSystem\web\photos\mp_f_freemode_01-tshirt_1-181.webp	2264
C:\admirales\script_ver\script_ver\quarantine\under-review\17mov_CharacterSystem\web\photos\mp_f_freemode_01-tshirt_1-182.webp	1306
C:\admirales\script_ver\script_ver\quarantine\under-review\17mov_CharacterSystem\web\photos\mp_f_freemode_01-tshirt_1-183.webp	1920
C:\admirales\script_ver\script_ver\quarantine\under-review\17mov_CharacterSystem\web\photos\mp_f_freemode_01-tshirt_1-184.webp	2406
C:\admirales\script_ver\script_ver\quarantine\under-review\17mov_CharacterSystem\web\photos\mp_f_freemode_01-tshirt_1-185.webp	3050
C:\admirales\script_ver\script_ver\quarantine\under-review\17mov_CharacterSystem\web\photos\mp_f_freemode_01-tshirt_1-186.webp	1862
C:\admirales\script_ver\script_ver\quarantine\under-review\17mov_CharacterSystem\web\photos\mp_f_freemode_01-tshirt_1-187.webp	3372
C:\admirales\script_ver\script_ver\quarantine\under-review\17mov_CharacterSystem\web\photos\mp_f_freemode_01-tshirt_1-188.webp	2436
C:\admirales\script_ver\script_ver\quarantine\under-review\17mov_CharacterSystem\web\photos\mp_f_freemode_01-tshirt_1-189.webp	1828
C:\admirales\script_ver\script_ver\quarantine\under-review\17mov_CharacterSystem\web\photos\mp_f_freemode_01-tshirt_1-19.webp	1524
C:\admirales\script_ver\script_ver\quarantine\under-review\17mov_CharacterSystem\web\photos\mp_f_freemode_01-tshirt_1-190.webp	2198
C:\admirales\script_ver\script_ver\quarantine\under-review\17mov_CharacterSystem\web\photos\mp_f_freemode_01-tshirt_1-191.webp	2150
C:\admirales\script_ver\script_ver\quarantine\under-review\17mov_CharacterSystem\web\photos\mp_f_freemode_01-tshirt_1-192.webp	2444
C:\admirales\script_ver\script_ver\quarantine\under-review\17mov_CharacterSystem\web\photos\mp_f_freemode_01-tshirt_1-193.webp	2712
C:\admirales\script_ver\script_ver\quarantine\under-review\17mov_CharacterSystem\web\photos\mp_f_freemode_01-tshirt_1-194.webp	2668
C:\admirales\script_ver\script_ver\quarantine\under-review\17mov_CharacterSystem\web\photos\mp_f_freemode_01-tshirt_1-195.webp	1964
C:\admirales\script_ver\script_ver\quarantine\under-review\17mov_CharacterSystem\web\photos\mp_f_freemode_01-tshirt_1-196.webp	1958
C:\admirales\script_ver\script_ver\quarantine\under-review\17mov_CharacterSystem\web\photos\mp_f_freemode_01-tshirt_1-197.webp	1916
C:\admirales\script_ver\script_ver\quarantine\under-review\17mov_CharacterSystem\web\photos\mp_f_freemode_01-tshirt_1-198.webp	1918
C:\admirales\script_ver\script_ver\quarantine\under-review\17mov_CharacterSystem\web\photos\mp_f_freemode_01-tshirt_1-199.webp	2626
C:\admirales\script_ver\script_ver\quarantine\under-review\17mov_CharacterSystem\web\photos\mp_f_freemode_01-tshirt_1-2.webp	776
C:\admirales\script_ver\script_ver\quarantine\under-review\17mov_CharacterSystem\web\photos\mp_f_freemode_01-tshirt_1-20.webp	1500
C:\admirales\script_ver\script_ver\quarantine\under-review\17mov_CharacterSystem\web\photos\mp_f_freemode_01-tshirt_1-200.webp	1784
C:\admirales\script_ver\script_ver\quarantine\under-review\17mov_CharacterSystem\web\photos\mp_f_freemode_01-tshirt_1-201.webp	2740
C:\admirales\script_ver\script_ver\quarantine\under-review\17mov_CharacterSystem\web\photos\mp_f_freemode_01-tshirt_1-202.webp	2494
C:\admirales\script_ver\script_ver\quarantine\under-review\17mov_CharacterSystem\web\photos\mp_f_freemode_01-tshirt_1-203.webp	2260
C:\admirales\script_ver\script_ver\quarantine\under-review\17mov_CharacterSystem\web\photos\mp_f_freemode_01-tshirt_1-204.webp	2242
C:\admirales\script_ver\script_ver\quarantine\under-review\17mov_CharacterSystem\web\photos\mp_f_freemode_01-tshirt_1-205.webp	1298
C:\admirales\script_ver\script_ver\quarantine\under-review\17mov_CharacterSystem\web\photos\mp_f_freemode_01-tshirt_1-206.webp	1906
C:\admirales\script_ver\script_ver\quarantine\under-review\17mov_CharacterSystem\web\photos\mp_f_freemode_01-tshirt_1-207.webp	2034
C:\admirales\script_ver\script_ver\quarantine\under-review\17mov_CharacterSystem\web\photos\mp_f_freemode_01-tshirt_1-208.webp	3708
C:\admirales\script_ver\script_ver\quarantine\under-review\17mov_CharacterSystem\web\photos\mp_f_freemode_01-tshirt_1-209.webp	4214
C:\admirales\script_ver\script_ver\quarantine\under-review\17mov_CharacterSystem\web\photos\mp_f_freemode_01-tshirt_1-21.webp	1112
C:\admirales\script_ver\script_ver\quarantine\under-review\17mov_CharacterSystem\web\photos\mp_f_freemode_01-tshirt_1-210.webp	3404
C:\admirales\script_ver\script_ver\quarantine\under-review\17mov_CharacterSystem\web\photos\mp_f_freemode_01-tshirt_1-211.webp	3150
C:\admirales\script_ver\script_ver\quarantine\under-review\17mov_CharacterSystem\web\photos\mp_f_freemode_01-tshirt_1-212.webp	2530
C:\admirales\script_ver\script_ver\quarantine\under-review\17mov_CharacterSystem\web\photos\mp_f_freemode_01-tshirt_1-213.webp	2394
C:\admirales\script_ver\script_ver\quarantine\under-review\17mov_CharacterSystem\web\photos\mp_f_freemode_01-tshirt_1-214.webp	1410
C:\admirales\script_ver\script_ver\quarantine\under-review\17mov_CharacterSystem\web\photos\mp_f_freemode_01-tshirt_1-215.webp	2094
C:\admirales\script_ver\script_ver\quarantine\under-review\17mov_CharacterSystem\web\photos\mp_f_freemode_01-tshirt_1-216.webp	2264
C:\admirales\script_ver\script_ver\quarantine\under-review\17mov_CharacterSystem\web\photos\mp_f_freemode_01-tshirt_1-217.webp	2324
C:\admirales\script_ver\script_ver\quarantine\under-review\17mov_CharacterSystem\web\photos\mp_f_freemode_01-tshirt_1-218.webp	2460
C:\admirales\script_ver\script_ver\quarantine\under-review\17mov_CharacterSystem\web\photos\mp_f_freemode_01-tshirt_1-219.webp	3702
C:\admirales\script_ver\script_ver\quarantine\under-review\17mov_CharacterSystem\web\photos\mp_f_freemode_01-tshirt_1-22.webp	1800
C:\admirales\script_ver\script_ver\quarantine\under-review\17mov_CharacterSystem\web\photos\mp_f_freemode_01-tshirt_1-220.webp	3570
C:\admirales\script_ver\script_ver\quarantine\under-review\17mov_CharacterSystem\web\photos\mp_f_freemode_01-tshirt_1-221.webp	2450
C:\admirales\script_ver\script_ver\quarantine\under-review\17mov_CharacterSystem\web\photos\mp_f_freemode_01-tshirt_1-222.webp	7298
C:\admirales\script_ver\script_ver\quarantine\under-review\17mov_CharacterSystem\web\photos\mp_f_freemode_01-tshirt_1-223.webp	4198
C:\admirales\script_ver\script_ver\quarantine\under-review\17mov_CharacterSystem\web\photos\mp_f_freemode_01-tshirt_1-224.webp	4292
C:\admirales\script_ver\script_ver\quarantine\under-review\17mov_CharacterSystem\web\photos\mp_f_freemode_01-tshirt_1-225.webp	5742
C:\admirales\script_ver\script_ver\quarantine\under-review\17mov_CharacterSystem\web\photos\mp_f_freemode_01-tshirt_1-226.webp	2546
C:\admirales\script_ver\script_ver\quarantine\under-review\17mov_CharacterSystem\web\photos\mp_f_freemode_01-tshirt_1-227.webp	5942
C:\admirales\script_ver\script_ver\quarantine\under-review\17mov_CharacterSystem\web\photos\mp_f_freemode_01-tshirt_1-228.webp	6870
C:\admirales\script_ver\script_ver\quarantine\under-review\17mov_CharacterSystem\web\photos\mp_f_freemode_01-tshirt_1-229.webp	3730
C:\admirales\script_ver\script_ver\quarantine\under-review\17mov_CharacterSystem\web\photos\mp_f_freemode_01-tshirt_1-23.webp	3096
C:\admirales\script_ver\script_ver\quarantine\under-review\17mov_CharacterSystem\web\photos\mp_f_freemode_01-tshirt_1-230.webp	4374
C:\admirales\script_ver\script_ver\quarantine\under-review\17mov_CharacterSystem\web\photos\mp_f_freemode_01-tshirt_1-231.webp	5436
C:\admirales\script_ver\script_ver\quarantine\under-review\17mov_CharacterSystem\web\photos\mp_f_freemode_01-tshirt_1-232.webp	5970
C:\admirales\script_ver\script_ver\quarantine\under-review\17mov_CharacterSystem\web\photos\mp_f_freemode_01-tshirt_1-233.webp	2804
C:\admirales\script_ver\script_ver\quarantine\under-review\17mov_CharacterSystem\web\photos\mp_f_freemode_01-tshirt_1-234.webp	9842
C:\admirales\script_ver\script_ver\quarantine\under-review\17mov_CharacterSystem\web\photos\mp_f_freemode_01-tshirt_1-235.webp	3144
C:\admirales\script_ver\script_ver\quarantine\under-review\17mov_CharacterSystem\web\photos\mp_f_freemode_01-tshirt_1-236.webp	1206
C:\admirales\script_ver\script_ver\quarantine\under-review\17mov_CharacterSystem\web\photos\mp_f_freemode_01-tshirt_1-237.webp	1340
C:\admirales\script_ver\script_ver\quarantine\under-review\17mov_CharacterSystem\web\photos\mp_f_freemode_01-tshirt_1-238.webp	776
C:\admirales\script_ver\script_ver\quarantine\under-review\17mov_CharacterSystem\web\photos\mp_f_freemode_01-tshirt_1-239.webp	776
C:\admirales\script_ver\script_ver\quarantine\under-review\17mov_CharacterSystem\web\photos\mp_f_freemode_01-tshirt_1-24.webp	2468
C:\admirales\script_ver\script_ver\quarantine\under-review\17mov_CharacterSystem\web\photos\mp_f_freemode_01-tshirt_1-240.webp	776
C:\admirales\script_ver\script_ver\quarantine\under-review\17mov_CharacterSystem\web\photos\mp_f_freemode_01-tshirt_1-241.webp	776
C:\admirales\script_ver\script_ver\quarantine\under-review\17mov_CharacterSystem\web\photos\mp_f_freemode_01-tshirt_1-242.webp	776
C:\admirales\script_ver\script_ver\quarantine\under-review\17mov_CharacterSystem\web\photos\mp_f_freemode_01-tshirt_1-243.webp	776
C:\admirales\script_ver\script_ver\quarantine\under-review\17mov_CharacterSystem\web\photos\mp_f_freemode_01-tshirt_1-244.webp	2366
C:\admirales\script_ver\script_ver\quarantine\under-review\17mov_CharacterSystem\web\photos\mp_f_freemode_01-tshirt_1-245.webp	1734
C:\admirales\script_ver\script_ver\quarantine\under-review\17mov_CharacterSystem\web\photos\mp_f_freemode_01-tshirt_1-246.webp	9226
C:\admirales\script_ver\script_ver\quarantine\under-review\17mov_CharacterSystem\web\photos\mp_f_freemode_01-tshirt_1-247.webp	1396
C:\admirales\script_ver\script_ver\quarantine\under-review\17mov_CharacterSystem\web\photos\mp_f_freemode_01-tshirt_1-248.webp	2178
C:\admirales\script_ver\script_ver\quarantine\under-review\17mov_CharacterSystem\web\photos\mp_f_freemode_01-tshirt_1-249.webp	776
C:\admirales\script_ver\script_ver\quarantine\under-review\17mov_CharacterSystem\web\photos\mp_f_freemode_01-tshirt_1-25.webp	2452
C:\admirales\script_ver\script_ver\quarantine\under-review\17mov_CharacterSystem\web\photos\mp_f_freemode_01-tshirt_1-250.webp	10232
C:\admirales\script_ver\script_ver\quarantine\under-review\17mov_CharacterSystem\web\photos\mp_f_freemode_01-tshirt_1-251.webp	776
C:\admirales\script_ver\script_ver\quarantine\under-review\17mov_CharacterSystem\web\photos\mp_f_freemode_01-tshirt_1-252.webp	1338
C:\admirales\script_ver\script_ver\quarantine\under-review\17mov_CharacterSystem\web\photos\mp_f_freemode_01-tshirt_1-253.webp	776
C:\admirales\script_ver\script_ver\quarantine\under-review\17mov_CharacterSystem\web\photos\mp_f_freemode_01-tshirt_1-26.webp	1980
C:\admirales\script_ver\script_ver\quarantine\under-review\17mov_CharacterSystem\web\photos\mp_f_freemode_01-tshirt_1-27.webp	3970
C:\admirales\script_ver\script_ver\quarantine\under-review\17mov_CharacterSystem\web\photos\mp_f_freemode_01-tshirt_1-28.webp	1380
C:\admirales\script_ver\script_ver\quarantine\under-review\17mov_CharacterSystem\web\photos\mp_f_freemode_01-tshirt_1-29.webp	2740
C:\admirales\script_ver\script_ver\quarantine\under-review\17mov_CharacterSystem\web\photos\mp_f_freemode_01-tshirt_1-3.webp	776
C:\admirales\script_ver\script_ver\quarantine\under-review\17mov_CharacterSystem\web\photos\mp_f_freemode_01-tshirt_1-30.webp	2066
C:\admirales\script_ver\script_ver\quarantine\under-review\17mov_CharacterSystem\web\photos\mp_f_freemode_01-tshirt_1-31.webp	1898
C:\admirales\script_ver\script_ver\quarantine\under-review\17mov_CharacterSystem\web\photos\mp_f_freemode_01-tshirt_1-32.webp	3178
C:\admirales\script_ver\script_ver\quarantine\under-review\17mov_CharacterSystem\web\photos\mp_f_freemode_01-tshirt_1-33.webp	4166
C:\admirales\script_ver\script_ver\quarantine\under-review\17mov_CharacterSystem\web\photos\mp_f_freemode_01-tshirt_1-34.webp	852
C:\admirales\script_ver\script_ver\quarantine\under-review\17mov_CharacterSystem\web\photos\mp_f_freemode_01-tshirt_1-35.webp	2116
C:\admirales\script_ver\script_ver\quarantine\under-review\17mov_CharacterSystem\web\photos\mp_f_freemode_01-tshirt_1-36.webp	3818
C:\admirales\script_ver\script_ver\quarantine\under-review\17mov_CharacterSystem\web\photos\mp_f_freemode_01-tshirt_1-37.webp	2418
C:\admirales\script_ver\script_ver\quarantine\under-review\17mov_CharacterSystem\web\photos\mp_f_freemode_01-tshirt_1-38.webp	2422
C:\admirales\script_ver\script_ver\quarantine\under-review\17mov_CharacterSystem\web\photos\mp_f_freemode_01-tshirt_1-39.webp	2466
C:\admirales\script_ver\script_ver\quarantine\under-review\17mov_CharacterSystem\web\photos\mp_f_freemode_01-tshirt_1-4.webp	2134
C:\admirales\script_ver\script_ver\quarantine\under-review\17mov_CharacterSystem\web\photos\mp_f_freemode_01-tshirt_1-40.webp	2070
C:\admirales\script_ver\script_ver\quarantine\under-review\17mov_CharacterSystem\web\photos\mp_f_freemode_01-tshirt_1-41.webp	2042
C:\admirales\script_ver\script_ver\quarantine\under-review\17mov_CharacterSystem\web\photos\mp_f_freemode_01-tshirt_1-42.webp	1544
C:\admirales\script_ver\script_ver\quarantine\under-review\17mov_CharacterSystem\web\photos\mp_f_freemode_01-tshirt_1-43.webp	1206
C:\admirales\script_ver\script_ver\quarantine\under-review\17mov_CharacterSystem\web\photos\mp_f_freemode_01-tshirt_1-44.webp	1314
C:\admirales\script_ver\script_ver\quarantine\under-review\17mov_CharacterSystem\web\photos\mp_f_freemode_01-tshirt_1-45.webp	2894
C:\admirales\script_ver\script_ver\quarantine\under-review\17mov_CharacterSystem\web\photos\mp_f_freemode_01-tshirt_1-46.webp	1568
C:\admirales\script_ver\script_ver\quarantine\under-review\17mov_CharacterSystem\web\photos\mp_f_freemode_01-tshirt_1-47.webp	1580
C:\admirales\script_ver\script_ver\quarantine\under-review\17mov_CharacterSystem\web\photos\mp_f_freemode_01-tshirt_1-48.webp	2062
C:\admirales\script_ver\script_ver\quarantine\under-review\17mov_CharacterSystem\web\photos\mp_f_freemode_01-tshirt_1-49.webp	2566
C:\admirales\script_ver\script_ver\quarantine\under-review\17mov_CharacterSystem\web\photos\mp_f_freemode_01-tshirt_1-5.webp	1136
C:\admirales\script_ver\script_ver\quarantine\under-review\17mov_CharacterSystem\web\photos\mp_f_freemode_01-tshirt_1-50.webp	2932
C:\admirales\script_ver\script_ver\quarantine\under-review\17mov_CharacterSystem\web\photos\mp_f_freemode_01-tshirt_1-51.webp	2010
C:\admirales\script_ver\script_ver\quarantine\under-review\17mov_CharacterSystem\web\photos\mp_f_freemode_01-tshirt_1-52.webp	2144
C:\admirales\script_ver\script_ver\quarantine\under-review\17mov_CharacterSystem\web\photos\mp_f_freemode_01-tshirt_1-53.webp	1862
C:\admirales\script_ver\script_ver\quarantine\under-review\17mov_CharacterSystem\web\photos\mp_f_freemode_01-tshirt_1-54.webp	2218
C:\admirales\script_ver\script_ver\quarantine\under-review\17mov_CharacterSystem\web\photos\mp_f_freemode_01-tshirt_1-55.webp	1072
C:\admirales\script_ver\script_ver\quarantine\under-review\17mov_CharacterSystem\web\photos\mp_f_freemode_01-tshirt_1-56.webp	1196
C:\admirales\script_ver\script_ver\quarantine\under-review\17mov_CharacterSystem\web\photos\mp_f_freemode_01-tshirt_1-57.webp	1866
C:\admirales\script_ver\script_ver\quarantine\under-review\17mov_CharacterSystem\web\photos\mp_f_freemode_01-tshirt_1-58.webp	1258
C:\admirales\script_ver\script_ver\quarantine\under-review\17mov_CharacterSystem\web\photos\mp_f_freemode_01-tshirt_1-59.webp	2046
C:\admirales\script_ver\script_ver\quarantine\under-review\17mov_CharacterSystem\web\photos\mp_f_freemode_01-tshirt_1-6.webp	776
C:\admirales\script_ver\script_ver\quarantine\under-review\17mov_CharacterSystem\web\photos\mp_f_freemode_01-tshirt_1-60.webp	1586
C:\admirales\script_ver\script_ver\quarantine\under-review\17mov_CharacterSystem\web\photos\mp_f_freemode_01-tshirt_1-61.webp	2140
C:\admirales\script_ver\script_ver\quarantine\under-review\17mov_CharacterSystem\web\photos\mp_f_freemode_01-tshirt_1-62.webp	1406
C:\admirales\script_ver\script_ver\quarantine\under-review\17mov_CharacterSystem\web\photos\mp_f_freemode_01-tshirt_1-63.webp	2378
C:\admirales\script_ver\script_ver\quarantine\under-review\17mov_CharacterSystem\web\photos\mp_f_freemode_01-tshirt_1-64.webp	2188
C:\admirales\script_ver\script_ver\quarantine\under-review\17mov_CharacterSystem\web\photos\mp_f_freemode_01-tshirt_1-65.webp	3506
C:\admirales\script_ver\script_ver\quarantine\under-review\17mov_CharacterSystem\web\photos\mp_f_freemode_01-tshirt_1-66.webp	1326
C:\admirales\script_ver\script_ver\quarantine\under-review\17mov_CharacterSystem\web\photos\mp_f_freemode_01-tshirt_1-67.webp	1606
C:\admirales\script_ver\script_ver\quarantine\under-review\17mov_CharacterSystem\web\photos\mp_f_freemode_01-tshirt_1-68.webp	1884
C:\admirales\script_ver\script_ver\quarantine\under-review\17mov_CharacterSystem\web\photos\mp_f_freemode_01-tshirt_1-69.webp	1798
C:\admirales\script_ver\script_ver\quarantine\under-review\17mov_CharacterSystem\web\photos\mp_f_freemode_01-tshirt_1-7.webp	776
C:\admirales\script_ver\script_ver\quarantine\under-review\17mov_CharacterSystem\web\photos\mp_f_freemode_01-tshirt_1-70.webp	1304
C:\admirales\script_ver\script_ver\quarantine\under-review\17mov_CharacterSystem\web\photos\mp_f_freemode_01-tshirt_1-71.webp	2068
C:\admirales\script_ver\script_ver\quarantine\under-review\17mov_CharacterSystem\web\photos\mp_f_freemode_01-tshirt_1-72.webp	1918
C:\admirales\script_ver\script_ver\quarantine\under-review\17mov_CharacterSystem\web\photos\mp_f_freemode_01-tshirt_1-73.webp	1284
C:\admirales\script_ver\script_ver\quarantine\under-review\17mov_CharacterSystem\web\photos\mp_f_freemode_01-tshirt_1-74.webp	2226
C:\admirales\script_ver\script_ver\quarantine\under-review\17mov_CharacterSystem\web\photos\mp_f_freemode_01-tshirt_1-75.webp	3368
C:\admirales\script_ver\script_ver\quarantine\under-review\17mov_CharacterSystem\web\photos\mp_f_freemode_01-tshirt_1-76.webp	1326
C:\admirales\script_ver\script_ver\quarantine\under-review\17mov_CharacterSystem\web\photos\mp_f_freemode_01-tshirt_1-77.webp	1630
C:\admirales\script_ver\script_ver\quarantine\under-review\17mov_CharacterSystem\web\photos\mp_f_freemode_01-tshirt_1-78.webp	1964
C:\admirales\script_ver\script_ver\quarantine\under-review\17mov_CharacterSystem\web\photos\mp_f_freemode_01-tshirt_1-79.webp	1270
C:\admirales\script_ver\script_ver\quarantine\under-review\17mov_CharacterSystem\web\photos\mp_f_freemode_01-tshirt_1-8.webp	776
C:\admirales\script_ver\script_ver\quarantine\under-review\17mov_CharacterSystem\web\photos\mp_f_freemode_01-tshirt_1-80.webp	2298
C:\admirales\script_ver\script_ver\quarantine\under-review\17mov_CharacterSystem\web\photos\mp_f_freemode_01-tshirt_1-81.webp	2446
C:\admirales\script_ver\script_ver\quarantine\under-review\17mov_CharacterSystem\web\photos\mp_f_freemode_01-tshirt_1-82.webp	4002
C:\admirales\script_ver\script_ver\quarantine\under-review\17mov_CharacterSystem\web\photos\mp_f_freemode_01-tshirt_1-83.webp	2088
C:\admirales\script_ver\script_ver\quarantine\under-review\17mov_CharacterSystem\web\photos\mp_f_freemode_01-tshirt_1-84.webp	3272
C:\admirales\script_ver\script_ver\quarantine\under-review\17mov_CharacterSystem\web\photos\mp_f_freemode_01-tshirt_1-85.webp	3346
C:\admirales\script_ver\script_ver\quarantine\under-review\17mov_CharacterSystem\web\photos\mp_f_freemode_01-tshirt_1-86.webp	2726
C:\admirales\script_ver\script_ver\quarantine\under-review\17mov_CharacterSystem\web\photos\mp_f_freemode_01-tshirt_1-87.webp	2724
C:\admirales\script_ver\script_ver\quarantine\under-review\17mov_CharacterSystem\web\photos\mp_f_freemode_01-tshirt_1-88.webp	2654
C:\admirales\script_ver\script_ver\quarantine\under-review\17mov_CharacterSystem\web\photos\mp_f_freemode_01-tshirt_1-89.webp	2146
C:\admirales\script_ver\script_ver\quarantine\under-review\17mov_CharacterSystem\web\photos\mp_f_freemode_01-tshirt_1-9.webp	776
C:\admirales\script_ver\script_ver\quarantine\under-review\17mov_CharacterSystem\web\photos\mp_f_freemode_01-tshirt_1-90.webp	2164
C:\admirales\script_ver\script_ver\quarantine\under-review\17mov_CharacterSystem\web\photos\mp_f_freemode_01-tshirt_1-91.webp	2048
C:\admirales\script_ver\script_ver\quarantine\under-review\17mov_CharacterSystem\web\photos\mp_f_freemode_01-tshirt_1-92.webp	2592
C:\admirales\script_ver\script_ver\quarantine\under-review\17mov_CharacterSystem\web\photos\mp_f_freemode_01-tshirt_1-93.webp	2592
C:\admirales\script_ver\script_ver\quarantine\under-review\17mov_CharacterSystem\web\photos\mp_f_freemode_01-tshirt_1-94.webp	2248
C:\admirales\script_ver\script_ver\quarantine\under-review\17mov_CharacterSystem\web\photos\mp_f_freemode_01-tshirt_1-95.webp	2024
C:\admirales\script_ver\script_ver\quarantine\under-review\17mov_CharacterSystem\web\photos\mp_f_freemode_01-tshirt_1-96.webp	2284
C:\admirales\script_ver\script_ver\quarantine\under-review\17mov_CharacterSystem\web\photos\mp_f_freemode_01-tshirt_1-97.webp	1968
C:\admirales\script_ver\script_ver\quarantine\under-review\17mov_CharacterSystem\web\photos\mp_f_freemode_01-tshirt_1-98.webp	2122
C:\admirales\script_ver\script_ver\quarantine\under-review\17mov_CharacterSystem\web\photos\mp_f_freemode_01-tshirt_1-99.webp	2336
C:\admirales\script_ver\script_ver\quarantine\under-review\17mov_CharacterSystem\web\photos\mp_f_freemode_01-watches_1-0.webp	2256
C:\admirales\script_ver\script_ver\quarantine\under-review\17mov_CharacterSystem\web\photos\mp_f_freemode_01-watches_1-1.webp	1856
C:\admirales\script_ver\script_ver\quarantine\under-review\17mov_CharacterSystem\web\photos\mp_f_freemode_01-watches_1-10.webp	1930
C:\admirales\script_ver\script_ver\quarantine\under-review\17mov_CharacterSystem\web\photos\mp_f_freemode_01-watches_1-11.webp	2558
C:\admirales\script_ver\script_ver\quarantine\under-review\17mov_CharacterSystem\web\photos\mp_f_freemode_01-watches_1-12.webp	2056
C:\admirales\script_ver\script_ver\quarantine\under-review\17mov_CharacterSystem\web\photos\mp_f_freemode_01-watches_1-13.webp	2026
C:\admirales\script_ver\script_ver\quarantine\under-review\17mov_CharacterSystem\web\photos\mp_f_freemode_01-watches_1-14.webp	2114
C:\admirales\script_ver\script_ver\quarantine\under-review\17mov_CharacterSystem\web\photos\mp_f_freemode_01-watches_1-15.webp	1876
C:\admirales\script_ver\script_ver\quarantine\under-review\17mov_CharacterSystem\web\photos\mp_f_freemode_01-watches_1-16.webp	2582
C:\admirales\script_ver\script_ver\quarantine\under-review\17mov_CharacterSystem\web\photos\mp_f_freemode_01-watches_1-17.webp	4342
C:\admirales\script_ver\script_ver\quarantine\under-review\17mov_CharacterSystem\web\photos\mp_f_freemode_01-watches_1-18.webp	3172
C:\admirales\script_ver\script_ver\quarantine\under-review\17mov_CharacterSystem\web\photos\mp_f_freemode_01-watches_1-19.webp	1932
C:\admirales\script_ver\script_ver\quarantine\under-review\17mov_CharacterSystem\web\photos\mp_f_freemode_01-watches_1-2.webp	730
C:\admirales\script_ver\script_ver\quarantine\under-review\17mov_CharacterSystem\web\photos\mp_f_freemode_01-watches_1-20.webp	2406
C:\admirales\script_ver\script_ver\quarantine\under-review\17mov_CharacterSystem\web\photos\mp_f_freemode_01-watches_1-21.webp	1910
C:\admirales\script_ver\script_ver\quarantine\under-review\17mov_CharacterSystem\web\photos\mp_f_freemode_01-watches_1-22.webp	2078
C:\admirales\script_ver\script_ver\quarantine\under-review\17mov_CharacterSystem\web\photos\mp_f_freemode_01-watches_1-23.webp	2240
C:\admirales\script_ver\script_ver\quarantine\under-review\17mov_CharacterSystem\web\photos\mp_f_freemode_01-watches_1-24.webp	2070
C:\admirales\script_ver\script_ver\quarantine\under-review\17mov_CharacterSystem\web\photos\mp_f_freemode_01-watches_1-25.webp	2036
C:\admirales\script_ver\script_ver\quarantine\under-review\17mov_CharacterSystem\web\photos\mp_f_freemode_01-watches_1-26.webp	2078
C:\admirales\script_ver\script_ver\quarantine\under-review\17mov_CharacterSystem\web\photos\mp_f_freemode_01-watches_1-27.webp	1884
C:\admirales\script_ver\script_ver\quarantine\under-review\17mov_CharacterSystem\web\photos\mp_f_freemode_01-watches_1-28.webp	2490
C:\admirales\script_ver\script_ver\quarantine\under-review\17mov_CharacterSystem\web\photos\mp_f_freemode_01-watches_1-29.webp	2560
C:\admirales\script_ver\script_ver\quarantine\under-review\17mov_CharacterSystem\web\photos\mp_f_freemode_01-watches_1-3.webp	2072
C:\admirales\script_ver\script_ver\quarantine\under-review\17mov_CharacterSystem\web\photos\mp_f_freemode_01-watches_1-30.webp	4276
C:\admirales\script_ver\script_ver\quarantine\under-review\17mov_CharacterSystem\web\photos\mp_f_freemode_01-watches_1-31.webp	1916
C:\admirales\script_ver\script_ver\quarantine\under-review\17mov_CharacterSystem\web\photos\mp_f_freemode_01-watches_1-32.webp	2458
C:\admirales\script_ver\script_ver\quarantine\under-review\17mov_CharacterSystem\web\photos\mp_f_freemode_01-watches_1-33.webp	1702
C:\admirales\script_ver\script_ver\quarantine\under-review\17mov_CharacterSystem\web\photos\mp_f_freemode_01-watches_1-34.webp	2168
C:\admirales\script_ver\script_ver\quarantine\under-review\17mov_CharacterSystem\web\photos\mp_f_freemode_01-watches_1-35.webp	2068
C:\admirales\script_ver\script_ver\quarantine\under-review\17mov_CharacterSystem\web\photos\mp_f_freemode_01-watches_1-36.webp	3944
C:\admirales\script_ver\script_ver\quarantine\under-review\17mov_CharacterSystem\web\photos\mp_f_freemode_01-watches_1-4.webp	2234
C:\admirales\script_ver\script_ver\quarantine\under-review\17mov_CharacterSystem\web\photos\mp_f_freemode_01-watches_1-5.webp	1796
C:\admirales\script_ver\script_ver\quarantine\under-review\17mov_CharacterSystem\web\photos\mp_f_freemode_01-watches_1-6.webp	2602
C:\admirales\script_ver\script_ver\quarantine\under-review\17mov_CharacterSystem\web\photos\mp_f_freemode_01-watches_1-7.webp	2486
C:\admirales\script_ver\script_ver\quarantine\under-review\17mov_CharacterSystem\web\photos\mp_f_freemode_01-watches_1-8.webp	1968
C:\admirales\script_ver\script_ver\quarantine\under-review\17mov_CharacterSystem\web\photos\mp_f_freemode_01-watches_1-9.webp	1762
C:\admirales\script_ver\script_ver\quarantine\under-review\17mov_CharacterSystem\web\photos\mp_m_freemode_01-arms-0.webp	2116
C:\admirales\script_ver\script_ver\quarantine\under-review\17mov_CharacterSystem\web\photos\mp_m_freemode_01-arms-1.webp	1644
C:\admirales\script_ver\script_ver\quarantine\under-review\17mov_CharacterSystem\web\photos\mp_m_freemode_01-arms-10.webp	784
C:\admirales\script_ver\script_ver\quarantine\under-review\17mov_CharacterSystem\web\photos\mp_m_freemode_01-arms-100.webp	1472
C:\admirales\script_ver\script_ver\quarantine\under-review\17mov_CharacterSystem\web\photos\mp_m_freemode_01-arms-101.webp	2208
C:\admirales\script_ver\script_ver\quarantine\under-review\17mov_CharacterSystem\web\photos\mp_m_freemode_01-arms-102.webp	1372
C:\admirales\script_ver\script_ver\quarantine\under-review\17mov_CharacterSystem\web\photos\mp_m_freemode_01-arms-103.webp	2166
C:\admirales\script_ver\script_ver\quarantine\under-review\17mov_CharacterSystem\web\photos\mp_m_freemode_01-arms-104.webp	1644
C:\admirales\script_ver\script_ver\quarantine\under-review\17mov_CharacterSystem\web\photos\mp_m_freemode_01-arms-105.webp	1632
C:\admirales\script_ver\script_ver\quarantine\under-review\17mov_CharacterSystem\web\photos\mp_m_freemode_01-arms-106.webp	1834
C:\admirales\script_ver\script_ver\quarantine\under-review\17mov_CharacterSystem\web\photos\mp_m_freemode_01-arms-107.webp	1456
C:\admirales\script_ver\script_ver\quarantine\under-review\17mov_CharacterSystem\web\photos\mp_m_freemode_01-arms-108.webp	1730
C:\admirales\script_ver\script_ver\quarantine\under-review\17mov_CharacterSystem\web\photos\mp_m_freemode_01-arms-109.webp	2014
C:\admirales\script_ver\script_ver\quarantine\under-review\17mov_CharacterSystem\web\photos\mp_m_freemode_01-arms-11.webp	2018
C:\admirales\script_ver\script_ver\quarantine\under-review\17mov_CharacterSystem\web\photos\mp_m_freemode_01-arms-110.webp	1940
C:\admirales\script_ver\script_ver\quarantine\under-review\17mov_CharacterSystem\web\photos\mp_m_freemode_01-arms-111.webp	1900
C:\admirales\script_ver\script_ver\quarantine\under-review\17mov_CharacterSystem\web\photos\mp_m_freemode_01-arms-112.webp	2146
C:\admirales\script_ver\script_ver\quarantine\under-review\17mov_CharacterSystem\web\photos\mp_m_freemode_01-arms-113.webp	2274
C:\admirales\script_ver\script_ver\quarantine\under-review\17mov_CharacterSystem\web\photos\mp_m_freemode_01-arms-114.webp	2184
C:\admirales\script_ver\script_ver\quarantine\under-review\17mov_CharacterSystem\web\photos\mp_m_freemode_01-arms-115.webp	2332
C:\admirales\script_ver\script_ver\quarantine\under-review\17mov_CharacterSystem\web\photos\mp_m_freemode_01-arms-116.webp	2264
C:\admirales\script_ver\script_ver\quarantine\under-review\17mov_CharacterSystem\web\photos\mp_m_freemode_01-arms-117.webp	2230
C:\admirales\script_ver\script_ver\quarantine\under-review\17mov_CharacterSystem\web\photos\mp_m_freemode_01-arms-118.webp	2354
C:\admirales\script_ver\script_ver\quarantine\under-review\17mov_CharacterSystem\web\photos\mp_m_freemode_01-arms-119.webp	2392
C:\admirales\script_ver\script_ver\quarantine\under-review\17mov_CharacterSystem\web\photos\mp_m_freemode_01-arms-12.webp	1636
C:\admirales\script_ver\script_ver\quarantine\under-review\17mov_CharacterSystem\web\photos\mp_m_freemode_01-arms-120.webp	2288
C:\admirales\script_ver\script_ver\quarantine\under-review\17mov_CharacterSystem\web\photos\mp_m_freemode_01-arms-121.webp	2290
C:\admirales\script_ver\script_ver\quarantine\under-review\17mov_CharacterSystem\web\photos\mp_m_freemode_01-arms-122.webp	2208
C:\admirales\script_ver\script_ver\quarantine\under-review\17mov_CharacterSystem\web\photos\mp_m_freemode_01-arms-123.webp	2154
C:\admirales\script_ver\script_ver\quarantine\under-review\17mov_CharacterSystem\web\photos\mp_m_freemode_01-arms-124.webp	2142
C:\admirales\script_ver\script_ver\quarantine\under-review\17mov_CharacterSystem\web\photos\mp_m_freemode_01-arms-125.webp	2256
C:\admirales\script_ver\script_ver\quarantine\under-review\17mov_CharacterSystem\web\photos\mp_m_freemode_01-arms-126.webp	2340
C:\admirales\script_ver\script_ver\quarantine\under-review\17mov_CharacterSystem\web\photos\mp_m_freemode_01-arms-127.webp	2300
C:\admirales\script_ver\script_ver\quarantine\under-review\17mov_CharacterSystem\web\photos\mp_m_freemode_01-arms-128.webp	2294
C:\admirales\script_ver\script_ver\quarantine\under-review\17mov_CharacterSystem\web\photos\mp_m_freemode_01-arms-129.webp	2276
C:\admirales\script_ver\script_ver\quarantine\under-review\17mov_CharacterSystem\web\photos\mp_m_freemode_01-arms-13.webp	784
C:\admirales\script_ver\script_ver\quarantine\under-review\17mov_CharacterSystem\web\photos\mp_m_freemode_01-arms-130.webp	2020
C:\admirales\script_ver\script_ver\quarantine\under-review\17mov_CharacterSystem\web\photos\mp_m_freemode_01-arms-131.webp	1996
C:\admirales\script_ver\script_ver\quarantine\under-review\17mov_CharacterSystem\web\photos\mp_m_freemode_01-arms-132.webp	2410
C:\admirales\script_ver\script_ver\quarantine\under-review\17mov_CharacterSystem\web\photos\mp_m_freemode_01-arms-133.webp	2434
C:\admirales\script_ver\script_ver\quarantine\under-review\17mov_CharacterSystem\web\photos\mp_m_freemode_01-arms-134.webp	2340
C:\admirales\script_ver\script_ver\quarantine\under-review\17mov_CharacterSystem\web\photos\mp_m_freemode_01-arms-135.webp	2344
C:\admirales\script_ver\script_ver\quarantine\under-review\17mov_CharacterSystem\web\photos\mp_m_freemode_01-arms-136.webp	2184
C:\admirales\script_ver\script_ver\quarantine\under-review\17mov_CharacterSystem\web\photos\mp_m_freemode_01-arms-137.webp	2290
C:\admirales\script_ver\script_ver\quarantine\under-review\17mov_CharacterSystem\web\photos\mp_m_freemode_01-arms-138.webp	2076
C:\admirales\script_ver\script_ver\quarantine\under-review\17mov_CharacterSystem\web\photos\mp_m_freemode_01-arms-139.webp	1590
C:\admirales\script_ver\script_ver\quarantine\under-review\17mov_CharacterSystem\web\photos\mp_m_freemode_01-arms-14.webp	1888
C:\admirales\script_ver\script_ver\quarantine\under-review\17mov_CharacterSystem\web\photos\mp_m_freemode_01-arms-140.webp	2170
C:\admirales\script_ver\script_ver\quarantine\under-review\17mov_CharacterSystem\web\photos\mp_m_freemode_01-arms-141.webp	1492
C:\admirales\script_ver\script_ver\quarantine\under-review\17mov_CharacterSystem\web\photos\mp_m_freemode_01-arms-142.webp	2310
C:\admirales\script_ver\script_ver\quarantine\under-review\17mov_CharacterSystem\web\photos\mp_m_freemode_01-arms-143.webp	1754
C:\admirales\script_ver\script_ver\quarantine\under-review\17mov_CharacterSystem\web\photos\mp_m_freemode_01-arms-144.webp	1792
C:\admirales\script_ver\script_ver\quarantine\under-review\17mov_CharacterSystem\web\photos\mp_m_freemode_01-arms-145.webp	1954
C:\admirales\script_ver\script_ver\quarantine\under-review\17mov_CharacterSystem\web\photos\mp_m_freemode_01-arms-146.webp	1588
C:\admirales\script_ver\script_ver\quarantine\under-review\17mov_CharacterSystem\web\photos\mp_m_freemode_01-arms-147.webp	1916
C:\admirales\script_ver\script_ver\quarantine\under-review\17mov_CharacterSystem\web\photos\mp_m_freemode_01-arms-148.webp	2390
C:\admirales\script_ver\script_ver\quarantine\under-review\17mov_CharacterSystem\web\photos\mp_m_freemode_01-arms-149.webp	2294
C:\admirales\script_ver\script_ver\quarantine\under-review\17mov_CharacterSystem\web\photos\mp_m_freemode_01-arms-15.webp	2124
C:\admirales\script_ver\script_ver\quarantine\under-review\17mov_CharacterSystem\web\photos\mp_m_freemode_01-arms-150.webp	2406
C:\admirales\script_ver\script_ver\quarantine\under-review\17mov_CharacterSystem\web\photos\mp_m_freemode_01-arms-151.webp	2190
C:\admirales\script_ver\script_ver\quarantine\under-review\17mov_CharacterSystem\web\photos\mp_m_freemode_01-arms-152.webp	1700
C:\admirales\script_ver\script_ver\quarantine\under-review\17mov_CharacterSystem\web\photos\mp_m_freemode_01-arms-153.webp	2286
C:\admirales\script_ver\script_ver\quarantine\under-review\17mov_CharacterSystem\web\photos\mp_m_freemode_01-arms-154.webp	1608
C:\admirales\script_ver\script_ver\quarantine\under-review\17mov_CharacterSystem\web\photos\mp_m_freemode_01-arms-155.webp	2424
C:\admirales\script_ver\script_ver\quarantine\under-review\17mov_CharacterSystem\web\photos\mp_m_freemode_01-arms-156.webp	1868
C:\admirales\script_ver\script_ver\quarantine\under-review\17mov_CharacterSystem\web\photos\mp_m_freemode_01-arms-157.webp	1904
C:\admirales\script_ver\script_ver\quarantine\under-review\17mov_CharacterSystem\web\photos\mp_m_freemode_01-arms-158.webp	2064
C:\admirales\script_ver\script_ver\quarantine\under-review\17mov_CharacterSystem\web\photos\mp_m_freemode_01-arms-159.webp	1700
C:\admirales\script_ver\script_ver\quarantine\under-review\17mov_CharacterSystem\web\photos\mp_m_freemode_01-arms-16.webp	1446
C:\admirales\script_ver\script_ver\quarantine\under-review\17mov_CharacterSystem\web\photos\mp_m_freemode_01-arms-160.webp	2024
C:\admirales\script_ver\script_ver\quarantine\under-review\17mov_CharacterSystem\web\photos\mp_m_freemode_01-arms-161.webp	2488
C:\admirales\script_ver\script_ver\quarantine\under-review\17mov_CharacterSystem\web\photos\mp_m_freemode_01-arms-162.webp	2414
C:\admirales\script_ver\script_ver\quarantine\under-review\17mov_CharacterSystem\web\photos\mp_m_freemode_01-arms-163.webp	2520
C:\admirales\script_ver\script_ver\quarantine\under-review\17mov_CharacterSystem\web\photos\mp_m_freemode_01-arms-164.webp	2512
C:\admirales\script_ver\script_ver\quarantine\under-review\17mov_CharacterSystem\web\photos\mp_m_freemode_01-arms-165.webp	1546
C:\admirales\script_ver\script_ver\quarantine\under-review\17mov_CharacterSystem\web\photos\mp_m_freemode_01-arms-166.webp	1566
C:\admirales\script_ver\script_ver\quarantine\under-review\17mov_CharacterSystem\web\photos\mp_m_freemode_01-arms-167.webp	1884
C:\admirales\script_ver\script_ver\quarantine\under-review\17mov_CharacterSystem\web\photos\mp_m_freemode_01-arms-168.webp	1886
C:\admirales\script_ver\script_ver\quarantine\under-review\17mov_CharacterSystem\web\photos\mp_m_freemode_01-arms-169.webp	2218
C:\admirales\script_ver\script_ver\quarantine\under-review\17mov_CharacterSystem\web\photos\mp_m_freemode_01-arms-17.webp	1270
C:\admirales\script_ver\script_ver\quarantine\under-review\17mov_CharacterSystem\web\photos\mp_m_freemode_01-arms-170.webp	1974
C:\admirales\script_ver\script_ver\quarantine\under-review\17mov_CharacterSystem\web\photos\mp_m_freemode_01-arms-171.webp	1870
C:\admirales\script_ver\script_ver\quarantine\under-review\17mov_CharacterSystem\web\photos\mp_m_freemode_01-arms-172.webp	1382
C:\admirales\script_ver\script_ver\quarantine\under-review\17mov_CharacterSystem\web\photos\mp_m_freemode_01-arms-173.webp	1952
C:\admirales\script_ver\script_ver\quarantine\under-review\17mov_CharacterSystem\web\photos\mp_m_freemode_01-arms-174.webp	1286
C:\admirales\script_ver\script_ver\quarantine\under-review\17mov_CharacterSystem\web\photos\mp_m_freemode_01-arms-175.webp	2092
C:\admirales\script_ver\script_ver\quarantine\under-review\17mov_CharacterSystem\web\photos\mp_m_freemode_01-arms-176.webp	1526
C:\admirales\script_ver\script_ver\quarantine\under-review\17mov_CharacterSystem\web\photos\mp_m_freemode_01-arms-177.webp	1608
C:\admirales\script_ver\script_ver\quarantine\under-review\17mov_CharacterSystem\web\photos\mp_m_freemode_01-arms-178.webp	1764
C:\admirales\script_ver\script_ver\quarantine\under-review\17mov_CharacterSystem\web\photos\mp_m_freemode_01-arms-179.webp	1376
C:\admirales\script_ver\script_ver\quarantine\under-review\17mov_CharacterSystem\web\photos\mp_m_freemode_01-arms-18.webp	1434
C:\admirales\script_ver\script_ver\quarantine\under-review\17mov_CharacterSystem\web\photos\mp_m_freemode_01-arms-180.webp	1738
C:\admirales\script_ver\script_ver\quarantine\under-review\17mov_CharacterSystem\web\photos\mp_m_freemode_01-arms-181.webp	1982
C:\admirales\script_ver\script_ver\quarantine\under-review\17mov_CharacterSystem\web\photos\mp_m_freemode_01-arms-182.webp	2092
C:\admirales\script_ver\script_ver\quarantine\under-review\17mov_CharacterSystem\web\photos\mp_m_freemode_01-arms-183.webp	1994
C:\admirales\script_ver\script_ver\quarantine\under-review\17mov_CharacterSystem\web\photos\mp_m_freemode_01-arms-184.webp	2048
C:\admirales\script_ver\script_ver\quarantine\under-review\17mov_CharacterSystem\web\photos\mp_m_freemode_01-arms-185.webp	2022
C:\admirales\script_ver\script_ver\quarantine\under-review\17mov_CharacterSystem\web\photos\mp_m_freemode_01-arms-186.webp	1940
C:\admirales\script_ver\script_ver\quarantine\under-review\17mov_CharacterSystem\web\photos\mp_m_freemode_01-arms-187.webp	1936
C:\admirales\script_ver\script_ver\quarantine\under-review\17mov_CharacterSystem\web\photos\mp_m_freemode_01-arms-188.webp	2054
C:\admirales\script_ver\script_ver\quarantine\under-review\17mov_CharacterSystem\web\photos\mp_m_freemode_01-arms-189.webp	2172
C:\admirales\script_ver\script_ver\quarantine\under-review\17mov_CharacterSystem\web\photos\mp_m_freemode_01-arms-19.webp	1960
C:\admirales\script_ver\script_ver\quarantine\under-review\17mov_CharacterSystem\web\photos\mp_m_freemode_01-arms-190.webp	1996
C:\admirales\script_ver\script_ver\quarantine\under-review\17mov_CharacterSystem\web\photos\mp_m_freemode_01-arms-191.webp	1994
C:\admirales\script_ver\script_ver\quarantine\under-review\17mov_CharacterSystem\web\photos\mp_m_freemode_01-arms-192.webp	2084
C:\admirales\script_ver\script_ver\quarantine\under-review\17mov_CharacterSystem\web\photos\mp_m_freemode_01-arms-193.webp	2248
C:\admirales\script_ver\script_ver\quarantine\under-review\17mov_CharacterSystem\web\photos\mp_m_freemode_01-arms-194.webp	1954
C:\admirales\script_ver\script_ver\quarantine\under-review\17mov_CharacterSystem\web\photos\mp_m_freemode_01-arms-195.webp	1634
C:\admirales\script_ver\script_ver\quarantine\under-review\17mov_CharacterSystem\web\photos\mp_m_freemode_01-arms-196.webp	1876
C:\admirales\script_ver\script_ver\quarantine\under-review\17mov_CharacterSystem\web\photos\mp_m_freemode_01-arms-197.webp	1410
C:\admirales\script_ver\script_ver\quarantine\under-review\17mov_CharacterSystem\web\photos\mp_m_freemode_01-arms-198.webp	2148
C:\admirales\script_ver\script_ver\quarantine\under-review\17mov_CharacterSystem\web\photos\mp_m_freemode_01-arms-199.webp	2072
C:\admirales\script_ver\script_ver\quarantine\under-review\17mov_CharacterSystem\web\photos\mp_m_freemode_01-arms-2.webp	2408
C:\admirales\script_ver\script_ver\quarantine\under-review\17mov_CharacterSystem\web\photos\mp_m_freemode_01-arms-20.webp	1486
C:\admirales\script_ver\script_ver\quarantine\under-review\17mov_CharacterSystem\web\photos\mp_m_freemode_01-arms-200.webp	1970
C:\admirales\script_ver\script_ver\quarantine\under-review\17mov_CharacterSystem\web\photos\mp_m_freemode_01-arms-201.webp	2052
C:\admirales\script_ver\script_ver\quarantine\under-review\17mov_CharacterSystem\web\photos\mp_m_freemode_01-arms-202.webp	2084
C:\admirales\script_ver\script_ver\quarantine\under-review\17mov_CharacterSystem\web\photos\mp_m_freemode_01-arms-203.webp	2230
C:\admirales\script_ver\script_ver\quarantine\under-review\17mov_CharacterSystem\web\photos\mp_m_freemode_01-arms-204.webp	2140
C:\admirales\script_ver\script_ver\quarantine\under-review\17mov_CharacterSystem\web\photos\mp_m_freemode_01-arms-205.webp	2134
C:\admirales\script_ver\script_ver\quarantine\under-review\17mov_CharacterSystem\web\photos\mp_m_freemode_01-arms-206.webp	2176
C:\admirales\script_ver\script_ver\quarantine\under-review\17mov_CharacterSystem\web\photos\mp_m_freemode_01-arms-207.webp	2292
C:\admirales\script_ver\script_ver\quarantine\under-review\17mov_CharacterSystem\web\photos\mp_m_freemode_01-arms-208.webp	1956
C:\admirales\script_ver\script_ver\quarantine\under-review\17mov_CharacterSystem\web\photos\mp_m_freemode_01-arms-209.webp	1358
C:\admirales\script_ver\script_ver\quarantine\under-review\17mov_CharacterSystem\web\photos\mp_m_freemode_01-arms-21.webp	2212
C:\admirales\script_ver\script_ver\quarantine\under-review\17mov_CharacterSystem\web\photos\mp_m_freemode_01-arms-210.webp	752
C:\admirales\script_ver\script_ver\quarantine\under-review\17mov_CharacterSystem\web\photos\mp_m_freemode_01-arms-211.webp	1410
C:\admirales\script_ver\script_ver\quarantine\under-review\17mov_CharacterSystem\web\photos\mp_m_freemode_01-arms-212.webp	1708
C:\admirales\script_ver\script_ver\quarantine\under-review\17mov_CharacterSystem\web\photos\mp_m_freemode_01-arms-213.webp	1508
C:\admirales\script_ver\script_ver\quarantine\under-review\17mov_CharacterSystem\web\photos\mp_m_freemode_01-arms-214.webp	752
C:\admirales\script_ver\script_ver\quarantine\under-review\17mov_CharacterSystem\web\photos\mp_m_freemode_01-arms-22.webp	1396
C:\admirales\script_ver\script_ver\quarantine\under-review\17mov_CharacterSystem\web\photos\mp_m_freemode_01-arms-23.webp	2190
C:\admirales\script_ver\script_ver\quarantine\under-review\17mov_CharacterSystem\web\photos\mp_m_freemode_01-arms-24.webp	1642
C:\admirales\script_ver\script_ver\quarantine\under-review\17mov_CharacterSystem\web\photos\mp_m_freemode_01-arms-25.webp	1648
C:\admirales\script_ver\script_ver\quarantine\under-review\17mov_CharacterSystem\web\photos\mp_m_freemode_01-arms-26.webp	1848
C:\admirales\script_ver\script_ver\quarantine\under-review\17mov_CharacterSystem\web\photos\mp_m_freemode_01-arms-27.webp	1468
C:\admirales\script_ver\script_ver\quarantine\under-review\17mov_CharacterSystem\web\photos\mp_m_freemode_01-arms-28.webp	1790
C:\admirales\script_ver\script_ver\quarantine\under-review\17mov_CharacterSystem\web\photos\mp_m_freemode_01-arms-29.webp	2068
C:\admirales\script_ver\script_ver\quarantine\under-review\17mov_CharacterSystem\web\photos\mp_m_freemode_01-arms-3.webp	784
C:\admirales\script_ver\script_ver\quarantine\under-review\17mov_CharacterSystem\web\photos\mp_m_freemode_01-arms-30.webp	1904
C:\admirales\script_ver\script_ver\quarantine\under-review\17mov_CharacterSystem\web\photos\mp_m_freemode_01-arms-31.webp	1412
C:\admirales\script_ver\script_ver\quarantine\under-review\17mov_CharacterSystem\web\photos\mp_m_freemode_01-arms-32.webp	1966
C:\admirales\script_ver\script_ver\quarantine\under-review\17mov_CharacterSystem\web\photos\mp_m_freemode_01-arms-33.webp	1322
C:\admirales\script_ver\script_ver\quarantine\under-review\17mov_CharacterSystem\web\photos\mp_m_freemode_01-arms-34.webp	2114
C:\admirales\script_ver\script_ver\quarantine\under-review\17mov_CharacterSystem\web\photos\mp_m_freemode_01-arms-35.webp	1580
C:\admirales\script_ver\script_ver\quarantine\under-review\17mov_CharacterSystem\web\photos\mp_m_freemode_01-arms-36.webp	1592
C:\admirales\script_ver\script_ver\quarantine\under-review\17mov_CharacterSystem\web\photos\mp_m_freemode_01-arms-37.webp	1798
C:\admirales\script_ver\script_ver\quarantine\under-review\17mov_CharacterSystem\web\photos\mp_m_freemode_01-arms-38.webp	1408
C:\admirales\script_ver\script_ver\quarantine\under-review\17mov_CharacterSystem\web\photos\mp_m_freemode_01-arms-39.webp	1686
C:\admirales\script_ver\script_ver\quarantine\under-review\17mov_CharacterSystem\web\photos\mp_m_freemode_01-arms-4.webp	1532
C:\admirales\script_ver\script_ver\quarantine\under-review\17mov_CharacterSystem\web\photos\mp_m_freemode_01-arms-40.webp	1968
C:\admirales\script_ver\script_ver\quarantine\under-review\17mov_CharacterSystem\web\photos\mp_m_freemode_01-arms-41.webp	1888
C:\admirales\script_ver\script_ver\quarantine\under-review\17mov_CharacterSystem\web\photos\mp_m_freemode_01-arms-42.webp	1412
C:\admirales\script_ver\script_ver\quarantine\under-review\17mov_CharacterSystem\web\photos\mp_m_freemode_01-arms-43.webp	1960
C:\admirales\script_ver\script_ver\quarantine\under-review\17mov_CharacterSystem\web\photos\mp_m_freemode_01-arms-44.webp	1334
C:\admirales\script_ver\script_ver\quarantine\under-review\17mov_CharacterSystem\web\photos\mp_m_freemode_01-arms-45.webp	2096
C:\admirales\script_ver\script_ver\quarantine\under-review\17mov_CharacterSystem\web\photos\mp_m_freemode_01-arms-46.webp	1572
C:\admirales\script_ver\script_ver\quarantine\under-review\17mov_CharacterSystem\web\photos\mp_m_freemode_01-arms-47.webp	1586
C:\admirales\script_ver\script_ver\quarantine\under-review\17mov_CharacterSystem\web\photos\mp_m_freemode_01-arms-48.webp	1788
C:\admirales\script_ver\script_ver\quarantine\under-review\17mov_CharacterSystem\web\photos\mp_m_freemode_01-arms-49.webp	1426
C:\admirales\script_ver\script_ver\quarantine\under-review\17mov_CharacterSystem\web\photos\mp_m_freemode_01-arms-5.webp	2280
C:\admirales\script_ver\script_ver\quarantine\under-review\17mov_CharacterSystem\web\photos\mp_m_freemode_01-arms-50.webp	1690
C:\admirales\script_ver\script_ver\quarantine\under-review\17mov_CharacterSystem\web\photos\mp_m_freemode_01-arms-51.webp	1962
C:\admirales\script_ver\script_ver\quarantine\under-review\17mov_CharacterSystem\web\photos\mp_m_freemode_01-arms-52.webp	2038
C:\admirales\script_ver\script_ver\quarantine\under-review\17mov_CharacterSystem\web\photos\mp_m_freemode_01-arms-53.webp	1534
C:\admirales\script_ver\script_ver\quarantine\under-review\17mov_CharacterSystem\web\photos\mp_m_freemode_01-arms-54.webp	2058
C:\admirales\script_ver\script_ver\quarantine\under-review\17mov_CharacterSystem\web\photos\mp_m_freemode_01-arms-55.webp	1448
C:\admirales\script_ver\script_ver\quarantine\under-review\17mov_CharacterSystem\web\photos\mp_m_freemode_01-arms-56.webp	2226
C:\admirales\script_ver\script_ver\quarantine\under-review\17mov_CharacterSystem\web\photos\mp_m_freemode_01-arms-57.webp	1680
C:\admirales\script_ver\script_ver\quarantine\under-review\17mov_CharacterSystem\web\photos\mp_m_freemode_01-arms-58.webp	1698
C:\admirales\script_ver\script_ver\quarantine\under-review\17mov_CharacterSystem\web\photos\mp_m_freemode_01-arms-59.webp	1890
C:\admirales\script_ver\script_ver\quarantine\under-review\17mov_CharacterSystem\web\photos\mp_m_freemode_01-arms-6.webp	1716
C:\admirales\script_ver\script_ver\quarantine\under-review\17mov_CharacterSystem\web\photos\mp_m_freemode_01-arms-60.webp	1526
C:\admirales\script_ver\script_ver\quarantine\under-review\17mov_CharacterSystem\web\photos\mp_m_freemode_01-arms-61.webp	1834
C:\admirales\script_ver\script_ver\quarantine\under-review\17mov_CharacterSystem\web\photos\mp_m_freemode_01-arms-62.webp	2110
C:\admirales\script_ver\script_ver\quarantine\under-review\17mov_CharacterSystem\web\photos\mp_m_freemode_01-arms-63.webp	2106
C:\admirales\script_ver\script_ver\quarantine\under-review\17mov_CharacterSystem\web\photos\mp_m_freemode_01-arms-64.webp	1708
C:\admirales\script_ver\script_ver\quarantine\under-review\17mov_CharacterSystem\web\photos\mp_m_freemode_01-arms-65.webp	2188
C:\admirales\script_ver\script_ver\quarantine\under-review\17mov_CharacterSystem\web\photos\mp_m_freemode_01-arms-66.webp	1520
C:\admirales\script_ver\script_ver\quarantine\under-review\17mov_CharacterSystem\web\photos\mp_m_freemode_01-arms-67.webp	2350
C:\admirales\script_ver\script_ver\quarantine\under-review\17mov_CharacterSystem\web\photos\mp_m_freemode_01-arms-68.webp	1764
C:\admirales\script_ver\script_ver\quarantine\under-review\17mov_CharacterSystem\web\photos\mp_m_freemode_01-arms-69.webp	1788
C:\admirales\script_ver\script_ver\quarantine\under-review\17mov_CharacterSystem\web\photos\mp_m_freemode_01-arms-7.webp	784
C:\admirales\script_ver\script_ver\quarantine\under-review\17mov_CharacterSystem\web\photos\mp_m_freemode_01-arms-70.webp	1996
C:\admirales\script_ver\script_ver\quarantine\under-review\17mov_CharacterSystem\web\photos\mp_m_freemode_01-arms-71.webp	1692
C:\admirales\script_ver\script_ver\quarantine\under-review\17mov_CharacterSystem\web\photos\mp_m_freemode_01-arms-72.webp	1938
C:\admirales\script_ver\script_ver\quarantine\under-review\17mov_CharacterSystem\web\photos\mp_m_freemode_01-arms-73.webp	2212
C:\admirales\script_ver\script_ver\quarantine\under-review\17mov_CharacterSystem\web\photos\mp_m_freemode_01-arms-74.webp	2046
C:\admirales\script_ver\script_ver\quarantine\under-review\17mov_CharacterSystem\web\photos\mp_m_freemode_01-arms-75.webp	1544
C:\admirales\script_ver\script_ver\quarantine\under-review\17mov_CharacterSystem\web\photos\mp_m_freemode_01-arms-76.webp	2308
C:\admirales\script_ver\script_ver\quarantine\under-review\17mov_CharacterSystem\web\photos\mp_m_freemode_01-arms-77.webp	1462
C:\admirales\script_ver\script_ver\quarantine\under-review\17mov_CharacterSystem\web\photos\mp_m_freemode_01-arms-78.webp	2256
C:\admirales\script_ver\script_ver\quarantine\under-review\17mov_CharacterSystem\web\photos\mp_m_freemode_01-arms-79.webp	1670
C:\admirales\script_ver\script_ver\quarantine\under-review\17mov_CharacterSystem\web\photos\mp_m_freemode_01-arms-8.webp	1750
C:\admirales\script_ver\script_ver\quarantine\under-review\17mov_CharacterSystem\web\photos\mp_m_freemode_01-arms-80.webp	1726
C:\admirales\script_ver\script_ver\quarantine\under-review\17mov_CharacterSystem\web\photos\mp_m_freemode_01-arms-81.webp	1920
C:\admirales\script_ver\script_ver\quarantine\under-review\17mov_CharacterSystem\web\photos\mp_m_freemode_01-arms-82.webp	1554
C:\admirales\script_ver\script_ver\quarantine\under-review\17mov_CharacterSystem\web\photos\mp_m_freemode_01-arms-83.webp	1838
C:\admirales\script_ver\script_ver\quarantine\under-review\17mov_CharacterSystem\web\photos\mp_m_freemode_01-arms-84.webp	2102
C:\admirales\script_ver\script_ver\quarantine\under-review\17mov_CharacterSystem\web\photos\mp_m_freemode_01-arms-85.webp	2062
C:\admirales\script_ver\script_ver\quarantine\under-review\17mov_CharacterSystem\web\photos\mp_m_freemode_01-arms-86.webp	1550
C:\admirales\script_ver\script_ver\quarantine\under-review\17mov_CharacterSystem\web\photos\mp_m_freemode_01-arms-87.webp	2282
C:\admirales\script_ver\script_ver\quarantine\under-review\17mov_CharacterSystem\web\photos\mp_m_freemode_01-arms-88.webp	1462
C:\admirales\script_ver\script_ver\quarantine\under-review\17mov_CharacterSystem\web\photos\mp_m_freemode_01-arms-89.webp	2256
C:\admirales\script_ver\script_ver\quarantine\under-review\17mov_CharacterSystem\web\photos\mp_m_freemode_01-arms-9.webp	784
C:\admirales\script_ver\script_ver\quarantine\under-review\17mov_CharacterSystem\web\photos\mp_m_freemode_01-arms-90.webp	1680
C:\admirales\script_ver\script_ver\quarantine\under-review\17mov_CharacterSystem\web\photos\mp_m_freemode_01-arms-91.webp	1736
C:\admirales\script_ver\script_ver\quarantine\under-review\17mov_CharacterSystem\web\photos\mp_m_freemode_01-arms-92.webp	1920
C:\admirales\script_ver\script_ver\quarantine\under-review\17mov_CharacterSystem\web\photos\mp_m_freemode_01-arms-93.webp	1554
C:\admirales\script_ver\script_ver\quarantine\under-review\17mov_CharacterSystem\web\photos\mp_m_freemode_01-arms-94.webp	1842
C:\admirales\script_ver\script_ver\quarantine\under-review\17mov_CharacterSystem\web\photos\mp_m_freemode_01-arms-95.webp	2120
C:\admirales\script_ver\script_ver\quarantine\under-review\17mov_CharacterSystem\web\photos\mp_m_freemode_01-arms-96.webp	1328
C:\admirales\script_ver\script_ver\quarantine\under-review\17mov_CharacterSystem\web\photos\mp_m_freemode_01-arms-97.webp	1684
C:\admirales\script_ver\script_ver\quarantine\under-review\17mov_CharacterSystem\web\photos\mp_m_freemode_01-arms-98.webp	1668
C:\admirales\script_ver\script_ver\quarantine\under-review\17mov_CharacterSystem\web\photos\mp_m_freemode_01-arms-99.webp	1942
C:\admirales\script_ver\script_ver\quarantine\under-review\17mov_CharacterSystem\web\photos\mp_m_freemode_01-bags_1-0.webp	730
C:\admirales\script_ver\script_ver\quarantine\under-review\17mov_CharacterSystem\web\photos\mp_m_freemode_01-bags_1-1.webp	2298
C:\admirales\script_ver\script_ver\quarantine\under-review\17mov_CharacterSystem\web\photos\mp_m_freemode_01-bags_1-10.webp	3042
C:\admirales\script_ver\script_ver\quarantine\under-review\17mov_CharacterSystem\web\photos\mp_m_freemode_01-bags_1-100.webp	2590
C:\admirales\script_ver\script_ver\quarantine\under-review\17mov_CharacterSystem\web\photos\mp_m_freemode_01-bags_1-101.webp	2666
C:\admirales\script_ver\script_ver\quarantine\under-review\17mov_CharacterSystem\web\photos\mp_m_freemode_01-bags_1-102.webp	2702
C:\admirales\script_ver\script_ver\quarantine\under-review\17mov_CharacterSystem\web\photos\mp_m_freemode_01-bags_1-103.webp	2568
C:\admirales\script_ver\script_ver\quarantine\under-review\17mov_CharacterSystem\web\photos\mp_m_freemode_01-bags_1-104.webp	2524
C:\admirales\script_ver\script_ver\quarantine\under-review\17mov_CharacterSystem\web\photos\mp_m_freemode_01-bags_1-105.webp	2620
C:\admirales\script_ver\script_ver\quarantine\under-review\17mov_CharacterSystem\web\photos\mp_m_freemode_01-bags_1-106.webp	2700
C:\admirales\script_ver\script_ver\quarantine\under-review\17mov_CharacterSystem\web\photos\mp_m_freemode_01-bags_1-107.webp	2726
C:\admirales\script_ver\script_ver\quarantine\under-review\17mov_CharacterSystem\web\photos\mp_m_freemode_01-bags_1-108.webp	2750
C:\admirales\script_ver\script_ver\quarantine\under-review\17mov_CharacterSystem\web\photos\mp_m_freemode_01-bags_1-109.webp	2772
C:\admirales\script_ver\script_ver\quarantine\under-review\17mov_CharacterSystem\web\photos\mp_m_freemode_01-bags_1-11.webp	3178
C:\admirales\script_ver\script_ver\quarantine\under-review\17mov_CharacterSystem\web\photos\mp_m_freemode_01-bags_1-110.webp	2814
C:\admirales\script_ver\script_ver\quarantine\under-review\17mov_CharacterSystem\web\photos\mp_m_freemode_01-bags_1-111.webp	730
C:\admirales\script_ver\script_ver\quarantine\under-review\17mov_CharacterSystem\web\photos\mp_m_freemode_01-bags_1-12.webp	3182
C:\admirales\script_ver\script_ver\quarantine\under-review\17mov_CharacterSystem\web\photos\mp_m_freemode_01-bags_1-13.webp	3024
C:\admirales\script_ver\script_ver\quarantine\under-review\17mov_CharacterSystem\web\photos\mp_m_freemode_01-bags_1-14.webp	2958
C:\admirales\script_ver\script_ver\quarantine\under-review\17mov_CharacterSystem\web\photos\mp_m_freemode_01-bags_1-15.webp	3100
C:\admirales\script_ver\script_ver\quarantine\under-review\17mov_CharacterSystem\web\photos\mp_m_freemode_01-bags_1-16.webp	3214
C:\admirales\script_ver\script_ver\quarantine\under-review\17mov_CharacterSystem\web\photos\mp_m_freemode_01-bags_1-17.webp	3198
C:\admirales\script_ver\script_ver\quarantine\under-review\17mov_CharacterSystem\web\photos\mp_m_freemode_01-bags_1-18.webp	3236
C:\admirales\script_ver\script_ver\quarantine\under-review\17mov_CharacterSystem\web\photos\mp_m_freemode_01-bags_1-19.webp	2400
C:\admirales\script_ver\script_ver\quarantine\under-review\17mov_CharacterSystem\web\photos\mp_m_freemode_01-bags_1-2.webp	2402
C:\admirales\script_ver\script_ver\quarantine\under-review\17mov_CharacterSystem\web\photos\mp_m_freemode_01-bags_1-20.webp	730
C:\admirales\script_ver\script_ver\quarantine\under-review\17mov_CharacterSystem\web\photos\mp_m_freemode_01-bags_1-21.webp	2428
C:\admirales\script_ver\script_ver\quarantine\under-review\17mov_CharacterSystem\web\photos\mp_m_freemode_01-bags_1-22.webp	2648
C:\admirales\script_ver\script_ver\quarantine\under-review\17mov_CharacterSystem\web\photos\mp_m_freemode_01-bags_1-23.webp	2568
C:\admirales\script_ver\script_ver\quarantine\under-review\17mov_CharacterSystem\web\photos\mp_m_freemode_01-bags_1-24.webp	2358
C:\admirales\script_ver\script_ver\quarantine\under-review\17mov_CharacterSystem\web\photos\mp_m_freemode_01-bags_1-25.webp	2294
C:\admirales\script_ver\script_ver\quarantine\under-review\17mov_CharacterSystem\web\photos\mp_m_freemode_01-bags_1-26.webp	2428
C:\admirales\script_ver\script_ver\quarantine\under-review\17mov_CharacterSystem\web\photos\mp_m_freemode_01-bags_1-27.webp	2642
C:\admirales\script_ver\script_ver\quarantine\under-review\17mov_CharacterSystem\web\photos\mp_m_freemode_01-bags_1-28.webp	2622
C:\admirales\script_ver\script_ver\quarantine\under-review\17mov_CharacterSystem\web\photos\mp_m_freemode_01-bags_1-29.webp	2708
C:\admirales\script_ver\script_ver\quarantine\under-review\17mov_CharacterSystem\web\photos\mp_m_freemode_01-bags_1-3.webp	2348
C:\admirales\script_ver\script_ver\quarantine\under-review\17mov_CharacterSystem\web\photos\mp_m_freemode_01-bags_1-30.webp	730
C:\admirales\script_ver\script_ver\quarantine\under-review\17mov_CharacterSystem\web\photos\mp_m_freemode_01-bags_1-31.webp	1424
C:\admirales\script_ver\script_ver\quarantine\under-review\17mov_CharacterSystem\web\photos\mp_m_freemode_01-bags_1-32.webp	1520
C:\admirales\script_ver\script_ver\quarantine\under-review\17mov_CharacterSystem\web\photos\mp_m_freemode_01-bags_1-33.webp	1514
C:\admirales\script_ver\script_ver\quarantine\under-review\17mov_CharacterSystem\web\photos\mp_m_freemode_01-bags_1-34.webp	1416
C:\admirales\script_ver\script_ver\quarantine\under-review\17mov_CharacterSystem\web\photos\mp_m_freemode_01-bags_1-35.webp	1384
C:\admirales\script_ver\script_ver\quarantine\under-review\17mov_CharacterSystem\web\photos\mp_m_freemode_01-bags_1-36.webp	1432
C:\admirales\script_ver\script_ver\quarantine\under-review\17mov_CharacterSystem\web\photos\mp_m_freemode_01-bags_1-37.webp	1504
C:\admirales\script_ver\script_ver\quarantine\under-review\17mov_CharacterSystem\web\photos\mp_m_freemode_01-bags_1-38.webp	1464
C:\admirales\script_ver\script_ver\quarantine\under-review\17mov_CharacterSystem\web\photos\mp_m_freemode_01-bags_1-39.webp	1494
C:\admirales\script_ver\script_ver\quarantine\under-review\17mov_CharacterSystem\web\photos\mp_m_freemode_01-bags_1-4.webp	2298
C:\admirales\script_ver\script_ver\quarantine\under-review\17mov_CharacterSystem\web\photos\mp_m_freemode_01-bags_1-40.webp	2918
C:\admirales\script_ver\script_ver\quarantine\under-review\17mov_CharacterSystem\web\photos\mp_m_freemode_01-bags_1-41.webp	3004
C:\admirales\script_ver\script_ver\quarantine\under-review\17mov_CharacterSystem\web\photos\mp_m_freemode_01-bags_1-42.webp	730
C:\admirales\script_ver\script_ver\quarantine\under-review\17mov_CharacterSystem\web\photos\mp_m_freemode_01-bags_1-43.webp	730
C:\admirales\script_ver\script_ver\quarantine\under-review\17mov_CharacterSystem\web\photos\mp_m_freemode_01-bags_1-44.webp	2652
C:\admirales\script_ver\script_ver\quarantine\under-review\17mov_CharacterSystem\web\photos\mp_m_freemode_01-bags_1-45.webp	2620
C:\admirales\script_ver\script_ver\quarantine\under-review\17mov_CharacterSystem\web\photos\mp_m_freemode_01-bags_1-46.webp	730
C:\admirales\script_ver\script_ver\quarantine\under-review\17mov_CharacterSystem\web\photos\mp_m_freemode_01-bags_1-47.webp	730
C:\admirales\script_ver\script_ver\quarantine\under-review\17mov_CharacterSystem\web\photos\mp_m_freemode_01-bags_1-48.webp	2310
C:\admirales\script_ver\script_ver\quarantine\under-review\17mov_CharacterSystem\web\photos\mp_m_freemode_01-bags_1-49.webp	3282
C:\admirales\script_ver\script_ver\quarantine\under-review\17mov_CharacterSystem\web\photos\mp_m_freemode_01-bags_1-5.webp	2224
C:\admirales\script_ver\script_ver\quarantine\under-review\17mov_CharacterSystem\web\photos\mp_m_freemode_01-bags_1-50.webp	2528
C:\admirales\script_ver\script_ver\quarantine\under-review\17mov_CharacterSystem\web\photos\mp_m_freemode_01-bags_1-51.webp	1450
C:\admirales\script_ver\script_ver\quarantine\under-review\17mov_CharacterSystem\web\photos\mp_m_freemode_01-bags_1-52.webp	1730
C:\admirales\script_ver\script_ver\quarantine\under-review\17mov_CharacterSystem\web\photos\mp_m_freemode_01-bags_1-53.webp	1842
C:\admirales\script_ver\script_ver\quarantine\under-review\17mov_CharacterSystem\web\photos\mp_m_freemode_01-bags_1-54.webp	1830
C:\admirales\script_ver\script_ver\quarantine\under-review\17mov_CharacterSystem\web\photos\mp_m_freemode_01-bags_1-55.webp	1716
C:\admirales\script_ver\script_ver\quarantine\under-review\17mov_CharacterSystem\web\photos\mp_m_freemode_01-bags_1-56.webp	1684
C:\admirales\script_ver\script_ver\quarantine\under-review\17mov_CharacterSystem\web\photos\mp_m_freemode_01-bags_1-57.webp	1752
C:\admirales\script_ver\script_ver\quarantine\under-review\17mov_CharacterSystem\web\photos\mp_m_freemode_01-bags_1-58.webp	1822
C:\admirales\script_ver\script_ver\quarantine\under-review\17mov_CharacterSystem\web\photos\mp_m_freemode_01-bags_1-59.webp	1794
C:\admirales\script_ver\script_ver\quarantine\under-review\17mov_CharacterSystem\web\photos\mp_m_freemode_01-bags_1-6.webp	2368
C:\admirales\script_ver\script_ver\quarantine\under-review\17mov_CharacterSystem\web\photos\mp_m_freemode_01-bags_1-60.webp	1832
C:\admirales\script_ver\script_ver\quarantine\under-review\17mov_CharacterSystem\web\photos\mp_m_freemode_01-bags_1-61.webp	1882
C:\admirales\script_ver\script_ver\quarantine\under-review\17mov_CharacterSystem\web\photos\mp_m_freemode_01-bags_1-62.webp	2384
C:\admirales\script_ver\script_ver\quarantine\under-review\17mov_CharacterSystem\web\photos\mp_m_freemode_01-bags_1-63.webp	2388
C:\admirales\script_ver\script_ver\quarantine\under-review\17mov_CharacterSystem\web\photos\mp_m_freemode_01-bags_1-64.webp	3306
C:\admirales\script_ver\script_ver\quarantine\under-review\17mov_CharacterSystem\web\photos\mp_m_freemode_01-bags_1-65.webp	2664
C:\admirales\script_ver\script_ver\quarantine\under-review\17mov_CharacterSystem\web\photos\mp_m_freemode_01-bags_1-66.webp	1490
C:\admirales\script_ver\script_ver\quarantine\under-review\17mov_CharacterSystem\web\photos\mp_m_freemode_01-bags_1-67.webp	3314
C:\admirales\script_ver\script_ver\quarantine\under-review\17mov_CharacterSystem\web\photos\mp_m_freemode_01-bags_1-68.webp	2388
C:\admirales\script_ver\script_ver\quarantine\under-review\17mov_CharacterSystem\web\photos\mp_m_freemode_01-bags_1-69.webp	1842
C:\admirales\script_ver\script_ver\quarantine\under-review\17mov_CharacterSystem\web\photos\mp_m_freemode_01-bags_1-7.webp	2334
C:\admirales\script_ver\script_ver\quarantine\under-review\17mov_CharacterSystem\web\photos\mp_m_freemode_01-bags_1-70.webp	2516
C:\admirales\script_ver\script_ver\quarantine\under-review\17mov_CharacterSystem\web\photos\mp_m_freemode_01-bags_1-71.webp	2598
C:\admirales\script_ver\script_ver\quarantine\under-review\17mov_CharacterSystem\web\photos\mp_m_freemode_01-bags_1-72.webp	2644
C:\admirales\script_ver\script_ver\quarantine\under-review\17mov_CharacterSystem\web\photos\mp_m_freemode_01-bags_1-73.webp	2490
C:\admirales\script_ver\script_ver\quarantine\under-review\17mov_CharacterSystem\web\photos\mp_m_freemode_01-bags_1-74.webp	2460
C:\admirales\script_ver\script_ver\quarantine\under-review\17mov_CharacterSystem\web\photos\mp_m_freemode_01-bags_1-75.webp	2418
C:\admirales\script_ver\script_ver\quarantine\under-review\17mov_CharacterSystem\web\photos\mp_m_freemode_01-bags_1-76.webp	2616
C:\admirales\script_ver\script_ver\quarantine\under-review\17mov_CharacterSystem\web\photos\mp_m_freemode_01-bags_1-77.webp	2678
C:\admirales\script_ver\script_ver\quarantine\under-review\17mov_CharacterSystem\web\photos\mp_m_freemode_01-bags_1-78.webp	2742
C:\admirales\script_ver\script_ver\quarantine\under-review\17mov_CharacterSystem\web\photos\mp_m_freemode_01-bags_1-79.webp	2674
C:\admirales\script_ver\script_ver\quarantine\under-review\17mov_CharacterSystem\web\photos\mp_m_freemode_01-bags_1-8.webp	2380
C:\admirales\script_ver\script_ver\quarantine\under-review\17mov_CharacterSystem\web\photos\mp_m_freemode_01-bags_1-80.webp	2736
C:\admirales\script_ver\script_ver\quarantine\under-review\17mov_CharacterSystem\web\photos\mp_m_freemode_01-bags_1-81.webp	2030
C:\admirales\script_ver\script_ver\quarantine\under-review\17mov_CharacterSystem\web\photos\mp_m_freemode_01-bags_1-82.webp	2020
C:\admirales\script_ver\script_ver\quarantine\under-review\17mov_CharacterSystem\web\photos\mp_m_freemode_01-bags_1-83.webp	730
C:\admirales\script_ver\script_ver\quarantine\under-review\17mov_CharacterSystem\web\photos\mp_m_freemode_01-bags_1-84.webp	730
C:\admirales\script_ver\script_ver\quarantine\under-review\17mov_CharacterSystem\web\photos\mp_m_freemode_01-bags_1-85.webp	3492
C:\admirales\script_ver\script_ver\quarantine\under-review\17mov_CharacterSystem\web\photos\mp_m_freemode_01-bags_1-86.webp	3570
C:\admirales\script_ver\script_ver\quarantine\under-review\17mov_CharacterSystem\web\photos\mp_m_freemode_01-bags_1-87.webp	730
C:\admirales\script_ver\script_ver\quarantine\under-review\17mov_CharacterSystem\web\photos\mp_m_freemode_01-bags_1-88.webp	730
C:\admirales\script_ver\script_ver\quarantine\under-review\17mov_CharacterSystem\web\photos\mp_m_freemode_01-bags_1-89.webp	2330
C:\admirales\script_ver\script_ver\quarantine\under-review\17mov_CharacterSystem\web\photos\mp_m_freemode_01-bags_1-9.webp	730
C:\admirales\script_ver\script_ver\quarantine\under-review\17mov_CharacterSystem\web\photos\mp_m_freemode_01-bags_1-90.webp	2114
C:\admirales\script_ver\script_ver\quarantine\under-review\17mov_CharacterSystem\web\photos\mp_m_freemode_01-bags_1-91.webp	2096
C:\admirales\script_ver\script_ver\quarantine\under-review\17mov_CharacterSystem\web\photos\mp_m_freemode_01-bags_1-92.webp	2028
C:\admirales\script_ver\script_ver\quarantine\under-review\17mov_CharacterSystem\web\photos\mp_m_freemode_01-bags_1-93.webp	2010
C:\admirales\script_ver\script_ver\quarantine\under-review\17mov_CharacterSystem\web\photos\mp_m_freemode_01-bags_1-94.webp	2080
C:\admirales\script_ver\script_ver\quarantine\under-review\17mov_CharacterSystem\web\photos\mp_m_freemode_01-bags_1-95.webp	2114
C:\admirales\script_ver\script_ver\quarantine\under-review\17mov_CharacterSystem\web\photos\mp_m_freemode_01-bags_1-96.webp	2138
C:\admirales\script_ver\script_ver\quarantine\under-review\17mov_CharacterSystem\web\photos\mp_m_freemode_01-bags_1-97.webp	2182
C:\admirales\script_ver\script_ver\quarantine\under-review\17mov_CharacterSystem\web\photos\mp_m_freemode_01-bags_1-98.webp	2210
C:\admirales\script_ver\script_ver\quarantine\under-review\17mov_CharacterSystem\web\photos\mp_m_freemode_01-bags_1-99.webp	2566
C:\admirales\script_ver\script_ver\quarantine\under-review\17mov_CharacterSystem\web\photos\mp_m_freemode_01-bproof_1-0.webp	782
C:\admirales\script_ver\script_ver\quarantine\under-review\17mov_CharacterSystem\web\photos\mp_m_freemode_01-bproof_1-1.webp	3218
C:\admirales\script_ver\script_ver\quarantine\under-review\17mov_CharacterSystem\web\photos\mp_m_freemode_01-bproof_1-10.webp	3378
C:\admirales\script_ver\script_ver\quarantine\under-review\17mov_CharacterSystem\web\photos\mp_m_freemode_01-bproof_1-11.webp	3228
C:\admirales\script_ver\script_ver\quarantine\under-review\17mov_CharacterSystem\web\photos\mp_m_freemode_01-bproof_1-12.webp	3360
C:\admirales\script_ver\script_ver\quarantine\under-review\17mov_CharacterSystem\web\photos\mp_m_freemode_01-bproof_1-13.webp	782
C:\admirales\script_ver\script_ver\quarantine\under-review\17mov_CharacterSystem\web\photos\mp_m_freemode_01-bproof_1-14.webp	860
C:\admirales\script_ver\script_ver\quarantine\under-review\17mov_CharacterSystem\web\photos\mp_m_freemode_01-bproof_1-15.webp	3638
C:\admirales\script_ver\script_ver\quarantine\under-review\17mov_CharacterSystem\web\photos\mp_m_freemode_01-bproof_1-16.webp	3558
C:\admirales\script_ver\script_ver\quarantine\under-review\17mov_CharacterSystem\web\photos\mp_m_freemode_01-bproof_1-17.webp	2348
C:\admirales\script_ver\script_ver\quarantine\under-review\17mov_CharacterSystem\web\photos\mp_m_freemode_01-bproof_1-18.webp	2396
C:\admirales\script_ver\script_ver\quarantine\under-review\17mov_CharacterSystem\web\photos\mp_m_freemode_01-bproof_1-19.webp	1884
C:\admirales\script_ver\script_ver\quarantine\under-review\17mov_CharacterSystem\web\photos\mp_m_freemode_01-bproof_1-2.webp	3230
C:\admirales\script_ver\script_ver\quarantine\under-review\17mov_CharacterSystem\web\photos\mp_m_freemode_01-bproof_1-20.webp	2504
C:\admirales\script_ver\script_ver\quarantine\under-review\17mov_CharacterSystem\web\photos\mp_m_freemode_01-bproof_1-21.webp	2312
C:\admirales\script_ver\script_ver\quarantine\under-review\17mov_CharacterSystem\web\photos\mp_m_freemode_01-bproof_1-22.webp	2662
C:\admirales\script_ver\script_ver\quarantine\under-review\17mov_CharacterSystem\web\photos\mp_m_freemode_01-bproof_1-23.webp	2418
C:\admirales\script_ver\script_ver\quarantine\under-review\17mov_CharacterSystem\web\photos\mp_m_freemode_01-bproof_1-24.webp	1472
C:\admirales\script_ver\script_ver\quarantine\under-review\17mov_CharacterSystem\web\photos\mp_m_freemode_01-bproof_1-25.webp	1240
C:\admirales\script_ver\script_ver\quarantine\under-review\17mov_CharacterSystem\web\photos\mp_m_freemode_01-bproof_1-26.webp	2566
C:\admirales\script_ver\script_ver\quarantine\under-review\17mov_CharacterSystem\web\photos\mp_m_freemode_01-bproof_1-27.webp	2450
C:\admirales\script_ver\script_ver\quarantine\under-review\17mov_CharacterSystem\web\photos\mp_m_freemode_01-bproof_1-28.webp	2520
C:\admirales\script_ver\script_ver\quarantine\under-review\17mov_CharacterSystem\web\photos\mp_m_freemode_01-bproof_1-29.webp	784
C:\admirales\script_ver\script_ver\quarantine\under-review\17mov_CharacterSystem\web\photos\mp_m_freemode_01-bproof_1-3.webp	2330
C:\admirales\script_ver\script_ver\quarantine\under-review\17mov_CharacterSystem\web\photos\mp_m_freemode_01-bproof_1-30.webp	782
C:\admirales\script_ver\script_ver\quarantine\under-review\17mov_CharacterSystem\web\photos\mp_m_freemode_01-bproof_1-31.webp	782
C:\admirales\script_ver\script_ver\quarantine\under-review\17mov_CharacterSystem\web\photos\mp_m_freemode_01-bproof_1-32.webp	782
C:\admirales\script_ver\script_ver\quarantine\under-review\17mov_CharacterSystem\web\photos\mp_m_freemode_01-bproof_1-33.webp	782
C:\admirales\script_ver\script_ver\quarantine\under-review\17mov_CharacterSystem\web\photos\mp_m_freemode_01-bproof_1-34.webp	782
C:\admirales\script_ver\script_ver\quarantine\under-review\17mov_CharacterSystem\web\photos\mp_m_freemode_01-bproof_1-35.webp	782
C:\admirales\script_ver\script_ver\quarantine\under-review\17mov_CharacterSystem\web\photos\mp_m_freemode_01-bproof_1-36.webp	782
C:\admirales\script_ver\script_ver\quarantine\under-review\17mov_CharacterSystem\web\photos\mp_m_freemode_01-bproof_1-37.webp	782
C:\admirales\script_ver\script_ver\quarantine\under-review\17mov_CharacterSystem\web\photos\mp_m_freemode_01-bproof_1-38.webp	782
C:\admirales\script_ver\script_ver\quarantine\under-review\17mov_CharacterSystem\web\photos\mp_m_freemode_01-bproof_1-39.webp	782
C:\admirales\script_ver\script_ver\quarantine\under-review\17mov_CharacterSystem\web\photos\mp_m_freemode_01-bproof_1-4.webp	3216
C:\admirales\script_ver\script_ver\quarantine\under-review\17mov_CharacterSystem\web\photos\mp_m_freemode_01-bproof_1-40.webp	782
C:\admirales\script_ver\script_ver\quarantine\under-review\17mov_CharacterSystem\web\photos\mp_m_freemode_01-bproof_1-41.webp	782
C:\admirales\script_ver\script_ver\quarantine\under-review\17mov_CharacterSystem\web\photos\mp_m_freemode_01-bproof_1-42.webp	782
C:\admirales\script_ver\script_ver\quarantine\under-review\17mov_CharacterSystem\web\photos\mp_m_freemode_01-bproof_1-43.webp	782
C:\admirales\script_ver\script_ver\quarantine\under-review\17mov_CharacterSystem\web\photos\mp_m_freemode_01-bproof_1-44.webp	782
C:\admirales\script_ver\script_ver\quarantine\under-review\17mov_CharacterSystem\web\photos\mp_m_freemode_01-bproof_1-45.webp	782
C:\admirales\script_ver\script_ver\quarantine\under-review\17mov_CharacterSystem\web\photos\mp_m_freemode_01-bproof_1-46.webp	782
C:\admirales\script_ver\script_ver\quarantine\under-review\17mov_CharacterSystem\web\photos\mp_m_freemode_01-bproof_1-47.webp	782
C:\admirales\script_ver\script_ver\quarantine\under-review\17mov_CharacterSystem\web\photos\mp_m_freemode_01-bproof_1-48.webp	782
C:\admirales\script_ver\script_ver\quarantine\under-review\17mov_CharacterSystem\web\photos\mp_m_freemode_01-bproof_1-49.webp	782
C:\admirales\script_ver\script_ver\quarantine\under-review\17mov_CharacterSystem\web\photos\mp_m_freemode_01-bproof_1-5.webp	3072
C:\admirales\script_ver\script_ver\quarantine\under-review\17mov_CharacterSystem\web\photos\mp_m_freemode_01-bproof_1-50.webp	782
C:\admirales\script_ver\script_ver\quarantine\under-review\17mov_CharacterSystem\web\photos\mp_m_freemode_01-bproof_1-51.webp	782
C:\admirales\script_ver\script_ver\quarantine\under-review\17mov_CharacterSystem\web\photos\mp_m_freemode_01-bproof_1-52.webp	782
C:\admirales\script_ver\script_ver\quarantine\under-review\17mov_CharacterSystem\web\photos\mp_m_freemode_01-bproof_1-53.webp	1298
C:\admirales\script_ver\script_ver\quarantine\under-review\17mov_CharacterSystem\web\photos\mp_m_freemode_01-bproof_1-54.webp	1340
C:\admirales\script_ver\script_ver\quarantine\under-review\17mov_CharacterSystem\web\photos\mp_m_freemode_01-bproof_1-55.webp	1302
C:\admirales\script_ver\script_ver\quarantine\under-review\17mov_CharacterSystem\web\photos\mp_m_freemode_01-bproof_1-56.webp	782
C:\admirales\script_ver\script_ver\quarantine\under-review\17mov_CharacterSystem\web\photos\mp_m_freemode_01-bproof_1-57.webp	3042
C:\admirales\script_ver\script_ver\quarantine\under-review\17mov_CharacterSystem\web\photos\mp_m_freemode_01-bproof_1-58.webp	3242
C:\admirales\script_ver\script_ver\quarantine\under-review\17mov_CharacterSystem\web\photos\mp_m_freemode_01-bproof_1-59.webp	3218
C:\admirales\script_ver\script_ver\quarantine\under-review\17mov_CharacterSystem\web\photos\mp_m_freemode_01-bproof_1-6.webp	3408
C:\admirales\script_ver\script_ver\quarantine\under-review\17mov_CharacterSystem\web\photos\mp_m_freemode_01-bproof_1-60.webp	3572
C:\admirales\script_ver\script_ver\quarantine\under-review\17mov_CharacterSystem\web\photos\mp_m_freemode_01-bproof_1-61.webp	4788
C:\admirales\script_ver\script_ver\quarantine\under-review\17mov_CharacterSystem\web\photos\mp_m_freemode_01-bproof_1-62.webp	782
C:\admirales\script_ver\script_ver\quarantine\under-review\17mov_CharacterSystem\web\photos\mp_m_freemode_01-bproof_1-7.webp	3188
C:\admirales\script_ver\script_ver\quarantine\under-review\17mov_CharacterSystem\web\photos\mp_m_freemode_01-bproof_1-8.webp	1798
C:\admirales\script_ver\script_ver\quarantine\under-review\17mov_CharacterSystem\web\photos\mp_m_freemode_01-bproof_1-9.webp	1450
C:\admirales\script_ver\script_ver\quarantine\under-review\17mov_CharacterSystem\web\photos\mp_m_freemode_01-bracelets_1-0.webp	730
C:\admirales\script_ver\script_ver\quarantine\under-review\17mov_CharacterSystem\web\photos\mp_m_freemode_01-bracelets_1-1.webp	2034
C:\admirales\script_ver\script_ver\quarantine\under-review\17mov_CharacterSystem\web\photos\mp_m_freemode_01-bracelets_1-10.webp	1926
C:\admirales\script_ver\script_ver\quarantine\under-review\17mov_CharacterSystem\web\photos\mp_m_freemode_01-bracelets_1-11.webp	1714
C:\admirales\script_ver\script_ver\quarantine\under-review\17mov_CharacterSystem\web\photos\mp_m_freemode_01-bracelets_1-12.webp	1934
C:\admirales\script_ver\script_ver\quarantine\under-review\17mov_CharacterSystem\web\photos\mp_m_freemode_01-bracelets_1-13.webp	1660
C:\admirales\script_ver\script_ver\quarantine\under-review\17mov_CharacterSystem\web\photos\mp_m_freemode_01-bracelets_1-14.webp	3064
C:\admirales\script_ver\script_ver\quarantine\under-review\17mov_CharacterSystem\web\photos\mp_m_freemode_01-bracelets_1-2.webp	2362
C:\admirales\script_ver\script_ver\quarantine\under-review\17mov_CharacterSystem\web\photos\mp_m_freemode_01-bracelets_1-3.webp	1974
C:\admirales\script_ver\script_ver\quarantine\under-review\17mov_CharacterSystem\web\photos\mp_m_freemode_01-bracelets_1-4.webp	1888
C:\admirales\script_ver\script_ver\quarantine\under-review\17mov_CharacterSystem\web\photos\mp_m_freemode_01-bracelets_1-5.webp	3066
C:\admirales\script_ver\script_ver\quarantine\under-review\17mov_CharacterSystem\web\photos\mp_m_freemode_01-bracelets_1-6.webp	4582
C:\admirales\script_ver\script_ver\quarantine\under-review\17mov_CharacterSystem\web\photos\mp_m_freemode_01-bracelets_1-7.webp	2902
C:\admirales\script_ver\script_ver\quarantine\under-review\17mov_CharacterSystem\web\photos\mp_m_freemode_01-bracelets_1-8.webp	2182
C:\admirales\script_ver\script_ver\quarantine\under-review\17mov_CharacterSystem\web\photos\mp_m_freemode_01-bracelets_1-9.webp	4022
C:\admirales\script_ver\script_ver\quarantine\under-review\17mov_CharacterSystem\web\photos\mp_m_freemode_01-chain_1-0.webp	1928
C:\admirales\script_ver\script_ver\quarantine\under-review\17mov_CharacterSystem\web\photos\mp_m_freemode_01-chain_1-1.webp	842
C:\admirales\script_ver\script_ver\quarantine\under-review\17mov_CharacterSystem\web\photos\mp_m_freemode_01-chain_1-10.webp	1450
C:\admirales\script_ver\script_ver\quarantine\under-review\17mov_CharacterSystem\web\photos\mp_m_freemode_01-chain_1-100.webp	850
C:\admirales\script_ver\script_ver\quarantine\under-review\17mov_CharacterSystem\web\photos\mp_m_freemode_01-chain_1-101.webp	850
C:\admirales\script_ver\script_ver\quarantine\under-review\17mov_CharacterSystem\web\photos\mp_m_freemode_01-chain_1-102.webp	850
C:\admirales\script_ver\script_ver\quarantine\under-review\17mov_CharacterSystem\web\photos\mp_m_freemode_01-chain_1-103.webp	850
C:\admirales\script_ver\script_ver\quarantine\under-review\17mov_CharacterSystem\web\photos\mp_m_freemode_01-chain_1-104.webp	848
C:\admirales\script_ver\script_ver\quarantine\under-review\17mov_CharacterSystem\web\photos\mp_m_freemode_01-chain_1-105.webp	850
C:\admirales\script_ver\script_ver\quarantine\under-review\17mov_CharacterSystem\web\photos\mp_m_freemode_01-chain_1-106.webp	848
C:\admirales\script_ver\script_ver\quarantine\under-review\17mov_CharacterSystem\web\photos\mp_m_freemode_01-chain_1-107.webp	850
C:\admirales\script_ver\script_ver\quarantine\under-review\17mov_CharacterSystem\web\photos\mp_m_freemode_01-chain_1-108.webp	850
C:\admirales\script_ver\script_ver\quarantine\under-review\17mov_CharacterSystem\web\photos\mp_m_freemode_01-chain_1-109.webp	850
C:\admirales\script_ver\script_ver\quarantine\under-review\17mov_CharacterSystem\web\photos\mp_m_freemode_01-chain_1-11.webp	1308
C:\admirales\script_ver\script_ver\quarantine\under-review\17mov_CharacterSystem\web\photos\mp_m_freemode_01-chain_1-110.webp	2320
C:\admirales\script_ver\script_ver\quarantine\under-review\17mov_CharacterSystem\web\photos\mp_m_freemode_01-chain_1-111.webp	2430
C:\admirales\script_ver\script_ver\quarantine\under-review\17mov_CharacterSystem\web\photos\mp_m_freemode_01-chain_1-112.webp	4010
C:\admirales\script_ver\script_ver\quarantine\under-review\17mov_CharacterSystem\web\photos\mp_m_freemode_01-chain_1-113.webp	2088
C:\admirales\script_ver\script_ver\quarantine\under-review\17mov_CharacterSystem\web\photos\mp_m_freemode_01-chain_1-114.webp	1244
C:\admirales\script_ver\script_ver\quarantine\under-review\17mov_CharacterSystem\web\photos\mp_m_freemode_01-chain_1-115.webp	2266
C:\admirales\script_ver\script_ver\quarantine\under-review\17mov_CharacterSystem\web\photos\mp_m_freemode_01-chain_1-116.webp	1306
C:\admirales\script_ver\script_ver\quarantine\under-review\17mov_CharacterSystem\web\photos\mp_m_freemode_01-chain_1-117.webp	1350
C:\admirales\script_ver\script_ver\quarantine\under-review\17mov_CharacterSystem\web\photos\mp_m_freemode_01-chain_1-118.webp	1074
C:\admirales\script_ver\script_ver\quarantine\under-review\17mov_CharacterSystem\web\photos\mp_m_freemode_01-chain_1-119.webp	2428
C:\admirales\script_ver\script_ver\quarantine\under-review\17mov_CharacterSystem\web\photos\mp_m_freemode_01-chain_1-12.webp	1466
C:\admirales\script_ver\script_ver\quarantine\under-review\17mov_CharacterSystem\web\photos\mp_m_freemode_01-chain_1-120.webp	2530
C:\admirales\script_ver\script_ver\quarantine\under-review\17mov_CharacterSystem\web\photos\mp_m_freemode_01-chain_1-121.webp	2444
C:\admirales\script_ver\script_ver\quarantine\under-review\17mov_CharacterSystem\web\photos\mp_m_freemode_01-chain_1-122.webp	2580
C:\admirales\script_ver\script_ver\quarantine\under-review\17mov_CharacterSystem\web\photos\mp_m_freemode_01-chain_1-123.webp	2238
C:\admirales\script_ver\script_ver\quarantine\under-review\17mov_CharacterSystem\web\photos\mp_m_freemode_01-chain_1-124.webp	1288
C:\admirales\script_ver\script_ver\quarantine\under-review\17mov_CharacterSystem\web\photos\mp_m_freemode_01-chain_1-125.webp	1590
C:\admirales\script_ver\script_ver\quarantine\under-review\17mov_CharacterSystem\web\photos\mp_m_freemode_01-chain_1-126.webp	2460
C:\admirales\script_ver\script_ver\quarantine\under-review\17mov_CharacterSystem\web\photos\mp_m_freemode_01-chain_1-127.webp	1352
C:\admirales\script_ver\script_ver\quarantine\under-review\17mov_CharacterSystem\web\photos\mp_m_freemode_01-chain_1-128.webp	1556
C:\admirales\script_ver\script_ver\quarantine\under-review\17mov_CharacterSystem\web\photos\mp_m_freemode_01-chain_1-129.webp	2576
C:\admirales\script_ver\script_ver\quarantine\under-review\17mov_CharacterSystem\web\photos\mp_m_freemode_01-chain_1-13.webp	834
C:\admirales\script_ver\script_ver\quarantine\under-review\17mov_CharacterSystem\web\photos\mp_m_freemode_01-chain_1-130.webp	2408
C:\admirales\script_ver\script_ver\quarantine\under-review\17mov_CharacterSystem\web\photos\mp_m_freemode_01-chain_1-131.webp	2742
C:\admirales\script_ver\script_ver\quarantine\under-review\17mov_CharacterSystem\web\photos\mp_m_freemode_01-chain_1-132.webp	1548
C:\admirales\script_ver\script_ver\quarantine\under-review\17mov_CharacterSystem\web\photos\mp_m_freemode_01-chain_1-133.webp	2386
C:\admirales\script_ver\script_ver\quarantine\under-review\17mov_CharacterSystem\web\photos\mp_m_freemode_01-chain_1-134.webp	1876
C:\admirales\script_ver\script_ver\quarantine\under-review\17mov_CharacterSystem\web\photos\mp_m_freemode_01-chain_1-135.webp	1946
C:\admirales\script_ver\script_ver\quarantine\under-review\17mov_CharacterSystem\web\photos\mp_m_freemode_01-chain_1-136.webp	2132
C:\admirales\script_ver\script_ver\quarantine\under-review\17mov_CharacterSystem\web\photos\mp_m_freemode_01-chain_1-137.webp	2046
C:\admirales\script_ver\script_ver\quarantine\under-review\17mov_CharacterSystem\web\photos\mp_m_freemode_01-chain_1-138.webp	1970
C:\admirales\script_ver\script_ver\quarantine\under-review\17mov_CharacterSystem\web\photos\mp_m_freemode_01-chain_1-139.webp	2196
C:\admirales\script_ver\script_ver\quarantine\under-review\17mov_CharacterSystem\web\photos\mp_m_freemode_01-chain_1-14.webp	832
C:\admirales\script_ver\script_ver\quarantine\under-review\17mov_CharacterSystem\web\photos\mp_m_freemode_01-chain_1-140.webp	1912
C:\admirales\script_ver\script_ver\quarantine\under-review\17mov_CharacterSystem\web\photos\mp_m_freemode_01-chain_1-141.webp	2126
C:\admirales\script_ver\script_ver\quarantine\under-review\17mov_CharacterSystem\web\photos\mp_m_freemode_01-chain_1-142.webp	2016
C:\admirales\script_ver\script_ver\quarantine\under-review\17mov_CharacterSystem\web\photos\mp_m_freemode_01-chain_1-143.webp	2262
C:\admirales\script_ver\script_ver\quarantine\under-review\17mov_CharacterSystem\web\photos\mp_m_freemode_01-chain_1-144.webp	1996
C:\admirales\script_ver\script_ver\quarantine\under-review\17mov_CharacterSystem\web\photos\mp_m_freemode_01-chain_1-145.webp	1924
C:\admirales\script_ver\script_ver\quarantine\under-review\17mov_CharacterSystem\web\photos\mp_m_freemode_01-chain_1-146.webp	2372
C:\admirales\script_ver\script_ver\quarantine\under-review\17mov_CharacterSystem\web\photos\mp_m_freemode_01-chain_1-147.webp	2374
C:\admirales\script_ver\script_ver\quarantine\under-review\17mov_CharacterSystem\web\photos\mp_m_freemode_01-chain_1-148.webp	2490
C:\admirales\script_ver\script_ver\quarantine\under-review\17mov_CharacterSystem\web\photos\mp_m_freemode_01-chain_1-149.webp	1588
C:\admirales\script_ver\script_ver\quarantine\under-review\17mov_CharacterSystem\web\photos\mp_m_freemode_01-chain_1-15.webp	838
C:\admirales\script_ver\script_ver\quarantine\under-review\17mov_CharacterSystem\web\photos\mp_m_freemode_01-chain_1-150.webp	1518
C:\admirales\script_ver\script_ver\quarantine\under-review\17mov_CharacterSystem\web\photos\mp_m_freemode_01-chain_1-151.webp	2196
C:\admirales\script_ver\script_ver\quarantine\under-review\17mov_CharacterSystem\web\photos\mp_m_freemode_01-chain_1-152.webp	1990
C:\admirales\script_ver\script_ver\quarantine\under-review\17mov_CharacterSystem\web\photos\mp_m_freemode_01-chain_1-153.webp	1754
C:\admirales\script_ver\script_ver\quarantine\under-review\17mov_CharacterSystem\web\photos\mp_m_freemode_01-chain_1-154.webp	1808
C:\admirales\script_ver\script_ver\quarantine\under-review\17mov_CharacterSystem\web\photos\mp_m_freemode_01-chain_1-155.webp	1852
C:\admirales\script_ver\script_ver\quarantine\under-review\17mov_CharacterSystem\web\photos\mp_m_freemode_01-chain_1-156.webp	1546
C:\admirales\script_ver\script_ver\quarantine\under-review\17mov_CharacterSystem\web\photos\mp_m_freemode_01-chain_1-157.webp	1590
C:\admirales\script_ver\script_ver\quarantine\under-review\17mov_CharacterSystem\web\photos\mp_m_freemode_01-chain_1-158.webp	2342
C:\admirales\script_ver\script_ver\quarantine\under-review\17mov_CharacterSystem\web\photos\mp_m_freemode_01-chain_1-159.webp	2102
C:\admirales\script_ver\script_ver\quarantine\under-review\17mov_CharacterSystem\web\photos\mp_m_freemode_01-chain_1-16.webp	1616
C:\admirales\script_ver\script_ver\quarantine\under-review\17mov_CharacterSystem\web\photos\mp_m_freemode_01-chain_1-160.webp	1492
C:\admirales\script_ver\script_ver\quarantine\under-review\17mov_CharacterSystem\web\photos\mp_m_freemode_01-chain_1-161.webp	1586
C:\admirales\script_ver\script_ver\quarantine\under-review\17mov_CharacterSystem\web\photos\mp_m_freemode_01-chain_1-162.webp	1600
C:\admirales\script_ver\script_ver\quarantine\under-review\17mov_CharacterSystem\web\photos\mp_m_freemode_01-chain_1-163.webp	1560
C:\admirales\script_ver\script_ver\quarantine\under-review\17mov_CharacterSystem\web\photos\mp_m_freemode_01-chain_1-164.webp	1630
C:\admirales\script_ver\script_ver\quarantine\under-review\17mov_CharacterSystem\web\photos\mp_m_freemode_01-chain_1-165.webp	1648
C:\admirales\script_ver\script_ver\quarantine\under-review\17mov_CharacterSystem\web\photos\mp_m_freemode_01-chain_1-166.webp	2638
C:\admirales\script_ver\script_ver\quarantine\under-review\17mov_CharacterSystem\web\photos\mp_m_freemode_01-chain_1-167.webp	834
C:\admirales\script_ver\script_ver\quarantine\under-review\17mov_CharacterSystem\web\photos\mp_m_freemode_01-chain_1-168.webp	834
C:\admirales\script_ver\script_ver\quarantine\under-review\17mov_CharacterSystem\web\photos\mp_m_freemode_01-chain_1-169.webp	834
C:\admirales\script_ver\script_ver\quarantine\under-review\17mov_CharacterSystem\web\photos\mp_m_freemode_01-chain_1-17.webp	1850
C:\admirales\script_ver\script_ver\quarantine\under-review\17mov_CharacterSystem\web\photos\mp_m_freemode_01-chain_1-170.webp	834
C:\admirales\script_ver\script_ver\quarantine\under-review\17mov_CharacterSystem\web\photos\mp_m_freemode_01-chain_1-171.webp	1610
C:\admirales\script_ver\script_ver\quarantine\under-review\17mov_CharacterSystem\web\photos\mp_m_freemode_01-chain_1-172.webp	1648
C:\admirales\script_ver\script_ver\quarantine\under-review\17mov_CharacterSystem\web\photos\mp_m_freemode_01-chain_1-173.webp	834
C:\admirales\script_ver\script_ver\quarantine\under-review\17mov_CharacterSystem\web\photos\mp_m_freemode_01-chain_1-174.webp	834
C:\admirales\script_ver\script_ver\quarantine\under-review\17mov_CharacterSystem\web\photos\mp_m_freemode_01-chain_1-175.webp	1836
C:\admirales\script_ver\script_ver\quarantine\under-review\17mov_CharacterSystem\web\photos\mp_m_freemode_01-chain_1-176.webp	1660
C:\admirales\script_ver\script_ver\quarantine\under-review\17mov_CharacterSystem\web\photos\mp_m_freemode_01-chain_1-177.webp	2582
C:\admirales\script_ver\script_ver\quarantine\under-review\17mov_CharacterSystem\web\photos\mp_m_freemode_01-chain_1-178.webp	838
C:\admirales\script_ver\script_ver\quarantine\under-review\17mov_CharacterSystem\web\photos\mp_m_freemode_01-chain_1-18.webp	1452
C:\admirales\script_ver\script_ver\quarantine\under-review\17mov_CharacterSystem\web\photos\mp_m_freemode_01-chain_1-19.webp	1452
C:\admirales\script_ver\script_ver\quarantine\under-review\17mov_CharacterSystem\web\photos\mp_m_freemode_01-chain_1-2.webp	842
C:\admirales\script_ver\script_ver\quarantine\under-review\17mov_CharacterSystem\web\photos\mp_m_freemode_01-chain_1-20.webp	1388
C:\admirales\script_ver\script_ver\quarantine\under-review\17mov_CharacterSystem\web\photos\mp_m_freemode_01-chain_1-21.webp	1460
C:\admirales\script_ver\script_ver\quarantine\under-review\17mov_CharacterSystem\web\photos\mp_m_freemode_01-chain_1-22.webp	1182
C:\admirales\script_ver\script_ver\quarantine\under-review\17mov_CharacterSystem\web\photos\mp_m_freemode_01-chain_1-23.webp	1426
C:\admirales\script_ver\script_ver\quarantine\under-review\17mov_CharacterSystem\web\photos\mp_m_freemode_01-chain_1-24.webp	1316
C:\admirales\script_ver\script_ver\quarantine\under-review\17mov_CharacterSystem\web\photos\mp_m_freemode_01-chain_1-25.webp	1374
C:\admirales\script_ver\script_ver\quarantine\under-review\17mov_CharacterSystem\web\photos\mp_m_freemode_01-chain_1-26.webp	1272
C:\admirales\script_ver\script_ver\quarantine\under-review\17mov_CharacterSystem\web\photos\mp_m_freemode_01-chain_1-27.webp	1358
C:\admirales\script_ver\script_ver\quarantine\under-review\17mov_CharacterSystem\web\photos\mp_m_freemode_01-chain_1-28.webp	1380
C:\admirales\script_ver\script_ver\quarantine\under-review\17mov_CharacterSystem\web\photos\mp_m_freemode_01-chain_1-29.webp	1434
C:\admirales\script_ver\script_ver\quarantine\under-review\17mov_CharacterSystem\web\photos\mp_m_freemode_01-chain_1-3.webp	832
C:\admirales\script_ver\script_ver\quarantine\under-review\17mov_CharacterSystem\web\photos\mp_m_freemode_01-chain_1-30.webp	2392
C:\admirales\script_ver\script_ver\quarantine\under-review\17mov_CharacterSystem\web\photos\mp_m_freemode_01-chain_1-31.webp	2436
C:\admirales\script_ver\script_ver\quarantine\under-review\17mov_CharacterSystem\web\photos\mp_m_freemode_01-chain_1-32.webp	1268
C:\admirales\script_ver\script_ver\quarantine\under-review\17mov_CharacterSystem\web\photos\mp_m_freemode_01-chain_1-33.webp	1616
C:\admirales\script_ver\script_ver\quarantine\under-review\17mov_CharacterSystem\web\photos\mp_m_freemode_01-chain_1-34.webp	3362
C:\admirales\script_ver\script_ver\quarantine\under-review\17mov_CharacterSystem\web\photos\mp_m_freemode_01-chain_1-35.webp	3354
C:\admirales\script_ver\script_ver\quarantine\under-review\17mov_CharacterSystem\web\photos\mp_m_freemode_01-chain_1-36.webp	1128
C:\admirales\script_ver\script_ver\quarantine\under-review\17mov_CharacterSystem\web\photos\mp_m_freemode_01-chain_1-37.webp	1254
C:\admirales\script_ver\script_ver\quarantine\under-review\17mov_CharacterSystem\web\photos\mp_m_freemode_01-chain_1-38.webp	1252
C:\admirales\script_ver\script_ver\quarantine\under-review\17mov_CharacterSystem\web\photos\mp_m_freemode_01-chain_1-39.webp	1524
C:\admirales\script_ver\script_ver\quarantine\under-review\17mov_CharacterSystem\web\photos\mp_m_freemode_01-chain_1-4.webp	834
C:\admirales\script_ver\script_ver\quarantine\under-review\17mov_CharacterSystem\web\photos\mp_m_freemode_01-chain_1-40.webp	1398
C:\admirales\script_ver\script_ver\quarantine\under-review\17mov_CharacterSystem\web\photos\mp_m_freemode_01-chain_1-41.webp	834
C:\admirales\script_ver\script_ver\quarantine\under-review\17mov_CharacterSystem\web\photos\mp_m_freemode_01-chain_1-42.webp	2402
C:\admirales\script_ver\script_ver\quarantine\under-review\17mov_CharacterSystem\web\photos\mp_m_freemode_01-chain_1-43.webp	2188
C:\admirales\script_ver\script_ver\quarantine\under-review\17mov_CharacterSystem\web\photos\mp_m_freemode_01-chain_1-44.webp	1988
C:\admirales\script_ver\script_ver\quarantine\under-review\17mov_CharacterSystem\web\photos\mp_m_freemode_01-chain_1-45.webp	2346
C:\admirales\script_ver\script_ver\quarantine\under-review\17mov_CharacterSystem\web\photos\mp_m_freemode_01-chain_1-46.webp	2098
C:\admirales\script_ver\script_ver\quarantine\under-review\17mov_CharacterSystem\web\photos\mp_m_freemode_01-chain_1-47.webp	2050
C:\admirales\script_ver\script_ver\quarantine\under-review\17mov_CharacterSystem\web\photos\mp_m_freemode_01-chain_1-48.webp	2094
C:\admirales\script_ver\script_ver\quarantine\under-review\17mov_CharacterSystem\web\photos\mp_m_freemode_01-chain_1-49.webp	2264
C:\admirales\script_ver\script_ver\quarantine\under-review\17mov_CharacterSystem\web\photos\mp_m_freemode_01-chain_1-5.webp	834
C:\admirales\script_ver\script_ver\quarantine\under-review\17mov_CharacterSystem\web\photos\mp_m_freemode_01-chain_1-50.webp	2040
C:\admirales\script_ver\script_ver\quarantine\under-review\17mov_CharacterSystem\web\photos\mp_m_freemode_01-chain_1-51.webp	2022
C:\admirales\script_ver\script_ver\quarantine\under-review\17mov_CharacterSystem\web\photos\mp_m_freemode_01-chain_1-52.webp	2222
C:\admirales\script_ver\script_ver\quarantine\under-review\17mov_CharacterSystem\web\photos\mp_m_freemode_01-chain_1-53.webp	2214
C:\admirales\script_ver\script_ver\quarantine\under-review\17mov_CharacterSystem\web\photos\mp_m_freemode_01-chain_1-54.webp	2128
C:\admirales\script_ver\script_ver\quarantine\under-review\17mov_CharacterSystem\web\photos\mp_m_freemode_01-chain_1-55.webp	2218
C:\admirales\script_ver\script_ver\quarantine\under-review\17mov_CharacterSystem\web\photos\mp_m_freemode_01-chain_1-56.webp	850
C:\admirales\script_ver\script_ver\quarantine\under-review\17mov_CharacterSystem\web\photos\mp_m_freemode_01-chain_1-57.webp	850
C:\admirales\script_ver\script_ver\quarantine\under-review\17mov_CharacterSystem\web\photos\mp_m_freemode_01-chain_1-58.webp	850
C:\admirales\script_ver\script_ver\quarantine\under-review\17mov_CharacterSystem\web\photos\mp_m_freemode_01-chain_1-59.webp	850
C:\admirales\script_ver\script_ver\quarantine\under-review\17mov_CharacterSystem\web\photos\mp_m_freemode_01-chain_1-6.webp	834
C:\admirales\script_ver\script_ver\quarantine\under-review\17mov_CharacterSystem\web\photos\mp_m_freemode_01-chain_1-60.webp	850
C:\admirales\script_ver\script_ver\quarantine\under-review\17mov_CharacterSystem\web\photos\mp_m_freemode_01-chain_1-61.webp	850
C:\admirales\script_ver\script_ver\quarantine\under-review\17mov_CharacterSystem\web\photos\mp_m_freemode_01-chain_1-62.webp	850
C:\admirales\script_ver\script_ver\quarantine\under-review\17mov_CharacterSystem\web\photos\mp_m_freemode_01-chain_1-63.webp	850
C:\admirales\script_ver\script_ver\quarantine\under-review\17mov_CharacterSystem\web\photos\mp_m_freemode_01-chain_1-64.webp	850
C:\admirales\script_ver\script_ver\quarantine\under-review\17mov_CharacterSystem\web\photos\mp_m_freemode_01-chain_1-65.webp	850
C:\admirales\script_ver\script_ver\quarantine\under-review\17mov_CharacterSystem\web\photos\mp_m_freemode_01-chain_1-66.webp	850
C:\admirales\script_ver\script_ver\quarantine\under-review\17mov_CharacterSystem\web\photos\mp_m_freemode_01-chain_1-67.webp	850
C:\admirales\script_ver\script_ver\quarantine\under-review\17mov_CharacterSystem\web\photos\mp_m_freemode_01-chain_1-68.webp	850
C:\admirales\script_ver\script_ver\quarantine\under-review\17mov_CharacterSystem\web\photos\mp_m_freemode_01-chain_1-69.webp	850
C:\admirales\script_ver\script_ver\quarantine\under-review\17mov_CharacterSystem\web\photos\mp_m_freemode_01-chain_1-7.webp	866
C:\admirales\script_ver\script_ver\quarantine\under-review\17mov_CharacterSystem\web\photos\mp_m_freemode_01-chain_1-70.webp	850
C:\admirales\script_ver\script_ver\quarantine\under-review\17mov_CharacterSystem\web\photos\mp_m_freemode_01-chain_1-71.webp	850
C:\admirales\script_ver\script_ver\quarantine\under-review\17mov_CharacterSystem\web\photos\mp_m_freemode_01-chain_1-72.webp	850
C:\admirales\script_ver\script_ver\quarantine\under-review\17mov_CharacterSystem\web\photos\mp_m_freemode_01-chain_1-73.webp	850
C:\admirales\script_ver\script_ver\quarantine\under-review\17mov_CharacterSystem\web\photos\mp_m_freemode_01-chain_1-74.webp	2012
C:\admirales\script_ver\script_ver\quarantine\under-review\17mov_CharacterSystem\web\photos\mp_m_freemode_01-chain_1-75.webp	2044
C:\admirales\script_ver\script_ver\quarantine\under-review\17mov_CharacterSystem\web\photos\mp_m_freemode_01-chain_1-76.webp	2118
C:\admirales\script_ver\script_ver\quarantine\under-review\17mov_CharacterSystem\web\photos\mp_m_freemode_01-chain_1-77.webp	2130
C:\admirales\script_ver\script_ver\quarantine\under-review\17mov_CharacterSystem\web\photos\mp_m_freemode_01-chain_1-78.webp	1990
C:\admirales\script_ver\script_ver\quarantine\under-review\17mov_CharacterSystem\web\photos\mp_m_freemode_01-chain_1-79.webp	1990
C:\admirales\script_ver\script_ver\quarantine\under-review\17mov_CharacterSystem\web\photos\mp_m_freemode_01-chain_1-8.webp	834
C:\admirales\script_ver\script_ver\quarantine\under-review\17mov_CharacterSystem\web\photos\mp_m_freemode_01-chain_1-80.webp	2252
C:\admirales\script_ver\script_ver\quarantine\under-review\17mov_CharacterSystem\web\photos\mp_m_freemode_01-chain_1-81.webp	1808
C:\admirales\script_ver\script_ver\quarantine\under-review\17mov_CharacterSystem\web\photos\mp_m_freemode_01-chain_1-82.webp	1788
C:\admirales\script_ver\script_ver\quarantine\under-review\17mov_CharacterSystem\web\photos\mp_m_freemode_01-chain_1-83.webp	1968
C:\admirales\script_ver\script_ver\quarantine\under-review\17mov_CharacterSystem\web\photos\mp_m_freemode_01-chain_1-84.webp	834
C:\admirales\script_ver\script_ver\quarantine\under-review\17mov_CharacterSystem\web\photos\mp_m_freemode_01-chain_1-85.webp	2094
C:\admirales\script_ver\script_ver\quarantine\under-review\17mov_CharacterSystem\web\photos\mp_m_freemode_01-chain_1-86.webp	2034
C:\admirales\script_ver\script_ver\quarantine\under-review\17mov_CharacterSystem\web\photos\mp_m_freemode_01-chain_1-87.webp	2186
C:\admirales\script_ver\script_ver\quarantine\under-review\17mov_CharacterSystem\web\photos\mp_m_freemode_01-chain_1-88.webp	2352
C:\admirales\script_ver\script_ver\quarantine\under-review\17mov_CharacterSystem\web\photos\mp_m_freemode_01-chain_1-89.webp	2218
C:\admirales\script_ver\script_ver\quarantine\under-review\17mov_CharacterSystem\web\photos\mp_m_freemode_01-chain_1-9.webp	832
C:\admirales\script_ver\script_ver\quarantine\under-review\17mov_CharacterSystem\web\photos\mp_m_freemode_01-chain_1-90.webp	2208
C:\admirales\script_ver\script_ver\quarantine\under-review\17mov_CharacterSystem\web\photos\mp_m_freemode_01-chain_1-91.webp	1960
C:\admirales\script_ver\script_ver\quarantine\under-review\17mov_CharacterSystem\web\photos\mp_m_freemode_01-chain_1-92.webp	2058
C:\admirales\script_ver\script_ver\quarantine\under-review\17mov_CharacterSystem\web\photos\mp_m_freemode_01-chain_1-93.webp	1806
C:\admirales\script_ver\script_ver\quarantine\under-review\17mov_CharacterSystem\web\photos\mp_m_freemode_01-chain_1-94.webp	2004
C:\admirales\script_ver\script_ver\quarantine\under-review\17mov_CharacterSystem\web\photos\mp_m_freemode_01-chain_1-95.webp	848
C:\admirales\script_ver\script_ver\quarantine\under-review\17mov_CharacterSystem\web\photos\mp_m_freemode_01-chain_1-96.webp	850
C:\admirales\script_ver\script_ver\quarantine\under-review\17mov_CharacterSystem\web\photos\mp_m_freemode_01-chain_1-97.webp	850
C:\admirales\script_ver\script_ver\quarantine\under-review\17mov_CharacterSystem\web\photos\mp_m_freemode_01-chain_1-98.webp	854
C:\admirales\script_ver\script_ver\quarantine\under-review\17mov_CharacterSystem\web\photos\mp_m_freemode_01-chain_1-99.webp	848
C:\admirales\script_ver\script_ver\quarantine\under-review\17mov_CharacterSystem\web\photos\mp_m_freemode_01-dad-0.webp	3106
C:\admirales\script_ver\script_ver\quarantine\under-review\17mov_CharacterSystem\web\photos\mp_m_freemode_01-dad-1.webp	3044
C:\admirales\script_ver\script_ver\quarantine\under-review\17mov_CharacterSystem\web\photos\mp_m_freemode_01-dad-10.webp	2942
C:\admirales\script_ver\script_ver\quarantine\under-review\17mov_CharacterSystem\web\photos\mp_m_freemode_01-dad-11.webp	2932
C:\admirales\script_ver\script_ver\quarantine\under-review\17mov_CharacterSystem\web\photos\mp_m_freemode_01-dad-12.webp	2958
C:\admirales\script_ver\script_ver\quarantine\under-review\17mov_CharacterSystem\web\photos\mp_m_freemode_01-dad-13.webp	3078
C:\admirales\script_ver\script_ver\quarantine\under-review\17mov_CharacterSystem\web\photos\mp_m_freemode_01-dad-14.webp	2870
C:\admirales\script_ver\script_ver\quarantine\under-review\17mov_CharacterSystem\web\photos\mp_m_freemode_01-dad-15.webp	2896
C:\admirales\script_ver\script_ver\quarantine\under-review\17mov_CharacterSystem\web\photos\mp_m_freemode_01-dad-16.webp	2824
C:\admirales\script_ver\script_ver\quarantine\under-review\17mov_CharacterSystem\web\photos\mp_m_freemode_01-dad-17.webp	2680
C:\admirales\script_ver\script_ver\quarantine\under-review\17mov_CharacterSystem\web\photos\mp_m_freemode_01-dad-18.webp	2678
C:\admirales\script_ver\script_ver\quarantine\under-review\17mov_CharacterSystem\web\photos\mp_m_freemode_01-dad-19.webp	2892
C:\admirales\script_ver\script_ver\quarantine\under-review\17mov_CharacterSystem\web\photos\mp_m_freemode_01-dad-2.webp	2704
C:\admirales\script_ver\script_ver\quarantine\under-review\17mov_CharacterSystem\web\photos\mp_m_freemode_01-dad-20.webp	2938
C:\admirales\script_ver\script_ver\quarantine\under-review\17mov_CharacterSystem\web\photos\mp_m_freemode_01-dad-21.webp	3030
C:\admirales\script_ver\script_ver\quarantine\under-review\17mov_CharacterSystem\web\photos\mp_m_freemode_01-dad-22.webp	2916
C:\admirales\script_ver\script_ver\quarantine\under-review\17mov_CharacterSystem\web\photos\mp_m_freemode_01-dad-23.webp	2694
C:\admirales\script_ver\script_ver\quarantine\under-review\17mov_CharacterSystem\web\photos\mp_m_freemode_01-dad-24.webp	2924
C:\admirales\script_ver\script_ver\quarantine\under-review\17mov_CharacterSystem\web\photos\mp_m_freemode_01-dad-25.webp	2588
C:\admirales\script_ver\script_ver\quarantine\under-review\17mov_CharacterSystem\web\photos\mp_m_freemode_01-dad-26.webp	2694
C:\admirales\script_ver\script_ver\quarantine\under-review\17mov_CharacterSystem\web\photos\mp_m_freemode_01-dad-27.webp	2656
C:\admirales\script_ver\script_ver\quarantine\under-review\17mov_CharacterSystem\web\photos\mp_m_freemode_01-dad-28.webp	2608
C:\admirales\script_ver\script_ver\quarantine\under-review\17mov_CharacterSystem\web\photos\mp_m_freemode_01-dad-29.webp	2822
C:\admirales\script_ver\script_ver\quarantine\under-review\17mov_CharacterSystem\web\photos\mp_m_freemode_01-dad-3.webp	2854
C:\admirales\script_ver\script_ver\quarantine\under-review\17mov_CharacterSystem\web\photos\mp_m_freemode_01-dad-30.webp	2936
C:\admirales\script_ver\script_ver\quarantine\under-review\17mov_CharacterSystem\web\photos\mp_m_freemode_01-dad-31.webp	2850
C:\admirales\script_ver\script_ver\quarantine\under-review\17mov_CharacterSystem\web\photos\mp_m_freemode_01-dad-32.webp	2892
C:\admirales\script_ver\script_ver\quarantine\under-review\17mov_CharacterSystem\web\photos\mp_m_freemode_01-dad-33.webp	2910
C:\admirales\script_ver\script_ver\quarantine\under-review\17mov_CharacterSystem\web\photos\mp_m_freemode_01-dad-34.webp	2580
C:\admirales\script_ver\script_ver\quarantine\under-review\17mov_CharacterSystem\web\photos\mp_m_freemode_01-dad-35.webp	2798
C:\admirales\script_ver\script_ver\quarantine\under-review\17mov_CharacterSystem\web\photos\mp_m_freemode_01-dad-36.webp	2960
C:\admirales\script_ver\script_ver\quarantine\under-review\17mov_CharacterSystem\web\photos\mp_m_freemode_01-dad-37.webp	2858
C:\admirales\script_ver\script_ver\quarantine\under-review\17mov_CharacterSystem\web\photos\mp_m_freemode_01-dad-38.webp	2796
C:\admirales\script_ver\script_ver\quarantine\under-review\17mov_CharacterSystem\web\photos\mp_m_freemode_01-dad-39.webp	2804
C:\admirales\script_ver\script_ver\quarantine\under-review\17mov_CharacterSystem\web\photos\mp_m_freemode_01-dad-4.webp	2712
C:\admirales\script_ver\script_ver\quarantine\under-review\17mov_CharacterSystem\web\photos\mp_m_freemode_01-dad-40.webp	2924
C:\admirales\script_ver\script_ver\quarantine\under-review\17mov_CharacterSystem\web\photos\mp_m_freemode_01-dad-41.webp	2706
C:\admirales\script_ver\script_ver\quarantine\under-review\17mov_CharacterSystem\web\photos\mp_m_freemode_01-dad-42.webp	2842
C:\admirales\script_ver\script_ver\quarantine\under-review\17mov_CharacterSystem\web\photos\mp_m_freemode_01-dad-43.webp	2854
C:\admirales\script_ver\script_ver\quarantine\under-review\17mov_CharacterSystem\web\photos\mp_m_freemode_01-dad-44.webp	2928
C:\admirales\script_ver\script_ver\quarantine\under-review\17mov_CharacterSystem\web\photos\mp_m_freemode_01-dad-45.webp	2728
C:\admirales\script_ver\script_ver\quarantine\under-review\17mov_CharacterSystem\web\photos\mp_m_freemode_01-dad-46.webp	2648
C:\admirales\script_ver\script_ver\quarantine\under-review\17mov_CharacterSystem\web\photos\mp_m_freemode_01-dad-47.webp	2864
C:\admirales\script_ver\script_ver\quarantine\under-review\17mov_CharacterSystem\web\photos\mp_m_freemode_01-dad-5.webp	2700
C:\admirales\script_ver\script_ver\quarantine\under-review\17mov_CharacterSystem\web\photos\mp_m_freemode_01-dad-6.webp	2950
C:\admirales\script_ver\script_ver\quarantine\under-review\17mov_CharacterSystem\web\photos\mp_m_freemode_01-dad-7.webp	2936
C:\admirales\script_ver\script_ver\quarantine\under-review\17mov_CharacterSystem\web\photos\mp_m_freemode_01-dad-8.webp	2696
C:\admirales\script_ver\script_ver\quarantine\under-review\17mov_CharacterSystem\web\photos\mp_m_freemode_01-dad-9.webp	2918
C:\admirales\script_ver\script_ver\quarantine\under-review\17mov_CharacterSystem\web\photos\mp_m_freemode_01-ear_1-0.webp	2496
C:\admirales\script_ver\script_ver\quarantine\under-review\17mov_CharacterSystem\web\photos\mp_m_freemode_01-ear_1-1.webp	2574
C:\admirales\script_ver\script_ver\quarantine\under-review\17mov_CharacterSystem\web\photos\mp_m_freemode_01-ear_1-10.webp	2230
C:\admirales\script_ver\script_ver\quarantine\under-review\17mov_CharacterSystem\web\photos\mp_m_freemode_01-ear_1-11.webp	2248
C:\admirales\script_ver\script_ver\quarantine\under-review\17mov_CharacterSystem\web\photos\mp_m_freemode_01-ear_1-12.webp	2186
C:\admirales\script_ver\script_ver\quarantine\under-review\17mov_CharacterSystem\web\photos\mp_m_freemode_01-ear_1-13.webp	2224
C:\admirales\script_ver\script_ver\quarantine\under-review\17mov_CharacterSystem\web\photos\mp_m_freemode_01-ear_1-14.webp	2236
C:\admirales\script_ver\script_ver\quarantine\under-review\17mov_CharacterSystem\web\photos\mp_m_freemode_01-ear_1-15.webp	2194
C:\admirales\script_ver\script_ver\quarantine\under-review\17mov_CharacterSystem\web\photos\mp_m_freemode_01-ear_1-16.webp	2220
C:\admirales\script_ver\script_ver\quarantine\under-review\17mov_CharacterSystem\web\photos\mp_m_freemode_01-ear_1-17.webp	2208
C:\admirales\script_ver\script_ver\quarantine\under-review\17mov_CharacterSystem\web\photos\mp_m_freemode_01-ear_1-18.webp	2188
C:\admirales\script_ver\script_ver\quarantine\under-review\17mov_CharacterSystem\web\photos\mp_m_freemode_01-ear_1-19.webp	2244
C:\admirales\script_ver\script_ver\quarantine\under-review\17mov_CharacterSystem\web\photos\mp_m_freemode_01-ear_1-2.webp	2750
C:\admirales\script_ver\script_ver\quarantine\under-review\17mov_CharacterSystem\web\photos\mp_m_freemode_01-ear_1-20.webp	2234
C:\admirales\script_ver\script_ver\quarantine\under-review\17mov_CharacterSystem\web\photos\mp_m_freemode_01-ear_1-21.webp	2168
C:\admirales\script_ver\script_ver\quarantine\under-review\17mov_CharacterSystem\web\photos\mp_m_freemode_01-ear_1-22.webp	2296
C:\admirales\script_ver\script_ver\quarantine\under-review\17mov_CharacterSystem\web\photos\mp_m_freemode_01-ear_1-23.webp	2308
C:\admirales\script_ver\script_ver\quarantine\under-review\17mov_CharacterSystem\web\photos\mp_m_freemode_01-ear_1-24.webp	2190
C:\admirales\script_ver\script_ver\quarantine\under-review\17mov_CharacterSystem\web\photos\mp_m_freemode_01-ear_1-25.webp	2314
C:\admirales\script_ver\script_ver\quarantine\under-review\17mov_CharacterSystem\web\photos\mp_m_freemode_01-ear_1-26.webp	2302
C:\admirales\script_ver\script_ver\quarantine\under-review\17mov_CharacterSystem\web\photos\mp_m_freemode_01-ear_1-27.webp	2192
C:\admirales\script_ver\script_ver\quarantine\under-review\17mov_CharacterSystem\web\photos\mp_m_freemode_01-ear_1-28.webp	2206
C:\admirales\script_ver\script_ver\quarantine\under-review\17mov_CharacterSystem\web\photos\mp_m_freemode_01-ear_1-29.webp	2234
C:\admirales\script_ver\script_ver\quarantine\under-review\17mov_CharacterSystem\web\photos\mp_m_freemode_01-ear_1-3.webp	2224
C:\admirales\script_ver\script_ver\quarantine\under-review\17mov_CharacterSystem\web\photos\mp_m_freemode_01-ear_1-30.webp	2196
C:\admirales\script_ver\script_ver\quarantine\under-review\17mov_CharacterSystem\web\photos\mp_m_freemode_01-ear_1-31.webp	2216
C:\admirales\script_ver\script_ver\quarantine\under-review\17mov_CharacterSystem\web\photos\mp_m_freemode_01-ear_1-32.webp	2210
C:\admirales\script_ver\script_ver\quarantine\under-review\17mov_CharacterSystem\web\photos\mp_m_freemode_01-ear_1-33.webp	2246
C:\admirales\script_ver\script_ver\quarantine\under-review\17mov_CharacterSystem\web\photos\mp_m_freemode_01-ear_1-34.webp	2202
C:\admirales\script_ver\script_ver\quarantine\under-review\17mov_CharacterSystem\web\photos\mp_m_freemode_01-ear_1-35.webp	2214
C:\admirales\script_ver\script_ver\quarantine\under-review\17mov_CharacterSystem\web\photos\mp_m_freemode_01-ear_1-36.webp	2202
C:\admirales\script_ver\script_ver\quarantine\under-review\17mov_CharacterSystem\web\photos\mp_m_freemode_01-ear_1-37.webp	2320
C:\admirales\script_ver\script_ver\quarantine\under-review\17mov_CharacterSystem\web\photos\mp_m_freemode_01-ear_1-38.webp	2394
C:\admirales\script_ver\script_ver\quarantine\under-review\17mov_CharacterSystem\web\photos\mp_m_freemode_01-ear_1-39.webp	2516
C:\admirales\script_ver\script_ver\quarantine\under-review\17mov_CharacterSystem\web\photos\mp_m_freemode_01-ear_1-4.webp	2236
C:\admirales\script_ver\script_ver\quarantine\under-review\17mov_CharacterSystem\web\photos\mp_m_freemode_01-ear_1-40.webp	2514
C:\admirales\script_ver\script_ver\quarantine\under-review\17mov_CharacterSystem\web\photos\mp_m_freemode_01-ear_1-41.webp	2292
C:\admirales\script_ver\script_ver\quarantine\under-review\17mov_CharacterSystem\web\photos\mp_m_freemode_01-ear_1-42.webp	2174
C:\admirales\script_ver\script_ver\quarantine\under-review\17mov_CharacterSystem\web\photos\mp_m_freemode_01-ear_1-5.webp	2268
C:\admirales\script_ver\script_ver\quarantine\under-review\17mov_CharacterSystem\web\photos\mp_m_freemode_01-ear_1-6.webp	2208
C:\admirales\script_ver\script_ver\quarantine\under-review\17mov_CharacterSystem\web\photos\mp_m_freemode_01-ear_1-7.webp	2288
C:\admirales\script_ver\script_ver\quarantine\under-review\17mov_CharacterSystem\web\photos\mp_m_freemode_01-ear_1-8.webp	2326
C:\admirales\script_ver\script_ver\quarantine\under-review\17mov_CharacterSystem\web\photos\mp_m_freemode_01-ear_1-9.webp	2196
C:\admirales\script_ver\script_ver\quarantine\under-review\17mov_CharacterSystem\web\photos\mp_m_freemode_01-glasses_1-0.webp	730
C:\admirales\script_ver\script_ver\quarantine\under-review\17mov_CharacterSystem\web\photos\mp_m_freemode_01-glasses_1-1.webp	988
C:\admirales\script_ver\script_ver\quarantine\under-review\17mov_CharacterSystem\web\photos\mp_m_freemode_01-glasses_1-10.webp	1708
C:\admirales\script_ver\script_ver\quarantine\under-review\17mov_CharacterSystem\web\photos\mp_m_freemode_01-glasses_1-11.webp	1816
C:\admirales\script_ver\script_ver\quarantine\under-review\17mov_CharacterSystem\web\photos\mp_m_freemode_01-glasses_1-12.webp	990
C:\admirales\script_ver\script_ver\quarantine\under-review\17mov_CharacterSystem\web\photos\mp_m_freemode_01-glasses_1-13.webp	2192
C:\admirales\script_ver\script_ver\quarantine\under-review\17mov_CharacterSystem\web\photos\mp_m_freemode_01-glasses_1-14.webp	1942
C:\admirales\script_ver\script_ver\quarantine\under-review\17mov_CharacterSystem\web\photos\mp_m_freemode_01-glasses_1-15.webp	974
C:\admirales\script_ver\script_ver\quarantine\under-review\17mov_CharacterSystem\web\photos\mp_m_freemode_01-glasses_1-16.webp	1744
C:\admirales\script_ver\script_ver\quarantine\under-review\17mov_CharacterSystem\web\photos\mp_m_freemode_01-glasses_1-17.webp	1698
C:\admirales\script_ver\script_ver\quarantine\under-review\17mov_CharacterSystem\web\photos\mp_m_freemode_01-glasses_1-18.webp	1398
C:\admirales\script_ver\script_ver\quarantine\under-review\17mov_CharacterSystem\web\photos\mp_m_freemode_01-glasses_1-19.webp	2098
C:\admirales\script_ver\script_ver\quarantine\under-review\17mov_CharacterSystem\web\photos\mp_m_freemode_01-glasses_1-2.webp	1962
C:\admirales\script_ver\script_ver\quarantine\under-review\17mov_CharacterSystem\web\photos\mp_m_freemode_01-glasses_1-20.webp	2114
C:\admirales\script_ver\script_ver\quarantine\under-review\17mov_CharacterSystem\web\photos\mp_m_freemode_01-glasses_1-21.webp	1674
C:\admirales\script_ver\script_ver\quarantine\under-review\17mov_CharacterSystem\web\photos\mp_m_freemode_01-glasses_1-22.webp	2930
C:\admirales\script_ver\script_ver\quarantine\under-review\17mov_CharacterSystem\web\photos\mp_m_freemode_01-glasses_1-23.webp	1974
C:\admirales\script_ver\script_ver\quarantine\under-review\17mov_CharacterSystem\web\photos\mp_m_freemode_01-glasses_1-24.webp	1326
C:\admirales\script_ver\script_ver\quarantine\under-review\17mov_CharacterSystem\web\photos\mp_m_freemode_01-glasses_1-25.webp	2322
C:\admirales\script_ver\script_ver\quarantine\under-review\17mov_CharacterSystem\web\photos\mp_m_freemode_01-glasses_1-26.webp	1992
C:\admirales\script_ver\script_ver\quarantine\under-review\17mov_CharacterSystem\web\photos\mp_m_freemode_01-glasses_1-27.webp	3504
C:\admirales\script_ver\script_ver\quarantine\under-review\17mov_CharacterSystem\web\photos\mp_m_freemode_01-glasses_1-28.webp	2058
C:\admirales\script_ver\script_ver\quarantine\under-review\17mov_CharacterSystem\web\photos\mp_m_freemode_01-glasses_1-29.webp	2162
C:\admirales\script_ver\script_ver\quarantine\under-review\17mov_CharacterSystem\web\photos\mp_m_freemode_01-glasses_1-3.webp	1680
C:\admirales\script_ver\script_ver\quarantine\under-review\17mov_CharacterSystem\web\photos\mp_m_freemode_01-glasses_1-30.webp	1880
C:\admirales\script_ver\script_ver\quarantine\under-review\17mov_CharacterSystem\web\photos\mp_m_freemode_01-glasses_1-31.webp	2738
C:\admirales\script_ver\script_ver\quarantine\under-review\17mov_CharacterSystem\web\photos\mp_m_freemode_01-glasses_1-32.webp	1694
C:\admirales\script_ver\script_ver\quarantine\under-review\17mov_CharacterSystem\web\photos\mp_m_freemode_01-glasses_1-33.webp	3140
C:\admirales\script_ver\script_ver\quarantine\under-review\17mov_CharacterSystem\web\photos\mp_m_freemode_01-glasses_1-34.webp	2132
C:\admirales\script_ver\script_ver\quarantine\under-review\17mov_CharacterSystem\web\photos\mp_m_freemode_01-glasses_1-35.webp	1794
C:\admirales\script_ver\script_ver\quarantine\under-review\17mov_CharacterSystem\web\photos\mp_m_freemode_01-glasses_1-36.webp	1676
C:\admirales\script_ver\script_ver\quarantine\under-review\17mov_CharacterSystem\web\photos\mp_m_freemode_01-glasses_1-37.webp	1938
C:\admirales\script_ver\script_ver\quarantine\under-review\17mov_CharacterSystem\web\photos\mp_m_freemode_01-glasses_1-38.webp	1774
C:\admirales\script_ver\script_ver\quarantine\under-review\17mov_CharacterSystem\web\photos\mp_m_freemode_01-glasses_1-39.webp	2048
C:\admirales\script_ver\script_ver\quarantine\under-review\17mov_CharacterSystem\web\photos\mp_m_freemode_01-glasses_1-4.webp	1870
C:\admirales\script_ver\script_ver\quarantine\under-review\17mov_CharacterSystem\web\photos\mp_m_freemode_01-glasses_1-40.webp	1836
C:\admirales\script_ver\script_ver\quarantine\under-review\17mov_CharacterSystem\web\photos\mp_m_freemode_01-glasses_1-41.webp	2322
C:\admirales\script_ver\script_ver\quarantine\under-review\17mov_CharacterSystem\web\photos\mp_m_freemode_01-glasses_1-42.webp	2328
C:\admirales\script_ver\script_ver\quarantine\under-review\17mov_CharacterSystem\web\photos\mp_m_freemode_01-glasses_1-43.webp	1666
C:\admirales\script_ver\script_ver\quarantine\under-review\17mov_CharacterSystem\web\photos\mp_m_freemode_01-glasses_1-44.webp	2294
C:\admirales\script_ver\script_ver\quarantine\under-review\17mov_CharacterSystem\web\photos\mp_m_freemode_01-glasses_1-45.webp	3498
C:\admirales\script_ver\script_ver\quarantine\under-review\17mov_CharacterSystem\web\photos\mp_m_freemode_01-glasses_1-46.webp	2766
C:\admirales\script_ver\script_ver\quarantine\under-review\17mov_CharacterSystem\web\photos\mp_m_freemode_01-glasses_1-47.webp	1806
C:\admirales\script_ver\script_ver\quarantine\under-review\17mov_CharacterSystem\web\photos\mp_m_freemode_01-glasses_1-48.webp	2754
C:\admirales\script_ver\script_ver\quarantine\under-review\17mov_CharacterSystem\web\photos\mp_m_freemode_01-glasses_1-49.webp	2118
C:\admirales\script_ver\script_ver\quarantine\under-review\17mov_CharacterSystem\web\photos\mp_m_freemode_01-glasses_1-5.webp	1954
C:\admirales\script_ver\script_ver\quarantine\under-review\17mov_CharacterSystem\web\photos\mp_m_freemode_01-glasses_1-50.webp	730
C:\admirales\script_ver\script_ver\quarantine\under-review\17mov_CharacterSystem\web\photos\mp_m_freemode_01-glasses_1-51.webp	730
C:\admirales\script_ver\script_ver\quarantine\under-review\17mov_CharacterSystem\web\photos\mp_m_freemode_01-glasses_1-52.webp	1674
C:\admirales\script_ver\script_ver\quarantine\under-review\17mov_CharacterSystem\web\photos\mp_m_freemode_01-glasses_1-53.webp	2510
C:\admirales\script_ver\script_ver\quarantine\under-review\17mov_CharacterSystem\web\photos\mp_m_freemode_01-glasses_1-54.webp	2018
C:\admirales\script_ver\script_ver\quarantine\under-review\17mov_CharacterSystem\web\photos\mp_m_freemode_01-glasses_1-55.webp	1700
C:\admirales\script_ver\script_ver\quarantine\under-review\17mov_CharacterSystem\web\photos\mp_m_freemode_01-glasses_1-56.webp	2346
C:\admirales\script_ver\script_ver\quarantine\under-review\17mov_CharacterSystem\web\photos\mp_m_freemode_01-glasses_1-6.webp	1874
C:\admirales\script_ver\script_ver\quarantine\under-review\17mov_CharacterSystem\web\photos\mp_m_freemode_01-glasses_1-7.webp	992
C:\admirales\script_ver\script_ver\quarantine\under-review\17mov_CharacterSystem\web\photos\mp_m_freemode_01-glasses_1-8.webp	1736
C:\admirales\script_ver\script_ver\quarantine\under-review\17mov_CharacterSystem\web\photos\mp_m_freemode_01-glasses_1-9.webp	2316
C:\admirales\script_ver\script_ver\quarantine\under-review\17mov_CharacterSystem\web\photos\mp_m_freemode_01-hair_1-0.webp	2722
C:\admirales\script_ver\script_ver\quarantine\under-review\17mov_CharacterSystem\web\photos\mp_m_freemode_01-hair_1-1.webp	2986
C:\admirales\script_ver\script_ver\quarantine\under-review\17mov_CharacterSystem\web\photos\mp_m_freemode_01-hair_1-10.webp	3288
C:\admirales\script_ver\script_ver\quarantine\under-review\17mov_CharacterSystem\web\photos\mp_m_freemode_01-hair_1-11.webp	3426
C:\admirales\script_ver\script_ver\quarantine\under-review\17mov_CharacterSystem\web\photos\mp_m_freemode_01-hair_1-12.webp	3134
C:\admirales\script_ver\script_ver\quarantine\under-review\17mov_CharacterSystem\web\photos\mp_m_freemode_01-hair_1-13.webp	3724
C:\admirales\script_ver\script_ver\quarantine\under-review\17mov_CharacterSystem\web\photos\mp_m_freemode_01-hair_1-14.webp	3954
C:\admirales\script_ver\script_ver\quarantine\under-review\17mov_CharacterSystem\web\photos\mp_m_freemode_01-hair_1-15.webp	3652
C:\admirales\script_ver\script_ver\quarantine\under-review\17mov_CharacterSystem\web\photos\mp_m_freemode_01-hair_1-16.webp	4068
C:\admirales\script_ver\script_ver\quarantine\under-review\17mov_CharacterSystem\web\photos\mp_m_freemode_01-hair_1-17.webp	3624
C:\admirales\script_ver\script_ver\quarantine\under-review\17mov_CharacterSystem\web\photos\mp_m_freemode_01-hair_1-18.webp	3194
C:\admirales\script_ver\script_ver\quarantine\under-review\17mov_CharacterSystem\web\photos\mp_m_freemode_01-hair_1-19.webp	3006
C:\admirales\script_ver\script_ver\quarantine\under-review\17mov_CharacterSystem\web\photos\mp_m_freemode_01-hair_1-2.webp	3186
C:\admirales\script_ver\script_ver\quarantine\under-review\17mov_CharacterSystem\web\photos\mp_m_freemode_01-hair_1-20.webp	3374
C:\admirales\script_ver\script_ver\quarantine\under-review\17mov_CharacterSystem\web\photos\mp_m_freemode_01-hair_1-21.webp	3018
C:\admirales\script_ver\script_ver\quarantine\under-review\17mov_CharacterSystem\web\photos\mp_m_freemode_01-hair_1-22.webp	3758
C:\admirales\script_ver\script_ver\quarantine\under-review\17mov_CharacterSystem\web\photos\mp_m_freemode_01-hair_1-23.webp	3418
C:\admirales\script_ver\script_ver\quarantine\under-review\17mov_CharacterSystem\web\photos\mp_m_freemode_01-hair_1-24.webp	3354
C:\admirales\script_ver\script_ver\quarantine\under-review\17mov_CharacterSystem\web\photos\mp_m_freemode_01-hair_1-25.webp	3290
C:\admirales\script_ver\script_ver\quarantine\under-review\17mov_CharacterSystem\web\photos\mp_m_freemode_01-hair_1-26.webp	3236
C:\admirales\script_ver\script_ver\quarantine\under-review\17mov_CharacterSystem\web\photos\mp_m_freemode_01-hair_1-27.webp	3226
C:\admirales\script_ver\script_ver\quarantine\under-review\17mov_CharacterSystem\web\photos\mp_m_freemode_01-hair_1-28.webp	3356
C:\admirales\script_ver\script_ver\quarantine\under-review\17mov_CharacterSystem\web\photos\mp_m_freemode_01-hair_1-29.webp	3162
C:\admirales\script_ver\script_ver\quarantine\under-review\17mov_CharacterSystem\web\photos\mp_m_freemode_01-hair_1-3.webp	3104
C:\admirales\script_ver\script_ver\quarantine\under-review\17mov_CharacterSystem\web\photos\mp_m_freemode_01-hair_1-30.webp	3108
C:\admirales\script_ver\script_ver\quarantine\under-review\17mov_CharacterSystem\web\photos\mp_m_freemode_01-hair_1-31.webp	3210
C:\admirales\script_ver\script_ver\quarantine\under-review\17mov_CharacterSystem\web\photos\mp_m_freemode_01-hair_1-32.webp	3550
C:\admirales\script_ver\script_ver\quarantine\under-review\17mov_CharacterSystem\web\photos\mp_m_freemode_01-hair_1-33.webp	3304
C:\admirales\script_ver\script_ver\quarantine\under-review\17mov_CharacterSystem\web\photos\mp_m_freemode_01-hair_1-34.webp	4016
C:\admirales\script_ver\script_ver\quarantine\under-review\17mov_CharacterSystem\web\photos\mp_m_freemode_01-hair_1-35.webp	3440
C:\admirales\script_ver\script_ver\quarantine\under-review\17mov_CharacterSystem\web\photos\mp_m_freemode_01-hair_1-36.webp	3460
C:\admirales\script_ver\script_ver\quarantine\under-review\17mov_CharacterSystem\web\photos\mp_m_freemode_01-hair_1-37.webp	3004
C:\admirales\script_ver\script_ver\quarantine\under-review\17mov_CharacterSystem\web\photos\mp_m_freemode_01-hair_1-38.webp	3176
C:\admirales\script_ver\script_ver\quarantine\under-review\17mov_CharacterSystem\web\photos\mp_m_freemode_01-hair_1-39.webp	2874
C:\admirales\script_ver\script_ver\quarantine\under-review\17mov_CharacterSystem\web\photos\mp_m_freemode_01-hair_1-4.webp	3122
C:\admirales\script_ver\script_ver\quarantine\under-review\17mov_CharacterSystem\web\photos\mp_m_freemode_01-hair_1-40.webp	3116
C:\admirales\script_ver\script_ver\quarantine\under-review\17mov_CharacterSystem\web\photos\mp_m_freemode_01-hair_1-41.webp	3250
C:\admirales\script_ver\script_ver\quarantine\under-review\17mov_CharacterSystem\web\photos\mp_m_freemode_01-hair_1-42.webp	3468
C:\admirales\script_ver\script_ver\quarantine\under-review\17mov_CharacterSystem\web\photos\mp_m_freemode_01-hair_1-43.webp	3202
C:\admirales\script_ver\script_ver\quarantine\under-review\17mov_CharacterSystem\web\photos\mp_m_freemode_01-hair_1-44.webp	3472
C:\admirales\script_ver\script_ver\quarantine\under-review\17mov_CharacterSystem\web\photos\mp_m_freemode_01-hair_1-45.webp	3442
C:\admirales\script_ver\script_ver\quarantine\under-review\17mov_CharacterSystem\web\photos\mp_m_freemode_01-hair_1-46.webp	3270
C:\admirales\script_ver\script_ver\quarantine\under-review\17mov_CharacterSystem\web\photos\mp_m_freemode_01-hair_1-47.webp	3212
C:\admirales\script_ver\script_ver\quarantine\under-review\17mov_CharacterSystem\web\photos\mp_m_freemode_01-hair_1-48.webp	3196
C:\admirales\script_ver\script_ver\quarantine\under-review\17mov_CharacterSystem\web\photos\mp_m_freemode_01-hair_1-49.webp	3954
C:\admirales\script_ver\script_ver\quarantine\under-review\17mov_CharacterSystem\web\photos\mp_m_freemode_01-hair_1-5.webp	3518
C:\admirales\script_ver\script_ver\quarantine\under-review\17mov_CharacterSystem\web\photos\mp_m_freemode_01-hair_1-50.webp	3430
C:\admirales\script_ver\script_ver\quarantine\under-review\17mov_CharacterSystem\web\photos\mp_m_freemode_01-hair_1-51.webp	3396
C:\admirales\script_ver\script_ver\quarantine\under-review\17mov_CharacterSystem\web\photos\mp_m_freemode_01-hair_1-52.webp	4078
C:\admirales\script_ver\script_ver\quarantine\under-review\17mov_CharacterSystem\web\photos\mp_m_freemode_01-hair_1-53.webp	3552
C:\admirales\script_ver\script_ver\quarantine\under-review\17mov_CharacterSystem\web\photos\mp_m_freemode_01-hair_1-54.webp	3176
C:\admirales\script_ver\script_ver\quarantine\under-review\17mov_CharacterSystem\web\photos\mp_m_freemode_01-hair_1-55.webp	3290
C:\admirales\script_ver\script_ver\quarantine\under-review\17mov_CharacterSystem\web\photos\mp_m_freemode_01-hair_1-56.webp	3360
C:\admirales\script_ver\script_ver\quarantine\under-review\17mov_CharacterSystem\web\photos\mp_m_freemode_01-hair_1-57.webp	3130
C:\admirales\script_ver\script_ver\quarantine\under-review\17mov_CharacterSystem\web\photos\mp_m_freemode_01-hair_1-58.webp	3754
C:\admirales\script_ver\script_ver\quarantine\under-review\17mov_CharacterSystem\web\photos\mp_m_freemode_01-hair_1-59.webp	3336
C:\admirales\script_ver\script_ver\quarantine\under-review\17mov_CharacterSystem\web\photos\mp_m_freemode_01-hair_1-6.webp	3460
C:\admirales\script_ver\script_ver\quarantine\under-review\17mov_CharacterSystem\web\photos\mp_m_freemode_01-hair_1-60.webp	3238
C:\admirales\script_ver\script_ver\quarantine\under-review\17mov_CharacterSystem\web\photos\mp_m_freemode_01-hair_1-61.webp	3234
C:\admirales\script_ver\script_ver\quarantine\under-review\17mov_CharacterSystem\web\photos\mp_m_freemode_01-hair_1-62.webp	3216
C:\admirales\script_ver\script_ver\quarantine\under-review\17mov_CharacterSystem\web\photos\mp_m_freemode_01-hair_1-63.webp	3358
C:\admirales\script_ver\script_ver\quarantine\under-review\17mov_CharacterSystem\web\photos\mp_m_freemode_01-hair_1-64.webp	3176
C:\admirales\script_ver\script_ver\quarantine\under-review\17mov_CharacterSystem\web\photos\mp_m_freemode_01-hair_1-65.webp	3066
C:\admirales\script_ver\script_ver\quarantine\under-review\17mov_CharacterSystem\web\photos\mp_m_freemode_01-hair_1-66.webp	3210
C:\admirales\script_ver\script_ver\quarantine\under-review\17mov_CharacterSystem\web\photos\mp_m_freemode_01-hair_1-67.webp	3596
C:\admirales\script_ver\script_ver\quarantine\under-review\17mov_CharacterSystem\web\photos\mp_m_freemode_01-hair_1-68.webp	3278
C:\admirales\script_ver\script_ver\quarantine\under-review\17mov_CharacterSystem\web\photos\mp_m_freemode_01-hair_1-69.webp	3946
C:\admirales\script_ver\script_ver\quarantine\under-review\17mov_CharacterSystem\web\photos\mp_m_freemode_01-hair_1-7.webp	3218
C:\admirales\script_ver\script_ver\quarantine\under-review\17mov_CharacterSystem\web\photos\mp_m_freemode_01-hair_1-70.webp	3488
C:\admirales\script_ver\script_ver\quarantine\under-review\17mov_CharacterSystem\web\photos\mp_m_freemode_01-hair_1-71.webp	3480
C:\admirales\script_ver\script_ver\quarantine\under-review\17mov_CharacterSystem\web\photos\mp_m_freemode_01-hair_1-72.webp	2898
C:\admirales\script_ver\script_ver\quarantine\under-review\17mov_CharacterSystem\web\photos\mp_m_freemode_01-hair_1-73.webp	2940
C:\admirales\script_ver\script_ver\quarantine\under-review\17mov_CharacterSystem\web\photos\mp_m_freemode_01-hair_1-74.webp	3452
C:\admirales\script_ver\script_ver\quarantine\under-review\17mov_CharacterSystem\web\photos\mp_m_freemode_01-hair_1-75.webp	3268
C:\admirales\script_ver\script_ver\quarantine\under-review\17mov_CharacterSystem\web\photos\mp_m_freemode_01-hair_1-76.webp	3192
C:\admirales\script_ver\script_ver\quarantine\under-review\17mov_CharacterSystem\web\photos\mp_m_freemode_01-hair_1-77.webp	3538
C:\admirales\script_ver\script_ver\quarantine\under-review\17mov_CharacterSystem\web\photos\mp_m_freemode_01-hair_1-78.webp	3722
C:\admirales\script_ver\script_ver\quarantine\under-review\17mov_CharacterSystem\web\photos\mp_m_freemode_01-hair_1-79.webp	3442
C:\admirales\script_ver\script_ver\quarantine\under-review\17mov_CharacterSystem\web\photos\mp_m_freemode_01-hair_1-8.webp	3394
C:\admirales\script_ver\script_ver\quarantine\under-review\17mov_CharacterSystem\web\photos\mp_m_freemode_01-hair_1-80.webp	3418
C:\admirales\script_ver\script_ver\quarantine\under-review\17mov_CharacterSystem\web\photos\mp_m_freemode_01-hair_1-81.webp	3756
C:\admirales\script_ver\script_ver\quarantine\under-review\17mov_CharacterSystem\web\photos\mp_m_freemode_01-hair_1-82.webp	2700
C:\admirales\script_ver\script_ver\quarantine\under-review\17mov_CharacterSystem\web\photos\mp_m_freemode_01-hair_1-9.webp	3452
C:\admirales\script_ver\script_ver\quarantine\under-review\17mov_CharacterSystem\web\photos\mp_m_freemode_01-helmet_1-0.webp	730
C:\admirales\script_ver\script_ver\quarantine\under-review\17mov_CharacterSystem\web\photos\mp_m_freemode_01-helmet_1-1.webp	1680
C:\admirales\script_ver\script_ver\quarantine\under-review\17mov_CharacterSystem\web\photos\mp_m_freemode_01-helmet_1-10.webp	2014
C:\admirales\script_ver\script_ver\quarantine\under-review\17mov_CharacterSystem\web\photos\mp_m_freemode_01-helmet_1-100.webp	2776
C:\admirales\script_ver\script_ver\quarantine\under-review\17mov_CharacterSystem\web\photos\mp_m_freemode_01-helmet_1-101.webp	2822
C:\admirales\script_ver\script_ver\quarantine\under-review\17mov_CharacterSystem\web\photos\mp_m_freemode_01-helmet_1-102.webp	1856
C:\admirales\script_ver\script_ver\quarantine\under-review\17mov_CharacterSystem\web\photos\mp_m_freemode_01-helmet_1-103.webp	1204
C:\admirales\script_ver\script_ver\quarantine\under-review\17mov_CharacterSystem\web\photos\mp_m_freemode_01-helmet_1-104.webp	2172
C:\admirales\script_ver\script_ver\quarantine\under-review\17mov_CharacterSystem\web\photos\mp_m_freemode_01-helmet_1-105.webp	2790
C:\admirales\script_ver\script_ver\quarantine\under-review\17mov_CharacterSystem\web\photos\mp_m_freemode_01-helmet_1-106.webp	2628
C:\admirales\script_ver\script_ver\quarantine\under-review\17mov_CharacterSystem\web\photos\mp_m_freemode_01-helmet_1-107.webp	1948
C:\admirales\script_ver\script_ver\quarantine\under-review\17mov_CharacterSystem\web\photos\mp_m_freemode_01-helmet_1-108.webp	2080
C:\admirales\script_ver\script_ver\quarantine\under-review\17mov_CharacterSystem\web\photos\mp_m_freemode_01-helmet_1-109.webp	2006
C:\admirales\script_ver\script_ver\quarantine\under-review\17mov_CharacterSystem\web\photos\mp_m_freemode_01-helmet_1-11.webp	2070
C:\admirales\script_ver\script_ver\quarantine\under-review\17mov_CharacterSystem\web\photos\mp_m_freemode_01-helmet_1-110.webp	1850
C:\admirales\script_ver\script_ver\quarantine\under-review\17mov_CharacterSystem\web\photos\mp_m_freemode_01-helmet_1-111.webp	1632
C:\admirales\script_ver\script_ver\quarantine\under-review\17mov_CharacterSystem\web\photos\mp_m_freemode_01-helmet_1-112.webp	3004
C:\admirales\script_ver\script_ver\quarantine\under-review\17mov_CharacterSystem\web\photos\mp_m_freemode_01-helmet_1-113.webp	2256
C:\admirales\script_ver\script_ver\quarantine\under-review\17mov_CharacterSystem\web\photos\mp_m_freemode_01-helmet_1-114.webp	1824
C:\admirales\script_ver\script_ver\quarantine\under-review\17mov_CharacterSystem\web\photos\mp_m_freemode_01-helmet_1-115.webp	1838
C:\admirales\script_ver\script_ver\quarantine\under-review\17mov_CharacterSystem\web\photos\mp_m_freemode_01-helmet_1-116.webp	2124
C:\admirales\script_ver\script_ver\quarantine\under-review\17mov_CharacterSystem\web\photos\mp_m_freemode_01-helmet_1-117.webp	2408
C:\admirales\script_ver\script_ver\quarantine\under-review\17mov_CharacterSystem\web\photos\mp_m_freemode_01-helmet_1-118.webp	2986
C:\admirales\script_ver\script_ver\quarantine\under-review\17mov_CharacterSystem\web\photos\mp_m_freemode_01-helmet_1-119.webp	2860
C:\admirales\script_ver\script_ver\quarantine\under-review\17mov_CharacterSystem\web\photos\mp_m_freemode_01-helmet_1-12.webp	846
C:\admirales\script_ver\script_ver\quarantine\under-review\17mov_CharacterSystem\web\photos\mp_m_freemode_01-helmet_1-120.webp	3098
C:\admirales\script_ver\script_ver\quarantine\under-review\17mov_CharacterSystem\web\photos\mp_m_freemode_01-helmet_1-121.webp	1220
C:\admirales\script_ver\script_ver\quarantine\under-review\17mov_CharacterSystem\web\photos\mp_m_freemode_01-helmet_1-122.webp	794
C:\admirales\script_ver\script_ver\quarantine\under-review\17mov_CharacterSystem\web\photos\mp_m_freemode_01-helmet_1-123.webp	1708
C:\admirales\script_ver\script_ver\quarantine\under-review\17mov_CharacterSystem\web\photos\mp_m_freemode_01-helmet_1-124.webp	1798
C:\admirales\script_ver\script_ver\quarantine\under-review\17mov_CharacterSystem\web\photos\mp_m_freemode_01-helmet_1-125.webp	2058
C:\admirales\script_ver\script_ver\quarantine\under-review\17mov_CharacterSystem\web\photos\mp_m_freemode_01-helmet_1-126.webp	1852
C:\admirales\script_ver\script_ver\quarantine\under-review\17mov_CharacterSystem\web\photos\mp_m_freemode_01-helmet_1-127.webp	2236
C:\admirales\script_ver\script_ver\quarantine\under-review\17mov_CharacterSystem\web\photos\mp_m_freemode_01-helmet_1-128.webp	2272
C:\admirales\script_ver\script_ver\quarantine\under-review\17mov_CharacterSystem\web\photos\mp_m_freemode_01-helmet_1-129.webp	2160
C:\admirales\script_ver\script_ver\quarantine\under-review\17mov_CharacterSystem\web\photos\mp_m_freemode_01-helmet_1-13.webp	1578
C:\admirales\script_ver\script_ver\quarantine\under-review\17mov_CharacterSystem\web\photos\mp_m_freemode_01-helmet_1-130.webp	2788
C:\admirales\script_ver\script_ver\quarantine\under-review\17mov_CharacterSystem\web\photos\mp_m_freemode_01-helmet_1-131.webp	2098
C:\admirales\script_ver\script_ver\quarantine\under-review\17mov_CharacterSystem\web\photos\mp_m_freemode_01-helmet_1-132.webp	1972
C:\admirales\script_ver\script_ver\quarantine\under-review\17mov_CharacterSystem\web\photos\mp_m_freemode_01-helmet_1-133.webp	2260
C:\admirales\script_ver\script_ver\quarantine\under-review\17mov_CharacterSystem\web\photos\mp_m_freemode_01-helmet_1-134.webp	3048
C:\admirales\script_ver\script_ver\quarantine\under-review\17mov_CharacterSystem\web\photos\mp_m_freemode_01-helmet_1-135.webp	2490
C:\admirales\script_ver\script_ver\quarantine\under-review\17mov_CharacterSystem\web\photos\mp_m_freemode_01-helmet_1-136.webp	1664
C:\admirales\script_ver\script_ver\quarantine\under-review\17mov_CharacterSystem\web\photos\mp_m_freemode_01-helmet_1-137.webp	1534
C:\admirales\script_ver\script_ver\quarantine\under-review\17mov_CharacterSystem\web\photos\mp_m_freemode_01-helmet_1-138.webp	3138
C:\admirales\script_ver\script_ver\quarantine\under-review\17mov_CharacterSystem\web\photos\mp_m_freemode_01-helmet_1-139.webp	3452
C:\admirales\script_ver\script_ver\quarantine\under-review\17mov_CharacterSystem\web\photos\mp_m_freemode_01-helmet_1-14.webp	1768
C:\admirales\script_ver\script_ver\quarantine\under-review\17mov_CharacterSystem\web\photos\mp_m_freemode_01-helmet_1-140.webp	1872
C:\admirales\script_ver\script_ver\quarantine\under-review\17mov_CharacterSystem\web\photos\mp_m_freemode_01-helmet_1-141.webp	1488
C:\admirales\script_ver\script_ver\quarantine\under-review\17mov_CharacterSystem\web\photos\mp_m_freemode_01-helmet_1-142.webp	1470
C:\admirales\script_ver\script_ver\quarantine\under-review\17mov_CharacterSystem\web\photos\mp_m_freemode_01-helmet_1-143.webp	1272
C:\admirales\script_ver\script_ver\quarantine\under-review\17mov_CharacterSystem\web\photos\mp_m_freemode_01-helmet_1-144.webp	1284
C:\admirales\script_ver\script_ver\quarantine\under-review\17mov_CharacterSystem\web\photos\mp_m_freemode_01-helmet_1-145.webp	1890
C:\admirales\script_ver\script_ver\quarantine\under-review\17mov_CharacterSystem\web\photos\mp_m_freemode_01-helmet_1-146.webp	1746
C:\admirales\script_ver\script_ver\quarantine\under-review\17mov_CharacterSystem\web\photos\mp_m_freemode_01-helmet_1-147.webp	1342
C:\admirales\script_ver\script_ver\quarantine\under-review\17mov_CharacterSystem\web\photos\mp_m_freemode_01-helmet_1-148.webp	2328
C:\admirales\script_ver\script_ver\quarantine\under-review\17mov_CharacterSystem\web\photos\mp_m_freemode_01-helmet_1-149.webp	2612
C:\admirales\script_ver\script_ver\quarantine\under-review\17mov_CharacterSystem\web\photos\mp_m_freemode_01-helmet_1-15.webp	2016
C:\admirales\script_ver\script_ver\quarantine\under-review\17mov_CharacterSystem\web\photos\mp_m_freemode_01-helmet_1-150.webp	1924
C:\admirales\script_ver\script_ver\quarantine\under-review\17mov_CharacterSystem\web\photos\mp_m_freemode_01-helmet_1-151.webp	2104
C:\admirales\script_ver\script_ver\quarantine\under-review\17mov_CharacterSystem\web\photos\mp_m_freemode_01-helmet_1-152.webp	1616
C:\admirales\script_ver\script_ver\quarantine\under-review\17mov_CharacterSystem\web\photos\mp_m_freemode_01-helmet_1-153.webp	1552
C:\admirales\script_ver\script_ver\quarantine\under-review\17mov_CharacterSystem\web\photos\mp_m_freemode_01-helmet_1-154.webp	2110
C:\admirales\script_ver\script_ver\quarantine\under-review\17mov_CharacterSystem\web\photos\mp_m_freemode_01-helmet_1-155.webp	1966
C:\admirales\script_ver\script_ver\quarantine\under-review\17mov_CharacterSystem\web\photos\mp_m_freemode_01-helmet_1-156.webp	1408
C:\admirales\script_ver\script_ver\quarantine\under-review\17mov_CharacterSystem\web\photos\mp_m_freemode_01-helmet_1-157.webp	1474
C:\admirales\script_ver\script_ver\quarantine\under-review\17mov_CharacterSystem\web\photos\mp_m_freemode_01-helmet_1-158.webp	1632
C:\admirales\script_ver\script_ver\quarantine\under-review\17mov_CharacterSystem\web\photos\mp_m_freemode_01-helmet_1-159.webp	1386
C:\admirales\script_ver\script_ver\quarantine\under-review\17mov_CharacterSystem\web\photos\mp_m_freemode_01-helmet_1-16.webp	1916
C:\admirales\script_ver\script_ver\quarantine\under-review\17mov_CharacterSystem\web\photos\mp_m_freemode_01-helmet_1-160.webp	1628
C:\admirales\script_ver\script_ver\quarantine\under-review\17mov_CharacterSystem\web\photos\mp_m_freemode_01-helmet_1-161.webp	1446
C:\admirales\script_ver\script_ver\quarantine\under-review\17mov_CharacterSystem\web\photos\mp_m_freemode_01-helmet_1-162.webp	1376
C:\admirales\script_ver\script_ver\quarantine\under-review\17mov_CharacterSystem\web\photos\mp_m_freemode_01-helmet_1-163.webp	1818
C:\admirales\script_ver\script_ver\quarantine\under-review\17mov_CharacterSystem\web\photos\mp_m_freemode_01-helmet_1-164.webp	1604
C:\admirales\script_ver\script_ver\quarantine\under-review\17mov_CharacterSystem\web\photos\mp_m_freemode_01-helmet_1-165.webp	1386
C:\admirales\script_ver\script_ver\quarantine\under-review\17mov_CharacterSystem\web\photos\mp_m_freemode_01-helmet_1-166.webp	1514
C:\admirales\script_ver\script_ver\quarantine\under-review\17mov_CharacterSystem\web\photos\mp_m_freemode_01-helmet_1-167.webp	1616
C:\admirales\script_ver\script_ver\quarantine\under-review\17mov_CharacterSystem\web\photos\mp_m_freemode_01-helmet_1-168.webp	1542
C:\admirales\script_ver\script_ver\quarantine\under-review\17mov_CharacterSystem\web\photos\mp_m_freemode_01-helmet_1-169.webp	1384
C:\admirales\script_ver\script_ver\quarantine\under-review\17mov_CharacterSystem\web\photos\mp_m_freemode_01-helmet_1-17.webp	2950
C:\admirales\script_ver\script_ver\quarantine\under-review\17mov_CharacterSystem\web\photos\mp_m_freemode_01-helmet_1-170.webp	1514
C:\admirales\script_ver\script_ver\quarantine\under-review\17mov_CharacterSystem\web\photos\mp_m_freemode_01-helmet_1-171.webp	1840
C:\admirales\script_ver\script_ver\quarantine\under-review\17mov_CharacterSystem\web\photos\mp_m_freemode_01-helmet_1-172.webp	1246
C:\admirales\script_ver\script_ver\quarantine\under-review\17mov_CharacterSystem\web\photos\mp_m_freemode_01-helmet_1-173.webp	1890
C:\admirales\script_ver\script_ver\quarantine\under-review\17mov_CharacterSystem\web\photos\mp_m_freemode_01-helmet_1-174.webp	1454
C:\admirales\script_ver\script_ver\quarantine\under-review\17mov_CharacterSystem\web\photos\mp_m_freemode_01-helmet_1-175.webp	1568
C:\admirales\script_ver\script_ver\quarantine\under-review\17mov_CharacterSystem\web\photos\mp_m_freemode_01-helmet_1-176.webp	1330
C:\admirales\script_ver\script_ver\quarantine\under-review\17mov_CharacterSystem\web\photos\mp_m_freemode_01-helmet_1-177.webp	1520
C:\admirales\script_ver\script_ver\quarantine\under-review\17mov_CharacterSystem\web\photos\mp_m_freemode_01-helmet_1-178.webp	1528
C:\admirales\script_ver\script_ver\quarantine\under-review\17mov_CharacterSystem\web\photos\mp_m_freemode_01-helmet_1-179.webp	3656
C:\admirales\script_ver\script_ver\quarantine\under-review\17mov_CharacterSystem\web\photos\mp_m_freemode_01-helmet_1-18.webp	1968
C:\admirales\script_ver\script_ver\quarantine\under-review\17mov_CharacterSystem\web\photos\mp_m_freemode_01-helmet_1-180.webp	3126
C:\admirales\script_ver\script_ver\quarantine\under-review\17mov_CharacterSystem\web\photos\mp_m_freemode_01-helmet_1-181.webp	3052
C:\admirales\script_ver\script_ver\quarantine\under-review\17mov_CharacterSystem\web\photos\mp_m_freemode_01-helmet_1-182.webp	2020
C:\admirales\script_ver\script_ver\quarantine\under-review\17mov_CharacterSystem\web\photos\mp_m_freemode_01-helmet_1-183.webp	2268
C:\admirales\script_ver\script_ver\quarantine\under-review\17mov_CharacterSystem\web\photos\mp_m_freemode_01-helmet_1-184.webp	1624
C:\admirales\script_ver\script_ver\quarantine\under-review\17mov_CharacterSystem\web\photos\mp_m_freemode_01-helmet_1-185.webp	1730
C:\admirales\script_ver\script_ver\quarantine\under-review\17mov_CharacterSystem\web\photos\mp_m_freemode_01-helmet_1-186.webp	3330
C:\admirales\script_ver\script_ver\quarantine\under-review\17mov_CharacterSystem\web\photos\mp_m_freemode_01-helmet_1-187.webp	1750
C:\admirales\script_ver\script_ver\quarantine\under-review\17mov_CharacterSystem\web\photos\mp_m_freemode_01-helmet_1-188.webp	1626
C:\admirales\script_ver\script_ver\quarantine\under-review\17mov_CharacterSystem\web\photos\mp_m_freemode_01-helmet_1-189.webp	1238
C:\admirales\script_ver\script_ver\quarantine\under-review\17mov_CharacterSystem\web\photos\mp_m_freemode_01-helmet_1-19.webp	2206
C:\admirales\script_ver\script_ver\quarantine\under-review\17mov_CharacterSystem\web\photos\mp_m_freemode_01-helmet_1-190.webp	1436
C:\admirales\script_ver\script_ver\quarantine\under-review\17mov_CharacterSystem\web\photos\mp_m_freemode_01-helmet_1-191.webp	730
C:\admirales\script_ver\script_ver\quarantine\under-review\17mov_CharacterSystem\web\photos\mp_m_freemode_01-helmet_1-192.webp	730
C:\admirales\script_ver\script_ver\quarantine\under-review\17mov_CharacterSystem\web\photos\mp_m_freemode_01-helmet_1-193.webp	1536
C:\admirales\script_ver\script_ver\quarantine\under-review\17mov_CharacterSystem\web\photos\mp_m_freemode_01-helmet_1-194.webp	1668
C:\admirales\script_ver\script_ver\quarantine\under-review\17mov_CharacterSystem\web\photos\mp_m_freemode_01-helmet_1-195.webp	3166
C:\admirales\script_ver\script_ver\quarantine\under-review\17mov_CharacterSystem\web\photos\mp_m_freemode_01-helmet_1-196.webp	2248
C:\admirales\script_ver\script_ver\quarantine\under-review\17mov_CharacterSystem\web\photos\mp_m_freemode_01-helmet_1-197.webp	2536
C:\admirales\script_ver\script_ver\quarantine\under-review\17mov_CharacterSystem\web\photos\mp_m_freemode_01-helmet_1-198.webp	2094
C:\admirales\script_ver\script_ver\quarantine\under-review\17mov_CharacterSystem\web\photos\mp_m_freemode_01-helmet_1-199.webp	2508
C:\admirales\script_ver\script_ver\quarantine\under-review\17mov_CharacterSystem\web\photos\mp_m_freemode_01-helmet_1-2.webp	1844
C:\admirales\script_ver\script_ver\quarantine\under-review\17mov_CharacterSystem\web\photos\mp_m_freemode_01-helmet_1-20.webp	1982
C:\admirales\script_ver\script_ver\quarantine\under-review\17mov_CharacterSystem\web\photos\mp_m_freemode_01-helmet_1-200.webp	3598
C:\admirales\script_ver\script_ver\quarantine\under-review\17mov_CharacterSystem\web\photos\mp_m_freemode_01-helmet_1-201.webp	3622
C:\admirales\script_ver\script_ver\quarantine\under-review\17mov_CharacterSystem\web\photos\mp_m_freemode_01-helmet_1-202.webp	730
C:\admirales\script_ver\script_ver\quarantine\under-review\17mov_CharacterSystem\web\photos\mp_m_freemode_01-helmet_1-203.webp	730
C:\admirales\script_ver\script_ver\quarantine\under-review\17mov_CharacterSystem\web\photos\mp_m_freemode_01-helmet_1-204.webp	2828
C:\admirales\script_ver\script_ver\quarantine\under-review\17mov_CharacterSystem\web\photos\mp_m_freemode_01-helmet_1-205.webp	3126
C:\admirales\script_ver\script_ver\quarantine\under-review\17mov_CharacterSystem\web\photos\mp_m_freemode_01-helmet_1-206.webp	2862
C:\admirales\script_ver\script_ver\quarantine\under-review\17mov_CharacterSystem\web\photos\mp_m_freemode_01-helmet_1-207.webp	2470
C:\admirales\script_ver\script_ver\quarantine\under-review\17mov_CharacterSystem\web\photos\mp_m_freemode_01-helmet_1-208.webp	730
C:\admirales\script_ver\script_ver\quarantine\under-review\17mov_CharacterSystem\web\photos\mp_m_freemode_01-helmet_1-209.webp	730
C:\admirales\script_ver\script_ver\quarantine\under-review\17mov_CharacterSystem\web\photos\mp_m_freemode_01-helmet_1-21.webp	1614
C:\admirales\script_ver\script_ver\quarantine\under-review\17mov_CharacterSystem\web\photos\mp_m_freemode_01-helmet_1-210.webp	2976
C:\admirales\script_ver\script_ver\quarantine\under-review\17mov_CharacterSystem\web\photos\mp_m_freemode_01-helmet_1-211.webp	1638
C:\admirales\script_ver\script_ver\quarantine\under-review\17mov_CharacterSystem\web\photos\mp_m_freemode_01-helmet_1-212.webp	1350
C:\admirales\script_ver\script_ver\quarantine\under-review\17mov_CharacterSystem\web\photos\mp_m_freemode_01-helmet_1-213.webp	1992
C:\admirales\script_ver\script_ver\quarantine\under-review\17mov_CharacterSystem\web\photos\mp_m_freemode_01-helmet_1-214.webp	1898
C:\admirales\script_ver\script_ver\quarantine\under-review\17mov_CharacterSystem\web\photos\mp_m_freemode_01-helmet_1-22.webp	1644
C:\admirales\script_ver\script_ver\quarantine\under-review\17mov_CharacterSystem\web\photos\mp_m_freemode_01-helmet_1-23.webp	2186
C:\admirales\script_ver\script_ver\quarantine\under-review\17mov_CharacterSystem\web\photos\mp_m_freemode_01-helmet_1-24.webp	2696
C:\admirales\script_ver\script_ver\quarantine\under-review\17mov_CharacterSystem\web\photos\mp_m_freemode_01-helmet_1-25.webp	1656
C:\admirales\script_ver\script_ver\quarantine\under-review\17mov_CharacterSystem\web\photos\mp_m_freemode_01-helmet_1-26.webp	1518
C:\admirales\script_ver\script_ver\quarantine\under-review\17mov_CharacterSystem\web\photos\mp_m_freemode_01-helmet_1-27.webp	1216
C:\admirales\script_ver\script_ver\quarantine\under-review\17mov_CharacterSystem\web\photos\mp_m_freemode_01-helmet_1-28.webp	1364
C:\admirales\script_ver\script_ver\quarantine\under-review\17mov_CharacterSystem\web\photos\mp_m_freemode_01-helmet_1-29.webp	1462
C:\admirales\script_ver\script_ver\quarantine\under-review\17mov_CharacterSystem\web\photos\mp_m_freemode_01-helmet_1-3.webp	1284
C:\admirales\script_ver\script_ver\quarantine\under-review\17mov_CharacterSystem\web\photos\mp_m_freemode_01-helmet_1-30.webp	1412
C:\admirales\script_ver\script_ver\quarantine\under-review\17mov_CharacterSystem\web\photos\mp_m_freemode_01-helmet_1-31.webp	1710
C:\admirales\script_ver\script_ver\quarantine\under-review\17mov_CharacterSystem\web\photos\mp_m_freemode_01-helmet_1-32.webp	2214
C:\admirales\script_ver\script_ver\quarantine\under-review\17mov_CharacterSystem\web\photos\mp_m_freemode_01-helmet_1-33.webp	2150
C:\admirales\script_ver\script_ver\quarantine\under-review\17mov_CharacterSystem\web\photos\mp_m_freemode_01-helmet_1-34.webp	2596
C:\admirales\script_ver\script_ver\quarantine\under-review\17mov_CharacterSystem\web\photos\mp_m_freemode_01-helmet_1-35.webp	2020
C:\admirales\script_ver\script_ver\quarantine\under-review\17mov_CharacterSystem\web\photos\mp_m_freemode_01-helmet_1-36.webp	2054
C:\admirales\script_ver\script_ver\quarantine\under-review\17mov_CharacterSystem\web\photos\mp_m_freemode_01-helmet_1-37.webp	2478
C:\admirales\script_ver\script_ver\quarantine\under-review\17mov_CharacterSystem\web\photos\mp_m_freemode_01-helmet_1-38.webp	2842
C:\admirales\script_ver\script_ver\quarantine\under-review\17mov_CharacterSystem\web\photos\mp_m_freemode_01-helmet_1-39.webp	2882
C:\admirales\script_ver\script_ver\quarantine\under-review\17mov_CharacterSystem\web\photos\mp_m_freemode_01-helmet_1-4.webp	2016
C:\admirales\script_ver\script_ver\quarantine\under-review\17mov_CharacterSystem\web\photos\mp_m_freemode_01-helmet_1-40.webp	1956
C:\admirales\script_ver\script_ver\quarantine\under-review\17mov_CharacterSystem\web\photos\mp_m_freemode_01-helmet_1-41.webp	2286
C:\admirales\script_ver\script_ver\quarantine\under-review\17mov_CharacterSystem\web\photos\mp_m_freemode_01-helmet_1-42.webp	1962
C:\admirales\script_ver\script_ver\quarantine\under-review\17mov_CharacterSystem\web\photos\mp_m_freemode_01-helmet_1-43.webp	3026
C:\admirales\script_ver\script_ver\quarantine\under-review\17mov_CharacterSystem\web\photos\mp_m_freemode_01-helmet_1-44.webp	2222
C:\admirales\script_ver\script_ver\quarantine\under-review\17mov_CharacterSystem\web\photos\mp_m_freemode_01-helmet_1-45.webp	1964
C:\admirales\script_ver\script_ver\quarantine\under-review\17mov_CharacterSystem\web\photos\mp_m_freemode_01-helmet_1-46.webp	1636
C:\admirales\script_ver\script_ver\quarantine\under-review\17mov_CharacterSystem\web\photos\mp_m_freemode_01-helmet_1-47.webp	1566
C:\admirales\script_ver\script_ver\quarantine\under-review\17mov_CharacterSystem\web\photos\mp_m_freemode_01-helmet_1-48.webp	2350
C:\admirales\script_ver\script_ver\quarantine\under-review\17mov_CharacterSystem\web\photos\mp_m_freemode_01-helmet_1-49.webp	1850
C:\admirales\script_ver\script_ver\quarantine\under-review\17mov_CharacterSystem\web\photos\mp_m_freemode_01-helmet_1-5.webp	1388
C:\admirales\script_ver\script_ver\quarantine\under-review\17mov_CharacterSystem\web\photos\mp_m_freemode_01-helmet_1-50.webp	1828
C:\admirales\script_ver\script_ver\quarantine\under-review\17mov_CharacterSystem\web\photos\mp_m_freemode_01-helmet_1-51.webp	1536
C:\admirales\script_ver\script_ver\quarantine\under-review\17mov_CharacterSystem\web\photos\mp_m_freemode_01-helmet_1-52.webp	1854
C:\admirales\script_ver\script_ver\quarantine\under-review\17mov_CharacterSystem\web\photos\mp_m_freemode_01-helmet_1-53.webp	1482
C:\admirales\script_ver\script_ver\quarantine\under-review\17mov_CharacterSystem\web\photos\mp_m_freemode_01-helmet_1-54.webp	1790
C:\admirales\script_ver\script_ver\quarantine\under-review\17mov_CharacterSystem\web\photos\mp_m_freemode_01-helmet_1-55.webp	1926
C:\admirales\script_ver\script_ver\quarantine\under-review\17mov_CharacterSystem\web\photos\mp_m_freemode_01-helmet_1-56.webp	1780
C:\admirales\script_ver\script_ver\quarantine\under-review\17mov_CharacterSystem\web\photos\mp_m_freemode_01-helmet_1-57.webp	1484
C:\admirales\script_ver\script_ver\quarantine\under-review\17mov_CharacterSystem\web\photos\mp_m_freemode_01-helmet_1-58.webp	3704
C:\admirales\script_ver\script_ver\quarantine\under-review\17mov_CharacterSystem\web\photos\mp_m_freemode_01-helmet_1-59.webp	1556
C:\admirales\script_ver\script_ver\quarantine\under-review\17mov_CharacterSystem\web\photos\mp_m_freemode_01-helmet_1-6.webp	1244
C:\admirales\script_ver\script_ver\quarantine\under-review\17mov_CharacterSystem\web\photos\mp_m_freemode_01-helmet_1-60.webp	1886
C:\admirales\script_ver\script_ver\quarantine\under-review\17mov_CharacterSystem\web\photos\mp_m_freemode_01-helmet_1-61.webp	1558
C:\admirales\script_ver\script_ver\quarantine\under-review\17mov_CharacterSystem\web\photos\mp_m_freemode_01-helmet_1-62.webp	1504
C:\admirales\script_ver\script_ver\quarantine\under-review\17mov_CharacterSystem\web\photos\mp_m_freemode_01-helmet_1-63.webp	1890
C:\admirales\script_ver\script_ver\quarantine\under-review\17mov_CharacterSystem\web\photos\mp_m_freemode_01-helmet_1-64.webp	1502
C:\admirales\script_ver\script_ver\quarantine\under-review\17mov_CharacterSystem\web\photos\mp_m_freemode_01-helmet_1-65.webp	1712
C:\admirales\script_ver\script_ver\quarantine\under-review\17mov_CharacterSystem\web\photos\mp_m_freemode_01-helmet_1-66.webp	1526
C:\admirales\script_ver\script_ver\quarantine\under-review\17mov_CharacterSystem\web\photos\mp_m_freemode_01-helmet_1-67.webp	1368
C:\admirales\script_ver\script_ver\quarantine\under-review\17mov_CharacterSystem\web\photos\mp_m_freemode_01-helmet_1-68.webp	2404
C:\admirales\script_ver\script_ver\quarantine\under-review\17mov_CharacterSystem\web\photos\mp_m_freemode_01-helmet_1-69.webp	1724
C:\admirales\script_ver\script_ver\quarantine\under-review\17mov_CharacterSystem\web\photos\mp_m_freemode_01-helmet_1-7.webp	1570
C:\admirales\script_ver\script_ver\quarantine\under-review\17mov_CharacterSystem\web\photos\mp_m_freemode_01-helmet_1-70.webp	1956
C:\admirales\script_ver\script_ver\quarantine\under-review\17mov_CharacterSystem\web\photos\mp_m_freemode_01-helmet_1-71.webp	1656
C:\admirales\script_ver\script_ver\quarantine\under-review\17mov_CharacterSystem\web\photos\mp_m_freemode_01-helmet_1-72.webp	1876
C:\admirales\script_ver\script_ver\quarantine\under-review\17mov_CharacterSystem\web\photos\mp_m_freemode_01-helmet_1-73.webp	2054
C:\admirales\script_ver\script_ver\quarantine\under-review\17mov_CharacterSystem\web\photos\mp_m_freemode_01-helmet_1-74.webp	2310
C:\admirales\script_ver\script_ver\quarantine\under-review\17mov_CharacterSystem\web\photos\mp_m_freemode_01-helmet_1-75.webp	2692
C:\admirales\script_ver\script_ver\quarantine\under-review\17mov_CharacterSystem\web\photos\mp_m_freemode_01-helmet_1-76.webp	1972
C:\admirales\script_ver\script_ver\quarantine\under-review\17mov_CharacterSystem\web\photos\mp_m_freemode_01-helmet_1-77.webp	1988
C:\admirales\script_ver\script_ver\quarantine\under-review\17mov_CharacterSystem\web\photos\mp_m_freemode_01-helmet_1-78.webp	1542
C:\admirales\script_ver\script_ver\quarantine\under-review\17mov_CharacterSystem\web\photos\mp_m_freemode_01-helmet_1-79.webp	2838
C:\admirales\script_ver\script_ver\quarantine\under-review\17mov_CharacterSystem\web\photos\mp_m_freemode_01-helmet_1-8.webp	1352
C:\admirales\script_ver\script_ver\quarantine\under-review\17mov_CharacterSystem\web\photos\mp_m_freemode_01-helmet_1-80.webp	3224
C:\admirales\script_ver\script_ver\quarantine\under-review\17mov_CharacterSystem\web\photos\mp_m_freemode_01-helmet_1-81.webp	2910
C:\admirales\script_ver\script_ver\quarantine\under-review\17mov_CharacterSystem\web\photos\mp_m_freemode_01-helmet_1-82.webp	3208
C:\admirales\script_ver\script_ver\quarantine\under-review\17mov_CharacterSystem\web\photos\mp_m_freemode_01-helmet_1-83.webp	2252
C:\admirales\script_ver\script_ver\quarantine\under-review\17mov_CharacterSystem\web\photos\mp_m_freemode_01-helmet_1-84.webp	1402
C:\admirales\script_ver\script_ver\quarantine\under-review\17mov_CharacterSystem\web\photos\mp_m_freemode_01-helmet_1-85.webp	1856
C:\admirales\script_ver\script_ver\quarantine\under-review\17mov_CharacterSystem\web\photos\mp_m_freemode_01-helmet_1-86.webp	1756
C:\admirales\script_ver\script_ver\quarantine\under-review\17mov_CharacterSystem\web\photos\mp_m_freemode_01-helmet_1-87.webp	1824
C:\admirales\script_ver\script_ver\quarantine\under-review\17mov_CharacterSystem\web\photos\mp_m_freemode_01-helmet_1-88.webp	2082
C:\admirales\script_ver\script_ver\quarantine\under-review\17mov_CharacterSystem\web\photos\mp_m_freemode_01-helmet_1-89.webp	2122
C:\admirales\script_ver\script_ver\quarantine\under-review\17mov_CharacterSystem\web\photos\mp_m_freemode_01-helmet_1-9.webp	828
C:\admirales\script_ver\script_ver\quarantine\under-review\17mov_CharacterSystem\web\photos\mp_m_freemode_01-helmet_1-90.webp	1694
C:\admirales\script_ver\script_ver\quarantine\under-review\17mov_CharacterSystem\web\photos\mp_m_freemode_01-helmet_1-91.webp	1854
C:\admirales\script_ver\script_ver\quarantine\under-review\17mov_CharacterSystem\web\photos\mp_m_freemode_01-helmet_1-92.webp	2354
C:\admirales\script_ver\script_ver\quarantine\under-review\17mov_CharacterSystem\web\photos\mp_m_freemode_01-helmet_1-93.webp	2320
C:\admirales\script_ver\script_ver\quarantine\under-review\17mov_CharacterSystem\web\photos\mp_m_freemode_01-helmet_1-94.webp	2250
C:\admirales\script_ver\script_ver\quarantine\under-review\17mov_CharacterSystem\web\photos\mp_m_freemode_01-helmet_1-95.webp	1638
C:\admirales\script_ver\script_ver\quarantine\under-review\17mov_CharacterSystem\web\photos\mp_m_freemode_01-helmet_1-96.webp	1578
C:\admirales\script_ver\script_ver\quarantine\under-review\17mov_CharacterSystem\web\photos\mp_m_freemode_01-helmet_1-97.webp	1464
C:\admirales\script_ver\script_ver\quarantine\under-review\17mov_CharacterSystem\web\photos\mp_m_freemode_01-helmet_1-98.webp	2372
C:\admirales\script_ver\script_ver\quarantine\under-review\17mov_CharacterSystem\web\photos\mp_m_freemode_01-helmet_1-99.webp	1880
C:\admirales\script_ver\script_ver\quarantine\under-review\17mov_CharacterSystem\web\photos\mp_m_freemode_01-mask_1-0.webp	1906
C:\admirales\script_ver\script_ver\quarantine\under-review\17mov_CharacterSystem\web\photos\mp_m_freemode_01-mask_1-1.webp	2648
C:\admirales\script_ver\script_ver\quarantine\under-review\17mov_CharacterSystem\web\photos\mp_m_freemode_01-mask_1-10.webp	2894
C:\admirales\script_ver\script_ver\quarantine\under-review\17mov_CharacterSystem\web\photos\mp_m_freemode_01-mask_1-100.webp	3032
C:\admirales\script_ver\script_ver\quarantine\under-review\17mov_CharacterSystem\web\photos\mp_m_freemode_01-mask_1-101.webp	2416
C:\admirales\script_ver\script_ver\quarantine\under-review\17mov_CharacterSystem\web\photos\mp_m_freemode_01-mask_1-102.webp	3346
C:\admirales\script_ver\script_ver\quarantine\under-review\17mov_CharacterSystem\web\photos\mp_m_freemode_01-mask_1-103.webp	3490
C:\admirales\script_ver\script_ver\quarantine\under-review\17mov_CharacterSystem\web\photos\mp_m_freemode_01-mask_1-104.webp	2334
C:\admirales\script_ver\script_ver\quarantine\under-review\17mov_CharacterSystem\web\photos\mp_m_freemode_01-mask_1-105.webp	2030
C:\admirales\script_ver\script_ver\quarantine\under-review\17mov_CharacterSystem\web\photos\mp_m_freemode_01-mask_1-106.webp	3714
C:\admirales\script_ver\script_ver\quarantine\under-review\17mov_CharacterSystem\web\photos\mp_m_freemode_01-mask_1-107.webp	2774
C:\admirales\script_ver\script_ver\quarantine\under-review\17mov_CharacterSystem\web\photos\mp_m_freemode_01-mask_1-108.webp	2822
C:\admirales\script_ver\script_ver\quarantine\under-review\17mov_CharacterSystem\web\photos\mp_m_freemode_01-mask_1-109.webp	2604
C:\admirales\script_ver\script_ver\quarantine\under-review\17mov_CharacterSystem\web\photos\mp_m_freemode_01-mask_1-11.webp	2082
C:\admirales\script_ver\script_ver\quarantine\under-review\17mov_CharacterSystem\web\photos\mp_m_freemode_01-mask_1-110.webp	2232
C:\admirales\script_ver\script_ver\quarantine\under-review\17mov_CharacterSystem\web\photos\mp_m_freemode_01-mask_1-111.webp	2658
C:\admirales\script_ver\script_ver\quarantine\under-review\17mov_CharacterSystem\web\photos\mp_m_freemode_01-mask_1-112.webp	2092
C:\admirales\script_ver\script_ver\quarantine\under-review\17mov_CharacterSystem\web\photos\mp_m_freemode_01-mask_1-113.webp	2810
C:\admirales\script_ver\script_ver\quarantine\under-review\17mov_CharacterSystem\web\photos\mp_m_freemode_01-mask_1-114.webp	5974
C:\admirales\script_ver\script_ver\quarantine\under-review\17mov_CharacterSystem\web\photos\mp_m_freemode_01-mask_1-115.webp	5402
C:\admirales\script_ver\script_ver\quarantine\under-review\17mov_CharacterSystem\web\photos\mp_m_freemode_01-mask_1-116.webp	3112
C:\admirales\script_ver\script_ver\quarantine\under-review\17mov_CharacterSystem\web\photos\mp_m_freemode_01-mask_1-117.webp	3300
C:\admirales\script_ver\script_ver\quarantine\under-review\17mov_CharacterSystem\web\photos\mp_m_freemode_01-mask_1-118.webp	2446
C:\admirales\script_ver\script_ver\quarantine\under-review\17mov_CharacterSystem\web\photos\mp_m_freemode_01-mask_1-119.webp	2856
C:\admirales\script_ver\script_ver\quarantine\under-review\17mov_CharacterSystem\web\photos\mp_m_freemode_01-mask_1-12.webp	2138
C:\admirales\script_ver\script_ver\quarantine\under-review\17mov_CharacterSystem\web\photos\mp_m_freemode_01-mask_1-120.webp	1960
C:\admirales\script_ver\script_ver\quarantine\under-review\17mov_CharacterSystem\web\photos\mp_m_freemode_01-mask_1-121.webp	1996
C:\admirales\script_ver\script_ver\quarantine\under-review\17mov_CharacterSystem\web\photos\mp_m_freemode_01-mask_1-122.webp	1966
C:\admirales\script_ver\script_ver\quarantine\under-review\17mov_CharacterSystem\web\photos\mp_m_freemode_01-mask_1-123.webp	4126
C:\admirales\script_ver\script_ver\quarantine\under-review\17mov_CharacterSystem\web\photos\mp_m_freemode_01-mask_1-124.webp	3156
C:\admirales\script_ver\script_ver\quarantine\under-review\17mov_CharacterSystem\web\photos\mp_m_freemode_01-mask_1-125.webp	2098
C:\admirales\script_ver\script_ver\quarantine\under-review\17mov_CharacterSystem\web\photos\mp_m_freemode_01-mask_1-126.webp	1940
C:\admirales\script_ver\script_ver\quarantine\under-review\17mov_CharacterSystem\web\photos\mp_m_freemode_01-mask_1-127.webp	3102
C:\admirales\script_ver\script_ver\quarantine\under-review\17mov_CharacterSystem\web\photos\mp_m_freemode_01-mask_1-128.webp	2354
C:\admirales\script_ver\script_ver\quarantine\under-review\17mov_CharacterSystem\web\photos\mp_m_freemode_01-mask_1-129.webp	2408
C:\admirales\script_ver\script_ver\quarantine\under-review\17mov_CharacterSystem\web\photos\mp_m_freemode_01-mask_1-13.webp	3568
C:\admirales\script_ver\script_ver\quarantine\under-review\17mov_CharacterSystem\web\photos\mp_m_freemode_01-mask_1-130.webp	1894
C:\admirales\script_ver\script_ver\quarantine\under-review\17mov_CharacterSystem\web\photos\mp_m_freemode_01-mask_1-131.webp	4034
C:\admirales\script_ver\script_ver\quarantine\under-review\17mov_CharacterSystem\web\photos\mp_m_freemode_01-mask_1-132.webp	1908
C:\admirales\script_ver\script_ver\quarantine\under-review\17mov_CharacterSystem\web\photos\mp_m_freemode_01-mask_1-133.webp	3100
C:\admirales\script_ver\script_ver\quarantine\under-review\17mov_CharacterSystem\web\photos\mp_m_freemode_01-mask_1-134.webp	2884
C:\admirales\script_ver\script_ver\quarantine\under-review\17mov_CharacterSystem\web\photos\mp_m_freemode_01-mask_1-135.webp	2608
C:\admirales\script_ver\script_ver\quarantine\under-review\17mov_CharacterSystem\web\photos\mp_m_freemode_01-mask_1-136.webp	4148
C:\admirales\script_ver\script_ver\quarantine\under-review\17mov_CharacterSystem\web\photos\mp_m_freemode_01-mask_1-137.webp	3226
C:\admirales\script_ver\script_ver\quarantine\under-review\17mov_CharacterSystem\web\photos\mp_m_freemode_01-mask_1-138.webp	3346
C:\admirales\script_ver\script_ver\quarantine\under-review\17mov_CharacterSystem\web\photos\mp_m_freemode_01-mask_1-139.webp	4288
C:\admirales\script_ver\script_ver\quarantine\under-review\17mov_CharacterSystem\web\photos\mp_m_freemode_01-mask_1-14.webp	2772
C:\admirales\script_ver\script_ver\quarantine\under-review\17mov_CharacterSystem\web\photos\mp_m_freemode_01-mask_1-140.webp	3922
C:\admirales\script_ver\script_ver\quarantine\under-review\17mov_CharacterSystem\web\photos\mp_m_freemode_01-mask_1-141.webp	3158
C:\admirales\script_ver\script_ver\quarantine\under-review\17mov_CharacterSystem\web\photos\mp_m_freemode_01-mask_1-142.webp	3266
C:\admirales\script_ver\script_ver\quarantine\under-review\17mov_CharacterSystem\web\photos\mp_m_freemode_01-mask_1-143.webp	4476
C:\admirales\script_ver\script_ver\quarantine\under-review\17mov_CharacterSystem\web\photos\mp_m_freemode_01-mask_1-144.webp	4148
C:\admirales\script_ver\script_ver\quarantine\under-review\17mov_CharacterSystem\web\photos\mp_m_freemode_01-mask_1-145.webp	3278
C:\admirales\script_ver\script_ver\quarantine\under-review\17mov_CharacterSystem\web\photos\mp_m_freemode_01-mask_1-146.webp	2172
C:\admirales\script_ver\script_ver\quarantine\under-review\17mov_CharacterSystem\web\photos\mp_m_freemode_01-mask_1-147.webp	4546
C:\admirales\script_ver\script_ver\quarantine\under-review\17mov_CharacterSystem\web\photos\mp_m_freemode_01-mask_1-148.webp	2080
C:\admirales\script_ver\script_ver\quarantine\under-review\17mov_CharacterSystem\web\photos\mp_m_freemode_01-mask_1-149.webp	3532
C:\admirales\script_ver\script_ver\quarantine\under-review\17mov_CharacterSystem\web\photos\mp_m_freemode_01-mask_1-15.webp	2880
C:\admirales\script_ver\script_ver\quarantine\under-review\17mov_CharacterSystem\web\photos\mp_m_freemode_01-mask_1-150.webp	3714
C:\admirales\script_ver\script_ver\quarantine\under-review\17mov_CharacterSystem\web\photos\mp_m_freemode_01-mask_1-151.webp	3876
C:\admirales\script_ver\script_ver\quarantine\under-review\17mov_CharacterSystem\web\photos\mp_m_freemode_01-mask_1-152.webp	4020
C:\admirales\script_ver\script_ver\quarantine\under-review\17mov_CharacterSystem\web\photos\mp_m_freemode_01-mask_1-153.webp	3710
C:\admirales\script_ver\script_ver\quarantine\under-review\17mov_CharacterSystem\web\photos\mp_m_freemode_01-mask_1-154.webp	3552
C:\admirales\script_ver\script_ver\quarantine\under-review\17mov_CharacterSystem\web\photos\mp_m_freemode_01-mask_1-155.webp	5010
C:\admirales\script_ver\script_ver\quarantine\under-review\17mov_CharacterSystem\web\photos\mp_m_freemode_01-mask_1-156.webp	4472
C:\admirales\script_ver\script_ver\quarantine\under-review\17mov_CharacterSystem\web\photos\mp_m_freemode_01-mask_1-157.webp	4668
C:\admirales\script_ver\script_ver\quarantine\under-review\17mov_CharacterSystem\web\photos\mp_m_freemode_01-mask_1-158.webp	4588
C:\admirales\script_ver\script_ver\quarantine\under-review\17mov_CharacterSystem\web\photos\mp_m_freemode_01-mask_1-159.webp	4336
C:\admirales\script_ver\script_ver\quarantine\under-review\17mov_CharacterSystem\web\photos\mp_m_freemode_01-mask_1-16.webp	2586
C:\admirales\script_ver\script_ver\quarantine\under-review\17mov_CharacterSystem\web\photos\mp_m_freemode_01-mask_1-160.webp	2324
C:\admirales\script_ver\script_ver\quarantine\under-review\17mov_CharacterSystem\web\photos\mp_m_freemode_01-mask_1-161.webp	2818
C:\admirales\script_ver\script_ver\quarantine\under-review\17mov_CharacterSystem\web\photos\mp_m_freemode_01-mask_1-162.webp	3912
C:\admirales\script_ver\script_ver\quarantine\under-review\17mov_CharacterSystem\web\photos\mp_m_freemode_01-mask_1-163.webp	3056
C:\admirales\script_ver\script_ver\quarantine\under-review\17mov_CharacterSystem\web\photos\mp_m_freemode_01-mask_1-164.webp	2876
C:\admirales\script_ver\script_ver\quarantine\under-review\17mov_CharacterSystem\web\photos\mp_m_freemode_01-mask_1-165.webp	3660
C:\admirales\script_ver\script_ver\quarantine\under-review\17mov_CharacterSystem\web\photos\mp_m_freemode_01-mask_1-166.webp	2120
C:\admirales\script_ver\script_ver\quarantine\under-review\17mov_CharacterSystem\web\photos\mp_m_freemode_01-mask_1-167.webp	3040
C:\admirales\script_ver\script_ver\quarantine\under-review\17mov_CharacterSystem\web\photos\mp_m_freemode_01-mask_1-168.webp	3106
C:\admirales\script_ver\script_ver\quarantine\under-review\17mov_CharacterSystem\web\photos\mp_m_freemode_01-mask_1-169.webp	1794
C:\admirales\script_ver\script_ver\quarantine\under-review\17mov_CharacterSystem\web\photos\mp_m_freemode_01-mask_1-17.webp	3430
C:\admirales\script_ver\script_ver\quarantine\under-review\17mov_CharacterSystem\web\photos\mp_m_freemode_01-mask_1-170.webp	2480
C:\admirales\script_ver\script_ver\quarantine\under-review\17mov_CharacterSystem\web\photos\mp_m_freemode_01-mask_1-171.webp	2808
C:\admirales\script_ver\script_ver\quarantine\under-review\17mov_CharacterSystem\web\photos\mp_m_freemode_01-mask_1-172.webp	2818
C:\admirales\script_ver\script_ver\quarantine\under-review\17mov_CharacterSystem\web\photos\mp_m_freemode_01-mask_1-173.webp	2690
C:\admirales\script_ver\script_ver\quarantine\under-review\17mov_CharacterSystem\web\photos\mp_m_freemode_01-mask_1-174.webp	2162
C:\admirales\script_ver\script_ver\quarantine\under-review\17mov_CharacterSystem\web\photos\mp_m_freemode_01-mask_1-175.webp	2392
C:\admirales\script_ver\script_ver\quarantine\under-review\17mov_CharacterSystem\web\photos\mp_m_freemode_01-mask_1-176.webp	2568
C:\admirales\script_ver\script_ver\quarantine\under-review\17mov_CharacterSystem\web\photos\mp_m_freemode_01-mask_1-177.webp	3246
C:\admirales\script_ver\script_ver\quarantine\under-review\17mov_CharacterSystem\web\photos\mp_m_freemode_01-mask_1-178.webp	2094
C:\admirales\script_ver\script_ver\quarantine\under-review\17mov_CharacterSystem\web\photos\mp_m_freemode_01-mask_1-179.webp	2178
C:\admirales\script_ver\script_ver\quarantine\under-review\17mov_CharacterSystem\web\photos\mp_m_freemode_01-mask_1-18.webp	3492
C:\admirales\script_ver\script_ver\quarantine\under-review\17mov_CharacterSystem\web\photos\mp_m_freemode_01-mask_1-180.webp	3978
C:\admirales\script_ver\script_ver\quarantine\under-review\17mov_CharacterSystem\web\photos\mp_m_freemode_01-mask_1-181.webp	3194
C:\admirales\script_ver\script_ver\quarantine\under-review\17mov_CharacterSystem\web\photos\mp_m_freemode_01-mask_1-182.webp	2910
C:\admirales\script_ver\script_ver\quarantine\under-review\17mov_CharacterSystem\web\photos\mp_m_freemode_01-mask_1-183.webp	2102
C:\admirales\script_ver\script_ver\quarantine\under-review\17mov_CharacterSystem\web\photos\mp_m_freemode_01-mask_1-184.webp	2950
C:\admirales\script_ver\script_ver\quarantine\under-review\17mov_CharacterSystem\web\photos\mp_m_freemode_01-mask_1-185.webp	3120
C:\admirales\script_ver\script_ver\quarantine\under-review\17mov_CharacterSystem\web\photos\mp_m_freemode_01-mask_1-186.webp	2434
C:\admirales\script_ver\script_ver\quarantine\under-review\17mov_CharacterSystem\web\photos\mp_m_freemode_01-mask_1-187.webp	2488
C:\admirales\script_ver\script_ver\quarantine\under-review\17mov_CharacterSystem\web\photos\mp_m_freemode_01-mask_1-188.webp	3802
C:\admirales\script_ver\script_ver\quarantine\under-review\17mov_CharacterSystem\web\photos\mp_m_freemode_01-mask_1-189.webp	4542
C:\admirales\script_ver\script_ver\quarantine\under-review\17mov_CharacterSystem\web\photos\mp_m_freemode_01-mask_1-19.webp	3344
C:\admirales\script_ver\script_ver\quarantine\under-review\17mov_CharacterSystem\web\photos\mp_m_freemode_01-mask_1-190.webp	3966
C:\admirales\script_ver\script_ver\quarantine\under-review\17mov_CharacterSystem\web\photos\mp_m_freemode_01-mask_1-191.webp	3208
C:\admirales\script_ver\script_ver\quarantine\under-review\17mov_CharacterSystem\web\photos\mp_m_freemode_01-mask_1-192.webp	3624
C:\admirales\script_ver\script_ver\quarantine\under-review\17mov_CharacterSystem\web\photos\mp_m_freemode_01-mask_1-193.webp	3042
C:\admirales\script_ver\script_ver\quarantine\under-review\17mov_CharacterSystem\web\photos\mp_m_freemode_01-mask_1-194.webp	1956
C:\admirales\script_ver\script_ver\quarantine\under-review\17mov_CharacterSystem\web\photos\mp_m_freemode_01-mask_1-195.webp	2706
C:\admirales\script_ver\script_ver\quarantine\under-review\17mov_CharacterSystem\web\photos\mp_m_freemode_01-mask_1-196.webp	2732
C:\admirales\script_ver\script_ver\quarantine\under-review\17mov_CharacterSystem\web\photos\mp_m_freemode_01-mask_1-197.webp	3396
C:\admirales\script_ver\script_ver\quarantine\under-review\17mov_CharacterSystem\web\photos\mp_m_freemode_01-mask_1-198.webp	3376
C:\admirales\script_ver\script_ver\quarantine\under-review\17mov_CharacterSystem\web\photos\mp_m_freemode_01-mask_1-199.webp	3438
C:\admirales\script_ver\script_ver\quarantine\under-review\17mov_CharacterSystem\web\photos\mp_m_freemode_01-mask_1-2.webp	2668
C:\admirales\script_ver\script_ver\quarantine\under-review\17mov_CharacterSystem\web\photos\mp_m_freemode_01-mask_1-20.webp	4702
C:\admirales\script_ver\script_ver\quarantine\under-review\17mov_CharacterSystem\web\photos\mp_m_freemode_01-mask_1-200.webp	5166
C:\admirales\script_ver\script_ver\quarantine\under-review\17mov_CharacterSystem\web\photos\mp_m_freemode_01-mask_1-201.webp	3084
C:\admirales\script_ver\script_ver\quarantine\under-review\17mov_CharacterSystem\web\photos\mp_m_freemode_01-mask_1-202.webp	3200
C:\admirales\script_ver\script_ver\quarantine\under-review\17mov_CharacterSystem\web\photos\mp_m_freemode_01-mask_1-203.webp	4676
C:\admirales\script_ver\script_ver\quarantine\under-review\17mov_CharacterSystem\web\photos\mp_m_freemode_01-mask_1-204.webp	3068
C:\admirales\script_ver\script_ver\quarantine\under-review\17mov_CharacterSystem\web\photos\mp_m_freemode_01-mask_1-205.webp	3464
C:\admirales\script_ver\script_ver\quarantine\under-review\17mov_CharacterSystem\web\photos\mp_m_freemode_01-mask_1-206.webp	3558
C:\admirales\script_ver\script_ver\quarantine\under-review\17mov_CharacterSystem\web\photos\mp_m_freemode_01-mask_1-207.webp	3162
C:\admirales\script_ver\script_ver\quarantine\under-review\17mov_CharacterSystem\web\photos\mp_m_freemode_01-mask_1-208.webp	3130
C:\admirales\script_ver\script_ver\quarantine\under-review\17mov_CharacterSystem\web\photos\mp_m_freemode_01-mask_1-209.webp	4362
C:\admirales\script_ver\script_ver\quarantine\under-review\17mov_CharacterSystem\web\photos\mp_m_freemode_01-mask_1-21.webp	3388
C:\admirales\script_ver\script_ver\quarantine\under-review\17mov_CharacterSystem\web\photos\mp_m_freemode_01-mask_1-210.webp	4304
C:\admirales\script_ver\script_ver\quarantine\under-review\17mov_CharacterSystem\web\photos\mp_m_freemode_01-mask_1-211.webp	2706
C:\admirales\script_ver\script_ver\quarantine\under-review\17mov_CharacterSystem\web\photos\mp_m_freemode_01-mask_1-212.webp	2746
C:\admirales\script_ver\script_ver\quarantine\under-review\17mov_CharacterSystem\web\photos\mp_m_freemode_01-mask_1-213.webp	3536
C:\admirales\script_ver\script_ver\quarantine\under-review\17mov_CharacterSystem\web\photos\mp_m_freemode_01-mask_1-214.webp	4802
C:\admirales\script_ver\script_ver\quarantine\under-review\17mov_CharacterSystem\web\photos\mp_m_freemode_01-mask_1-215.webp	2612
C:\admirales\script_ver\script_ver\quarantine\under-review\17mov_CharacterSystem\web\photos\mp_m_freemode_01-mask_1-216.webp	3874
C:\admirales\script_ver\script_ver\quarantine\under-review\17mov_CharacterSystem\web\photos\mp_m_freemode_01-mask_1-217.webp	4222
C:\admirales\script_ver\script_ver\quarantine\under-review\17mov_CharacterSystem\web\photos\mp_m_freemode_01-mask_1-218.webp	3188
C:\admirales\script_ver\script_ver\quarantine\under-review\17mov_CharacterSystem\web\photos\mp_m_freemode_01-mask_1-219.webp	3496
C:\admirales\script_ver\script_ver\quarantine\under-review\17mov_CharacterSystem\web\photos\mp_m_freemode_01-mask_1-22.webp	4078
C:\admirales\script_ver\script_ver\quarantine\under-review\17mov_CharacterSystem\web\photos\mp_m_freemode_01-mask_1-220.webp	3736
C:\admirales\script_ver\script_ver\quarantine\under-review\17mov_CharacterSystem\web\photos\mp_m_freemode_01-mask_1-221.webp	1964
C:\admirales\script_ver\script_ver\quarantine\under-review\17mov_CharacterSystem\web\photos\mp_m_freemode_01-mask_1-222.webp	1970
C:\admirales\script_ver\script_ver\quarantine\under-review\17mov_CharacterSystem\web\photos\mp_m_freemode_01-mask_1-223.webp	3486
C:\admirales\script_ver\script_ver\quarantine\under-review\17mov_CharacterSystem\web\photos\mp_m_freemode_01-mask_1-224.webp	1966
C:\admirales\script_ver\script_ver\quarantine\under-review\17mov_CharacterSystem\web\photos\mp_m_freemode_01-mask_1-225.webp	5096
C:\admirales\script_ver\script_ver\quarantine\under-review\17mov_CharacterSystem\web\photos\mp_m_freemode_01-mask_1-226.webp	4854
C:\admirales\script_ver\script_ver\quarantine\under-review\17mov_CharacterSystem\web\photos\mp_m_freemode_01-mask_1-227.webp	4518
C:\admirales\script_ver\script_ver\quarantine\under-review\17mov_CharacterSystem\web\photos\mp_m_freemode_01-mask_1-228.webp	1964
C:\admirales\script_ver\script_ver\quarantine\under-review\17mov_CharacterSystem\web\photos\mp_m_freemode_01-mask_1-229.webp	5316
C:\admirales\script_ver\script_ver\quarantine\under-review\17mov_CharacterSystem\web\photos\mp_m_freemode_01-mask_1-23.webp	3106
C:\admirales\script_ver\script_ver\quarantine\under-review\17mov_CharacterSystem\web\photos\mp_m_freemode_01-mask_1-230.webp	2726
C:\admirales\script_ver\script_ver\quarantine\under-review\17mov_CharacterSystem\web\photos\mp_m_freemode_01-mask_1-231.webp	1960
C:\admirales\script_ver\script_ver\quarantine\under-review\17mov_CharacterSystem\web\photos\mp_m_freemode_01-mask_1-232.webp	7158
C:\admirales\script_ver\script_ver\quarantine\under-review\17mov_CharacterSystem\web\photos\mp_m_freemode_01-mask_1-233.webp	3046
C:\admirales\script_ver\script_ver\quarantine\under-review\17mov_CharacterSystem\web\photos\mp_m_freemode_01-mask_1-234.webp	2546
C:\admirales\script_ver\script_ver\quarantine\under-review\17mov_CharacterSystem\web\photos\mp_m_freemode_01-mask_1-235.webp	3006
C:\admirales\script_ver\script_ver\quarantine\under-review\17mov_CharacterSystem\web\photos\mp_m_freemode_01-mask_1-236.webp	2804
C:\admirales\script_ver\script_ver\quarantine\under-review\17mov_CharacterSystem\web\photos\mp_m_freemode_01-mask_1-237.webp	1962
C:\admirales\script_ver\script_ver\quarantine\under-review\17mov_CharacterSystem\web\photos\mp_m_freemode_01-mask_1-24.webp	3152
C:\admirales\script_ver\script_ver\quarantine\under-review\17mov_CharacterSystem\web\photos\mp_m_freemode_01-mask_1-25.webp	3626
C:\admirales\script_ver\script_ver\quarantine\under-review\17mov_CharacterSystem\web\photos\mp_m_freemode_01-mask_1-26.webp	4830
C:\admirales\script_ver\script_ver\quarantine\under-review\17mov_CharacterSystem\web\photos\mp_m_freemode_01-mask_1-27.webp	2536
C:\admirales\script_ver\script_ver\quarantine\under-review\17mov_CharacterSystem\web\photos\mp_m_freemode_01-mask_1-28.webp	1774
C:\admirales\script_ver\script_ver\quarantine\under-review\17mov_CharacterSystem\web\photos\mp_m_freemode_01-mask_1-29.webp	2138
C:\admirales\script_ver\script_ver\quarantine\under-review\17mov_CharacterSystem\web\photos\mp_m_freemode_01-mask_1-3.webp	3098
C:\admirales\script_ver\script_ver\quarantine\under-review\17mov_CharacterSystem\web\photos\mp_m_freemode_01-mask_1-30.webp	2678
C:\admirales\script_ver\script_ver\quarantine\under-review\17mov_CharacterSystem\web\photos\mp_m_freemode_01-mask_1-31.webp	3258
C:\admirales\script_ver\script_ver\quarantine\under-review\17mov_CharacterSystem\web\photos\mp_m_freemode_01-mask_1-32.webp	2858
C:\admirales\script_ver\script_ver\quarantine\under-review\17mov_CharacterSystem\web\photos\mp_m_freemode_01-mask_1-33.webp	2996
C:\admirales\script_ver\script_ver\quarantine\under-review\17mov_CharacterSystem\web\photos\mp_m_freemode_01-mask_1-34.webp	3306
C:\admirales\script_ver\script_ver\quarantine\under-review\17mov_CharacterSystem\web\photos\mp_m_freemode_01-mask_1-35.webp	1818
C:\admirales\script_ver\script_ver\quarantine\under-review\17mov_CharacterSystem\web\photos\mp_m_freemode_01-mask_1-36.webp	2106
C:\admirales\script_ver\script_ver\quarantine\under-review\17mov_CharacterSystem\web\photos\mp_m_freemode_01-mask_1-37.webp	2366
C:\admirales\script_ver\script_ver\quarantine\under-review\17mov_CharacterSystem\web\photos\mp_m_freemode_01-mask_1-38.webp	2002
C:\admirales\script_ver\script_ver\quarantine\under-review\17mov_CharacterSystem\web\photos\mp_m_freemode_01-mask_1-39.webp	3098
C:\admirales\script_ver\script_ver\quarantine\under-review\17mov_CharacterSystem\web\photos\mp_m_freemode_01-mask_1-4.webp	2522
C:\admirales\script_ver\script_ver\quarantine\under-review\17mov_CharacterSystem\web\photos\mp_m_freemode_01-mask_1-40.webp	3430
C:\admirales\script_ver\script_ver\quarantine\under-review\17mov_CharacterSystem\web\photos\mp_m_freemode_01-mask_1-41.webp	2964
C:\admirales\script_ver\script_ver\quarantine\under-review\17mov_CharacterSystem\web\photos\mp_m_freemode_01-mask_1-42.webp	3168
C:\admirales\script_ver\script_ver\quarantine\under-review\17mov_CharacterSystem\web\photos\mp_m_freemode_01-mask_1-43.webp	3030
C:\admirales\script_ver\script_ver\quarantine\under-review\17mov_CharacterSystem\web\photos\mp_m_freemode_01-mask_1-44.webp	3632
C:\admirales\script_ver\script_ver\quarantine\under-review\17mov_CharacterSystem\web\photos\mp_m_freemode_01-mask_1-45.webp	2384
C:\admirales\script_ver\script_ver\quarantine\under-review\17mov_CharacterSystem\web\photos\mp_m_freemode_01-mask_1-46.webp	2164
C:\admirales\script_ver\script_ver\quarantine\under-review\17mov_CharacterSystem\web\photos\mp_m_freemode_01-mask_1-47.webp	3906
C:\admirales\script_ver\script_ver\quarantine\under-review\17mov_CharacterSystem\web\photos\mp_m_freemode_01-mask_1-48.webp	2978
C:\admirales\script_ver\script_ver\quarantine\under-review\17mov_CharacterSystem\web\photos\mp_m_freemode_01-mask_1-49.webp	2686
C:\admirales\script_ver\script_ver\quarantine\under-review\17mov_CharacterSystem\web\photos\mp_m_freemode_01-mask_1-5.webp	2982
C:\admirales\script_ver\script_ver\quarantine\under-review\17mov_CharacterSystem\web\photos\mp_m_freemode_01-mask_1-50.webp	1926
C:\admirales\script_ver\script_ver\quarantine\under-review\17mov_CharacterSystem\web\photos\mp_m_freemode_01-mask_1-51.webp	1924
C:\admirales\script_ver\script_ver\quarantine\under-review\17mov_CharacterSystem\web\photos\mp_m_freemode_01-mask_1-52.webp	1880
C:\admirales\script_ver\script_ver\quarantine\under-review\17mov_CharacterSystem\web\photos\mp_m_freemode_01-mask_1-53.webp	2232
C:\admirales\script_ver\script_ver\quarantine\under-review\17mov_CharacterSystem\web\photos\mp_m_freemode_01-mask_1-54.webp	2082
C:\admirales\script_ver\script_ver\quarantine\under-review\17mov_CharacterSystem\web\photos\mp_m_freemode_01-mask_1-55.webp	2136
C:\admirales\script_ver\script_ver\quarantine\under-review\17mov_CharacterSystem\web\photos\mp_m_freemode_01-mask_1-56.webp	2198
C:\admirales\script_ver\script_ver\quarantine\under-review\17mov_CharacterSystem\web\photos\mp_m_freemode_01-mask_1-57.webp	2136
C:\admirales\script_ver\script_ver\quarantine\under-review\17mov_CharacterSystem\web\photos\mp_m_freemode_01-mask_1-58.webp	2666
C:\admirales\script_ver\script_ver\quarantine\under-review\17mov_CharacterSystem\web\photos\mp_m_freemode_01-mask_1-59.webp	3266
C:\admirales\script_ver\script_ver\quarantine\under-review\17mov_CharacterSystem\web\photos\mp_m_freemode_01-mask_1-6.webp	3160
C:\admirales\script_ver\script_ver\quarantine\under-review\17mov_CharacterSystem\web\photos\mp_m_freemode_01-mask_1-60.webp	3920
C:\admirales\script_ver\script_ver\quarantine\under-review\17mov_CharacterSystem\web\photos\mp_m_freemode_01-mask_1-61.webp	3282
C:\admirales\script_ver\script_ver\quarantine\under-review\17mov_CharacterSystem\web\photos\mp_m_freemode_01-mask_1-62.webp	3202
C:\admirales\script_ver\script_ver\quarantine\under-review\17mov_CharacterSystem\web\photos\mp_m_freemode_01-mask_1-63.webp	2958
C:\admirales\script_ver\script_ver\quarantine\under-review\17mov_CharacterSystem\web\photos\mp_m_freemode_01-mask_1-64.webp	3830
C:\admirales\script_ver\script_ver\quarantine\under-review\17mov_CharacterSystem\web\photos\mp_m_freemode_01-mask_1-65.webp	3282
C:\admirales\script_ver\script_ver\quarantine\under-review\17mov_CharacterSystem\web\photos\mp_m_freemode_01-mask_1-66.webp	3356
C:\admirales\script_ver\script_ver\quarantine\under-review\17mov_CharacterSystem\web\photos\mp_m_freemode_01-mask_1-67.webp	3334
C:\admirales\script_ver\script_ver\quarantine\under-review\17mov_CharacterSystem\web\photos\mp_m_freemode_01-mask_1-68.webp	3310
C:\admirales\script_ver\script_ver\quarantine\under-review\17mov_CharacterSystem\web\photos\mp_m_freemode_01-mask_1-69.webp	3556
C:\admirales\script_ver\script_ver\quarantine\under-review\17mov_CharacterSystem\web\photos\mp_m_freemode_01-mask_1-7.webp	2816
C:\admirales\script_ver\script_ver\quarantine\under-review\17mov_CharacterSystem\web\photos\mp_m_freemode_01-mask_1-70.webp	3878
C:\admirales\script_ver\script_ver\quarantine\under-review\17mov_CharacterSystem\web\photos\mp_m_freemode_01-mask_1-71.webp	4058
C:\admirales\script_ver\script_ver\quarantine\under-review\17mov_CharacterSystem\web\photos\mp_m_freemode_01-mask_1-72.webp	3356
C:\admirales\script_ver\script_ver\quarantine\under-review\17mov_CharacterSystem\web\photos\mp_m_freemode_01-mask_1-73.webp	1956
C:\admirales\script_ver\script_ver\quarantine\under-review\17mov_CharacterSystem\web\photos\mp_m_freemode_01-mask_1-74.webp	2894
C:\admirales\script_ver\script_ver\quarantine\under-review\17mov_CharacterSystem\web\photos\mp_m_freemode_01-mask_1-75.webp	2964
C:\admirales\script_ver\script_ver\quarantine\under-review\17mov_CharacterSystem\web\photos\mp_m_freemode_01-mask_1-76.webp	4438
C:\admirales\script_ver\script_ver\quarantine\under-review\17mov_CharacterSystem\web\photos\mp_m_freemode_01-mask_1-77.webp	3288
C:\admirales\script_ver\script_ver\quarantine\under-review\17mov_CharacterSystem\web\photos\mp_m_freemode_01-mask_1-78.webp	3412
C:\admirales\script_ver\script_ver\quarantine\under-review\17mov_CharacterSystem\web\photos\mp_m_freemode_01-mask_1-79.webp	3168
C:\admirales\script_ver\script_ver\quarantine\under-review\17mov_CharacterSystem\web\photos\mp_m_freemode_01-mask_1-8.webp	3638
C:\admirales\script_ver\script_ver\quarantine\under-review\17mov_CharacterSystem\web\photos\mp_m_freemode_01-mask_1-80.webp	3112
C:\admirales\script_ver\script_ver\quarantine\under-review\17mov_CharacterSystem\web\photos\mp_m_freemode_01-mask_1-81.webp	3480
C:\admirales\script_ver\script_ver\quarantine\under-review\17mov_CharacterSystem\web\photos\mp_m_freemode_01-mask_1-82.webp	3566
C:\admirales\script_ver\script_ver\quarantine\under-review\17mov_CharacterSystem\web\photos\mp_m_freemode_01-mask_1-83.webp	3704
C:\admirales\script_ver\script_ver\quarantine\under-review\17mov_CharacterSystem\web\photos\mp_m_freemode_01-mask_1-84.webp	4040
C:\admirales\script_ver\script_ver\quarantine\under-review\17mov_CharacterSystem\web\photos\mp_m_freemode_01-mask_1-85.webp	2574
C:\admirales\script_ver\script_ver\quarantine\under-review\17mov_CharacterSystem\web\photos\mp_m_freemode_01-mask_1-86.webp	3656
C:\admirales\script_ver\script_ver\quarantine\under-review\17mov_CharacterSystem\web\photos\mp_m_freemode_01-mask_1-87.webp	3180
C:\admirales\script_ver\script_ver\quarantine\under-review\17mov_CharacterSystem\web\photos\mp_m_freemode_01-mask_1-88.webp	3768
C:\admirales\script_ver\script_ver\quarantine\under-review\17mov_CharacterSystem\web\photos\mp_m_freemode_01-mask_1-89.webp	1886
C:\admirales\script_ver\script_ver\quarantine\under-review\17mov_CharacterSystem\web\photos\mp_m_freemode_01-mask_1-9.webp	3044
C:\admirales\script_ver\script_ver\quarantine\under-review\17mov_CharacterSystem\web\photos\mp_m_freemode_01-mask_1-90.webp	2192
C:\admirales\script_ver\script_ver\quarantine\under-review\17mov_CharacterSystem\web\photos\mp_m_freemode_01-mask_1-91.webp	3408
C:\admirales\script_ver\script_ver\quarantine\under-review\17mov_CharacterSystem\web\photos\mp_m_freemode_01-mask_1-92.webp	3570
C:\admirales\script_ver\script_ver\quarantine\under-review\17mov_CharacterSystem\web\photos\mp_m_freemode_01-mask_1-93.webp	2942
C:\admirales\script_ver\script_ver\quarantine\under-review\17mov_CharacterSystem\web\photos\mp_m_freemode_01-mask_1-94.webp	3234
C:\admirales\script_ver\script_ver\quarantine\under-review\17mov_CharacterSystem\web\photos\mp_m_freemode_01-mask_1-95.webp	3526
C:\admirales\script_ver\script_ver\quarantine\under-review\17mov_CharacterSystem\web\photos\mp_m_freemode_01-mask_1-96.webp	3068
C:\admirales\script_ver\script_ver\quarantine\under-review\17mov_CharacterSystem\web\photos\mp_m_freemode_01-mask_1-97.webp	3260
C:\admirales\script_ver\script_ver\quarantine\under-review\17mov_CharacterSystem\web\photos\mp_m_freemode_01-mask_1-98.webp	3122
C:\admirales\script_ver\script_ver\quarantine\under-review\17mov_CharacterSystem\web\photos\mp_m_freemode_01-mask_1-99.webp	3040
C:\admirales\script_ver\script_ver\quarantine\under-review\17mov_CharacterSystem\web\photos\mp_m_freemode_01-pants_1-0.webp	2892
C:\admirales\script_ver\script_ver\quarantine\under-review\17mov_CharacterSystem\web\photos\mp_m_freemode_01-pants_1-1.webp	2636
C:\admirales\script_ver\script_ver\quarantine\under-review\17mov_CharacterSystem\web\photos\mp_m_freemode_01-pants_1-10.webp	2088
C:\admirales\script_ver\script_ver\quarantine\under-review\17mov_CharacterSystem\web\photos\mp_m_freemode_01-pants_1-100.webp	5162
C:\admirales\script_ver\script_ver\quarantine\under-review\17mov_CharacterSystem\web\photos\mp_m_freemode_01-pants_1-101.webp	2834
C:\admirales\script_ver\script_ver\quarantine\under-review\17mov_CharacterSystem\web\photos\mp_m_freemode_01-pants_1-102.webp	2834
C:\admirales\script_ver\script_ver\quarantine\under-review\17mov_CharacterSystem\web\photos\mp_m_freemode_01-pants_1-103.webp	2622
C:\admirales\script_ver\script_ver\quarantine\under-review\17mov_CharacterSystem\web\photos\mp_m_freemode_01-pants_1-104.webp	3274
C:\admirales\script_ver\script_ver\quarantine\under-review\17mov_CharacterSystem\web\photos\mp_m_freemode_01-pants_1-105.webp	2356
C:\admirales\script_ver\script_ver\quarantine\under-review\17mov_CharacterSystem\web\photos\mp_m_freemode_01-pants_1-106.webp	3656
C:\admirales\script_ver\script_ver\quarantine\under-review\17mov_CharacterSystem\web\photos\mp_m_freemode_01-pants_1-107.webp	3108
C:\admirales\script_ver\script_ver\quarantine\under-review\17mov_CharacterSystem\web\photos\mp_m_freemode_01-pants_1-108.webp	3080
C:\admirales\script_ver\script_ver\quarantine\under-review\17mov_CharacterSystem\web\photos\mp_m_freemode_01-pants_1-109.webp	2768
C:\admirales\script_ver\script_ver\quarantine\under-review\17mov_CharacterSystem\web\photos\mp_m_freemode_01-pants_1-11.webp	730
C:\admirales\script_ver\script_ver\quarantine\under-review\17mov_CharacterSystem\web\photos\mp_m_freemode_01-pants_1-110.webp	3482
C:\admirales\script_ver\script_ver\quarantine\under-review\17mov_CharacterSystem\web\photos\mp_m_freemode_01-pants_1-111.webp	3188
C:\admirales\script_ver\script_ver\quarantine\under-review\17mov_CharacterSystem\web\photos\mp_m_freemode_01-pants_1-112.webp	4582
C:\admirales\script_ver\script_ver\quarantine\under-review\17mov_CharacterSystem\web\photos\mp_m_freemode_01-pants_1-113.webp	2808
C:\admirales\script_ver\script_ver\quarantine\under-review\17mov_CharacterSystem\web\photos\mp_m_freemode_01-pants_1-114.webp	3396
C:\admirales\script_ver\script_ver\quarantine\under-review\17mov_CharacterSystem\web\photos\mp_m_freemode_01-pants_1-115.webp	2110
C:\admirales\script_ver\script_ver\quarantine\under-review\17mov_CharacterSystem\web\photos\mp_m_freemode_01-pants_1-116.webp	3778
C:\admirales\script_ver\script_ver\quarantine\under-review\17mov_CharacterSystem\web\photos\mp_m_freemode_01-pants_1-117.webp	3994
C:\admirales\script_ver\script_ver\quarantine\under-review\17mov_CharacterSystem\web\photos\mp_m_freemode_01-pants_1-118.webp	2528
C:\admirales\script_ver\script_ver\quarantine\under-review\17mov_CharacterSystem\web\photos\mp_m_freemode_01-pants_1-119.webp	3578
C:\admirales\script_ver\script_ver\quarantine\under-review\17mov_CharacterSystem\web\photos\mp_m_freemode_01-pants_1-12.webp	2260
C:\admirales\script_ver\script_ver\quarantine\under-review\17mov_CharacterSystem\web\photos\mp_m_freemode_01-pants_1-120.webp	3552
C:\admirales\script_ver\script_ver\quarantine\under-review\17mov_CharacterSystem\web\photos\mp_m_freemode_01-pants_1-121.webp	2922
C:\admirales\script_ver\script_ver\quarantine\under-review\17mov_CharacterSystem\web\photos\mp_m_freemode_01-pants_1-122.webp	2760
C:\admirales\script_ver\script_ver\quarantine\under-review\17mov_CharacterSystem\web\photos\mp_m_freemode_01-pants_1-123.webp	2784
C:\admirales\script_ver\script_ver\quarantine\under-review\17mov_CharacterSystem\web\photos\mp_m_freemode_01-pants_1-124.webp	2702
C:\admirales\script_ver\script_ver\quarantine\under-review\17mov_CharacterSystem\web\photos\mp_m_freemode_01-pants_1-125.webp	3020
C:\admirales\script_ver\script_ver\quarantine\under-review\17mov_CharacterSystem\web\photos\mp_m_freemode_01-pants_1-126.webp	2186
C:\admirales\script_ver\script_ver\quarantine\under-review\17mov_CharacterSystem\web\photos\mp_m_freemode_01-pants_1-127.webp	2752
C:\admirales\script_ver\script_ver\quarantine\under-review\17mov_CharacterSystem\web\photos\mp_m_freemode_01-pants_1-128.webp	2786
C:\admirales\script_ver\script_ver\quarantine\under-review\17mov_CharacterSystem\web\photos\mp_m_freemode_01-pants_1-129.webp	2450
C:\admirales\script_ver\script_ver\quarantine\under-review\17mov_CharacterSystem\web\photos\mp_m_freemode_01-pants_1-13.webp	2024
C:\admirales\script_ver\script_ver\quarantine\under-review\17mov_CharacterSystem\web\photos\mp_m_freemode_01-pants_1-130.webp	2400
C:\admirales\script_ver\script_ver\quarantine\under-review\17mov_CharacterSystem\web\photos\mp_m_freemode_01-pants_1-131.webp	3312
C:\admirales\script_ver\script_ver\quarantine\under-review\17mov_CharacterSystem\web\photos\mp_m_freemode_01-pants_1-132.webp	3254
C:\admirales\script_ver\script_ver\quarantine\under-review\17mov_CharacterSystem\web\photos\mp_m_freemode_01-pants_1-133.webp	4082
C:\admirales\script_ver\script_ver\quarantine\under-review\17mov_CharacterSystem\web\photos\mp_m_freemode_01-pants_1-134.webp	2816
C:\admirales\script_ver\script_ver\quarantine\under-review\17mov_CharacterSystem\web\photos\mp_m_freemode_01-pants_1-135.webp	2896
C:\admirales\script_ver\script_ver\quarantine\under-review\17mov_CharacterSystem\web\photos\mp_m_freemode_01-pants_1-136.webp	2390
C:\admirales\script_ver\script_ver\quarantine\under-review\17mov_CharacterSystem\web\photos\mp_m_freemode_01-pants_1-137.webp	2572
C:\admirales\script_ver\script_ver\quarantine\under-review\17mov_CharacterSystem\web\photos\mp_m_freemode_01-pants_1-138.webp	2686
C:\admirales\script_ver\script_ver\quarantine\under-review\17mov_CharacterSystem\web\photos\mp_m_freemode_01-pants_1-139.webp	3788
C:\admirales\script_ver\script_ver\quarantine\under-review\17mov_CharacterSystem\web\photos\mp_m_freemode_01-pants_1-14.webp	2890
C:\admirales\script_ver\script_ver\quarantine\under-review\17mov_CharacterSystem\web\photos\mp_m_freemode_01-pants_1-140.webp	5392
C:\admirales\script_ver\script_ver\quarantine\under-review\17mov_CharacterSystem\web\photos\mp_m_freemode_01-pants_1-141.webp	1964
C:\admirales\script_ver\script_ver\quarantine\under-review\17mov_CharacterSystem\web\photos\mp_m_freemode_01-pants_1-142.webp	3838
C:\admirales\script_ver\script_ver\quarantine\under-review\17mov_CharacterSystem\web\photos\mp_m_freemode_01-pants_1-143.webp	2032
C:\admirales\script_ver\script_ver\quarantine\under-review\17mov_CharacterSystem\web\photos\mp_m_freemode_01-pants_1-144.webp	2690
C:\admirales\script_ver\script_ver\quarantine\under-review\17mov_CharacterSystem\web\photos\mp_m_freemode_01-pants_1-145.webp	2770
C:\admirales\script_ver\script_ver\quarantine\under-review\17mov_CharacterSystem\web\photos\mp_m_freemode_01-pants_1-146.webp	3646
C:\admirales\script_ver\script_ver\quarantine\under-review\17mov_CharacterSystem\web\photos\mp_m_freemode_01-pants_1-147.webp	2422
C:\admirales\script_ver\script_ver\quarantine\under-review\17mov_CharacterSystem\web\photos\mp_m_freemode_01-pants_1-148.webp	2722
C:\admirales\script_ver\script_ver\quarantine\under-review\17mov_CharacterSystem\web\photos\mp_m_freemode_01-pants_1-149.webp	2256
C:\admirales\script_ver\script_ver\quarantine\under-review\17mov_CharacterSystem\web\photos\mp_m_freemode_01-pants_1-15.webp	3454
C:\admirales\script_ver\script_ver\quarantine\under-review\17mov_CharacterSystem\web\photos\mp_m_freemode_01-pants_1-150.webp	3910
C:\admirales\script_ver\script_ver\quarantine\under-review\17mov_CharacterSystem\web\photos\mp_m_freemode_01-pants_1-151.webp	5836
C:\admirales\script_ver\script_ver\quarantine\under-review\17mov_CharacterSystem\web\photos\mp_m_freemode_01-pants_1-152.webp	5630
C:\admirales\script_ver\script_ver\quarantine\under-review\17mov_CharacterSystem\web\photos\mp_m_freemode_01-pants_1-153.webp	1940
C:\admirales\script_ver\script_ver\quarantine\under-review\17mov_CharacterSystem\web\photos\mp_m_freemode_01-pants_1-154.webp	2626
C:\admirales\script_ver\script_ver\quarantine\under-review\17mov_CharacterSystem\web\photos\mp_m_freemode_01-pants_1-155.webp	4644
C:\admirales\script_ver\script_ver\quarantine\under-review\17mov_CharacterSystem\web\photos\mp_m_freemode_01-pants_1-156.webp	4830
C:\admirales\script_ver\script_ver\quarantine\under-review\17mov_CharacterSystem\web\photos\mp_m_freemode_01-pants_1-157.webp	2328
C:\admirales\script_ver\script_ver\quarantine\under-review\17mov_CharacterSystem\web\photos\mp_m_freemode_01-pants_1-158.webp	2212
C:\admirales\script_ver\script_ver\quarantine\under-review\17mov_CharacterSystem\web\photos\mp_m_freemode_01-pants_1-159.webp	2164
C:\admirales\script_ver\script_ver\quarantine\under-review\17mov_CharacterSystem\web\photos\mp_m_freemode_01-pants_1-16.webp	3058
C:\admirales\script_ver\script_ver\quarantine\under-review\17mov_CharacterSystem\web\photos\mp_m_freemode_01-pants_1-160.webp	730
C:\admirales\script_ver\script_ver\quarantine\under-review\17mov_CharacterSystem\web\photos\mp_m_freemode_01-pants_1-161.webp	730
C:\admirales\script_ver\script_ver\quarantine\under-review\17mov_CharacterSystem\web\photos\mp_m_freemode_01-pants_1-162.webp	730
C:\admirales\script_ver\script_ver\quarantine\under-review\17mov_CharacterSystem\web\photos\mp_m_freemode_01-pants_1-163.webp	730
C:\admirales\script_ver\script_ver\quarantine\under-review\17mov_CharacterSystem\web\photos\mp_m_freemode_01-pants_1-164.webp	730
C:\admirales\script_ver\script_ver\quarantine\under-review\17mov_CharacterSystem\web\photos\mp_m_freemode_01-pants_1-165.webp	730
C:\admirales\script_ver\script_ver\quarantine\under-review\17mov_CharacterSystem\web\photos\mp_m_freemode_01-pants_1-166.webp	730
C:\admirales\script_ver\script_ver\quarantine\under-review\17mov_CharacterSystem\web\photos\mp_m_freemode_01-pants_1-167.webp	730
C:\admirales\script_ver\script_ver\quarantine\under-review\17mov_CharacterSystem\web\photos\mp_m_freemode_01-pants_1-168.webp	3672
C:\admirales\script_ver\script_ver\quarantine\under-review\17mov_CharacterSystem\web\photos\mp_m_freemode_01-pants_1-169.webp	730
C:\admirales\script_ver\script_ver\quarantine\under-review\17mov_CharacterSystem\web\photos\mp_m_freemode_01-pants_1-17.webp	2422
C:\admirales\script_ver\script_ver\quarantine\under-review\17mov_CharacterSystem\web\photos\mp_m_freemode_01-pants_1-170.webp	2572
C:\admirales\script_ver\script_ver\quarantine\under-review\17mov_CharacterSystem\web\photos\mp_m_freemode_01-pants_1-171.webp	730
C:\admirales\script_ver\script_ver\quarantine\under-review\17mov_CharacterSystem\web\photos\mp_m_freemode_01-pants_1-172.webp	3194
C:\admirales\script_ver\script_ver\quarantine\under-review\17mov_CharacterSystem\web\photos\mp_m_freemode_01-pants_1-173.webp	2106
C:\admirales\script_ver\script_ver\quarantine\under-review\17mov_CharacterSystem\web\photos\mp_m_freemode_01-pants_1-174.webp	4806
C:\admirales\script_ver\script_ver\quarantine\under-review\17mov_CharacterSystem\web\photos\mp_m_freemode_01-pants_1-175.webp	3240
C:\admirales\script_ver\script_ver\quarantine\under-review\17mov_CharacterSystem\web\photos\mp_m_freemode_01-pants_1-176.webp	4188
C:\admirales\script_ver\script_ver\quarantine\under-review\17mov_CharacterSystem\web\photos\mp_m_freemode_01-pants_1-177.webp	1956
C:\admirales\script_ver\script_ver\quarantine\under-review\17mov_CharacterSystem\web\photos\mp_m_freemode_01-pants_1-178.webp	2634
C:\admirales\script_ver\script_ver\quarantine\under-review\17mov_CharacterSystem\web\photos\mp_m_freemode_01-pants_1-179.webp	2300
C:\admirales\script_ver\script_ver\quarantine\under-review\17mov_CharacterSystem\web\photos\mp_m_freemode_01-pants_1-18.webp	2908
C:\admirales\script_ver\script_ver\quarantine\under-review\17mov_CharacterSystem\web\photos\mp_m_freemode_01-pants_1-180.webp	2512
C:\admirales\script_ver\script_ver\quarantine\under-review\17mov_CharacterSystem\web\photos\mp_m_freemode_01-pants_1-181.webp	730
C:\admirales\script_ver\script_ver\quarantine\under-review\17mov_CharacterSystem\web\photos\mp_m_freemode_01-pants_1-182.webp	730
C:\admirales\script_ver\script_ver\quarantine\under-review\17mov_CharacterSystem\web\photos\mp_m_freemode_01-pants_1-183.webp	730
C:\admirales\script_ver\script_ver\quarantine\under-review\17mov_CharacterSystem\web\photos\mp_m_freemode_01-pants_1-184.webp	730
C:\admirales\script_ver\script_ver\quarantine\under-review\17mov_CharacterSystem\web\photos\mp_m_freemode_01-pants_1-185.webp	730
C:\admirales\script_ver\script_ver\quarantine\under-review\17mov_CharacterSystem\web\photos\mp_m_freemode_01-pants_1-186.webp	730
C:\admirales\script_ver\script_ver\quarantine\under-review\17mov_CharacterSystem\web\photos\mp_m_freemode_01-pants_1-187.webp	2138
C:\admirales\script_ver\script_ver\quarantine\under-review\17mov_CharacterSystem\web\photos\mp_m_freemode_01-pants_1-188.webp	730
C:\admirales\script_ver\script_ver\quarantine\under-review\17mov_CharacterSystem\web\photos\mp_m_freemode_01-pants_1-189.webp	3278
C:\admirales\script_ver\script_ver\quarantine\under-review\17mov_CharacterSystem\web\photos\mp_m_freemode_01-pants_1-19.webp	2942
C:\admirales\script_ver\script_ver\quarantine\under-review\17mov_CharacterSystem\web\photos\mp_m_freemode_01-pants_1-190.webp	730
C:\admirales\script_ver\script_ver\quarantine\under-review\17mov_CharacterSystem\web\photos\mp_m_freemode_01-pants_1-191.webp	2678
C:\admirales\script_ver\script_ver\quarantine\under-review\17mov_CharacterSystem\web\photos\mp_m_freemode_01-pants_1-192.webp	3328
C:\admirales\script_ver\script_ver\quarantine\under-review\17mov_CharacterSystem\web\photos\mp_m_freemode_01-pants_1-193.webp	730
C:\admirales\script_ver\script_ver\quarantine\under-review\17mov_CharacterSystem\web\photos\mp_m_freemode_01-pants_1-2.webp	2996
C:\admirales\script_ver\script_ver\quarantine\under-review\17mov_CharacterSystem\web\photos\mp_m_freemode_01-pants_1-20.webp	2556
C:\admirales\script_ver\script_ver\quarantine\under-review\17mov_CharacterSystem\web\photos\mp_m_freemode_01-pants_1-21.webp	3006
C:\admirales\script_ver\script_ver\quarantine\under-review\17mov_CharacterSystem\web\photos\mp_m_freemode_01-pants_1-22.webp	2532
C:\admirales\script_ver\script_ver\quarantine\under-review\17mov_CharacterSystem\web\photos\mp_m_freemode_01-pants_1-23.webp	2894
C:\admirales\script_ver\script_ver\quarantine\under-review\17mov_CharacterSystem\web\photos\mp_m_freemode_01-pants_1-24.webp	2014
C:\admirales\script_ver\script_ver\quarantine\under-review\17mov_CharacterSystem\web\photos\mp_m_freemode_01-pants_1-25.webp	2072
C:\admirales\script_ver\script_ver\quarantine\under-review\17mov_CharacterSystem\web\photos\mp_m_freemode_01-pants_1-26.webp	2640
C:\admirales\script_ver\script_ver\quarantine\under-review\17mov_CharacterSystem\web\photos\mp_m_freemode_01-pants_1-27.webp	4308
C:\admirales\script_ver\script_ver\quarantine\under-review\17mov_CharacterSystem\web\photos\mp_m_freemode_01-pants_1-28.webp	2058
C:\admirales\script_ver\script_ver\quarantine\under-review\17mov_CharacterSystem\web\photos\mp_m_freemode_01-pants_1-29.webp	5212
C:\admirales\script_ver\script_ver\quarantine\under-review\17mov_CharacterSystem\web\photos\mp_m_freemode_01-pants_1-3.webp	3006
C:\admirales\script_ver\script_ver\quarantine\under-review\17mov_CharacterSystem\web\photos\mp_m_freemode_01-pants_1-30.webp	3314
C:\admirales\script_ver\script_ver\quarantine\under-review\17mov_CharacterSystem\web\photos\mp_m_freemode_01-pants_1-31.webp	1954
C:\admirales\script_ver\script_ver\quarantine\under-review\17mov_CharacterSystem\web\photos\mp_m_freemode_01-pants_1-32.webp	2792
C:\admirales\script_ver\script_ver\quarantine\under-review\17mov_CharacterSystem\web\photos\mp_m_freemode_01-pants_1-33.webp	2232
C:\admirales\script_ver\script_ver\quarantine\under-review\17mov_CharacterSystem\web\photos\mp_m_freemode_01-pants_1-34.webp	2502
C:\admirales\script_ver\script_ver\quarantine\under-review\17mov_CharacterSystem\web\photos\mp_m_freemode_01-pants_1-35.webp	2010
C:\admirales\script_ver\script_ver\quarantine\under-review\17mov_CharacterSystem\web\photos\mp_m_freemode_01-pants_1-36.webp	2906
C:\admirales\script_ver\script_ver\quarantine\under-review\17mov_CharacterSystem\web\photos\mp_m_freemode_01-pants_1-37.webp	2914
C:\admirales\script_ver\script_ver\quarantine\under-review\17mov_CharacterSystem\web\photos\mp_m_freemode_01-pants_1-38.webp	2290
C:\admirales\script_ver\script_ver\quarantine\under-review\17mov_CharacterSystem\web\photos\mp_m_freemode_01-pants_1-39.webp	2352
C:\admirales\script_ver\script_ver\quarantine\under-review\17mov_CharacterSystem\web\photos\mp_m_freemode_01-pants_1-4.webp	2450
C:\admirales\script_ver\script_ver\quarantine\under-review\17mov_CharacterSystem\web\photos\mp_m_freemode_01-pants_1-40.webp	3074
C:\admirales\script_ver\script_ver\quarantine\under-review\17mov_CharacterSystem\web\photos\mp_m_freemode_01-pants_1-41.webp	2866
C:\admirales\script_ver\script_ver\quarantine\under-review\17mov_CharacterSystem\web\photos\mp_m_freemode_01-pants_1-42.webp	2396
C:\admirales\script_ver\script_ver\quarantine\under-review\17mov_CharacterSystem\web\photos\mp_m_freemode_01-pants_1-43.webp	2910
C:\admirales\script_ver\script_ver\quarantine\under-review\17mov_CharacterSystem\web\photos\mp_m_freemode_01-pants_1-44.webp	770
C:\admirales\script_ver\script_ver\quarantine\under-review\17mov_CharacterSystem\web\photos\mp_m_freemode_01-pants_1-45.webp	2216
C:\admirales\script_ver\script_ver\quarantine\under-review\17mov_CharacterSystem\web\photos\mp_m_freemode_01-pants_1-46.webp	3884
C:\admirales\script_ver\script_ver\quarantine\under-review\17mov_CharacterSystem\web\photos\mp_m_freemode_01-pants_1-47.webp	3392
C:\admirales\script_ver\script_ver\quarantine\under-review\17mov_CharacterSystem\web\photos\mp_m_freemode_01-pants_1-48.webp	2562
C:\admirales\script_ver\script_ver\quarantine\under-review\17mov_CharacterSystem\web\photos\mp_m_freemode_01-pants_1-49.webp	2726
C:\admirales\script_ver\script_ver\quarantine\under-review\17mov_CharacterSystem\web\photos\mp_m_freemode_01-pants_1-5.webp	3434
C:\admirales\script_ver\script_ver\quarantine\under-review\17mov_CharacterSystem\web\photos\mp_m_freemode_01-pants_1-50.webp	2352
C:\admirales\script_ver\script_ver\quarantine\under-review\17mov_CharacterSystem\web\photos\mp_m_freemode_01-pants_1-51.webp	3746
C:\admirales\script_ver\script_ver\quarantine\under-review\17mov_CharacterSystem\web\photos\mp_m_freemode_01-pants_1-52.webp	2392
C:\admirales\script_ver\script_ver\quarantine\under-review\17mov_CharacterSystem\web\photos\mp_m_freemode_01-pants_1-53.webp	3514
C:\admirales\script_ver\script_ver\quarantine\under-review\17mov_CharacterSystem\web\photos\mp_m_freemode_01-pants_1-54.webp	2932
C:\admirales\script_ver\script_ver\quarantine\under-review\17mov_CharacterSystem\web\photos\mp_m_freemode_01-pants_1-55.webp	2714
C:\admirales\script_ver\script_ver\quarantine\under-review\17mov_CharacterSystem\web\photos\mp_m_freemode_01-pants_1-56.webp	2464
C:\admirales\script_ver\script_ver\quarantine\under-review\17mov_CharacterSystem\web\photos\mp_m_freemode_01-pants_1-57.webp	2226
C:\admirales\script_ver\script_ver\quarantine\under-review\17mov_CharacterSystem\web\photos\mp_m_freemode_01-pants_1-58.webp	3156
C:\admirales\script_ver\script_ver\quarantine\under-review\17mov_CharacterSystem\web\photos\mp_m_freemode_01-pants_1-59.webp	3058
C:\admirales\script_ver\script_ver\quarantine\under-review\17mov_CharacterSystem\web\photos\mp_m_freemode_01-pants_1-6.webp	3006
C:\admirales\script_ver\script_ver\quarantine\under-review\17mov_CharacterSystem\web\photos\mp_m_freemode_01-pants_1-60.webp	2924
C:\admirales\script_ver\script_ver\quarantine\under-review\17mov_CharacterSystem\web\photos\mp_m_freemode_01-pants_1-61.webp	2824
C:\admirales\script_ver\script_ver\quarantine\under-review\17mov_CharacterSystem\web\photos\mp_m_freemode_01-pants_1-62.webp	2720
C:\admirales\script_ver\script_ver\quarantine\under-review\17mov_CharacterSystem\web\photos\mp_m_freemode_01-pants_1-63.webp	2964
C:\admirales\script_ver\script_ver\quarantine\under-review\17mov_CharacterSystem\web\photos\mp_m_freemode_01-pants_1-64.webp	3216
C:\admirales\script_ver\script_ver\quarantine\under-review\17mov_CharacterSystem\web\photos\mp_m_freemode_01-pants_1-65.webp	2800
C:\admirales\script_ver\script_ver\quarantine\under-review\17mov_CharacterSystem\web\photos\mp_m_freemode_01-pants_1-66.webp	2730
C:\admirales\script_ver\script_ver\quarantine\under-review\17mov_CharacterSystem\web\photos\mp_m_freemode_01-pants_1-67.webp	3380
C:\admirales\script_ver\script_ver\quarantine\under-review\17mov_CharacterSystem\web\photos\mp_m_freemode_01-pants_1-68.webp	3892
C:\admirales\script_ver\script_ver\quarantine\under-review\17mov_CharacterSystem\web\photos\mp_m_freemode_01-pants_1-69.webp	4686
C:\admirales\script_ver\script_ver\quarantine\under-review\17mov_CharacterSystem\web\photos\mp_m_freemode_01-pants_1-7.webp	2518
C:\admirales\script_ver\script_ver\quarantine\under-review\17mov_CharacterSystem\web\photos\mp_m_freemode_01-pants_1-70.webp	4338
C:\admirales\script_ver\script_ver\quarantine\under-review\17mov_CharacterSystem\web\photos\mp_m_freemode_01-pants_1-71.webp	2596
C:\admirales\script_ver\script_ver\quarantine\under-review\17mov_CharacterSystem\web\photos\mp_m_freemode_01-pants_1-72.webp	1954
C:\admirales\script_ver\script_ver\quarantine\under-review\17mov_CharacterSystem\web\photos\mp_m_freemode_01-pants_1-73.webp	2820
C:\admirales\script_ver\script_ver\quarantine\under-review\17mov_CharacterSystem\web\photos\mp_m_freemode_01-pants_1-74.webp	2512
C:\admirales\script_ver\script_ver\quarantine\under-review\17mov_CharacterSystem\web\photos\mp_m_freemode_01-pants_1-75.webp	3294
C:\admirales\script_ver\script_ver\quarantine\under-review\17mov_CharacterSystem\web\photos\mp_m_freemode_01-pants_1-76.webp	3582
C:\admirales\script_ver\script_ver\quarantine\under-review\17mov_CharacterSystem\web\photos\mp_m_freemode_01-pants_1-77.webp	2966
C:\admirales\script_ver\script_ver\quarantine\under-review\17mov_CharacterSystem\web\photos\mp_m_freemode_01-pants_1-78.webp	2514
C:\admirales\script_ver\script_ver\quarantine\under-review\17mov_CharacterSystem\web\photos\mp_m_freemode_01-pants_1-79.webp	2268
C:\admirales\script_ver\script_ver\quarantine\under-review\17mov_CharacterSystem\web\photos\mp_m_freemode_01-pants_1-8.webp	3232
C:\admirales\script_ver\script_ver\quarantine\under-review\17mov_CharacterSystem\web\photos\mp_m_freemode_01-pants_1-80.webp	2912
C:\admirales\script_ver\script_ver\quarantine\under-review\17mov_CharacterSystem\web\photos\mp_m_freemode_01-pants_1-81.webp	2614
C:\admirales\script_ver\script_ver\quarantine\under-review\17mov_CharacterSystem\web\photos\mp_m_freemode_01-pants_1-82.webp	2620
C:\admirales\script_ver\script_ver\quarantine\under-review\17mov_CharacterSystem\web\photos\mp_m_freemode_01-pants_1-83.webp	2256
C:\admirales\script_ver\script_ver\quarantine\under-review\17mov_CharacterSystem\web\photos\mp_m_freemode_01-pants_1-84.webp	2946
C:\admirales\script_ver\script_ver\quarantine\under-review\17mov_CharacterSystem\web\photos\mp_m_freemode_01-pants_1-85.webp	3670
C:\admirales\script_ver\script_ver\quarantine\under-review\17mov_CharacterSystem\web\photos\mp_m_freemode_01-pants_1-86.webp	5472
C:\admirales\script_ver\script_ver\quarantine\under-review\17mov_CharacterSystem\web\photos\mp_m_freemode_01-pants_1-87.webp	5298
C:\admirales\script_ver\script_ver\quarantine\under-review\17mov_CharacterSystem\web\photos\mp_m_freemode_01-pants_1-88.webp	4304
C:\admirales\script_ver\script_ver\quarantine\under-review\17mov_CharacterSystem\web\photos\mp_m_freemode_01-pants_1-89.webp	5764
C:\admirales\script_ver\script_ver\quarantine\under-review\17mov_CharacterSystem\web\photos\mp_m_freemode_01-pants_1-9.webp	2972
C:\admirales\script_ver\script_ver\quarantine\under-review\17mov_CharacterSystem\web\photos\mp_m_freemode_01-pants_1-90.webp	3258
C:\admirales\script_ver\script_ver\quarantine\under-review\17mov_CharacterSystem\web\photos\mp_m_freemode_01-pants_1-91.webp	2402
C:\admirales\script_ver\script_ver\quarantine\under-review\17mov_CharacterSystem\web\photos\mp_m_freemode_01-pants_1-92.webp	2850
C:\admirales\script_ver\script_ver\quarantine\under-review\17mov_CharacterSystem\web\photos\mp_m_freemode_01-pants_1-93.webp	3836
C:\admirales\script_ver\script_ver\quarantine\under-review\17mov_CharacterSystem\web\photos\mp_m_freemode_01-pants_1-94.webp	2146
C:\admirales\script_ver\script_ver\quarantine\under-review\17mov_CharacterSystem\web\photos\mp_m_freemode_01-pants_1-95.webp	4530
C:\admirales\script_ver\script_ver\quarantine\under-review\17mov_CharacterSystem\web\photos\mp_m_freemode_01-pants_1-96.webp	2104
C:\admirales\script_ver\script_ver\quarantine\under-review\17mov_CharacterSystem\web\photos\mp_m_freemode_01-pants_1-97.webp	3258
C:\admirales\script_ver\script_ver\quarantine\under-review\17mov_CharacterSystem\web\photos\mp_m_freemode_01-pants_1-98.webp	3434
C:\admirales\script_ver\script_ver\quarantine\under-review\17mov_CharacterSystem\web\photos\mp_m_freemode_01-pants_1-99.webp	2894
C:\admirales\script_ver\script_ver\quarantine\under-review\17mov_CharacterSystem\web\photos\mp_m_freemode_01-shoes_1-0.webp	2044
C:\admirales\script_ver\script_ver\quarantine\under-review\17mov_CharacterSystem\web\photos\mp_m_freemode_01-shoes_1-1.webp	2640
C:\admirales\script_ver\script_ver\quarantine\under-review\17mov_CharacterSystem\web\photos\mp_m_freemode_01-shoes_1-10.webp	2118
C:\admirales\script_ver\script_ver\quarantine\under-review\17mov_CharacterSystem\web\photos\mp_m_freemode_01-shoes_1-100.webp	1710
C:\admirales\script_ver\script_ver\quarantine\under-review\17mov_CharacterSystem\web\photos\mp_m_freemode_01-shoes_1-101.webp	2928
C:\admirales\script_ver\script_ver\quarantine\under-review\17mov_CharacterSystem\web\photos\mp_m_freemode_01-shoes_1-102.webp	3008
C:\admirales\script_ver\script_ver\quarantine\under-review\17mov_CharacterSystem\web\photos\mp_m_freemode_01-shoes_1-103.webp	1968
C:\admirales\script_ver\script_ver\quarantine\under-review\17mov_CharacterSystem\web\photos\mp_m_freemode_01-shoes_1-104.webp	2542
C:\admirales\script_ver\script_ver\quarantine\under-review\17mov_CharacterSystem\web\photos\mp_m_freemode_01-shoes_1-105.webp	2326
C:\admirales\script_ver\script_ver\quarantine\under-review\17mov_CharacterSystem\web\photos\mp_m_freemode_01-shoes_1-106.webp	2234
C:\admirales\script_ver\script_ver\quarantine\under-review\17mov_CharacterSystem\web\photos\mp_m_freemode_01-shoes_1-107.webp	2502
C:\admirales\script_ver\script_ver\quarantine\under-review\17mov_CharacterSystem\web\photos\mp_m_freemode_01-shoes_1-108.webp	2232
C:\admirales\script_ver\script_ver\quarantine\under-review\17mov_CharacterSystem\web\photos\mp_m_freemode_01-shoes_1-109.webp	2252
C:\admirales\script_ver\script_ver\quarantine\under-review\17mov_CharacterSystem\web\photos\mp_m_freemode_01-shoes_1-11.webp	3280
C:\admirales\script_ver\script_ver\quarantine\under-review\17mov_CharacterSystem\web\photos\mp_m_freemode_01-shoes_1-110.webp	2406
C:\admirales\script_ver\script_ver\quarantine\under-review\17mov_CharacterSystem\web\photos\mp_m_freemode_01-shoes_1-111.webp	2020
C:\admirales\script_ver\script_ver\quarantine\under-review\17mov_CharacterSystem\web\photos\mp_m_freemode_01-shoes_1-112.webp	2438
C:\admirales\script_ver\script_ver\quarantine\under-review\17mov_CharacterSystem\web\photos\mp_m_freemode_01-shoes_1-113.webp	1766
C:\admirales\script_ver\script_ver\quarantine\under-review\17mov_CharacterSystem\web\photos\mp_m_freemode_01-shoes_1-114.webp	2836
C:\admirales\script_ver\script_ver\quarantine\under-review\17mov_CharacterSystem\web\photos\mp_m_freemode_01-shoes_1-115.webp	2828
C:\admirales\script_ver\script_ver\quarantine\under-review\17mov_CharacterSystem\web\photos\mp_m_freemode_01-shoes_1-116.webp	3592
C:\admirales\script_ver\script_ver\quarantine\under-review\17mov_CharacterSystem\web\photos\mp_m_freemode_01-shoes_1-117.webp	3324
C:\admirales\script_ver\script_ver\quarantine\under-review\17mov_CharacterSystem\web\photos\mp_m_freemode_01-shoes_1-118.webp	2048
C:\admirales\script_ver\script_ver\quarantine\under-review\17mov_CharacterSystem\web\photos\mp_m_freemode_01-shoes_1-119.webp	3088
C:\admirales\script_ver\script_ver\quarantine\under-review\17mov_CharacterSystem\web\photos\mp_m_freemode_01-shoes_1-12.webp	3046
C:\admirales\script_ver\script_ver\quarantine\under-review\17mov_CharacterSystem\web\photos\mp_m_freemode_01-shoes_1-120.webp	3192
C:\admirales\script_ver\script_ver\quarantine\under-review\17mov_CharacterSystem\web\photos\mp_m_freemode_01-shoes_1-121.webp	2674
C:\admirales\script_ver\script_ver\quarantine\under-review\17mov_CharacterSystem\web\photos\mp_m_freemode_01-shoes_1-122.webp	2688
C:\admirales\script_ver\script_ver\quarantine\under-review\17mov_CharacterSystem\web\photos\mp_m_freemode_01-shoes_1-123.webp	3024
C:\admirales\script_ver\script_ver\quarantine\under-review\17mov_CharacterSystem\web\photos\mp_m_freemode_01-shoes_1-124.webp	2444
C:\admirales\script_ver\script_ver\quarantine\under-review\17mov_CharacterSystem\web\photos\mp_m_freemode_01-shoes_1-125.webp	1884
C:\admirales\script_ver\script_ver\quarantine\under-review\17mov_CharacterSystem\web\photos\mp_m_freemode_01-shoes_1-126.webp	2218
C:\admirales\script_ver\script_ver\quarantine\under-review\17mov_CharacterSystem\web\photos\mp_m_freemode_01-shoes_1-127.webp	730
C:\admirales\script_ver\script_ver\quarantine\under-review\17mov_CharacterSystem\web\photos\mp_m_freemode_01-shoes_1-128.webp	730
C:\admirales\script_ver\script_ver\quarantine\under-review\17mov_CharacterSystem\web\photos\mp_m_freemode_01-shoes_1-129.webp	730
C:\admirales\script_ver\script_ver\quarantine\under-review\17mov_CharacterSystem\web\photos\mp_m_freemode_01-shoes_1-13.webp	730
C:\admirales\script_ver\script_ver\quarantine\under-review\17mov_CharacterSystem\web\photos\mp_m_freemode_01-shoes_1-130.webp	730
C:\admirales\script_ver\script_ver\quarantine\under-review\17mov_CharacterSystem\web\photos\mp_m_freemode_01-shoes_1-131.webp	730
C:\admirales\script_ver\script_ver\quarantine\under-review\17mov_CharacterSystem\web\photos\mp_m_freemode_01-shoes_1-132.webp	3256
C:\admirales\script_ver\script_ver\quarantine\under-review\17mov_CharacterSystem\web\photos\mp_m_freemode_01-shoes_1-133.webp	2504
C:\admirales\script_ver\script_ver\quarantine\under-review\17mov_CharacterSystem\web\photos\mp_m_freemode_01-shoes_1-134.webp	2514
C:\admirales\script_ver\script_ver\quarantine\under-review\17mov_CharacterSystem\web\photos\mp_m_freemode_01-shoes_1-135.webp	2576
C:\admirales\script_ver\script_ver\quarantine\under-review\17mov_CharacterSystem\web\photos\mp_m_freemode_01-shoes_1-136.webp	3048
C:\admirales\script_ver\script_ver\quarantine\under-review\17mov_CharacterSystem\web\photos\mp_m_freemode_01-shoes_1-137.webp	1818
C:\admirales\script_ver\script_ver\quarantine\under-review\17mov_CharacterSystem\web\photos\mp_m_freemode_01-shoes_1-138.webp	2658
C:\admirales\script_ver\script_ver\quarantine\under-review\17mov_CharacterSystem\web\photos\mp_m_freemode_01-shoes_1-139.webp	2176
C:\admirales\script_ver\script_ver\quarantine\under-review\17mov_CharacterSystem\web\photos\mp_m_freemode_01-shoes_1-14.webp	3168
C:\admirales\script_ver\script_ver\quarantine\under-review\17mov_CharacterSystem\web\photos\mp_m_freemode_01-shoes_1-140.webp	730
C:\admirales\script_ver\script_ver\quarantine\under-review\17mov_CharacterSystem\web\photos\mp_m_freemode_01-shoes_1-141.webp	730
C:\admirales\script_ver\script_ver\quarantine\under-review\17mov_CharacterSystem\web\photos\mp_m_freemode_01-shoes_1-142.webp	730
C:\admirales\script_ver\script_ver\quarantine\under-review\17mov_CharacterSystem\web\photos\mp_m_freemode_01-shoes_1-143.webp	730
C:\admirales\script_ver\script_ver\quarantine\under-review\17mov_CharacterSystem\web\photos\mp_m_freemode_01-shoes_1-144.webp	1566
C:\admirales\script_ver\script_ver\quarantine\under-review\17mov_CharacterSystem\web\photos\mp_m_freemode_01-shoes_1-145.webp	730
C:\admirales\script_ver\script_ver\quarantine\under-review\17mov_CharacterSystem\web\photos\mp_m_freemode_01-shoes_1-15.webp	2098
C:\admirales\script_ver\script_ver\quarantine\under-review\17mov_CharacterSystem\web\photos\mp_m_freemode_01-shoes_1-16.webp	2020
C:\admirales\script_ver\script_ver\quarantine\under-review\17mov_CharacterSystem\web\photos\mp_m_freemode_01-shoes_1-17.webp	2434
C:\admirales\script_ver\script_ver\quarantine\under-review\17mov_CharacterSystem\web\photos\mp_m_freemode_01-shoes_1-18.webp	2482
C:\admirales\script_ver\script_ver\quarantine\under-review\17mov_CharacterSystem\web\photos\mp_m_freemode_01-shoes_1-19.webp	2540
C:\admirales\script_ver\script_ver\quarantine\under-review\17mov_CharacterSystem\web\photos\mp_m_freemode_01-shoes_1-2.webp	3274
C:\admirales\script_ver\script_ver\quarantine\under-review\17mov_CharacterSystem\web\photos\mp_m_freemode_01-shoes_1-20.webp	2246
C:\admirales\script_ver\script_ver\quarantine\under-review\17mov_CharacterSystem\web\photos\mp_m_freemode_01-shoes_1-21.webp	2012
C:\admirales\script_ver\script_ver\quarantine\under-review\17mov_CharacterSystem\web\photos\mp_m_freemode_01-shoes_1-22.webp	3110
C:\admirales\script_ver\script_ver\quarantine\under-review\17mov_CharacterSystem\web\photos\mp_m_freemode_01-shoes_1-23.webp	2896
C:\admirales\script_ver\script_ver\quarantine\under-review\17mov_CharacterSystem\web\photos\mp_m_freemode_01-shoes_1-24.webp	2436
C:\admirales\script_ver\script_ver\quarantine\under-review\17mov_CharacterSystem\web\photos\mp_m_freemode_01-shoes_1-25.webp	2576
C:\admirales\script_ver\script_ver\quarantine\under-review\17mov_CharacterSystem\web\photos\mp_m_freemode_01-shoes_1-26.webp	2976
C:\admirales\script_ver\script_ver\quarantine\under-review\17mov_CharacterSystem\web\photos\mp_m_freemode_01-shoes_1-27.webp	2696
C:\admirales\script_ver\script_ver\quarantine\under-review\17mov_CharacterSystem\web\photos\mp_m_freemode_01-shoes_1-28.webp	3514
C:\admirales\script_ver\script_ver\quarantine\under-review\17mov_CharacterSystem\web\photos\mp_m_freemode_01-shoes_1-29.webp	2892
C:\admirales\script_ver\script_ver\quarantine\under-review\17mov_CharacterSystem\web\photos\mp_m_freemode_01-shoes_1-3.webp	2302
C:\admirales\script_ver\script_ver\quarantine\under-review\17mov_CharacterSystem\web\photos\mp_m_freemode_01-shoes_1-30.webp	2378
C:\admirales\script_ver\script_ver\quarantine\under-review\17mov_CharacterSystem\web\photos\mp_m_freemode_01-shoes_1-31.webp	3504
C:\admirales\script_ver\script_ver\quarantine\under-review\17mov_CharacterSystem\web\photos\mp_m_freemode_01-shoes_1-32.webp	3526
C:\admirales\script_ver\script_ver\quarantine\under-review\17mov_CharacterSystem\web\photos\mp_m_freemode_01-shoes_1-33.webp	730
C:\admirales\script_ver\script_ver\quarantine\under-review\17mov_CharacterSystem\web\photos\mp_m_freemode_01-shoes_1-34.webp	1758
C:\admirales\script_ver\script_ver\quarantine\under-review\17mov_CharacterSystem\web\photos\mp_m_freemode_01-shoes_1-35.webp	3442
C:\admirales\script_ver\script_ver\quarantine\under-review\17mov_CharacterSystem\web\photos\mp_m_freemode_01-shoes_1-36.webp	2020
C:\admirales\script_ver\script_ver\quarantine\under-review\17mov_CharacterSystem\web\photos\mp_m_freemode_01-shoes_1-37.webp	3468
C:\admirales\script_ver\script_ver\quarantine\under-review\17mov_CharacterSystem\web\photos\mp_m_freemode_01-shoes_1-38.webp	2488
C:\admirales\script_ver\script_ver\quarantine\under-review\17mov_CharacterSystem\web\photos\mp_m_freemode_01-shoes_1-39.webp	2326
C:\admirales\script_ver\script_ver\quarantine\under-review\17mov_CharacterSystem\web\photos\mp_m_freemode_01-shoes_1-4.webp	3038
C:\admirales\script_ver\script_ver\quarantine\under-review\17mov_CharacterSystem\web\photos\mp_m_freemode_01-shoes_1-40.webp	2392
C:\admirales\script_ver\script_ver\quarantine\under-review\17mov_CharacterSystem\web\photos\mp_m_freemode_01-shoes_1-41.webp	1960
C:\admirales\script_ver\script_ver\quarantine\under-review\17mov_CharacterSystem\web\photos\mp_m_freemode_01-shoes_1-42.webp	2214
C:\admirales\script_ver\script_ver\quarantine\under-review\17mov_CharacterSystem\web\photos\mp_m_freemode_01-shoes_1-43.webp	2840
C:\admirales\script_ver\script_ver\quarantine\under-review\17mov_CharacterSystem\web\photos\mp_m_freemode_01-shoes_1-44.webp	4052
C:\admirales\script_ver\script_ver\quarantine\under-review\17mov_CharacterSystem\web\photos\mp_m_freemode_01-shoes_1-45.webp	2638
C:\admirales\script_ver\script_ver\quarantine\under-review\17mov_CharacterSystem\web\photos\mp_m_freemode_01-shoes_1-46.webp	3074
C:\admirales\script_ver\script_ver\quarantine\under-review\17mov_CharacterSystem\web\photos\mp_m_freemode_01-shoes_1-47.webp	4902
C:\admirales\script_ver\script_ver\quarantine\under-review\17mov_CharacterSystem\web\photos\mp_m_freemode_01-shoes_1-48.webp	2796
C:\admirales\script_ver\script_ver\quarantine\under-review\17mov_CharacterSystem\web\photos\mp_m_freemode_01-shoes_1-49.webp	2910
C:\admirales\script_ver\script_ver\quarantine\under-review\17mov_CharacterSystem\web\photos\mp_m_freemode_01-shoes_1-5.webp	2072
C:\admirales\script_ver\script_ver\quarantine\under-review\17mov_CharacterSystem\web\photos\mp_m_freemode_01-shoes_1-50.webp	3152
C:\admirales\script_ver\script_ver\quarantine\under-review\17mov_CharacterSystem\web\photos\mp_m_freemode_01-shoes_1-51.webp	2168
C:\admirales\script_ver\script_ver\quarantine\under-review\17mov_CharacterSystem\web\photos\mp_m_freemode_01-shoes_1-52.webp	2752
C:\admirales\script_ver\script_ver\quarantine\under-review\17mov_CharacterSystem\web\photos\mp_m_freemode_01-shoes_1-53.webp	3484
C:\admirales\script_ver\script_ver\quarantine\under-review\17mov_CharacterSystem\web\photos\mp_m_freemode_01-shoes_1-54.webp	2152
C:\admirales\script_ver\script_ver\quarantine\under-review\17mov_CharacterSystem\web\photos\mp_m_freemode_01-shoes_1-55.webp	2658
C:\admirales\script_ver\script_ver\quarantine\under-review\17mov_CharacterSystem\web\photos\mp_m_freemode_01-shoes_1-56.webp	1966
C:\admirales\script_ver\script_ver\quarantine\under-review\17mov_CharacterSystem\web\photos\mp_m_freemode_01-shoes_1-57.webp	2756
C:\admirales\script_ver\script_ver\quarantine\under-review\17mov_CharacterSystem\web\photos\mp_m_freemode_01-shoes_1-58.webp	2030
C:\admirales\script_ver\script_ver\quarantine\under-review\17mov_CharacterSystem\web\photos\mp_m_freemode_01-shoes_1-59.webp	2756
C:\admirales\script_ver\script_ver\quarantine\under-review\17mov_CharacterSystem\web\photos\mp_m_freemode_01-shoes_1-6.webp	2704
C:\admirales\script_ver\script_ver\quarantine\under-review\17mov_CharacterSystem\web\photos\mp_m_freemode_01-shoes_1-60.webp	2352
C:\admirales\script_ver\script_ver\quarantine\under-review\17mov_CharacterSystem\web\photos\mp_m_freemode_01-shoes_1-61.webp	1824
C:\admirales\script_ver\script_ver\quarantine\under-review\17mov_CharacterSystem\web\photos\mp_m_freemode_01-shoes_1-62.webp	4098
C:\admirales\script_ver\script_ver\quarantine\under-review\17mov_CharacterSystem\web\photos\mp_m_freemode_01-shoes_1-63.webp	2652
C:\admirales\script_ver\script_ver\quarantine\under-review\17mov_CharacterSystem\web\photos\mp_m_freemode_01-shoes_1-64.webp	2686
C:\admirales\script_ver\script_ver\quarantine\under-review\17mov_CharacterSystem\web\photos\mp_m_freemode_01-shoes_1-65.webp	3286
C:\admirales\script_ver\script_ver\quarantine\under-review\17mov_CharacterSystem\web\photos\mp_m_freemode_01-shoes_1-66.webp	2612
C:\admirales\script_ver\script_ver\quarantine\under-review\17mov_CharacterSystem\web\photos\mp_m_freemode_01-shoes_1-67.webp	2676
C:\admirales\script_ver\script_ver\quarantine\under-review\17mov_CharacterSystem\web\photos\mp_m_freemode_01-shoes_1-68.webp	2202
C:\admirales\script_ver\script_ver\quarantine\under-review\17mov_CharacterSystem\web\photos\mp_m_freemode_01-shoes_1-69.webp	2020
C:\admirales\script_ver\script_ver\quarantine\under-review\17mov_CharacterSystem\web\photos\mp_m_freemode_01-shoes_1-7.webp	2586
C:\admirales\script_ver\script_ver\quarantine\under-review\17mov_CharacterSystem\web\photos\mp_m_freemode_01-shoes_1-70.webp	3484
C:\admirales\script_ver\script_ver\quarantine\under-review\17mov_CharacterSystem\web\photos\mp_m_freemode_01-shoes_1-71.webp	2096
C:\admirales\script_ver\script_ver\quarantine\under-review\17mov_CharacterSystem\web\photos\mp_m_freemode_01-shoes_1-72.webp	3014
C:\admirales\script_ver\script_ver\quarantine\under-review\17mov_CharacterSystem\web\photos\mp_m_freemode_01-shoes_1-73.webp	2198
C:\admirales\script_ver\script_ver\quarantine\under-review\17mov_CharacterSystem\web\photos\mp_m_freemode_01-shoes_1-74.webp	2896
C:\admirales\script_ver\script_ver\quarantine\under-review\17mov_CharacterSystem\web\photos\mp_m_freemode_01-shoes_1-75.webp	3192
C:\admirales\script_ver\script_ver\quarantine\under-review\17mov_CharacterSystem\web\photos\mp_m_freemode_01-shoes_1-76.webp	2644
C:\admirales\script_ver\script_ver\quarantine\under-review\17mov_CharacterSystem\web\photos\mp_m_freemode_01-shoes_1-77.webp	2248
C:\admirales\script_ver\script_ver\quarantine\under-review\17mov_CharacterSystem\web\photos\mp_m_freemode_01-shoes_1-78.webp	2374
C:\admirales\script_ver\script_ver\quarantine\under-review\17mov_CharacterSystem\web\photos\mp_m_freemode_01-shoes_1-79.webp	3890
C:\admirales\script_ver\script_ver\quarantine\under-review\17mov_CharacterSystem\web\photos\mp_m_freemode_01-shoes_1-8.webp	2882
C:\admirales\script_ver\script_ver\quarantine\under-review\17mov_CharacterSystem\web\photos\mp_m_freemode_01-shoes_1-80.webp	2460
C:\admirales\script_ver\script_ver\quarantine\under-review\17mov_CharacterSystem\web\photos\mp_m_freemode_01-shoes_1-81.webp	2688
C:\admirales\script_ver\script_ver\quarantine\under-review\17mov_CharacterSystem\web\photos\mp_m_freemode_01-shoes_1-82.webp	1800
C:\admirales\script_ver\script_ver\quarantine\under-review\17mov_CharacterSystem\web\photos\mp_m_freemode_01-shoes_1-83.webp	1606
C:\admirales\script_ver\script_ver\quarantine\under-review\17mov_CharacterSystem\web\photos\mp_m_freemode_01-shoes_1-84.webp	5760
C:\admirales\script_ver\script_ver\quarantine\under-review\17mov_CharacterSystem\web\photos\mp_m_freemode_01-shoes_1-85.webp	5930
C:\admirales\script_ver\script_ver\quarantine\under-review\17mov_CharacterSystem\web\photos\mp_m_freemode_01-shoes_1-86.webp	3004
C:\admirales\script_ver\script_ver\quarantine\under-review\17mov_CharacterSystem\web\photos\mp_m_freemode_01-shoes_1-87.webp	2744
C:\admirales\script_ver\script_ver\quarantine\under-review\17mov_CharacterSystem\web\photos\mp_m_freemode_01-shoes_1-88.webp	3316
C:\admirales\script_ver\script_ver\quarantine\under-review\17mov_CharacterSystem\web\photos\mp_m_freemode_01-shoes_1-89.webp	2930
C:\admirales\script_ver\script_ver\quarantine\under-review\17mov_CharacterSystem\web\photos\mp_m_freemode_01-shoes_1-9.webp	2880
C:\admirales\script_ver\script_ver\quarantine\under-review\17mov_CharacterSystem\web\photos\mp_m_freemode_01-shoes_1-90.webp	2820
C:\admirales\script_ver\script_ver\quarantine\under-review\17mov_CharacterSystem\web\photos\mp_m_freemode_01-shoes_1-91.webp	3832
C:\admirales\script_ver\script_ver\quarantine\under-review\17mov_CharacterSystem\web\photos\mp_m_freemode_01-shoes_1-92.webp	2594
C:\admirales\script_ver\script_ver\quarantine\under-review\17mov_CharacterSystem\web\photos\mp_m_freemode_01-shoes_1-93.webp	3672
C:\admirales\script_ver\script_ver\quarantine\under-review\17mov_CharacterSystem\web\photos\mp_m_freemode_01-shoes_1-94.webp	3014
C:\admirales\script_ver\script_ver\quarantine\under-review\17mov_CharacterSystem\web\photos\mp_m_freemode_01-shoes_1-95.webp	2900
C:\admirales\script_ver\script_ver\quarantine\under-review\17mov_CharacterSystem\web\photos\mp_m_freemode_01-shoes_1-96.webp	2824
C:\admirales\script_ver\script_ver\quarantine\under-review\17mov_CharacterSystem\web\photos\mp_m_freemode_01-shoes_1-97.webp	2066
C:\admirales\script_ver\script_ver\quarantine\under-review\17mov_CharacterSystem\web\photos\mp_m_freemode_01-shoes_1-98.webp	2582
C:\admirales\script_ver\script_ver\quarantine\under-review\17mov_CharacterSystem\web\photos\mp_m_freemode_01-shoes_1-99.webp	2206
C:\admirales\script_ver\script_ver\quarantine\under-review\17mov_CharacterSystem\web\photos\mp_m_freemode_01-torso_1-0.webp	2794
C:\admirales\script_ver\script_ver\quarantine\under-review\17mov_CharacterSystem\web\photos\mp_m_freemode_01-torso_1-1.webp	1994
C:\admirales\script_ver\script_ver\quarantine\under-review\17mov_CharacterSystem\web\photos\mp_m_freemode_01-torso_1-10.webp	2660
C:\admirales\script_ver\script_ver\quarantine\under-review\17mov_CharacterSystem\web\photos\mp_m_freemode_01-torso_1-100.webp	3614
C:\admirales\script_ver\script_ver\quarantine\under-review\17mov_CharacterSystem\web\photos\mp_m_freemode_01-torso_1-101.webp	2960
C:\admirales\script_ver\script_ver\quarantine\under-review\17mov_CharacterSystem\web\photos\mp_m_freemode_01-torso_1-102.webp	2954
C:\admirales\script_ver\script_ver\quarantine\under-review\17mov_CharacterSystem\web\photos\mp_m_freemode_01-torso_1-103.webp	4554
C:\admirales\script_ver\script_ver\quarantine\under-review\17mov_CharacterSystem\web\photos\mp_m_freemode_01-torso_1-104.webp	4714
C:\admirales\script_ver\script_ver\quarantine\under-review\17mov_CharacterSystem\web\photos\mp_m_freemode_01-torso_1-105.webp	5478
C:\admirales\script_ver\script_ver\quarantine\under-review\17mov_CharacterSystem\web\photos\mp_m_freemode_01-torso_1-106.webp	3278
C:\admirales\script_ver\script_ver\quarantine\under-review\17mov_CharacterSystem\web\photos\mp_m_freemode_01-torso_1-107.webp	3890
C:\admirales\script_ver\script_ver\quarantine\under-review\17mov_CharacterSystem\web\photos\mp_m_freemode_01-torso_1-108.webp	3672
C:\admirales\script_ver\script_ver\quarantine\under-review\17mov_CharacterSystem\web\photos\mp_m_freemode_01-torso_1-109.webp	1644
C:\admirales\script_ver\script_ver\quarantine\under-review\17mov_CharacterSystem\web\photos\mp_m_freemode_01-torso_1-11.webp	1826
C:\admirales\script_ver\script_ver\quarantine\under-review\17mov_CharacterSystem\web\photos\mp_m_freemode_01-torso_1-110.webp	3704
C:\admirales\script_ver\script_ver\quarantine\under-review\17mov_CharacterSystem\web\photos\mp_m_freemode_01-torso_1-111.webp	2748
C:\admirales\script_ver\script_ver\quarantine\under-review\17mov_CharacterSystem\web\photos\mp_m_freemode_01-torso_1-112.webp	3430
C:\admirales\script_ver\script_ver\quarantine\under-review\17mov_CharacterSystem\web\photos\mp_m_freemode_01-torso_1-113.webp	4232
C:\admirales\script_ver\script_ver\quarantine\under-review\17mov_CharacterSystem\web\photos\mp_m_freemode_01-torso_1-114.webp	3290
C:\admirales\script_ver\script_ver\quarantine\under-review\17mov_CharacterSystem\web\photos\mp_m_freemode_01-torso_1-115.webp	3000
C:\admirales\script_ver\script_ver\quarantine\under-review\17mov_CharacterSystem\web\photos\mp_m_freemode_01-torso_1-116.webp	4476
C:\admirales\script_ver\script_ver\quarantine\under-review\17mov_CharacterSystem\web\photos\mp_m_freemode_01-torso_1-117.webp	4956
C:\admirales\script_ver\script_ver\quarantine\under-review\17mov_CharacterSystem\web\photos\mp_m_freemode_01-torso_1-118.webp	3924
C:\admirales\script_ver\script_ver\quarantine\under-review\17mov_CharacterSystem\web\photos\mp_m_freemode_01-torso_1-119.webp	4568
C:\admirales\script_ver\script_ver\quarantine\under-review\17mov_CharacterSystem\web\photos\mp_m_freemode_01-torso_1-12.webp	4394
C:\admirales\script_ver\script_ver\quarantine\under-review\17mov_CharacterSystem\web\photos\mp_m_freemode_01-torso_1-120.webp	2046
C:\admirales\script_ver\script_ver\quarantine\under-review\17mov_CharacterSystem\web\photos\mp_m_freemode_01-torso_1-121.webp	6274
C:\admirales\script_ver\script_ver\quarantine\under-review\17mov_CharacterSystem\web\photos\mp_m_freemode_01-torso_1-122.webp	3284
C:\admirales\script_ver\script_ver\quarantine\under-review\17mov_CharacterSystem\web\photos\mp_m_freemode_01-torso_1-123.webp	2562
C:\admirales\script_ver\script_ver\quarantine\under-review\17mov_CharacterSystem\web\photos\mp_m_freemode_01-torso_1-124.webp	3430
C:\admirales\script_ver\script_ver\quarantine\under-review\17mov_CharacterSystem\web\photos\mp_m_freemode_01-torso_1-125.webp	4496
C:\admirales\script_ver\script_ver\quarantine\under-review\17mov_CharacterSystem\web\photos\mp_m_freemode_01-torso_1-126.webp	5562
C:\admirales\script_ver\script_ver\quarantine\under-review\17mov_CharacterSystem\web\photos\mp_m_freemode_01-torso_1-127.webp	5848
C:\admirales\script_ver\script_ver\quarantine\under-review\17mov_CharacterSystem\web\photos\mp_m_freemode_01-torso_1-128.webp	3298
C:\admirales\script_ver\script_ver\quarantine\under-review\17mov_CharacterSystem\web\photos\mp_m_freemode_01-torso_1-129.webp	2720
C:\admirales\script_ver\script_ver\quarantine\under-review\17mov_CharacterSystem\web\photos\mp_m_freemode_01-torso_1-13.webp	3064
C:\admirales\script_ver\script_ver\quarantine\under-review\17mov_CharacterSystem\web\photos\mp_m_freemode_01-torso_1-130.webp	2908
C:\admirales\script_ver\script_ver\quarantine\under-review\17mov_CharacterSystem\web\photos\mp_m_freemode_01-torso_1-131.webp	2490
C:\admirales\script_ver\script_ver\quarantine\under-review\17mov_CharacterSystem\web\photos\mp_m_freemode_01-torso_1-132.webp	2380
C:\admirales\script_ver\script_ver\quarantine\under-review\17mov_CharacterSystem\web\photos\mp_m_freemode_01-torso_1-133.webp	3340
C:\admirales\script_ver\script_ver\quarantine\under-review\17mov_CharacterSystem\web\photos\mp_m_freemode_01-torso_1-134.webp	3474
C:\admirales\script_ver\script_ver\quarantine\under-review\17mov_CharacterSystem\web\photos\mp_m_freemode_01-torso_1-135.webp	6458
C:\admirales\script_ver\script_ver\quarantine\under-review\17mov_CharacterSystem\web\photos\mp_m_freemode_01-torso_1-136.webp	3902
C:\admirales\script_ver\script_ver\quarantine\under-review\17mov_CharacterSystem\web\photos\mp_m_freemode_01-torso_1-137.webp	3180
C:\admirales\script_ver\script_ver\quarantine\under-review\17mov_CharacterSystem\web\photos\mp_m_freemode_01-torso_1-138.webp	3148
C:\admirales\script_ver\script_ver\quarantine\under-review\17mov_CharacterSystem\web\photos\mp_m_freemode_01-torso_1-139.webp	2742
C:\admirales\script_ver\script_ver\quarantine\under-review\17mov_CharacterSystem\web\photos\mp_m_freemode_01-torso_1-14.webp	4572
C:\admirales\script_ver\script_ver\quarantine\under-review\17mov_CharacterSystem\web\photos\mp_m_freemode_01-torso_1-140.webp	2748
C:\admirales\script_ver\script_ver\quarantine\under-review\17mov_CharacterSystem\web\photos\mp_m_freemode_01-torso_1-141.webp	3502
C:\admirales\script_ver\script_ver\quarantine\under-review\17mov_CharacterSystem\web\photos\mp_m_freemode_01-torso_1-142.webp	2564
C:\admirales\script_ver\script_ver\quarantine\under-review\17mov_CharacterSystem\web\photos\mp_m_freemode_01-torso_1-143.webp	4086
C:\admirales\script_ver\script_ver\quarantine\under-review\17mov_CharacterSystem\web\photos\mp_m_freemode_01-torso_1-144.webp	3556
C:\admirales\script_ver\script_ver\quarantine\under-review\17mov_CharacterSystem\web\photos\mp_m_freemode_01-torso_1-145.webp	4320
C:\admirales\script_ver\script_ver\quarantine\under-review\17mov_CharacterSystem\web\photos\mp_m_freemode_01-torso_1-146.webp	2448
C:\admirales\script_ver\script_ver\quarantine\under-review\17mov_CharacterSystem\web\photos\mp_m_freemode_01-torso_1-147.webp	3294
C:\admirales\script_ver\script_ver\quarantine\under-review\17mov_CharacterSystem\web\photos\mp_m_freemode_01-torso_1-148.webp	4178
C:\admirales\script_ver\script_ver\quarantine\under-review\17mov_CharacterSystem\web\photos\mp_m_freemode_01-torso_1-149.webp	5450
C:\admirales\script_ver\script_ver\quarantine\under-review\17mov_CharacterSystem\web\photos\mp_m_freemode_01-torso_1-15.webp	792
C:\admirales\script_ver\script_ver\quarantine\under-review\17mov_CharacterSystem\web\photos\mp_m_freemode_01-torso_1-150.webp	3956
C:\admirales\script_ver\script_ver\quarantine\under-review\17mov_CharacterSystem\web\photos\mp_m_freemode_01-torso_1-151.webp	3422
C:\admirales\script_ver\script_ver\quarantine\under-review\17mov_CharacterSystem\web\photos\mp_m_freemode_01-torso_1-152.webp	5390
C:\admirales\script_ver\script_ver\quarantine\under-review\17mov_CharacterSystem\web\photos\mp_m_freemode_01-torso_1-153.webp	3516
C:\admirales\script_ver\script_ver\quarantine\under-review\17mov_CharacterSystem\web\photos\mp_m_freemode_01-torso_1-154.webp	3956
C:\admirales\script_ver\script_ver\quarantine\under-review\17mov_CharacterSystem\web\photos\mp_m_freemode_01-torso_1-155.webp	5694
C:\admirales\script_ver\script_ver\quarantine\under-review\17mov_CharacterSystem\web\photos\mp_m_freemode_01-torso_1-156.webp	3428
C:\admirales\script_ver\script_ver\quarantine\under-review\17mov_CharacterSystem\web\photos\mp_m_freemode_01-torso_1-157.webp	1760
C:\admirales\script_ver\script_ver\quarantine\under-review\17mov_CharacterSystem\web\photos\mp_m_freemode_01-torso_1-158.webp	2070
C:\admirales\script_ver\script_ver\quarantine\under-review\17mov_CharacterSystem\web\photos\mp_m_freemode_01-torso_1-159.webp	1736
C:\admirales\script_ver\script_ver\quarantine\under-review\17mov_CharacterSystem\web\photos\mp_m_freemode_01-torso_1-16.webp	1952
C:\admirales\script_ver\script_ver\quarantine\under-review\17mov_CharacterSystem\web\photos\mp_m_freemode_01-torso_1-160.webp	2046
C:\admirales\script_ver\script_ver\quarantine\under-review\17mov_CharacterSystem\web\photos\mp_m_freemode_01-torso_1-161.webp	4072
C:\admirales\script_ver\script_ver\quarantine\under-review\17mov_CharacterSystem\web\photos\mp_m_freemode_01-torso_1-162.webp	2640
C:\admirales\script_ver\script_ver\quarantine\under-review\17mov_CharacterSystem\web\photos\mp_m_freemode_01-torso_1-163.webp	2708
C:\admirales\script_ver\script_ver\quarantine\under-review\17mov_CharacterSystem\web\photos\mp_m_freemode_01-torso_1-164.webp	2202
C:\admirales\script_ver\script_ver\quarantine\under-review\17mov_CharacterSystem\web\photos\mp_m_freemode_01-torso_1-165.webp	3782
C:\admirales\script_ver\script_ver\quarantine\under-review\17mov_CharacterSystem\web\photos\mp_m_freemode_01-torso_1-166.webp	3024
C:\admirales\script_ver\script_ver\quarantine\under-review\17mov_CharacterSystem\web\photos\mp_m_freemode_01-torso_1-167.webp	4454
C:\admirales\script_ver\script_ver\quarantine\under-review\17mov_CharacterSystem\web\photos\mp_m_freemode_01-torso_1-168.webp	2978
C:\admirales\script_ver\script_ver\quarantine\under-review\17mov_CharacterSystem\web\photos\mp_m_freemode_01-torso_1-169.webp	3608
C:\admirales\script_ver\script_ver\quarantine\under-review\17mov_CharacterSystem\web\photos\mp_m_freemode_01-torso_1-17.webp	1674
C:\admirales\script_ver\script_ver\quarantine\under-review\17mov_CharacterSystem\web\photos\mp_m_freemode_01-torso_1-170.webp	2636
C:\admirales\script_ver\script_ver\quarantine\under-review\17mov_CharacterSystem\web\photos\mp_m_freemode_01-torso_1-171.webp	2808
C:\admirales\script_ver\script_ver\quarantine\under-review\17mov_CharacterSystem\web\photos\mp_m_freemode_01-torso_1-172.webp	3820
C:\admirales\script_ver\script_ver\quarantine\under-review\17mov_CharacterSystem\web\photos\mp_m_freemode_01-torso_1-173.webp	2864
C:\admirales\script_ver\script_ver\quarantine\under-review\17mov_CharacterSystem\web\photos\mp_m_freemode_01-torso_1-174.webp	4188
C:\admirales\script_ver\script_ver\quarantine\under-review\17mov_CharacterSystem\web\photos\mp_m_freemode_01-torso_1-175.webp	2880
C:\admirales\script_ver\script_ver\quarantine\under-review\17mov_CharacterSystem\web\photos\mp_m_freemode_01-torso_1-176.webp	1990
C:\admirales\script_ver\script_ver\quarantine\under-review\17mov_CharacterSystem\web\photos\mp_m_freemode_01-torso_1-177.webp	1608
C:\admirales\script_ver\script_ver\quarantine\under-review\17mov_CharacterSystem\web\photos\mp_m_freemode_01-torso_1-178.webp	3918
C:\admirales\script_ver\script_ver\quarantine\under-review\17mov_CharacterSystem\web\photos\mp_m_freemode_01-torso_1-179.webp	1762
C:\admirales\script_ver\script_ver\quarantine\under-review\17mov_CharacterSystem\web\photos\mp_m_freemode_01-torso_1-18.webp	3306
C:\admirales\script_ver\script_ver\quarantine\under-review\17mov_CharacterSystem\web\photos\mp_m_freemode_01-torso_1-180.webp	2078
C:\admirales\script_ver\script_ver\quarantine\under-review\17mov_CharacterSystem\web\photos\mp_m_freemode_01-torso_1-181.webp	3310
C:\admirales\script_ver\script_ver\quarantine\under-review\17mov_CharacterSystem\web\photos\mp_m_freemode_01-torso_1-182.webp	2808
C:\admirales\script_ver\script_ver\quarantine\under-review\17mov_CharacterSystem\web\photos\mp_m_freemode_01-torso_1-183.webp	6340
C:\admirales\script_ver\script_ver\quarantine\under-review\17mov_CharacterSystem\web\photos\mp_m_freemode_01-torso_1-184.webp	4248
C:\admirales\script_ver\script_ver\quarantine\under-review\17mov_CharacterSystem\web\photos\mp_m_freemode_01-torso_1-185.webp	4460
C:\admirales\script_ver\script_ver\quarantine\under-review\17mov_CharacterSystem\web\photos\mp_m_freemode_01-torso_1-186.webp	3542
C:\admirales\script_ver\script_ver\quarantine\under-review\17mov_CharacterSystem\web\photos\mp_m_freemode_01-torso_1-187.webp	2770
C:\admirales\script_ver\script_ver\quarantine\under-review\17mov_CharacterSystem\web\photos\mp_m_freemode_01-torso_1-188.webp	4532
C:\admirales\script_ver\script_ver\quarantine\under-review\17mov_CharacterSystem\web\photos\mp_m_freemode_01-torso_1-189.webp	5288
C:\admirales\script_ver\script_ver\quarantine\under-review\17mov_CharacterSystem\web\photos\mp_m_freemode_01-torso_1-19.webp	4360
C:\admirales\script_ver\script_ver\quarantine\under-review\17mov_CharacterSystem\web\photos\mp_m_freemode_01-torso_1-190.webp	4390
C:\admirales\script_ver\script_ver\quarantine\under-review\17mov_CharacterSystem\web\photos\mp_m_freemode_01-torso_1-191.webp	4902
C:\admirales\script_ver\script_ver\quarantine\under-review\17mov_CharacterSystem\web\photos\mp_m_freemode_01-torso_1-192.webp	3802
C:\admirales\script_ver\script_ver\quarantine\under-review\17mov_CharacterSystem\web\photos\mp_m_freemode_01-torso_1-193.webp	2810
C:\admirales\script_ver\script_ver\quarantine\under-review\17mov_CharacterSystem\web\photos\mp_m_freemode_01-torso_1-194.webp	5838
C:\admirales\script_ver\script_ver\quarantine\under-review\17mov_CharacterSystem\web\photos\mp_m_freemode_01-torso_1-195.webp	5840
C:\admirales\script_ver\script_ver\quarantine\under-review\17mov_CharacterSystem\web\photos\mp_m_freemode_01-torso_1-196.webp	5374
C:\admirales\script_ver\script_ver\quarantine\under-review\17mov_CharacterSystem\web\photos\mp_m_freemode_01-torso_1-197.webp	5362
C:\admirales\script_ver\script_ver\quarantine\under-review\17mov_CharacterSystem\web\photos\mp_m_freemode_01-torso_1-198.webp	4114
C:\admirales\script_ver\script_ver\quarantine\under-review\17mov_CharacterSystem\web\photos\mp_m_freemode_01-torso_1-199.webp	4158
C:\admirales\script_ver\script_ver\quarantine\under-review\17mov_CharacterSystem\web\photos\mp_m_freemode_01-torso_1-2.webp	2656
C:\admirales\script_ver\script_ver\quarantine\under-review\17mov_CharacterSystem\web\photos\mp_m_freemode_01-torso_1-20.webp	3990
C:\admirales\script_ver\script_ver\quarantine\under-review\17mov_CharacterSystem\web\photos\mp_m_freemode_01-torso_1-200.webp	5680
C:\admirales\script_ver\script_ver\quarantine\under-review\17mov_CharacterSystem\web\photos\mp_m_freemode_01-torso_1-201.webp	6376
C:\admirales\script_ver\script_ver\quarantine\under-review\17mov_CharacterSystem\web\photos\mp_m_freemode_01-torso_1-202.webp	1750
C:\admirales\script_ver\script_ver\quarantine\under-review\17mov_CharacterSystem\web\photos\mp_m_freemode_01-torso_1-203.webp	5370
C:\admirales\script_ver\script_ver\quarantine\under-review\17mov_CharacterSystem\web\photos\mp_m_freemode_01-torso_1-204.webp	2592
C:\admirales\script_ver\script_ver\quarantine\under-review\17mov_CharacterSystem\web\photos\mp_m_freemode_01-torso_1-205.webp	1562
C:\admirales\script_ver\script_ver\quarantine\under-review\17mov_CharacterSystem\web\photos\mp_m_freemode_01-torso_1-206.webp	4380
C:\admirales\script_ver\script_ver\quarantine\under-review\17mov_CharacterSystem\web\photos\mp_m_freemode_01-torso_1-207.webp	4958
C:\admirales\script_ver\script_ver\quarantine\under-review\17mov_CharacterSystem\web\photos\mp_m_freemode_01-torso_1-208.webp	4726
C:\admirales\script_ver\script_ver\quarantine\under-review\17mov_CharacterSystem\web\photos\mp_m_freemode_01-torso_1-209.webp	8426
C:\admirales\script_ver\script_ver\quarantine\under-review\17mov_CharacterSystem\web\photos\mp_m_freemode_01-torso_1-21.webp	1892
C:\admirales\script_ver\script_ver\quarantine\under-review\17mov_CharacterSystem\web\photos\mp_m_freemode_01-torso_1-210.webp	8402
C:\admirales\script_ver\script_ver\quarantine\under-review\17mov_CharacterSystem\web\photos\mp_m_freemode_01-torso_1-211.webp	9046
C:\admirales\script_ver\script_ver\quarantine\under-review\17mov_CharacterSystem\web\photos\mp_m_freemode_01-torso_1-212.webp	8882
C:\admirales\script_ver\script_ver\quarantine\under-review\17mov_CharacterSystem\web\photos\mp_m_freemode_01-torso_1-213.webp	2896
C:\admirales\script_ver\script_ver\quarantine\under-review\17mov_CharacterSystem\web\photos\mp_m_freemode_01-torso_1-214.webp	3640
C:\admirales\script_ver\script_ver\quarantine\under-review\17mov_CharacterSystem\web\photos\mp_m_freemode_01-torso_1-215.webp	5834
C:\admirales\script_ver\script_ver\quarantine\under-review\17mov_CharacterSystem\web\photos\mp_m_freemode_01-torso_1-216.webp	4600
C:\admirales\script_ver\script_ver\quarantine\under-review\17mov_CharacterSystem\web\photos\mp_m_freemode_01-torso_1-217.webp	4012
C:\admirales\script_ver\script_ver\quarantine\under-review\17mov_CharacterSystem\web\photos\mp_m_freemode_01-torso_1-218.webp	4690
C:\admirales\script_ver\script_ver\quarantine\under-review\17mov_CharacterSystem\web\photos\mp_m_freemode_01-torso_1-219.webp	5446
C:\admirales\script_ver\script_ver\quarantine\under-review\17mov_CharacterSystem\web\photos\mp_m_freemode_01-torso_1-22.webp	2476
C:\admirales\script_ver\script_ver\quarantine\under-review\17mov_CharacterSystem\web\photos\mp_m_freemode_01-torso_1-220.webp	4616
C:\admirales\script_ver\script_ver\quarantine\under-review\17mov_CharacterSystem\web\photos\mp_m_freemode_01-torso_1-221.webp	7162
C:\admirales\script_ver\script_ver\quarantine\under-review\17mov_CharacterSystem\web\photos\mp_m_freemode_01-torso_1-222.webp	5700
C:\admirales\script_ver\script_ver\quarantine\under-review\17mov_CharacterSystem\web\photos\mp_m_freemode_01-torso_1-223.webp	1670
C:\admirales\script_ver\script_ver\quarantine\under-review\17mov_CharacterSystem\web\photos\mp_m_freemode_01-torso_1-224.webp	2742
C:\admirales\script_ver\script_ver\quarantine\under-review\17mov_CharacterSystem\web\photos\mp_m_freemode_01-torso_1-225.webp	3080
C:\admirales\script_ver\script_ver\quarantine\under-review\17mov_CharacterSystem\web\photos\mp_m_freemode_01-torso_1-226.webp	1868
C:\admirales\script_ver\script_ver\quarantine\under-review\17mov_CharacterSystem\web\photos\mp_m_freemode_01-torso_1-227.webp	2964
C:\admirales\script_ver\script_ver\quarantine\under-review\17mov_CharacterSystem\web\photos\mp_m_freemode_01-torso_1-228.webp	3814
C:\admirales\script_ver\script_ver\quarantine\under-review\17mov_CharacterSystem\web\photos\mp_m_freemode_01-torso_1-229.webp	3184
C:\admirales\script_ver\script_ver\quarantine\under-review\17mov_CharacterSystem\web\photos\mp_m_freemode_01-torso_1-23.webp	3384
C:\admirales\script_ver\script_ver\quarantine\under-review\17mov_CharacterSystem\web\photos\mp_m_freemode_01-torso_1-230.webp	3826
C:\admirales\script_ver\script_ver\quarantine\under-review\17mov_CharacterSystem\web\photos\mp_m_freemode_01-torso_1-231.webp	4308
C:\admirales\script_ver\script_ver\quarantine\under-review\17mov_CharacterSystem\web\photos\mp_m_freemode_01-torso_1-232.webp	4534
C:\admirales\script_ver\script_ver\quarantine\under-review\17mov_CharacterSystem\web\photos\mp_m_freemode_01-torso_1-233.webp	4052
C:\admirales\script_ver\script_ver\quarantine\under-review\17mov_CharacterSystem\web\photos\mp_m_freemode_01-torso_1-234.webp	2564
C:\admirales\script_ver\script_ver\quarantine\under-review\17mov_CharacterSystem\web\photos\mp_m_freemode_01-torso_1-235.webp	2806
C:\admirales\script_ver\script_ver\quarantine\under-review\17mov_CharacterSystem\web\photos\mp_m_freemode_01-torso_1-236.webp	2592
C:\admirales\script_ver\script_ver\quarantine\under-review\17mov_CharacterSystem\web\photos\mp_m_freemode_01-torso_1-237.webp	1554
C:\admirales\script_ver\script_ver\quarantine\under-review\17mov_CharacterSystem\web\photos\mp_m_freemode_01-torso_1-238.webp	2364
C:\admirales\script_ver\script_ver\quarantine\under-review\17mov_CharacterSystem\web\photos\mp_m_freemode_01-torso_1-239.webp	4410
C:\admirales\script_ver\script_ver\quarantine\under-review\17mov_CharacterSystem\web\photos\mp_m_freemode_01-torso_1-24.webp	3992
C:\admirales\script_ver\script_ver\quarantine\under-review\17mov_CharacterSystem\web\photos\mp_m_freemode_01-torso_1-240.webp	5684
C:\admirales\script_ver\script_ver\quarantine\under-review\17mov_CharacterSystem\web\photos\mp_m_freemode_01-torso_1-241.webp	2056
C:\admirales\script_ver\script_ver\quarantine\under-review\17mov_CharacterSystem\web\photos\mp_m_freemode_01-torso_1-242.webp	1914
C:\admirales\script_ver\script_ver\quarantine\under-review\17mov_CharacterSystem\web\photos\mp_m_freemode_01-torso_1-243.webp	2708
C:\admirales\script_ver\script_ver\quarantine\under-review\17mov_CharacterSystem\web\photos\mp_m_freemode_01-torso_1-244.webp	4014
C:\admirales\script_ver\script_ver\quarantine\under-review\17mov_CharacterSystem\web\photos\mp_m_freemode_01-torso_1-245.webp	9918
C:\admirales\script_ver\script_ver\quarantine\under-review\17mov_CharacterSystem\web\photos\mp_m_freemode_01-torso_1-246.webp	6052
C:\admirales\script_ver\script_ver\quarantine\under-review\17mov_CharacterSystem\web\photos\mp_m_freemode_01-torso_1-247.webp	2016
C:\admirales\script_ver\script_ver\quarantine\under-review\17mov_CharacterSystem\web\photos\mp_m_freemode_01-torso_1-248.webp	3370
C:\admirales\script_ver\script_ver\quarantine\under-review\17mov_CharacterSystem\web\photos\mp_m_freemode_01-torso_1-249.webp	2784
C:\admirales\script_ver\script_ver\quarantine\under-review\17mov_CharacterSystem\web\photos\mp_m_freemode_01-torso_1-25.webp	2216
C:\admirales\script_ver\script_ver\quarantine\under-review\17mov_CharacterSystem\web\photos\mp_m_freemode_01-torso_1-250.webp	1936
C:\admirales\script_ver\script_ver\quarantine\under-review\17mov_CharacterSystem\web\photos\mp_m_freemode_01-torso_1-251.webp	4032
C:\admirales\script_ver\script_ver\quarantine\under-review\17mov_CharacterSystem\web\photos\mp_m_freemode_01-torso_1-252.webp	848
C:\admirales\script_ver\script_ver\quarantine\under-review\17mov_CharacterSystem\web\photos\mp_m_freemode_01-torso_1-253.webp	4206
C:\admirales\script_ver\script_ver\quarantine\under-review\17mov_CharacterSystem\web\photos\mp_m_freemode_01-torso_1-254.webp	3376
C:\admirales\script_ver\script_ver\quarantine\under-review\17mov_CharacterSystem\web\photos\mp_m_freemode_01-torso_1-255.webp	5620
C:\admirales\script_ver\script_ver\quarantine\under-review\17mov_CharacterSystem\web\photos\mp_m_freemode_01-torso_1-256.webp	6874
C:\admirales\script_ver\script_ver\quarantine\under-review\17mov_CharacterSystem\web\photos\mp_m_freemode_01-torso_1-257.webp	3550
C:\admirales\script_ver\script_ver\quarantine\under-review\17mov_CharacterSystem\web\photos\mp_m_freemode_01-torso_1-258.webp	4254
C:\admirales\script_ver\script_ver\quarantine\under-review\17mov_CharacterSystem\web\photos\mp_m_freemode_01-torso_1-259.webp	5444
C:\admirales\script_ver\script_ver\quarantine\under-review\17mov_CharacterSystem\web\photos\mp_m_freemode_01-torso_1-26.webp	2176
C:\admirales\script_ver\script_ver\quarantine\under-review\17mov_CharacterSystem\web\photos\mp_m_freemode_01-torso_1-260.webp	5034
C:\admirales\script_ver\script_ver\quarantine\under-review\17mov_CharacterSystem\web\photos\mp_m_freemode_01-torso_1-261.webp	6562
C:\admirales\script_ver\script_ver\quarantine\under-review\17mov_CharacterSystem\web\photos\mp_m_freemode_01-torso_1-262.webp	4066
C:\admirales\script_ver\script_ver\quarantine\under-review\17mov_CharacterSystem\web\photos\mp_m_freemode_01-torso_1-263.webp	4068
C:\admirales\script_ver\script_ver\quarantine\under-review\17mov_CharacterSystem\web\photos\mp_m_freemode_01-torso_1-264.webp	3464
C:\admirales\script_ver\script_ver\quarantine\under-review\17mov_CharacterSystem\web\photos\mp_m_freemode_01-torso_1-265.webp	6188
C:\admirales\script_ver\script_ver\quarantine\under-review\17mov_CharacterSystem\web\photos\mp_m_freemode_01-torso_1-266.webp	6322
C:\admirales\script_ver\script_ver\quarantine\under-review\17mov_CharacterSystem\web\photos\mp_m_freemode_01-torso_1-267.webp	4396
C:\admirales\script_ver\script_ver\quarantine\under-review\17mov_CharacterSystem\web\photos\mp_m_freemode_01-torso_1-268.webp	4066
C:\admirales\script_ver\script_ver\quarantine\under-review\17mov_CharacterSystem\web\photos\mp_m_freemode_01-torso_1-269.webp	4820
C:\admirales\script_ver\script_ver\quarantine\under-review\17mov_CharacterSystem\web\photos\mp_m_freemode_01-torso_1-27.webp	2610
C:\admirales\script_ver\script_ver\quarantine\under-review\17mov_CharacterSystem\web\photos\mp_m_freemode_01-torso_1-270.webp	3436
C:\admirales\script_ver\script_ver\quarantine\under-review\17mov_CharacterSystem\web\photos\mp_m_freemode_01-torso_1-271.webp	2336
C:\admirales\script_ver\script_ver\quarantine\under-review\17mov_CharacterSystem\web\photos\mp_m_freemode_01-torso_1-272.webp	3384
C:\admirales\script_ver\script_ver\quarantine\under-review\17mov_CharacterSystem\web\photos\mp_m_freemode_01-torso_1-273.webp	2548
C:\admirales\script_ver\script_ver\quarantine\under-review\17mov_CharacterSystem\web\photos\mp_m_freemode_01-torso_1-274.webp	5042
C:\admirales\script_ver\script_ver\quarantine\under-review\17mov_CharacterSystem\web\photos\mp_m_freemode_01-torso_1-275.webp	5240
C:\admirales\script_ver\script_ver\quarantine\under-review\17mov_CharacterSystem\web\photos\mp_m_freemode_01-torso_1-276.webp	4872
C:\admirales\script_ver\script_ver\quarantine\under-review\17mov_CharacterSystem\web\photos\mp_m_freemode_01-torso_1-277.webp	2966
C:\admirales\script_ver\script_ver\quarantine\under-review\17mov_CharacterSystem\web\photos\mp_m_freemode_01-torso_1-278.webp	4374
C:\admirales\script_ver\script_ver\quarantine\under-review\17mov_CharacterSystem\web\photos\mp_m_freemode_01-torso_1-279.webp	5058
C:\admirales\script_ver\script_ver\quarantine\under-review\17mov_CharacterSystem\web\photos\mp_m_freemode_01-torso_1-28.webp	2476
C:\admirales\script_ver\script_ver\quarantine\under-review\17mov_CharacterSystem\web\photos\mp_m_freemode_01-torso_1-280.webp	5260
C:\admirales\script_ver\script_ver\quarantine\under-review\17mov_CharacterSystem\web\photos\mp_m_freemode_01-torso_1-281.webp	6780
C:\admirales\script_ver\script_ver\quarantine\under-review\17mov_CharacterSystem\web\photos\mp_m_freemode_01-torso_1-282.webp	4164
C:\admirales\script_ver\script_ver\quarantine\under-review\17mov_CharacterSystem\web\photos\mp_m_freemode_01-torso_1-283.webp	4784
C:\admirales\script_ver\script_ver\quarantine\under-review\17mov_CharacterSystem\web\photos\mp_m_freemode_01-torso_1-284.webp	3396
C:\admirales\script_ver\script_ver\quarantine\under-review\17mov_CharacterSystem\web\photos\mp_m_freemode_01-torso_1-285.webp	4478
C:\admirales\script_ver\script_ver\quarantine\under-review\17mov_CharacterSystem\web\photos\mp_m_freemode_01-torso_1-286.webp	3836
C:\admirales\script_ver\script_ver\quarantine\under-review\17mov_CharacterSystem\web\photos\mp_m_freemode_01-torso_1-287.webp	5010
C:\admirales\script_ver\script_ver\quarantine\under-review\17mov_CharacterSystem\web\photos\mp_m_freemode_01-torso_1-288.webp	5288
C:\admirales\script_ver\script_ver\quarantine\under-review\17mov_CharacterSystem\web\photos\mp_m_freemode_01-torso_1-289.webp	3966
C:\admirales\script_ver\script_ver\quarantine\under-review\17mov_CharacterSystem\web\photos\mp_m_freemode_01-torso_1-29.webp	2376
C:\admirales\script_ver\script_ver\quarantine\under-review\17mov_CharacterSystem\web\photos\mp_m_freemode_01-torso_1-290.webp	1770
C:\admirales\script_ver\script_ver\quarantine\under-review\17mov_CharacterSystem\web\photos\mp_m_freemode_01-torso_1-291.webp	3706
C:\admirales\script_ver\script_ver\quarantine\under-review\17mov_CharacterSystem\web\photos\mp_m_freemode_01-torso_1-292.webp	5706
C:\admirales\script_ver\script_ver\quarantine\under-review\17mov_CharacterSystem\web\photos\mp_m_freemode_01-torso_1-293.webp	6374
C:\admirales\script_ver\script_ver\quarantine\under-review\17mov_CharacterSystem\web\photos\mp_m_freemode_01-torso_1-294.webp	2386
C:\admirales\script_ver\script_ver\quarantine\under-review\17mov_CharacterSystem\web\photos\mp_m_freemode_01-torso_1-295.webp	2432
C:\admirales\script_ver\script_ver\quarantine\under-review\17mov_CharacterSystem\web\photos\mp_m_freemode_01-torso_1-296.webp	3740
C:\admirales\script_ver\script_ver\quarantine\under-review\17mov_CharacterSystem\web\photos\mp_m_freemode_01-torso_1-297.webp	3870
C:\admirales\script_ver\script_ver\quarantine\under-review\17mov_CharacterSystem\web\photos\mp_m_freemode_01-torso_1-298.webp	5568
C:\admirales\script_ver\script_ver\quarantine\under-review\17mov_CharacterSystem\web\photos\mp_m_freemode_01-torso_1-299.webp	5330
C:\admirales\script_ver\script_ver\quarantine\under-review\17mov_CharacterSystem\web\photos\mp_m_freemode_01-torso_1-3.webp	3858
C:\admirales\script_ver\script_ver\quarantine\under-review\17mov_CharacterSystem\web\photos\mp_m_freemode_01-torso_1-30.webp	2336
C:\admirales\script_ver\script_ver\quarantine\under-review\17mov_CharacterSystem\web\photos\mp_m_freemode_01-torso_1-300.webp	5978
C:\admirales\script_ver\script_ver\quarantine\under-review\17mov_CharacterSystem\web\photos\mp_m_freemode_01-torso_1-301.webp	6026
C:\admirales\script_ver\script_ver\quarantine\under-review\17mov_CharacterSystem\web\photos\mp_m_freemode_01-torso_1-302.webp	6698
C:\admirales\script_ver\script_ver\quarantine\under-review\17mov_CharacterSystem\web\photos\mp_m_freemode_01-torso_1-303.webp	5846
C:\admirales\script_ver\script_ver\quarantine\under-review\17mov_CharacterSystem\web\photos\mp_m_freemode_01-torso_1-304.webp	6234
C:\admirales\script_ver\script_ver\quarantine\under-review\17mov_CharacterSystem\web\photos\mp_m_freemode_01-torso_1-305.webp	4260
C:\admirales\script_ver\script_ver\quarantine\under-review\17mov_CharacterSystem\web\photos\mp_m_freemode_01-torso_1-306.webp	4076
C:\admirales\script_ver\script_ver\quarantine\under-review\17mov_CharacterSystem\web\photos\mp_m_freemode_01-torso_1-307.webp	6532
C:\admirales\script_ver\script_ver\quarantine\under-review\17mov_CharacterSystem\web\photos\mp_m_freemode_01-torso_1-308.webp	3502
C:\admirales\script_ver\script_ver\quarantine\under-review\17mov_CharacterSystem\web\photos\mp_m_freemode_01-torso_1-309.webp	7426
C:\admirales\script_ver\script_ver\quarantine\under-review\17mov_CharacterSystem\web\photos\mp_m_freemode_01-torso_1-31.webp	2792
C:\admirales\script_ver\script_ver\quarantine\under-review\17mov_CharacterSystem\web\photos\mp_m_freemode_01-torso_1-310.webp	4728
C:\admirales\script_ver\script_ver\quarantine\under-review\17mov_CharacterSystem\web\photos\mp_m_freemode_01-torso_1-311.webp	3914
C:\admirales\script_ver\script_ver\quarantine\under-review\17mov_CharacterSystem\web\photos\mp_m_freemode_01-torso_1-312.webp	4846
C:\admirales\script_ver\script_ver\quarantine\under-review\17mov_CharacterSystem\web\photos\mp_m_freemode_01-torso_1-313.webp	3756
C:\admirales\script_ver\script_ver\quarantine\under-review\17mov_CharacterSystem\web\photos\mp_m_freemode_01-torso_1-314.webp	5206
C:\admirales\script_ver\script_ver\quarantine\under-review\17mov_CharacterSystem\web\photos\mp_m_freemode_01-torso_1-315.webp	5310
C:\admirales\script_ver\script_ver\quarantine\under-review\17mov_CharacterSystem\web\photos\mp_m_freemode_01-torso_1-316.webp	2656
C:\admirales\script_ver\script_ver\quarantine\under-review\17mov_CharacterSystem\web\photos\mp_m_freemode_01-torso_1-317.webp	2520
C:\admirales\script_ver\script_ver\quarantine\under-review\17mov_CharacterSystem\web\photos\mp_m_freemode_01-torso_1-318.webp	1848
C:\admirales\script_ver\script_ver\quarantine\under-review\17mov_CharacterSystem\web\photos\mp_m_freemode_01-torso_1-319.webp	1894
C:\admirales\script_ver\script_ver\quarantine\under-review\17mov_CharacterSystem\web\photos\mp_m_freemode_01-torso_1-32.webp	2558
C:\admirales\script_ver\script_ver\quarantine\under-review\17mov_CharacterSystem\web\photos\mp_m_freemode_01-torso_1-320.webp	2932
C:\admirales\script_ver\script_ver\quarantine\under-review\17mov_CharacterSystem\web\photos\mp_m_freemode_01-torso_1-321.webp	3074
C:\admirales\script_ver\script_ver\quarantine\under-review\17mov_CharacterSystem\web\photos\mp_m_freemode_01-torso_1-322.webp	3014
C:\admirales\script_ver\script_ver\quarantine\under-review\17mov_CharacterSystem\web\photos\mp_m_freemode_01-torso_1-323.webp	3298
C:\admirales\script_ver\script_ver\quarantine\under-review\17mov_CharacterSystem\web\photos\mp_m_freemode_01-torso_1-324.webp	3328
C:\admirales\script_ver\script_ver\quarantine\under-review\17mov_CharacterSystem\web\photos\mp_m_freemode_01-torso_1-325.webp	3086
C:\admirales\script_ver\script_ver\quarantine\under-review\17mov_CharacterSystem\web\photos\mp_m_freemode_01-torso_1-326.webp	4314
C:\admirales\script_ver\script_ver\quarantine\under-review\17mov_CharacterSystem\web\photos\mp_m_freemode_01-torso_1-327.webp	1514
C:\admirales\script_ver\script_ver\quarantine\under-review\17mov_CharacterSystem\web\photos\mp_m_freemode_01-torso_1-328.webp	2862
C:\admirales\script_ver\script_ver\quarantine\under-review\17mov_CharacterSystem\web\photos\mp_m_freemode_01-torso_1-329.webp	2884
C:\admirales\script_ver\script_ver\quarantine\under-review\17mov_CharacterSystem\web\photos\mp_m_freemode_01-torso_1-33.webp	3430
C:\admirales\script_ver\script_ver\quarantine\under-review\17mov_CharacterSystem\web\photos\mp_m_freemode_01-torso_1-330.webp	3296
C:\admirales\script_ver\script_ver\quarantine\under-review\17mov_CharacterSystem\web\photos\mp_m_freemode_01-torso_1-331.webp	3584
C:\admirales\script_ver\script_ver\quarantine\under-review\17mov_CharacterSystem\web\photos\mp_m_freemode_01-torso_1-332.webp	3652
C:\admirales\script_ver\script_ver\quarantine\under-review\17mov_CharacterSystem\web\photos\mp_m_freemode_01-torso_1-333.webp	2888
C:\admirales\script_ver\script_ver\quarantine\under-review\17mov_CharacterSystem\web\photos\mp_m_freemode_01-torso_1-334.webp	2536
C:\admirales\script_ver\script_ver\quarantine\under-review\17mov_CharacterSystem\web\photos\mp_m_freemode_01-torso_1-335.webp	3492
C:\admirales\script_ver\script_ver\quarantine\under-review\17mov_CharacterSystem\web\photos\mp_m_freemode_01-torso_1-336.webp	3490
C:\admirales\script_ver\script_ver\quarantine\under-review\17mov_CharacterSystem\web\photos\mp_m_freemode_01-torso_1-337.webp	2844
C:\admirales\script_ver\script_ver\quarantine\under-review\17mov_CharacterSystem\web\photos\mp_m_freemode_01-torso_1-338.webp	3458
C:\admirales\script_ver\script_ver\quarantine\under-review\17mov_CharacterSystem\web\photos\mp_m_freemode_01-torso_1-339.webp	5022
C:\admirales\script_ver\script_ver\quarantine\under-review\17mov_CharacterSystem\web\photos\mp_m_freemode_01-torso_1-34.webp	1708
C:\admirales\script_ver\script_ver\quarantine\under-review\17mov_CharacterSystem\web\photos\mp_m_freemode_01-torso_1-340.webp	2816
C:\admirales\script_ver\script_ver\quarantine\under-review\17mov_CharacterSystem\web\photos\mp_m_freemode_01-torso_1-341.webp	2510
C:\admirales\script_ver\script_ver\quarantine\under-review\17mov_CharacterSystem\web\photos\mp_m_freemode_01-torso_1-342.webp	6776
C:\admirales\script_ver\script_ver\quarantine\under-review\17mov_CharacterSystem\web\photos\mp_m_freemode_01-torso_1-343.webp	6602
C:\admirales\script_ver\script_ver\quarantine\under-review\17mov_CharacterSystem\web\photos\mp_m_freemode_01-torso_1-344.webp	6326
C:\admirales\script_ver\script_ver\quarantine\under-review\17mov_CharacterSystem\web\photos\mp_m_freemode_01-torso_1-345.webp	2726
C:\admirales\script_ver\script_ver\quarantine\under-review\17mov_CharacterSystem\web\photos\mp_m_freemode_01-torso_1-346.webp	2720
C:\admirales\script_ver\script_ver\quarantine\under-review\17mov_CharacterSystem\web\photos\mp_m_freemode_01-torso_1-347.webp	4946
C:\admirales\script_ver\script_ver\quarantine\under-review\17mov_CharacterSystem\web\photos\mp_m_freemode_01-torso_1-348.webp	3034
C:\admirales\script_ver\script_ver\quarantine\under-review\17mov_CharacterSystem\web\photos\mp_m_freemode_01-torso_1-349.webp	2996
C:\admirales\script_ver\script_ver\quarantine\under-review\17mov_CharacterSystem\web\photos\mp_m_freemode_01-torso_1-35.webp	2978
C:\admirales\script_ver\script_ver\quarantine\under-review\17mov_CharacterSystem\web\photos\mp_m_freemode_01-torso_1-350.webp	4548
C:\admirales\script_ver\script_ver\quarantine\under-review\17mov_CharacterSystem\web\photos\mp_m_freemode_01-torso_1-351.webp	2544
C:\admirales\script_ver\script_ver\quarantine\under-review\17mov_CharacterSystem\web\photos\mp_m_freemode_01-torso_1-352.webp	4328
C:\admirales\script_ver\script_ver\quarantine\under-review\17mov_CharacterSystem\web\photos\mp_m_freemode_01-torso_1-353.webp	4560
C:\admirales\script_ver\script_ver\quarantine\under-review\17mov_CharacterSystem\web\photos\mp_m_freemode_01-torso_1-354.webp	4736
C:\admirales\script_ver\script_ver\quarantine\under-review\17mov_CharacterSystem\web\photos\mp_m_freemode_01-torso_1-355.webp	4820
C:\admirales\script_ver\script_ver\quarantine\under-review\17mov_CharacterSystem\web\photos\mp_m_freemode_01-torso_1-356.webp	3518
C:\admirales\script_ver\script_ver\quarantine\under-review\17mov_CharacterSystem\web\photos\mp_m_freemode_01-torso_1-357.webp	2882
C:\admirales\script_ver\script_ver\quarantine\under-review\17mov_CharacterSystem\web\photos\mp_m_freemode_01-torso_1-358.webp	6114
C:\admirales\script_ver\script_ver\quarantine\under-review\17mov_CharacterSystem\web\photos\mp_m_freemode_01-torso_1-359.webp	3848
C:\admirales\script_ver\script_ver\quarantine\under-review\17mov_CharacterSystem\web\photos\mp_m_freemode_01-torso_1-36.webp	1900
C:\admirales\script_ver\script_ver\quarantine\under-review\17mov_CharacterSystem\web\photos\mp_m_freemode_01-torso_1-360.webp	3754
C:\admirales\script_ver\script_ver\quarantine\under-review\17mov_CharacterSystem\web\photos\mp_m_freemode_01-torso_1-361.webp	5134
C:\admirales\script_ver\script_ver\quarantine\under-review\17mov_CharacterSystem\web\photos\mp_m_freemode_01-torso_1-362.webp	4858
C:\admirales\script_ver\script_ver\quarantine\under-review\17mov_CharacterSystem\web\photos\mp_m_freemode_01-torso_1-363.webp	3920
C:\admirales\script_ver\script_ver\quarantine\under-review\17mov_CharacterSystem\web\photos\mp_m_freemode_01-torso_1-364.webp	3678
C:\admirales\script_ver\script_ver\quarantine\under-review\17mov_CharacterSystem\web\photos\mp_m_freemode_01-torso_1-365.webp	1716
C:\admirales\script_ver\script_ver\quarantine\under-review\17mov_CharacterSystem\web\photos\mp_m_freemode_01-torso_1-366.webp	1898
C:\admirales\script_ver\script_ver\quarantine\under-review\17mov_CharacterSystem\web\photos\mp_m_freemode_01-torso_1-367.webp	2948
C:\admirales\script_ver\script_ver\quarantine\under-review\17mov_CharacterSystem\web\photos\mp_m_freemode_01-torso_1-368.webp	4640
C:\admirales\script_ver\script_ver\quarantine\under-review\17mov_CharacterSystem\web\photos\mp_m_freemode_01-torso_1-369.webp	3740
C:\admirales\script_ver\script_ver\quarantine\under-review\17mov_CharacterSystem\web\photos\mp_m_freemode_01-torso_1-37.webp	3680
C:\admirales\script_ver\script_ver\quarantine\under-review\17mov_CharacterSystem\web\photos\mp_m_freemode_01-torso_1-370.webp	6062
C:\admirales\script_ver\script_ver\quarantine\under-review\17mov_CharacterSystem\web\photos\mp_m_freemode_01-torso_1-371.webp	4936
C:\admirales\script_ver\script_ver\quarantine\under-review\17mov_CharacterSystem\web\photos\mp_m_freemode_01-torso_1-372.webp	2936
C:\admirales\script_ver\script_ver\quarantine\under-review\17mov_CharacterSystem\web\photos\mp_m_freemode_01-torso_1-373.webp	4300
C:\admirales\script_ver\script_ver\quarantine\under-review\17mov_CharacterSystem\web\photos\mp_m_freemode_01-torso_1-374.webp	4074
C:\admirales\script_ver\script_ver\quarantine\under-review\17mov_CharacterSystem\web\photos\mp_m_freemode_01-torso_1-375.webp	4010
C:\admirales\script_ver\script_ver\quarantine\under-review\17mov_CharacterSystem\web\photos\mp_m_freemode_01-torso_1-376.webp	4406
C:\admirales\script_ver\script_ver\quarantine\under-review\17mov_CharacterSystem\web\photos\mp_m_freemode_01-torso_1-377.webp	2934
C:\admirales\script_ver\script_ver\quarantine\under-review\17mov_CharacterSystem\web\photos\mp_m_freemode_01-torso_1-378.webp	3616
C:\admirales\script_ver\script_ver\quarantine\under-review\17mov_CharacterSystem\web\photos\mp_m_freemode_01-torso_1-379.webp	2858
C:\admirales\script_ver\script_ver\quarantine\under-review\17mov_CharacterSystem\web\photos\mp_m_freemode_01-torso_1-38.webp	2438
C:\admirales\script_ver\script_ver\quarantine\under-review\17mov_CharacterSystem\web\photos\mp_m_freemode_01-torso_1-380.webp	3496
C:\admirales\script_ver\script_ver\quarantine\under-review\17mov_CharacterSystem\web\photos\mp_m_freemode_01-torso_1-381.webp	2998
C:\admirales\script_ver\script_ver\quarantine\under-review\17mov_CharacterSystem\web\photos\mp_m_freemode_01-torso_1-382.webp	2406
C:\admirales\script_ver\script_ver\quarantine\under-review\17mov_CharacterSystem\web\photos\mp_m_freemode_01-torso_1-383.webp	2210
C:\admirales\script_ver\script_ver\quarantine\under-review\17mov_CharacterSystem\web\photos\mp_m_freemode_01-torso_1-384.webp	2346
C:\admirales\script_ver\script_ver\quarantine\under-review\17mov_CharacterSystem\web\photos\mp_m_freemode_01-torso_1-385.webp	3094
C:\admirales\script_ver\script_ver\quarantine\under-review\17mov_CharacterSystem\web\photos\mp_m_freemode_01-torso_1-386.webp	4106
C:\admirales\script_ver\script_ver\quarantine\under-review\17mov_CharacterSystem\web\photos\mp_m_freemode_01-torso_1-387.webp	4240
C:\admirales\script_ver\script_ver\quarantine\under-review\17mov_CharacterSystem\web\photos\mp_m_freemode_01-torso_1-388.webp	3490
C:\admirales\script_ver\script_ver\quarantine\under-review\17mov_CharacterSystem\web\photos\mp_m_freemode_01-torso_1-389.webp	3478
C:\admirales\script_ver\script_ver\quarantine\under-review\17mov_CharacterSystem\web\photos\mp_m_freemode_01-torso_1-39.webp	3098
C:\admirales\script_ver\script_ver\quarantine\under-review\17mov_CharacterSystem\web\photos\mp_m_freemode_01-torso_1-390.webp	3806
C:\admirales\script_ver\script_ver\quarantine\under-review\17mov_CharacterSystem\web\photos\mp_m_freemode_01-torso_1-391.webp	3960
C:\admirales\script_ver\script_ver\quarantine\under-review\17mov_CharacterSystem\web\photos\mp_m_freemode_01-torso_1-392.webp	6924
C:\admirales\script_ver\script_ver\quarantine\under-review\17mov_CharacterSystem\web\photos\mp_m_freemode_01-torso_1-393.webp	5246
C:\admirales\script_ver\script_ver\quarantine\under-review\17mov_CharacterSystem\web\photos\mp_m_freemode_01-torso_1-394.webp	3798
C:\admirales\script_ver\script_ver\quarantine\under-review\17mov_CharacterSystem\web\photos\mp_m_freemode_01-torso_1-395.webp	5326
C:\admirales\script_ver\script_ver\quarantine\under-review\17mov_CharacterSystem\web\photos\mp_m_freemode_01-torso_1-396.webp	3630
C:\admirales\script_ver\script_ver\quarantine\under-review\17mov_CharacterSystem\web\photos\mp_m_freemode_01-torso_1-397.webp	4332
C:\admirales\script_ver\script_ver\quarantine\under-review\17mov_CharacterSystem\web\photos\mp_m_freemode_01-torso_1-398.webp	5500
C:\admirales\script_ver\script_ver\quarantine\under-review\17mov_CharacterSystem\web\photos\mp_m_freemode_01-torso_1-399.webp	3630
C:\admirales\script_ver\script_ver\quarantine\under-review\17mov_CharacterSystem\web\photos\mp_m_freemode_01-torso_1-4.webp	2412
C:\admirales\script_ver\script_ver\quarantine\under-review\17mov_CharacterSystem\web\photos\mp_m_freemode_01-torso_1-40.webp	1982
C:\admirales\script_ver\script_ver\quarantine\under-review\17mov_CharacterSystem\web\photos\mp_m_freemode_01-torso_1-400.webp	2918
C:\admirales\script_ver\script_ver\quarantine\under-review\17mov_CharacterSystem\web\photos\mp_m_freemode_01-torso_1-401.webp	3624
C:\admirales\script_ver\script_ver\quarantine\under-review\17mov_CharacterSystem\web\photos\mp_m_freemode_01-torso_1-402.webp	3170
C:\admirales\script_ver\script_ver\quarantine\under-review\17mov_CharacterSystem\web\photos\mp_m_freemode_01-torso_1-403.webp	3168
C:\admirales\script_ver\script_ver\quarantine\under-review\17mov_CharacterSystem\web\photos\mp_m_freemode_01-torso_1-404.webp	1748
C:\admirales\script_ver\script_ver\quarantine\under-review\17mov_CharacterSystem\web\photos\mp_m_freemode_01-torso_1-405.webp	4724
C:\admirales\script_ver\script_ver\quarantine\under-review\17mov_CharacterSystem\web\photos\mp_m_freemode_01-torso_1-406.webp	5226
C:\admirales\script_ver\script_ver\quarantine\under-review\17mov_CharacterSystem\web\photos\mp_m_freemode_01-torso_1-407.webp	4768
C:\admirales\script_ver\script_ver\quarantine\under-review\17mov_CharacterSystem\web\photos\mp_m_freemode_01-torso_1-408.webp	4520
C:\admirales\script_ver\script_ver\quarantine\under-review\17mov_CharacterSystem\web\photos\mp_m_freemode_01-torso_1-409.webp	4192
C:\admirales\script_ver\script_ver\quarantine\under-review\17mov_CharacterSystem\web\photos\mp_m_freemode_01-torso_1-41.webp	5484
C:\admirales\script_ver\script_ver\quarantine\under-review\17mov_CharacterSystem\web\photos\mp_m_freemode_01-torso_1-410.webp	2698
C:\admirales\script_ver\script_ver\quarantine\under-review\17mov_CharacterSystem\web\photos\mp_m_freemode_01-torso_1-411.webp	5756
C:\admirales\script_ver\script_ver\quarantine\under-review\17mov_CharacterSystem\web\photos\mp_m_freemode_01-torso_1-412.webp	4130
C:\admirales\script_ver\script_ver\quarantine\under-review\17mov_CharacterSystem\web\photos\mp_m_freemode_01-torso_1-413.webp	2240
C:\admirales\script_ver\script_ver\quarantine\under-review\17mov_CharacterSystem\web\photos\mp_m_freemode_01-torso_1-414.webp	2382
C:\admirales\script_ver\script_ver\quarantine\under-review\17mov_CharacterSystem\web\photos\mp_m_freemode_01-torso_1-415.webp	2470
C:\admirales\script_ver\script_ver\quarantine\under-review\17mov_CharacterSystem\web\photos\mp_m_freemode_01-torso_1-416.webp	3840
C:\admirales\script_ver\script_ver\quarantine\under-review\17mov_CharacterSystem\web\photos\mp_m_freemode_01-torso_1-417.webp	2738
C:\admirales\script_ver\script_ver\quarantine\under-review\17mov_CharacterSystem\web\photos\mp_m_freemode_01-torso_1-418.webp	3056
C:\admirales\script_ver\script_ver\quarantine\under-review\17mov_CharacterSystem\web\photos\mp_m_freemode_01-torso_1-419.webp	1822
C:\admirales\script_ver\script_ver\quarantine\under-review\17mov_CharacterSystem\web\photos\mp_m_freemode_01-torso_1-42.webp	3260
C:\admirales\script_ver\script_ver\quarantine\under-review\17mov_CharacterSystem\web\photos\mp_m_freemode_01-torso_1-420.webp	4412
C:\admirales\script_ver\script_ver\quarantine\under-review\17mov_CharacterSystem\web\photos\mp_m_freemode_01-torso_1-421.webp	3400
C:\admirales\script_ver\script_ver\quarantine\under-review\17mov_CharacterSystem\web\photos\mp_m_freemode_01-torso_1-422.webp	3282
C:\admirales\script_ver\script_ver\quarantine\under-review\17mov_CharacterSystem\web\photos\mp_m_freemode_01-torso_1-423.webp	6916
C:\admirales\script_ver\script_ver\quarantine\under-review\17mov_CharacterSystem\web\photos\mp_m_freemode_01-torso_1-424.webp	2540
C:\admirales\script_ver\script_ver\quarantine\under-review\17mov_CharacterSystem\web\photos\mp_m_freemode_01-torso_1-425.webp	3248
C:\admirales\script_ver\script_ver\quarantine\under-review\17mov_CharacterSystem\web\photos\mp_m_freemode_01-torso_1-426.webp	3204
C:\admirales\script_ver\script_ver\quarantine\under-review\17mov_CharacterSystem\web\photos\mp_m_freemode_01-torso_1-427.webp	3198
C:\admirales\script_ver\script_ver\quarantine\under-review\17mov_CharacterSystem\web\photos\mp_m_freemode_01-torso_1-428.webp	4490
C:\admirales\script_ver\script_ver\quarantine\under-review\17mov_CharacterSystem\web\photos\mp_m_freemode_01-torso_1-429.webp	5290
C:\admirales\script_ver\script_ver\quarantine\under-review\17mov_CharacterSystem\web\photos\mp_m_freemode_01-torso_1-43.webp	3224
C:\admirales\script_ver\script_ver\quarantine\under-review\17mov_CharacterSystem\web\photos\mp_m_freemode_01-torso_1-430.webp	2132
C:\admirales\script_ver\script_ver\quarantine\under-review\17mov_CharacterSystem\web\photos\mp_m_freemode_01-torso_1-431.webp	2592
C:\admirales\script_ver\script_ver\quarantine\under-review\17mov_CharacterSystem\web\photos\mp_m_freemode_01-torso_1-432.webp	4184
C:\admirales\script_ver\script_ver\quarantine\under-review\17mov_CharacterSystem\web\photos\mp_m_freemode_01-torso_1-433.webp	3860
C:\admirales\script_ver\script_ver\quarantine\under-review\17mov_CharacterSystem\web\photos\mp_m_freemode_01-torso_1-434.webp	3826
C:\admirales\script_ver\script_ver\quarantine\under-review\17mov_CharacterSystem\web\photos\mp_m_freemode_01-torso_1-435.webp	5732
C:\admirales\script_ver\script_ver\quarantine\under-review\17mov_CharacterSystem\web\photos\mp_m_freemode_01-torso_1-436.webp	4600
C:\admirales\script_ver\script_ver\quarantine\under-review\17mov_CharacterSystem\web\photos\mp_m_freemode_01-torso_1-437.webp	4438
C:\admirales\script_ver\script_ver\quarantine\under-review\17mov_CharacterSystem\web\photos\mp_m_freemode_01-torso_1-438.webp	3374
C:\admirales\script_ver\script_ver\quarantine\under-review\17mov_CharacterSystem\web\photos\mp_m_freemode_01-torso_1-439.webp	5598
C:\admirales\script_ver\script_ver\quarantine\under-review\17mov_CharacterSystem\web\photos\mp_m_freemode_01-torso_1-44.webp	2716
C:\admirales\script_ver\script_ver\quarantine\under-review\17mov_CharacterSystem\web\photos\mp_m_freemode_01-torso_1-440.webp	4522
C:\admirales\script_ver\script_ver\quarantine\under-review\17mov_CharacterSystem\web\photos\mp_m_freemode_01-torso_1-441.webp	3230
C:\admirales\script_ver\script_ver\quarantine\under-review\17mov_CharacterSystem\web\photos\mp_m_freemode_01-torso_1-442.webp	4314
C:\admirales\script_ver\script_ver\quarantine\under-review\17mov_CharacterSystem\web\photos\mp_m_freemode_01-torso_1-443.webp	6458
C:\admirales\script_ver\script_ver\quarantine\under-review\17mov_CharacterSystem\web\photos\mp_m_freemode_01-torso_1-444.webp	3662
C:\admirales\script_ver\script_ver\quarantine\under-review\17mov_CharacterSystem\web\photos\mp_m_freemode_01-torso_1-445.webp	790
C:\admirales\script_ver\script_ver\quarantine\under-review\17mov_CharacterSystem\web\photos\mp_m_freemode_01-torso_1-446.webp	790
C:\admirales\script_ver\script_ver\quarantine\under-review\17mov_CharacterSystem\web\photos\mp_m_freemode_01-torso_1-447.webp	790
C:\admirales\script_ver\script_ver\quarantine\under-review\17mov_CharacterSystem\web\photos\mp_m_freemode_01-torso_1-448.webp	790
C:\admirales\script_ver\script_ver\quarantine\under-review\17mov_CharacterSystem\web\photos\mp_m_freemode_01-torso_1-449.webp	790
C:\admirales\script_ver\script_ver\quarantine\under-review\17mov_CharacterSystem\web\photos\mp_m_freemode_01-torso_1-45.webp	3000
C:\admirales\script_ver\script_ver\quarantine\under-review\17mov_CharacterSystem\web\photos\mp_m_freemode_01-torso_1-450.webp	4004
C:\admirales\script_ver\script_ver\quarantine\under-review\17mov_CharacterSystem\web\photos\mp_m_freemode_01-torso_1-451.webp	4050
C:\admirales\script_ver\script_ver\quarantine\under-review\17mov_CharacterSystem\web\photos\mp_m_freemode_01-torso_1-452.webp	790
C:\admirales\script_ver\script_ver\quarantine\under-review\17mov_CharacterSystem\web\photos\mp_m_freemode_01-torso_1-453.webp	790
C:\admirales\script_ver\script_ver\quarantine\under-review\17mov_CharacterSystem\web\photos\mp_m_freemode_01-torso_1-454.webp	790
C:\admirales\script_ver\script_ver\quarantine\under-review\17mov_CharacterSystem\web\photos\mp_m_freemode_01-torso_1-455.webp	3582
C:\admirales\script_ver\script_ver\quarantine\under-review\17mov_CharacterSystem\web\photos\mp_m_freemode_01-torso_1-456.webp	790
C:\admirales\script_ver\script_ver\quarantine\under-review\17mov_CharacterSystem\web\photos\mp_m_freemode_01-torso_1-457.webp	790
C:\admirales\script_ver\script_ver\quarantine\under-review\17mov_CharacterSystem\web\photos\mp_m_freemode_01-torso_1-458.webp	790
C:\admirales\script_ver\script_ver\quarantine\under-review\17mov_CharacterSystem\web\photos\mp_m_freemode_01-torso_1-459.webp	790
C:\admirales\script_ver\script_ver\quarantine\under-review\17mov_CharacterSystem\web\photos\mp_m_freemode_01-torso_1-46.webp	4040
C:\admirales\script_ver\script_ver\quarantine\under-review\17mov_CharacterSystem\web\photos\mp_m_freemode_01-torso_1-460.webp	790
C:\admirales\script_ver\script_ver\quarantine\under-review\17mov_CharacterSystem\web\photos\mp_m_freemode_01-torso_1-461.webp	1692
C:\admirales\script_ver\script_ver\quarantine\under-review\17mov_CharacterSystem\web\photos\mp_m_freemode_01-torso_1-462.webp	790
C:\admirales\script_ver\script_ver\quarantine\under-review\17mov_CharacterSystem\web\photos\mp_m_freemode_01-torso_1-463.webp	3786
C:\admirales\script_ver\script_ver\quarantine\under-review\17mov_CharacterSystem\web\photos\mp_m_freemode_01-torso_1-464.webp	3012
C:\admirales\script_ver\script_ver\quarantine\under-review\17mov_CharacterSystem\web\photos\mp_m_freemode_01-torso_1-465.webp	790
C:\admirales\script_ver\script_ver\quarantine\under-review\17mov_CharacterSystem\web\photos\mp_m_freemode_01-torso_1-466.webp	790
C:\admirales\script_ver\script_ver\quarantine\under-review\17mov_CharacterSystem\web\photos\mp_m_freemode_01-torso_1-467.webp	4960
C:\admirales\script_ver\script_ver\quarantine\under-review\17mov_CharacterSystem\web\photos\mp_m_freemode_01-torso_1-468.webp	790
C:\admirales\script_ver\script_ver\quarantine\under-review\17mov_CharacterSystem\web\photos\mp_m_freemode_01-torso_1-469.webp	790
C:\admirales\script_ver\script_ver\quarantine\under-review\17mov_CharacterSystem\web\photos\mp_m_freemode_01-torso_1-47.webp	2262
C:\admirales\script_ver\script_ver\quarantine\under-review\17mov_CharacterSystem\web\photos\mp_m_freemode_01-torso_1-470.webp	790
C:\admirales\script_ver\script_ver\quarantine\under-review\17mov_CharacterSystem\web\photos\mp_m_freemode_01-torso_1-471.webp	790
C:\admirales\script_ver\script_ver\quarantine\under-review\17mov_CharacterSystem\web\photos\mp_m_freemode_01-torso_1-472.webp	2108
C:\admirales\script_ver\script_ver\quarantine\under-review\17mov_CharacterSystem\web\photos\mp_m_freemode_01-torso_1-473.webp	5908
C:\admirales\script_ver\script_ver\quarantine\under-review\17mov_CharacterSystem\web\photos\mp_m_freemode_01-torso_1-474.webp	790
C:\admirales\script_ver\script_ver\quarantine\under-review\17mov_CharacterSystem\web\photos\mp_m_freemode_01-torso_1-475.webp	790
C:\admirales\script_ver\script_ver\quarantine\under-review\17mov_CharacterSystem\web\photos\mp_m_freemode_01-torso_1-476.webp	790
C:\admirales\script_ver\script_ver\quarantine\under-review\17mov_CharacterSystem\web\photos\mp_m_freemode_01-torso_1-477.webp	2458
C:\admirales\script_ver\script_ver\quarantine\under-review\17mov_CharacterSystem\web\photos\mp_m_freemode_01-torso_1-478.webp	790
C:\admirales\script_ver\script_ver\quarantine\under-review\17mov_CharacterSystem\web\photos\mp_m_freemode_01-torso_1-479.webp	3950
C:\admirales\script_ver\script_ver\quarantine\under-review\17mov_CharacterSystem\web\photos\mp_m_freemode_01-torso_1-48.webp	4096
C:\admirales\script_ver\script_ver\quarantine\under-review\17mov_CharacterSystem\web\photos\mp_m_freemode_01-torso_1-480.webp	4076
C:\admirales\script_ver\script_ver\quarantine\under-review\17mov_CharacterSystem\web\photos\mp_m_freemode_01-torso_1-481.webp	4328
C:\admirales\script_ver\script_ver\quarantine\under-review\17mov_CharacterSystem\web\photos\mp_m_freemode_01-torso_1-482.webp	792
C:\admirales\script_ver\script_ver\quarantine\under-review\17mov_CharacterSystem\web\photos\mp_m_freemode_01-torso_1-483.webp	790
C:\admirales\script_ver\script_ver\quarantine\under-review\17mov_CharacterSystem\web\photos\mp_m_freemode_01-torso_1-484.webp	790
C:\admirales\script_ver\script_ver\quarantine\under-review\17mov_CharacterSystem\web\photos\mp_m_freemode_01-torso_1-485.webp	5518
C:\admirales\script_ver\script_ver\quarantine\under-review\17mov_CharacterSystem\web\photos\mp_m_freemode_01-torso_1-486.webp	2860
C:\admirales\script_ver\script_ver\quarantine\under-review\17mov_CharacterSystem\web\photos\mp_m_freemode_01-torso_1-487.webp	792
C:\admirales\script_ver\script_ver\quarantine\under-review\17mov_CharacterSystem\web\photos\mp_m_freemode_01-torso_1-488.webp	790
C:\admirales\script_ver\script_ver\quarantine\under-review\17mov_CharacterSystem\web\photos\mp_m_freemode_01-torso_1-489.webp	792
C:\admirales\script_ver\script_ver\quarantine\under-review\17mov_CharacterSystem\web\photos\mp_m_freemode_01-torso_1-49.webp	2542
C:\admirales\script_ver\script_ver\quarantine\under-review\17mov_CharacterSystem\web\photos\mp_m_freemode_01-torso_1-490.webp	3806
C:\admirales\script_ver\script_ver\quarantine\under-review\17mov_CharacterSystem\web\photos\mp_m_freemode_01-torso_1-491.webp	3506
C:\admirales\script_ver\script_ver\quarantine\under-review\17mov_CharacterSystem\web\photos\mp_m_freemode_01-torso_1-492.webp	2280
C:\admirales\script_ver\script_ver\quarantine\under-review\17mov_CharacterSystem\web\photos\mp_m_freemode_01-torso_1-493.webp	790
C:\admirales\script_ver\script_ver\quarantine\under-review\17mov_CharacterSystem\web\photos\mp_m_freemode_01-torso_1-494.webp	790
C:\admirales\script_ver\script_ver\quarantine\under-review\17mov_CharacterSystem\web\photos\mp_m_freemode_01-torso_1-495.webp	3630
C:\admirales\script_ver\script_ver\quarantine\under-review\17mov_CharacterSystem\web\photos\mp_m_freemode_01-torso_1-496.webp	3302
C:\admirales\script_ver\script_ver\quarantine\under-review\17mov_CharacterSystem\web\photos\mp_m_freemode_01-torso_1-497.webp	4924
C:\admirales\script_ver\script_ver\quarantine\under-review\17mov_CharacterSystem\web\photos\mp_m_freemode_01-torso_1-498.webp	2744
C:\admirales\script_ver\script_ver\quarantine\under-review\17mov_CharacterSystem\web\photos\mp_m_freemode_01-torso_1-499.webp	2746
C:\admirales\script_ver\script_ver\quarantine\under-review\17mov_CharacterSystem\web\photos\mp_m_freemode_01-torso_1-5.webp	1616
C:\admirales\script_ver\script_ver\quarantine\under-review\17mov_CharacterSystem\web\photos\mp_m_freemode_01-torso_1-50.webp	2326
C:\admirales\script_ver\script_ver\quarantine\under-review\17mov_CharacterSystem\web\photos\mp_m_freemode_01-torso_1-500.webp	790
C:\admirales\script_ver\script_ver\quarantine\under-review\17mov_CharacterSystem\web\photos\mp_m_freemode_01-torso_1-501.webp	1440
C:\admirales\script_ver\script_ver\quarantine\under-review\17mov_CharacterSystem\web\photos\mp_m_freemode_01-torso_1-502.webp	1894
C:\admirales\script_ver\script_ver\quarantine\under-review\17mov_CharacterSystem\web\photos\mp_m_freemode_01-torso_1-503.webp	792
C:\admirales\script_ver\script_ver\quarantine\under-review\17mov_CharacterSystem\web\photos\mp_m_freemode_01-torso_1-504.webp	792
C:\admirales\script_ver\script_ver\quarantine\under-review\17mov_CharacterSystem\web\photos\mp_m_freemode_01-torso_1-505.webp	790
C:\admirales\script_ver\script_ver\quarantine\under-review\17mov_CharacterSystem\web\photos\mp_m_freemode_01-torso_1-506.webp	790
C:\admirales\script_ver\script_ver\quarantine\under-review\17mov_CharacterSystem\web\photos\mp_m_freemode_01-torso_1-507.webp	4004
C:\admirales\script_ver\script_ver\quarantine\under-review\17mov_CharacterSystem\web\photos\mp_m_freemode_01-torso_1-508.webp	3696
C:\admirales\script_ver\script_ver\quarantine\under-review\17mov_CharacterSystem\web\photos\mp_m_freemode_01-torso_1-509.webp	790
C:\admirales\script_ver\script_ver\quarantine\under-review\17mov_CharacterSystem\web\photos\mp_m_freemode_01-torso_1-51.webp	4472
C:\admirales\script_ver\script_ver\quarantine\under-review\17mov_CharacterSystem\web\photos\mp_m_freemode_01-torso_1-510.webp	792
C:\admirales\script_ver\script_ver\quarantine\under-review\17mov_CharacterSystem\web\photos\mp_m_freemode_01-torso_1-511.webp	790
C:\admirales\script_ver\script_ver\quarantine\under-review\17mov_CharacterSystem\web\photos\mp_m_freemode_01-torso_1-512.webp	4508
C:\admirales\script_ver\script_ver\quarantine\under-review\17mov_CharacterSystem\web\photos\mp_m_freemode_01-torso_1-513.webp	790
C:\admirales\script_ver\script_ver\quarantine\under-review\17mov_CharacterSystem\web\photos\mp_m_freemode_01-torso_1-514.webp	4044
C:\admirales\script_ver\script_ver\quarantine\under-review\17mov_CharacterSystem\web\photos\mp_m_freemode_01-torso_1-515.webp	5216
C:\admirales\script_ver\script_ver\quarantine\under-review\17mov_CharacterSystem\web\photos\mp_m_freemode_01-torso_1-516.webp	790
C:\admirales\script_ver\script_ver\quarantine\under-review\17mov_CharacterSystem\web\photos\mp_m_freemode_01-torso_1-517.webp	3850
C:\admirales\script_ver\script_ver\quarantine\under-review\17mov_CharacterSystem\web\photos\mp_m_freemode_01-torso_1-518.webp	790
C:\admirales\script_ver\script_ver\quarantine\under-review\17mov_CharacterSystem\web\photos\mp_m_freemode_01-torso_1-519.webp	3916
C:\admirales\script_ver\script_ver\quarantine\under-review\17mov_CharacterSystem\web\photos\mp_m_freemode_01-torso_1-52.webp	3738
C:\admirales\script_ver\script_ver\quarantine\under-review\17mov_CharacterSystem\web\photos\mp_m_freemode_01-torso_1-520.webp	4070
C:\admirales\script_ver\script_ver\quarantine\under-review\17mov_CharacterSystem\web\photos\mp_m_freemode_01-torso_1-521.webp	3240
C:\admirales\script_ver\script_ver\quarantine\under-review\17mov_CharacterSystem\web\photos\mp_m_freemode_01-torso_1-522.webp	6358
C:\admirales\script_ver\script_ver\quarantine\under-review\17mov_CharacterSystem\web\photos\mp_m_freemode_01-torso_1-523.webp	3218
C:\admirales\script_ver\script_ver\quarantine\under-review\17mov_CharacterSystem\web\photos\mp_m_freemode_01-torso_1-524.webp	790
C:\admirales\script_ver\script_ver\quarantine\under-review\17mov_CharacterSystem\web\photos\mp_m_freemode_01-torso_1-53.webp	2608
C:\admirales\script_ver\script_ver\quarantine\under-review\17mov_CharacterSystem\web\photos\mp_m_freemode_01-torso_1-54.webp	3214
C:\admirales\script_ver\script_ver\quarantine\under-review\17mov_CharacterSystem\web\photos\mp_m_freemode_01-torso_1-55.webp	1896
C:\admirales\script_ver\script_ver\quarantine\under-review\17mov_CharacterSystem\web\photos\mp_m_freemode_01-torso_1-56.webp	2734
C:\admirales\script_ver\script_ver\quarantine\under-review\17mov_CharacterSystem\web\photos\mp_m_freemode_01-torso_1-57.webp	3972
C:\admirales\script_ver\script_ver\quarantine\under-review\17mov_CharacterSystem\web\photos\mp_m_freemode_01-torso_1-58.webp	2630
C:\admirales\script_ver\script_ver\quarantine\under-review\17mov_CharacterSystem\web\photos\mp_m_freemode_01-torso_1-59.webp	4196
C:\admirales\script_ver\script_ver\quarantine\under-review\17mov_CharacterSystem\web\photos\mp_m_freemode_01-torso_1-6.webp	3350
C:\admirales\script_ver\script_ver\quarantine\under-review\17mov_CharacterSystem\web\photos\mp_m_freemode_01-torso_1-60.webp	3728
C:\admirales\script_ver\script_ver\quarantine\under-review\17mov_CharacterSystem\web\photos\mp_m_freemode_01-torso_1-61.webp	3986
C:\admirales\script_ver\script_ver\quarantine\under-review\17mov_CharacterSystem\web\photos\mp_m_freemode_01-torso_1-62.webp	3340
C:\admirales\script_ver\script_ver\quarantine\under-review\17mov_CharacterSystem\web\photos\mp_m_freemode_01-torso_1-63.webp	1948
C:\admirales\script_ver\script_ver\quarantine\under-review\17mov_CharacterSystem\web\photos\mp_m_freemode_01-torso_1-64.webp	2942
C:\admirales\script_ver\script_ver\quarantine\under-review\17mov_CharacterSystem\web\photos\mp_m_freemode_01-torso_1-65.webp	2892
C:\admirales\script_ver\script_ver\quarantine\under-review\17mov_CharacterSystem\web\photos\mp_m_freemode_01-torso_1-66.webp	2974
C:\admirales\script_ver\script_ver\quarantine\under-review\17mov_CharacterSystem\web\photos\mp_m_freemode_01-torso_1-67.webp	4388
C:\admirales\script_ver\script_ver\quarantine\under-review\17mov_CharacterSystem\web\photos\mp_m_freemode_01-torso_1-68.webp	2848
C:\admirales\script_ver\script_ver\quarantine\under-review\17mov_CharacterSystem\web\photos\mp_m_freemode_01-torso_1-69.webp	2882
C:\admirales\script_ver\script_ver\quarantine\under-review\17mov_CharacterSystem\web\photos\mp_m_freemode_01-torso_1-7.webp	3690
C:\admirales\script_ver\script_ver\quarantine\under-review\17mov_CharacterSystem\web\photos\mp_m_freemode_01-torso_1-70.webp	4596
C:\admirales\script_ver\script_ver\quarantine\under-review\17mov_CharacterSystem\web\photos\mp_m_freemode_01-torso_1-71.webp	2892
C:\admirales\script_ver\script_ver\quarantine\under-review\17mov_CharacterSystem\web\photos\mp_m_freemode_01-torso_1-72.webp	3872
C:\admirales\script_ver\script_ver\quarantine\under-review\17mov_CharacterSystem\web\photos\mp_m_freemode_01-torso_1-73.webp	3204
C:\admirales\script_ver\script_ver\quarantine\under-review\17mov_CharacterSystem\web\photos\mp_m_freemode_01-torso_1-74.webp	4466
C:\admirales\script_ver\script_ver\quarantine\under-review\17mov_CharacterSystem\web\photos\mp_m_freemode_01-torso_1-75.webp	4604
C:\admirales\script_ver\script_ver\quarantine\under-review\17mov_CharacterSystem\web\photos\mp_m_freemode_01-torso_1-76.webp	4360
C:\admirales\script_ver\script_ver\quarantine\under-review\17mov_CharacterSystem\web\photos\mp_m_freemode_01-torso_1-77.webp	3994
C:\admirales\script_ver\script_ver\quarantine\under-review\17mov_CharacterSystem\web\photos\mp_m_freemode_01-torso_1-78.webp	7004
C:\admirales\script_ver\script_ver\quarantine\under-review\17mov_CharacterSystem\web\photos\mp_m_freemode_01-torso_1-79.webp	4670
C:\admirales\script_ver\script_ver\quarantine\under-review\17mov_CharacterSystem\web\photos\mp_m_freemode_01-torso_1-8.webp	2880
C:\admirales\script_ver\script_ver\quarantine\under-review\17mov_CharacterSystem\web\photos\mp_m_freemode_01-torso_1-80.webp	2266
C:\admirales\script_ver\script_ver\quarantine\under-review\17mov_CharacterSystem\web\photos\mp_m_freemode_01-torso_1-81.webp	2150
C:\admirales\script_ver\script_ver\quarantine\under-review\17mov_CharacterSystem\web\photos\mp_m_freemode_01-torso_1-82.webp	2424
C:\admirales\script_ver\script_ver\quarantine\under-review\17mov_CharacterSystem\web\photos\mp_m_freemode_01-torso_1-83.webp	3144
C:\admirales\script_ver\script_ver\quarantine\under-review\17mov_CharacterSystem\web\photos\mp_m_freemode_01-torso_1-84.webp	5244
C:\admirales\script_ver\script_ver\quarantine\under-review\17mov_CharacterSystem\web\photos\mp_m_freemode_01-torso_1-85.webp	3766
C:\admirales\script_ver\script_ver\quarantine\under-review\17mov_CharacterSystem\web\photos\mp_m_freemode_01-torso_1-86.webp	3384
C:\admirales\script_ver\script_ver\quarantine\under-review\17mov_CharacterSystem\web\photos\mp_m_freemode_01-torso_1-87.webp	4674
C:\admirales\script_ver\script_ver\quarantine\under-review\17mov_CharacterSystem\web\photos\mp_m_freemode_01-torso_1-88.webp	4288
C:\admirales\script_ver\script_ver\quarantine\under-review\17mov_CharacterSystem\web\photos\mp_m_freemode_01-torso_1-89.webp	2830
C:\admirales\script_ver\script_ver\quarantine\under-review\17mov_CharacterSystem\web\photos\mp_m_freemode_01-torso_1-9.webp	2970
C:\admirales\script_ver\script_ver\quarantine\under-review\17mov_CharacterSystem\web\photos\mp_m_freemode_01-torso_1-90.webp	3922
C:\admirales\script_ver\script_ver\quarantine\under-review\17mov_CharacterSystem\web\photos\mp_m_freemode_01-torso_1-91.webp	854
C:\admirales\script_ver\script_ver\quarantine\under-review\17mov_CharacterSystem\web\photos\mp_m_freemode_01-torso_1-92.webp	2676
C:\admirales\script_ver\script_ver\quarantine\under-review\17mov_CharacterSystem\web\photos\mp_m_freemode_01-torso_1-93.webp	2272
C:\admirales\script_ver\script_ver\quarantine\under-review\17mov_CharacterSystem\web\photos\mp_m_freemode_01-torso_1-94.webp	2160
C:\admirales\script_ver\script_ver\quarantine\under-review\17mov_CharacterSystem\web\photos\mp_m_freemode_01-torso_1-95.webp	2824
C:\admirales\script_ver\script_ver\quarantine\under-review\17mov_CharacterSystem\web\photos\mp_m_freemode_01-torso_1-96.webp	4584
C:\admirales\script_ver\script_ver\quarantine\under-review\17mov_CharacterSystem\web\photos\mp_m_freemode_01-torso_1-97.webp	2548
C:\admirales\script_ver\script_ver\quarantine\under-review\17mov_CharacterSystem\web\photos\mp_m_freemode_01-torso_1-98.webp	3384
C:\admirales\script_ver\script_ver\quarantine\under-review\17mov_CharacterSystem\web\photos\mp_m_freemode_01-torso_1-99.webp	3806
C:\admirales\script_ver\script_ver\quarantine\under-review\17mov_CharacterSystem\web\photos\mp_m_freemode_01-tshirt_1-0.webp	2210
C:\admirales\script_ver\script_ver\quarantine\under-review\17mov_CharacterSystem\web\photos\mp_m_freemode_01-tshirt_1-1.webp	1866
C:\admirales\script_ver\script_ver\quarantine\under-review\17mov_CharacterSystem\web\photos\mp_m_freemode_01-tshirt_1-10.webp	2294
C:\admirales\script_ver\script_ver\quarantine\under-review\17mov_CharacterSystem\web\photos\mp_m_freemode_01-tshirt_1-100.webp	3738
C:\admirales\script_ver\script_ver\quarantine\under-review\17mov_CharacterSystem\web\photos\mp_m_freemode_01-tshirt_1-101.webp	4246
C:\admirales\script_ver\script_ver\quarantine\under-review\17mov_CharacterSystem\web\photos\mp_m_freemode_01-tshirt_1-102.webp	2722
C:\admirales\script_ver\script_ver\quarantine\under-review\17mov_CharacterSystem\web\photos\mp_m_freemode_01-tshirt_1-103.webp	2458
C:\admirales\script_ver\script_ver\quarantine\under-review\17mov_CharacterSystem\web\photos\mp_m_freemode_01-tshirt_1-104.webp	2294
C:\admirales\script_ver\script_ver\quarantine\under-review\17mov_CharacterSystem\web\photos\mp_m_freemode_01-tshirt_1-105.webp	2056
C:\admirales\script_ver\script_ver\quarantine\under-review\17mov_CharacterSystem\web\photos\mp_m_freemode_01-tshirt_1-106.webp	1670
C:\admirales\script_ver\script_ver\quarantine\under-review\17mov_CharacterSystem\web\photos\mp_m_freemode_01-tshirt_1-107.webp	1414
C:\admirales\script_ver\script_ver\quarantine\under-review\17mov_CharacterSystem\web\photos\mp_m_freemode_01-tshirt_1-108.webp	2300
C:\admirales\script_ver\script_ver\quarantine\under-review\17mov_CharacterSystem\web\photos\mp_m_freemode_01-tshirt_1-109.webp	2740
C:\admirales\script_ver\script_ver\quarantine\under-review\17mov_CharacterSystem\web\photos\mp_m_freemode_01-tshirt_1-11.webp	2332
C:\admirales\script_ver\script_ver\quarantine\under-review\17mov_CharacterSystem\web\photos\mp_m_freemode_01-tshirt_1-110.webp	2586
C:\admirales\script_ver\script_ver\quarantine\under-review\17mov_CharacterSystem\web\photos\mp_m_freemode_01-tshirt_1-111.webp	1658
C:\admirales\script_ver\script_ver\quarantine\under-review\17mov_CharacterSystem\web\photos\mp_m_freemode_01-tshirt_1-112.webp	2736
C:\admirales\script_ver\script_ver\quarantine\under-review\17mov_CharacterSystem\web\photos\mp_m_freemode_01-tshirt_1-113.webp	3182
C:\admirales\script_ver\script_ver\quarantine\under-review\17mov_CharacterSystem\web\photos\mp_m_freemode_01-tshirt_1-114.webp	2174
C:\admirales\script_ver\script_ver\quarantine\under-review\17mov_CharacterSystem\web\photos\mp_m_freemode_01-tshirt_1-115.webp	1966
C:\admirales\script_ver\script_ver\quarantine\under-review\17mov_CharacterSystem\web\photos\mp_m_freemode_01-tshirt_1-116.webp	1376
C:\admirales\script_ver\script_ver\quarantine\under-review\17mov_CharacterSystem\web\photos\mp_m_freemode_01-tshirt_1-117.webp	5252
C:\admirales\script_ver\script_ver\quarantine\under-review\17mov_CharacterSystem\web\photos\mp_m_freemode_01-tshirt_1-118.webp	4224
C:\admirales\script_ver\script_ver\quarantine\under-review\17mov_CharacterSystem\web\photos\mp_m_freemode_01-tshirt_1-119.webp	3462
C:\admirales\script_ver\script_ver\quarantine\under-review\17mov_CharacterSystem\web\photos\mp_m_freemode_01-tshirt_1-12.webp	2604
C:\admirales\script_ver\script_ver\quarantine\under-review\17mov_CharacterSystem\web\photos\mp_m_freemode_01-tshirt_1-120.webp	4310
C:\admirales\script_ver\script_ver\quarantine\under-review\17mov_CharacterSystem\web\photos\mp_m_freemode_01-tshirt_1-121.webp	2748
C:\admirales\script_ver\script_ver\quarantine\under-review\17mov_CharacterSystem\web\photos\mp_m_freemode_01-tshirt_1-122.webp	1916
C:\admirales\script_ver\script_ver\quarantine\under-review\17mov_CharacterSystem\web\photos\mp_m_freemode_01-tshirt_1-123.webp	3548
C:\admirales\script_ver\script_ver\quarantine\under-review\17mov_CharacterSystem\web\photos\mp_m_freemode_01-tshirt_1-124.webp	2530
C:\admirales\script_ver\script_ver\quarantine\under-review\17mov_CharacterSystem\web\photos\mp_m_freemode_01-tshirt_1-125.webp	2548
C:\admirales\script_ver\script_ver\quarantine\under-review\17mov_CharacterSystem\web\photos\mp_m_freemode_01-tshirt_1-126.webp	2460
C:\admirales\script_ver\script_ver\quarantine\under-review\17mov_CharacterSystem\web\photos\mp_m_freemode_01-tshirt_1-127.webp	2804
C:\admirales\script_ver\script_ver\quarantine\under-review\17mov_CharacterSystem\web\photos\mp_m_freemode_01-tshirt_1-128.webp	3612
C:\admirales\script_ver\script_ver\quarantine\under-review\17mov_CharacterSystem\web\photos\mp_m_freemode_01-tshirt_1-129.webp	2026
C:\admirales\script_ver\script_ver\quarantine\under-review\17mov_CharacterSystem\web\photos\mp_m_freemode_01-tshirt_1-13.webp	2314
C:\admirales\script_ver\script_ver\quarantine\under-review\17mov_CharacterSystem\web\photos\mp_m_freemode_01-tshirt_1-130.webp	1238
C:\admirales\script_ver\script_ver\quarantine\under-review\17mov_CharacterSystem\web\photos\mp_m_freemode_01-tshirt_1-131.webp	2136
C:\admirales\script_ver\script_ver\quarantine\under-review\17mov_CharacterSystem\web\photos\mp_m_freemode_01-tshirt_1-132.webp	2648
C:\admirales\script_ver\script_ver\quarantine\under-review\17mov_CharacterSystem\web\photos\mp_m_freemode_01-tshirt_1-133.webp	2998
C:\admirales\script_ver\script_ver\quarantine\under-review\17mov_CharacterSystem\web\photos\mp_m_freemode_01-tshirt_1-134.webp	2210
C:\admirales\script_ver\script_ver\quarantine\under-review\17mov_CharacterSystem\web\photos\mp_m_freemode_01-tshirt_1-135.webp	1866
C:\admirales\script_ver\script_ver\quarantine\under-review\17mov_CharacterSystem\web\photos\mp_m_freemode_01-tshirt_1-136.webp	1312
C:\admirales\script_ver\script_ver\quarantine\under-review\17mov_CharacterSystem\web\photos\mp_m_freemode_01-tshirt_1-137.webp	2188
C:\admirales\script_ver\script_ver\quarantine\under-review\17mov_CharacterSystem\web\photos\mp_m_freemode_01-tshirt_1-138.webp	2834
C:\admirales\script_ver\script_ver\quarantine\under-review\17mov_CharacterSystem\web\photos\mp_m_freemode_01-tshirt_1-139.webp	3168
C:\admirales\script_ver\script_ver\quarantine\under-review\17mov_CharacterSystem\web\photos\mp_m_freemode_01-tshirt_1-14.webp	1308
C:\admirales\script_ver\script_ver\quarantine\under-review\17mov_CharacterSystem\web\photos\mp_m_freemode_01-tshirt_1-140.webp	2312
C:\admirales\script_ver\script_ver\quarantine\under-review\17mov_CharacterSystem\web\photos\mp_m_freemode_01-tshirt_1-141.webp	1948
C:\admirales\script_ver\script_ver\quarantine\under-review\17mov_CharacterSystem\web\photos\mp_m_freemode_01-tshirt_1-142.webp	1366
C:\admirales\script_ver\script_ver\quarantine\under-review\17mov_CharacterSystem\web\photos\mp_m_freemode_01-tshirt_1-143.webp	2102
C:\admirales\script_ver\script_ver\quarantine\under-review\17mov_CharacterSystem\web\photos\mp_m_freemode_01-tshirt_1-144.webp	2948
C:\admirales\script_ver\script_ver\quarantine\under-review\17mov_CharacterSystem\web\photos\mp_m_freemode_01-tshirt_1-145.webp	1732
C:\admirales\script_ver\script_ver\quarantine\under-review\17mov_CharacterSystem\web\photos\mp_m_freemode_01-tshirt_1-146.webp	1724
C:\admirales\script_ver\script_ver\quarantine\under-review\17mov_CharacterSystem\web\photos\mp_m_freemode_01-tshirt_1-147.webp	1530
C:\admirales\script_ver\script_ver\quarantine\under-review\17mov_CharacterSystem\web\photos\mp_m_freemode_01-tshirt_1-148.webp	1756
C:\admirales\script_ver\script_ver\quarantine\under-review\17mov_CharacterSystem\web\photos\mp_m_freemode_01-tshirt_1-149.webp	1586
C:\admirales\script_ver\script_ver\quarantine\under-review\17mov_CharacterSystem\web\photos\mp_m_freemode_01-tshirt_1-15.webp	790
C:\admirales\script_ver\script_ver\quarantine\under-review\17mov_CharacterSystem\web\photos\mp_m_freemode_01-tshirt_1-150.webp	1612
C:\admirales\script_ver\script_ver\quarantine\under-review\17mov_CharacterSystem\web\photos\mp_m_freemode_01-tshirt_1-151.webp	3370
C:\admirales\script_ver\script_ver\quarantine\under-review\17mov_CharacterSystem\web\photos\mp_m_freemode_01-tshirt_1-152.webp	2500
C:\admirales\script_ver\script_ver\quarantine\under-review\17mov_CharacterSystem\web\photos\mp_m_freemode_01-tshirt_1-153.webp	1760
C:\admirales\script_ver\script_ver\quarantine\under-review\17mov_CharacterSystem\web\photos\mp_m_freemode_01-tshirt_1-154.webp	1888
C:\admirales\script_ver\script_ver\quarantine\under-review\17mov_CharacterSystem\web\photos\mp_m_freemode_01-tshirt_1-155.webp	2234
C:\admirales\script_ver\script_ver\quarantine\under-review\17mov_CharacterSystem\web\photos\mp_m_freemode_01-tshirt_1-156.webp	2422
C:\admirales\script_ver\script_ver\quarantine\under-review\17mov_CharacterSystem\web\photos\mp_m_freemode_01-tshirt_1-157.webp	3158
C:\admirales\script_ver\script_ver\quarantine\under-review\17mov_CharacterSystem\web\photos\mp_m_freemode_01-tshirt_1-158.webp	3102
C:\admirales\script_ver\script_ver\quarantine\under-review\17mov_CharacterSystem\web\photos\mp_m_freemode_01-tshirt_1-159.webp	2144
C:\admirales\script_ver\script_ver\quarantine\under-review\17mov_CharacterSystem\web\photos\mp_m_freemode_01-tshirt_1-16.webp	1746
C:\admirales\script_ver\script_ver\quarantine\under-review\17mov_CharacterSystem\web\photos\mp_m_freemode_01-tshirt_1-160.webp	2048
C:\admirales\script_ver\script_ver\quarantine\under-review\17mov_CharacterSystem\web\photos\mp_m_freemode_01-tshirt_1-161.webp	1952
C:\admirales\script_ver\script_ver\quarantine\under-review\17mov_CharacterSystem\web\photos\mp_m_freemode_01-tshirt_1-162.webp	1930
C:\admirales\script_ver\script_ver\quarantine\under-review\17mov_CharacterSystem\web\photos\mp_m_freemode_01-tshirt_1-163.webp	2634
C:\admirales\script_ver\script_ver\quarantine\under-review\17mov_CharacterSystem\web\photos\mp_m_freemode_01-tshirt_1-164.webp	1720
C:\admirales\script_ver\script_ver\quarantine\under-review\17mov_CharacterSystem\web\photos\mp_m_freemode_01-tshirt_1-165.webp	3434
C:\admirales\script_ver\script_ver\quarantine\under-review\17mov_CharacterSystem\web\photos\mp_m_freemode_01-tshirt_1-166.webp	3350
C:\admirales\script_ver\script_ver\quarantine\under-review\17mov_CharacterSystem\web\photos\mp_m_freemode_01-tshirt_1-167.webp	2718
C:\admirales\script_ver\script_ver\quarantine\under-review\17mov_CharacterSystem\web\photos\mp_m_freemode_01-tshirt_1-168.webp	2154
C:\admirales\script_ver\script_ver\quarantine\under-review\17mov_CharacterSystem\web\photos\mp_m_freemode_01-tshirt_1-169.webp	1464
C:\admirales\script_ver\script_ver\quarantine\under-review\17mov_CharacterSystem\web\photos\mp_m_freemode_01-tshirt_1-17.webp	1860
C:\admirales\script_ver\script_ver\quarantine\under-review\17mov_CharacterSystem\web\photos\mp_m_freemode_01-tshirt_1-170.webp	2072
C:\admirales\script_ver\script_ver\quarantine\under-review\17mov_CharacterSystem\web\photos\mp_m_freemode_01-tshirt_1-171.webp	3838
C:\admirales\script_ver\script_ver\quarantine\under-review\17mov_CharacterSystem\web\photos\mp_m_freemode_01-tshirt_1-172.webp	4284
C:\admirales\script_ver\script_ver\quarantine\under-review\17mov_CharacterSystem\web\photos\mp_m_freemode_01-tshirt_1-173.webp	2740
C:\admirales\script_ver\script_ver\quarantine\under-review\17mov_CharacterSystem\web\photos\mp_m_freemode_01-tshirt_1-174.webp	3098
C:\admirales\script_ver\script_ver\quarantine\under-review\17mov_CharacterSystem\web\photos\mp_m_freemode_01-tshirt_1-175.webp	2266
C:\admirales\script_ver\script_ver\quarantine\under-review\17mov_CharacterSystem\web\photos\mp_m_freemode_01-tshirt_1-176.webp	1932
C:\admirales\script_ver\script_ver\quarantine\under-review\17mov_CharacterSystem\web\photos\mp_m_freemode_01-tshirt_1-177.webp	1362
C:\admirales\script_ver\script_ver\quarantine\under-review\17mov_CharacterSystem\web\photos\mp_m_freemode_01-tshirt_1-178.webp	2192
C:\admirales\script_ver\script_ver\quarantine\under-review\17mov_CharacterSystem\web\photos\mp_m_freemode_01-tshirt_1-179.webp	2216
C:\admirales\script_ver\script_ver\quarantine\under-review\17mov_CharacterSystem\web\photos\mp_m_freemode_01-tshirt_1-18.webp	1340
C:\admirales\script_ver\script_ver\quarantine\under-review\17mov_CharacterSystem\web\photos\mp_m_freemode_01-tshirt_1-180.webp	2620
C:\admirales\script_ver\script_ver\quarantine\under-review\17mov_CharacterSystem\web\photos\mp_m_freemode_01-tshirt_1-181.webp	3728
C:\admirales\script_ver\script_ver\quarantine\under-review\17mov_CharacterSystem\web\photos\mp_m_freemode_01-tshirt_1-182.webp	3808
C:\admirales\script_ver\script_ver\quarantine\under-review\17mov_CharacterSystem\web\photos\mp_m_freemode_01-tshirt_1-183.webp	2444
C:\admirales\script_ver\script_ver\quarantine\under-review\17mov_CharacterSystem\web\photos\mp_m_freemode_01-tshirt_1-184.webp	7810
C:\admirales\script_ver\script_ver\quarantine\under-review\17mov_CharacterSystem\web\photos\mp_m_freemode_01-tshirt_1-185.webp	5556
C:\admirales\script_ver\script_ver\quarantine\under-review\17mov_CharacterSystem\web\photos\mp_m_freemode_01-tshirt_1-186.webp	4990
C:\admirales\script_ver\script_ver\quarantine\under-review\17mov_CharacterSystem\web\photos\mp_m_freemode_01-tshirt_1-187.webp	5854
C:\admirales\script_ver\script_ver\quarantine\under-review\17mov_CharacterSystem\web\photos\mp_m_freemode_01-tshirt_1-188.webp	3608
C:\admirales\script_ver\script_ver\quarantine\under-review\17mov_CharacterSystem\web\photos\mp_m_freemode_01-tshirt_1-189.webp	9816
C:\admirales\script_ver\script_ver\quarantine\under-review\17mov_CharacterSystem\web\photos\mp_m_freemode_01-tshirt_1-19.webp	2952
C:\admirales\script_ver\script_ver\quarantine\under-review\17mov_CharacterSystem\web\photos\mp_m_freemode_01-tshirt_1-190.webp	3136
C:\admirales\script_ver\script_ver\quarantine\under-review\17mov_CharacterSystem\web\photos\mp_m_freemode_01-tshirt_1-191.webp	1210
C:\admirales\script_ver\script_ver\quarantine\under-review\17mov_CharacterSystem\web\photos\mp_m_freemode_01-tshirt_1-192.webp	1350
C:\admirales\script_ver\script_ver\quarantine\under-review\17mov_CharacterSystem\web\photos\mp_m_freemode_01-tshirt_1-193.webp	792
C:\admirales\script_ver\script_ver\quarantine\under-review\17mov_CharacterSystem\web\photos\mp_m_freemode_01-tshirt_1-194.webp	792
C:\admirales\script_ver\script_ver\quarantine\under-review\17mov_CharacterSystem\web\photos\mp_m_freemode_01-tshirt_1-195.webp	792
C:\admirales\script_ver\script_ver\quarantine\under-review\17mov_CharacterSystem\web\photos\mp_m_freemode_01-tshirt_1-196.webp	792
C:\admirales\script_ver\script_ver\quarantine\under-review\17mov_CharacterSystem\web\photos\mp_m_freemode_01-tshirt_1-197.webp	792
C:\admirales\script_ver\script_ver\quarantine\under-review\17mov_CharacterSystem\web\photos\mp_m_freemode_01-tshirt_1-198.webp	2388
C:\admirales\script_ver\script_ver\quarantine\under-review\17mov_CharacterSystem\web\photos\mp_m_freemode_01-tshirt_1-199.webp	1722
C:\admirales\script_ver\script_ver\quarantine\under-review\17mov_CharacterSystem\web\photos\mp_m_freemode_01-tshirt_1-2.webp	1184
C:\admirales\script_ver\script_ver\quarantine\under-review\17mov_CharacterSystem\web\photos\mp_m_freemode_01-tshirt_1-20.webp	2004
C:\admirales\script_ver\script_ver\quarantine\under-review\17mov_CharacterSystem\web\photos\mp_m_freemode_01-tshirt_1-200.webp	9300
C:\admirales\script_ver\script_ver\quarantine\under-review\17mov_CharacterSystem\web\photos\mp_m_freemode_01-tshirt_1-201.webp	1256
C:\admirales\script_ver\script_ver\quarantine\under-review\17mov_CharacterSystem\web\photos\mp_m_freemode_01-tshirt_1-202.webp	2006
C:\admirales\script_ver\script_ver\quarantine\under-review\17mov_CharacterSystem\web\photos\mp_m_freemode_01-tshirt_1-203.webp	792
C:\admirales\script_ver\script_ver\quarantine\under-review\17mov_CharacterSystem\web\photos\mp_m_freemode_01-tshirt_1-204.webp	10214
C:\admirales\script_ver\script_ver\quarantine\under-review\17mov_CharacterSystem\web\photos\mp_m_freemode_01-tshirt_1-205.webp	792
C:\admirales\script_ver\script_ver\quarantine\under-review\17mov_CharacterSystem\web\photos\mp_m_freemode_01-tshirt_1-206.webp	1374
C:\admirales\script_ver\script_ver\quarantine\under-review\17mov_CharacterSystem\web\photos\mp_m_freemode_01-tshirt_1-207.webp	792
C:\admirales\script_ver\script_ver\quarantine\under-review\17mov_CharacterSystem\web\photos\mp_m_freemode_01-tshirt_1-21.webp	1710
C:\admirales\script_ver\script_ver\quarantine\under-review\17mov_CharacterSystem\web\photos\mp_m_freemode_01-tshirt_1-22.webp	2412
C:\admirales\script_ver\script_ver\quarantine\under-review\17mov_CharacterSystem\web\photos\mp_m_freemode_01-tshirt_1-23.webp	1962
C:\admirales\script_ver\script_ver\quarantine\under-review\17mov_CharacterSystem\web\photos\mp_m_freemode_01-tshirt_1-24.webp	1418
C:\admirales\script_ver\script_ver\quarantine\under-review\17mov_CharacterSystem\web\photos\mp_m_freemode_01-tshirt_1-25.webp	2108
C:\admirales\script_ver\script_ver\quarantine\under-review\17mov_CharacterSystem\web\photos\mp_m_freemode_01-tshirt_1-26.webp	2034
C:\admirales\script_ver\script_ver\quarantine\under-review\17mov_CharacterSystem\web\photos\mp_m_freemode_01-tshirt_1-27.webp	1726
C:\admirales\script_ver\script_ver\quarantine\under-review\17mov_CharacterSystem\web\photos\mp_m_freemode_01-tshirt_1-28.webp	2272
C:\admirales\script_ver\script_ver\quarantine\under-review\17mov_CharacterSystem\web\photos\mp_m_freemode_01-tshirt_1-29.webp	3836
C:\admirales\script_ver\script_ver\quarantine\under-review\17mov_CharacterSystem\web\photos\mp_m_freemode_01-tshirt_1-3.webp	1924
C:\admirales\script_ver\script_ver\quarantine\under-review\17mov_CharacterSystem\web\photos\mp_m_freemode_01-tshirt_1-30.webp	2738
C:\admirales\script_ver\script_ver\quarantine\under-review\17mov_CharacterSystem\web\photos\mp_m_freemode_01-tshirt_1-31.webp	1784
C:\admirales\script_ver\script_ver\quarantine\under-review\17mov_CharacterSystem\web\photos\mp_m_freemode_01-tshirt_1-32.webp	1858
C:\admirales\script_ver\script_ver\quarantine\under-review\17mov_CharacterSystem\web\photos\mp_m_freemode_01-tshirt_1-33.webp	1682
C:\admirales\script_ver\script_ver\quarantine\under-review\17mov_CharacterSystem\web\photos\mp_m_freemode_01-tshirt_1-34.webp	1692
C:\admirales\script_ver\script_ver\quarantine\under-review\17mov_CharacterSystem\web\photos\mp_m_freemode_01-tshirt_1-35.webp	1672
C:\admirales\script_ver\script_ver\quarantine\under-review\17mov_CharacterSystem\web\photos\mp_m_freemode_01-tshirt_1-36.webp	1690
C:\admirales\script_ver\script_ver\quarantine\under-review\17mov_CharacterSystem\web\photos\mp_m_freemode_01-tshirt_1-37.webp	3206
C:\admirales\script_ver\script_ver\quarantine\under-review\17mov_CharacterSystem\web\photos\mp_m_freemode_01-tshirt_1-38.webp	1546
C:\admirales\script_ver\script_ver\quarantine\under-review\17mov_CharacterSystem\web\photos\mp_m_freemode_01-tshirt_1-39.webp	2078
C:\admirales\script_ver\script_ver\quarantine\under-review\17mov_CharacterSystem\web\photos\mp_m_freemode_01-tshirt_1-4.webp	1878
C:\admirales\script_ver\script_ver\quarantine\under-review\17mov_CharacterSystem\web\photos\mp_m_freemode_01-tshirt_1-40.webp	2098
C:\admirales\script_ver\script_ver\quarantine\under-review\17mov_CharacterSystem\web\photos\mp_m_freemode_01-tshirt_1-41.webp	1660
C:\admirales\script_ver\script_ver\quarantine\under-review\17mov_CharacterSystem\web\photos\mp_m_freemode_01-tshirt_1-42.webp	3012
C:\admirales\script_ver\script_ver\quarantine\under-review\17mov_CharacterSystem\web\photos\mp_m_freemode_01-tshirt_1-43.webp	3388
C:\admirales\script_ver\script_ver\quarantine\under-review\17mov_CharacterSystem\web\photos\mp_m_freemode_01-tshirt_1-44.webp	1156
C:\admirales\script_ver\script_ver\quarantine\under-review\17mov_CharacterSystem\web\photos\mp_m_freemode_01-tshirt_1-45.webp	2444
C:\admirales\script_ver\script_ver\quarantine\under-review\17mov_CharacterSystem\web\photos\mp_m_freemode_01-tshirt_1-46.webp	2430
C:\admirales\script_ver\script_ver\quarantine\under-review\17mov_CharacterSystem\web\photos\mp_m_freemode_01-tshirt_1-47.webp	2570
C:\admirales\script_ver\script_ver\quarantine\under-review\17mov_CharacterSystem\web\photos\mp_m_freemode_01-tshirt_1-48.webp	1720
C:\admirales\script_ver\script_ver\quarantine\under-review\17mov_CharacterSystem\web\photos\mp_m_freemode_01-tshirt_1-49.webp	3348
C:\admirales\script_ver\script_ver\quarantine\under-review\17mov_CharacterSystem\web\photos\mp_m_freemode_01-tshirt_1-5.webp	1750
C:\admirales\script_ver\script_ver\quarantine\under-review\17mov_CharacterSystem\web\photos\mp_m_freemode_01-tshirt_1-50.webp	3276
C:\admirales\script_ver\script_ver\quarantine\under-review\17mov_CharacterSystem\web\photos\mp_m_freemode_01-tshirt_1-51.webp	3176
C:\admirales\script_ver\script_ver\quarantine\under-review\17mov_CharacterSystem\web\photos\mp_m_freemode_01-tshirt_1-52.webp	3078
C:\admirales\script_ver\script_ver\quarantine\under-review\17mov_CharacterSystem\web\photos\mp_m_freemode_01-tshirt_1-53.webp	1916
C:\admirales\script_ver\script_ver\quarantine\under-review\17mov_CharacterSystem\web\photos\mp_m_freemode_01-tshirt_1-54.webp	1398
C:\admirales\script_ver\script_ver\quarantine\under-review\17mov_CharacterSystem\web\photos\mp_m_freemode_01-tshirt_1-55.webp	3378
C:\admirales\script_ver\script_ver\quarantine\under-review\17mov_CharacterSystem\web\photos\mp_m_freemode_01-tshirt_1-56.webp	4302
C:\admirales\script_ver\script_ver\quarantine\under-review\17mov_CharacterSystem\web\photos\mp_m_freemode_01-tshirt_1-57.webp	854
C:\admirales\script_ver\script_ver\quarantine\under-review\17mov_CharacterSystem\web\photos\mp_m_freemode_01-tshirt_1-58.webp	2224
C:\admirales\script_ver\script_ver\quarantine\under-review\17mov_CharacterSystem\web\photos\mp_m_freemode_01-tshirt_1-59.webp	3974
C:\admirales\script_ver\script_ver\quarantine\under-review\17mov_CharacterSystem\web\photos\mp_m_freemode_01-tshirt_1-6.webp	2942
C:\admirales\script_ver\script_ver\quarantine\under-review\17mov_CharacterSystem\web\photos\mp_m_freemode_01-tshirt_1-60.webp	2346
C:\admirales\script_ver\script_ver\quarantine\under-review\17mov_CharacterSystem\web\photos\mp_m_freemode_01-tshirt_1-61.webp	1516
C:\admirales\script_ver\script_ver\quarantine\under-review\17mov_CharacterSystem\web\photos\mp_m_freemode_01-tshirt_1-62.webp	1240
C:\admirales\script_ver\script_ver\quarantine\under-review\17mov_CharacterSystem\web\photos\mp_m_freemode_01-tshirt_1-63.webp	3020
C:\admirales\script_ver\script_ver\quarantine\under-review\17mov_CharacterSystem\web\photos\mp_m_freemode_01-tshirt_1-64.webp	2702
C:\admirales\script_ver\script_ver\quarantine\under-review\17mov_CharacterSystem\web\photos\mp_m_freemode_01-tshirt_1-65.webp	2712
C:\admirales\script_ver\script_ver\quarantine\under-review\17mov_CharacterSystem\web\photos\mp_m_freemode_01-tshirt_1-66.webp	1868
C:\admirales\script_ver\script_ver\quarantine\under-review\17mov_CharacterSystem\web\photos\mp_m_freemode_01-tshirt_1-67.webp	2366
C:\admirales\script_ver\script_ver\quarantine\under-review\17mov_CharacterSystem\web\photos\mp_m_freemode_01-tshirt_1-68.webp	1614
C:\admirales\script_ver\script_ver\quarantine\under-review\17mov_CharacterSystem\web\photos\mp_m_freemode_01-tshirt_1-69.webp	1982
C:\admirales\script_ver\script_ver\quarantine\under-review\17mov_CharacterSystem\web\photos\mp_m_freemode_01-tshirt_1-7.webp	3480
C:\admirales\script_ver\script_ver\quarantine\under-review\17mov_CharacterSystem\web\photos\mp_m_freemode_01-tshirt_1-70.webp	3406
C:\admirales\script_ver\script_ver\quarantine\under-review\17mov_CharacterSystem\web\photos\mp_m_freemode_01-tshirt_1-71.webp	1328
C:\admirales\script_ver\script_ver\quarantine\under-review\17mov_CharacterSystem\web\photos\mp_m_freemode_01-tshirt_1-72.webp	1482
C:\admirales\script_ver\script_ver\quarantine\under-review\17mov_CharacterSystem\web\photos\mp_m_freemode_01-tshirt_1-73.webp	2916
C:\admirales\script_ver\script_ver\quarantine\under-review\17mov_CharacterSystem\web\photos\mp_m_freemode_01-tshirt_1-74.webp	1328
C:\admirales\script_ver\script_ver\quarantine\under-review\17mov_CharacterSystem\web\photos\mp_m_freemode_01-tshirt_1-75.webp	1490
C:\admirales\script_ver\script_ver\quarantine\under-review\17mov_CharacterSystem\web\photos\mp_m_freemode_01-tshirt_1-76.webp	1902
C:\admirales\script_ver\script_ver\quarantine\under-review\17mov_CharacterSystem\web\photos\mp_m_freemode_01-tshirt_1-77.webp	1394
C:\admirales\script_ver\script_ver\quarantine\under-review\17mov_CharacterSystem\web\photos\mp_m_freemode_01-tshirt_1-78.webp	2504
C:\admirales\script_ver\script_ver\quarantine\under-review\17mov_CharacterSystem\web\photos\mp_m_freemode_01-tshirt_1-79.webp	3726
C:\admirales\script_ver\script_ver\quarantine\under-review\17mov_CharacterSystem\web\photos\mp_m_freemode_01-tshirt_1-8.webp	1846
C:\admirales\script_ver\script_ver\quarantine\under-review\17mov_CharacterSystem\web\photos\mp_m_freemode_01-tshirt_1-80.webp	2988
C:\admirales\script_ver\script_ver\quarantine\under-review\17mov_CharacterSystem\web\photos\mp_m_freemode_01-tshirt_1-81.webp	3096
C:\admirales\script_ver\script_ver\quarantine\under-review\17mov_CharacterSystem\web\photos\mp_m_freemode_01-tshirt_1-82.webp	6166
C:\admirales\script_ver\script_ver\quarantine\under-review\17mov_CharacterSystem\web\photos\mp_m_freemode_01-tshirt_1-83.webp	3156
C:\admirales\script_ver\script_ver\quarantine\under-review\17mov_CharacterSystem\web\photos\mp_m_freemode_01-tshirt_1-84.webp	4632
C:\admirales\script_ver\script_ver\quarantine\under-review\17mov_CharacterSystem\web\photos\mp_m_freemode_01-tshirt_1-85.webp	2310
C:\admirales\script_ver\script_ver\quarantine\under-review\17mov_CharacterSystem\web\photos\mp_m_freemode_01-tshirt_1-86.webp	3974
C:\admirales\script_ver\script_ver\quarantine\under-review\17mov_CharacterSystem\web\photos\mp_m_freemode_01-tshirt_1-87.webp	3280
C:\admirales\script_ver\script_ver\quarantine\under-review\17mov_CharacterSystem\web\photos\mp_m_freemode_01-tshirt_1-88.webp	3248
C:\admirales\script_ver\script_ver\quarantine\under-review\17mov_CharacterSystem\web\photos\mp_m_freemode_01-tshirt_1-89.webp	2758
C:\admirales\script_ver\script_ver\quarantine\under-review\17mov_CharacterSystem\web\photos\mp_m_freemode_01-tshirt_1-9.webp	3098
C:\admirales\script_ver\script_ver\quarantine\under-review\17mov_CharacterSystem\web\photos\mp_m_freemode_01-tshirt_1-90.webp	1434
C:\admirales\script_ver\script_ver\quarantine\under-review\17mov_CharacterSystem\web\photos\mp_m_freemode_01-tshirt_1-91.webp	4808
C:\admirales\script_ver\script_ver\quarantine\under-review\17mov_CharacterSystem\web\photos\mp_m_freemode_01-tshirt_1-92.webp	4618
C:\admirales\script_ver\script_ver\quarantine\under-review\17mov_CharacterSystem\web\photos\mp_m_freemode_01-tshirt_1-93.webp	2010
C:\admirales\script_ver\script_ver\quarantine\under-review\17mov_CharacterSystem\web\photos\mp_m_freemode_01-tshirt_1-94.webp	1784
C:\admirales\script_ver\script_ver\quarantine\under-review\17mov_CharacterSystem\web\photos\mp_m_freemode_01-tshirt_1-95.webp	1732
C:\admirales\script_ver\script_ver\quarantine\under-review\17mov_CharacterSystem\web\photos\mp_m_freemode_01-tshirt_1-96.webp	1434
C:\admirales\script_ver\script_ver\quarantine\under-review\17mov_CharacterSystem\web\photos\mp_m_freemode_01-tshirt_1-97.webp	6096
C:\admirales\script_ver\script_ver\quarantine\under-review\17mov_CharacterSystem\web\photos\mp_m_freemode_01-tshirt_1-98.webp	5536
C:\admirales\script_ver\script_ver\quarantine\under-review\17mov_CharacterSystem\web\photos\mp_m_freemode_01-tshirt_1-99.webp	4232
C:\admirales\script_ver\script_ver\quarantine\under-review\17mov_CharacterSystem\web\photos\mp_m_freemode_01-watches_1-0.webp	2160
C:\admirales\script_ver\script_ver\quarantine\under-review\17mov_CharacterSystem\web\photos\mp_m_freemode_01-watches_1-1.webp	2826
C:\admirales\script_ver\script_ver\quarantine\under-review\17mov_CharacterSystem\web\photos\mp_m_freemode_01-watches_1-10.webp	2858
C:\admirales\script_ver\script_ver\quarantine\under-review\17mov_CharacterSystem\web\photos\mp_m_freemode_01-watches_1-11.webp	2716
C:\admirales\script_ver\script_ver\quarantine\under-review\17mov_CharacterSystem\web\photos\mp_m_freemode_01-watches_1-12.webp	2528
C:\admirales\script_ver\script_ver\quarantine\under-review\17mov_CharacterSystem\web\photos\mp_m_freemode_01-watches_1-13.webp	2604
C:\admirales\script_ver\script_ver\quarantine\under-review\17mov_CharacterSystem\web\photos\mp_m_freemode_01-watches_1-14.webp	2100
C:\admirales\script_ver\script_ver\quarantine\under-review\17mov_CharacterSystem\web\photos\mp_m_freemode_01-watches_1-15.webp	2634
C:\admirales\script_ver\script_ver\quarantine\under-review\17mov_CharacterSystem\web\photos\mp_m_freemode_01-watches_1-16.webp	2448
C:\admirales\script_ver\script_ver\quarantine\under-review\17mov_CharacterSystem\web\photos\mp_m_freemode_01-watches_1-17.webp	2546
C:\admirales\script_ver\script_ver\quarantine\under-review\17mov_CharacterSystem\web\photos\mp_m_freemode_01-watches_1-18.webp	2268
C:\admirales\script_ver\script_ver\quarantine\under-review\17mov_CharacterSystem\web\photos\mp_m_freemode_01-watches_1-19.webp	2426
C:\admirales\script_ver\script_ver\quarantine\under-review\17mov_CharacterSystem\web\photos\mp_m_freemode_01-watches_1-2.webp	2272
C:\admirales\script_ver\script_ver\quarantine\under-review\17mov_CharacterSystem\web\photos\mp_m_freemode_01-watches_1-20.webp	2372
C:\admirales\script_ver\script_ver\quarantine\under-review\17mov_CharacterSystem\web\photos\mp_m_freemode_01-watches_1-21.webp	2266
C:\admirales\script_ver\script_ver\quarantine\under-review\17mov_CharacterSystem\web\photos\mp_m_freemode_01-watches_1-22.webp	2372
C:\admirales\script_ver\script_ver\quarantine\under-review\17mov_CharacterSystem\web\photos\mp_m_freemode_01-watches_1-23.webp	1750
C:\admirales\script_ver\script_ver\quarantine\under-review\17mov_CharacterSystem\web\photos\mp_m_freemode_01-watches_1-24.webp	2422
C:\admirales\script_ver\script_ver\quarantine\under-review\17mov_CharacterSystem\web\photos\mp_m_freemode_01-watches_1-25.webp	1970
C:\admirales\script_ver\script_ver\quarantine\under-review\17mov_CharacterSystem\web\photos\mp_m_freemode_01-watches_1-26.webp	1866
C:\admirales\script_ver\script_ver\quarantine\under-review\17mov_CharacterSystem\web\photos\mp_m_freemode_01-watches_1-27.webp	3078
C:\admirales\script_ver\script_ver\quarantine\under-review\17mov_CharacterSystem\web\photos\mp_m_freemode_01-watches_1-28.webp	4588
C:\admirales\script_ver\script_ver\quarantine\under-review\17mov_CharacterSystem\web\photos\mp_m_freemode_01-watches_1-29.webp	3340
C:\admirales\script_ver\script_ver\quarantine\under-review\17mov_CharacterSystem\web\photos\mp_m_freemode_01-watches_1-3.webp	730
C:\admirales\script_ver\script_ver\quarantine\under-review\17mov_CharacterSystem\web\photos\mp_m_freemode_01-watches_1-30.webp	2040
C:\admirales\script_ver\script_ver\quarantine\under-review\17mov_CharacterSystem\web\photos\mp_m_freemode_01-watches_1-31.webp	2580
C:\admirales\script_ver\script_ver\quarantine\under-review\17mov_CharacterSystem\web\photos\mp_m_freemode_01-watches_1-32.webp	2286
C:\admirales\script_ver\script_ver\quarantine\under-review\17mov_CharacterSystem\web\photos\mp_m_freemode_01-watches_1-33.webp	2478
C:\admirales\script_ver\script_ver\quarantine\under-review\17mov_CharacterSystem\web\photos\mp_m_freemode_01-watches_1-34.webp	2460
C:\admirales\script_ver\script_ver\quarantine\under-review\17mov_CharacterSystem\web\photos\mp_m_freemode_01-watches_1-35.webp	2296
C:\admirales\script_ver\script_ver\quarantine\under-review\17mov_CharacterSystem\web\photos\mp_m_freemode_01-watches_1-36.webp	2366
C:\admirales\script_ver\script_ver\quarantine\under-review\17mov_CharacterSystem\web\photos\mp_m_freemode_01-watches_1-37.webp	2278
C:\admirales\script_ver\script_ver\quarantine\under-review\17mov_CharacterSystem\web\photos\mp_m_freemode_01-watches_1-38.webp	2102
C:\admirales\script_ver\script_ver\quarantine\under-review\17mov_CharacterSystem\web\photos\mp_m_freemode_01-watches_1-39.webp	2730
C:\admirales\script_ver\script_ver\quarantine\under-review\17mov_CharacterSystem\web\photos\mp_m_freemode_01-watches_1-4.webp	2604
C:\admirales\script_ver\script_ver\quarantine\under-review\17mov_CharacterSystem\web\photos\mp_m_freemode_01-watches_1-40.webp	2780
C:\admirales\script_ver\script_ver\quarantine\under-review\17mov_CharacterSystem\web\photos\mp_m_freemode_01-watches_1-41.webp	4194
C:\admirales\script_ver\script_ver\quarantine\under-review\17mov_CharacterSystem\web\photos\mp_m_freemode_01-watches_1-42.webp	2158
C:\admirales\script_ver\script_ver\quarantine\under-review\17mov_CharacterSystem\web\photos\mp_m_freemode_01-watches_1-43.webp	2826
C:\admirales\script_ver\script_ver\quarantine\under-review\17mov_CharacterSystem\web\photos\mp_m_freemode_01-watches_1-44.webp	1732
C:\admirales\script_ver\script_ver\quarantine\under-review\17mov_CharacterSystem\web\photos\mp_m_freemode_01-watches_1-45.webp	2562
C:\admirales\script_ver\script_ver\quarantine\under-review\17mov_CharacterSystem\web\photos\mp_m_freemode_01-watches_1-46.webp	2000
C:\admirales\script_ver\script_ver\quarantine\under-review\17mov_CharacterSystem\web\photos\mp_m_freemode_01-watches_1-47.webp	4292
C:\admirales\script_ver\script_ver\quarantine\under-review\17mov_CharacterSystem\web\photos\mp_m_freemode_01-watches_1-5.webp	2612
C:\admirales\script_ver\script_ver\quarantine\under-review\17mov_CharacterSystem\web\photos\mp_m_freemode_01-watches_1-6.webp	2376
C:\admirales\script_ver\script_ver\quarantine\under-review\17mov_CharacterSystem\web\photos\mp_m_freemode_01-watches_1-7.webp	2982
C:\admirales\script_ver\script_ver\quarantine\under-review\17mov_CharacterSystem\web\photos\mp_m_freemode_01-watches_1-8.webp	2404
C:\admirales\script_ver\script_ver\quarantine\under-review\17mov_CharacterSystem\web\photos\mp_m_freemode_01-watches_1-9.webp	2754
