C:\script_ver\quarantine\under-review\qb-inventory\config.lua	9325	607F880EBCA6453DD0D79D34974E28F9D30EA51343F913A1688B28E6FEFADF3A
C:\script_ver\quarantine\under-review\qb-inventory\fxmanifest.lua	489	221FEA85576AFF789B188DEBF38C012B449CCB036764095CC9B58E873EE856DE
C:\script_ver\quarantine\under-review\qb-inventory\qb-inventory.sql	1860	60D0F1AB254F3E62037E42F305ACF423B6C5CB0470A5BD4ABB5384444B72D057
C:\script_ver\quarantine\under-review\qb-inventory\client\main.lua	40513	73102AEB35BBA6716364510ADD1F362F114CA9E237536CDE1B01DAE9649E8DD7
C:\script_ver\quarantine\under-review\qb-inventory\html\ui.html	11888	989317A331FF55854D8A2C0BC10723EA44CAF193EE33F271B3B6EE3394FF997A
C:\script_ver\quarantine\under-review\qb-inventory\html\ammo_images\pistol_ammo.png	6637	4B839C633664ED7E4CBCC352634243F46C883D75455FE5BDC32596562F38254C
C:\script_ver\quarantine\under-review\qb-inventory\html\ammo_images\rifle_ammo.png	7760	3B1DFA4CB37B0E0ECE95F53A574644503324DBC669BBE7B7363957B619F1C5A8
C:\script_ver\quarantine\under-review\qb-inventory\html\ammo_images\shotgun_ammo.png	7862	8627EC5559720C4E35C560FB05705C923C167A0DE3C8EBB186EF6DC9EDE263B8
C:\script_ver\quarantine\under-review\qb-inventory\html\ammo_images\smg_ammo.png	8776	1F3DC744F2449F3688165075D1C6DA1A0821D06FD0002DFF4EBC825EAF0C6ED8
C:\script_ver\quarantine\under-review\qb-inventory\html\attachment_images\weapon_assaultrifle.png	58017	637856D22318416858AF6C5E9DFAEA07D4A92FC1D89FE65725D0800F7E9F300A
C:\script_ver\quarantine\under-review\qb-inventory\html\attachment_images\weapon_carbinerifle.png	83499	EE665B5D59446DC230D0AD809DD38B1817145B7E88DCDC19DC1416A6219CEFA9
C:\script_ver\quarantine\under-review\qb-inventory\html\attachment_images\weapon_compactrifle.png	83713	85B81FBEC7316C5CCA22BE5EF5951292489C21E4637B73CDDAB89576C476EB11
C:\script_ver\quarantine\under-review\qb-inventory\html\attachment_images\weapon_microsmg.png	59026	01AC2D5DB4AAC4F1D2632C5080D2CF124803EF00CBAD3A9C66592CF9C15A9595
C:\script_ver\quarantine\under-review\qb-inventory\html\attachment_images\weapon_minismg.png	85519	D42B5A980B153E574730265429E5256B5F17D026548BB100A949239509BD5BEB
C:\script_ver\quarantine\under-review\qb-inventory\html\attachment_images\weapon_pistol.png	57567	032078CCE2885399669CB9B1A5282AEA2B2D48E8C1F230BFF5E58BC61F14233A
C:\script_ver\quarantine\under-review\qb-inventory\html\attachment_images\weapon_pistol_mk2.png	55255	BDE89DBDE1347A5E36BE2252381B27DFEA65A015E075A6113C13D50DBA6FCC42
C:\script_ver\quarantine\under-review\qb-inventory\html\attachment_images\weapon_pumpshotgun.png	52846	6DF533E12FB6B417D98904000931F9367681877512E759F08F17E18F57B4AC70
C:\script_ver\quarantine\under-review\qb-inventory\html\attachment_images\weapon_smg.png	83513	9B8510D985E96C067DA78F11A1C0A2BA0ECA38C709D3688B9720BCB37F5DD765
C:\script_ver\quarantine\under-review\qb-inventory\html\attachment_images\weapon_snspistol.png	49472	88A9B86C0A3F3160D59E7B296526597F24C75E99ADB2E651DFF6211A2DF56611
C:\script_ver\quarantine\under-review\qb-inventory\html\attachment_images\weapon_stungun.png	77924	CCD2F90C46D894CF873FE64CD05EE8A5D17AD04756D1F9D958B2D44B05D98510
C:\script_ver\quarantine\under-review\qb-inventory\html\attachment_images\weapon_vintagepistol.png	61556	68A86FF01126E4FB0070C5EAF4A6AA72401B356C0FF43D668D2CAB61733B4D61
C:\script_ver\quarantine\under-review\qb-inventory\html\css\main.css	28260	EA018B55C86211049732C918A9885C58605C9B43AFC524537C553E6FB0D47EE6
C:\script_ver\quarantine\under-review\qb-inventory\html\images\1050.png	11845	795DFA314FB6987BE6F95714E01DFCD13912E9CC813ACA60B39EE4592E1F213E
C:\script_ver\quarantine\under-review\qb-inventory\html\images\1060.png	8215	C2A96DDF59145F0E26C2B06E6B301FE5A9CA2A326E5E869CBFC5E9F3A10E8FA4
C:\script_ver\quarantine\under-review\qb-inventory\html\images\1080.png	6786	1D69462DBA81E5F02653A4392BD8B8B8C338D7B16C0A4994F940D3881A55F3BA
C:\script_ver\quarantine\under-review\qb-inventory\html\images\10ct-gold-chain.png	7518	9327571E06FAA974537A09F56B812AB6A91E2A100D5E190D4E67183B97DACF83
C:\script_ver\quarantine\under-review\qb-inventory\html\images\10kgoldchain.png	8653	1E7F5DF0082B227E89B0DD5605C6BBF445A7EE86843D3863D6E332CBACB9656B
C:\script_ver\quarantine\under-review\qb-inventory\html\images\123123123.png	22790	EFEA091346032D8D510B309378564AE468E6C1A882B9BCD3BEA924242277999A
C:\script_ver\quarantine\under-review\qb-inventory\html\images\12312313.png	18864	2402EF369784D8AEA989E281820DA212D49A685AC85F01D76C30E1C8F8588F46
C:\script_ver\quarantine\under-review\qb-inventory\html\images\2080.png	7613	123F55CC64E6CFF94CAE68C5F813F30743FEE14B8436901288442A0F69AEA7AA
C:\script_ver\quarantine\under-review\qb-inventory\html\images\223ammo.png	19204	E7624526458EB8ED782548F3FF3F00AD102566405DF2FCC95D372A753A31E90D
C:\script_ver\quarantine\under-review\qb-inventory\html\images\2ct-gold-chain.png	6125	519C1703FA4B495B60F7762A9F165DCB4450D35DBB2149015AA14711656967ED
C:\script_ver\quarantine\under-review\qb-inventory\html\images\3060.png	9864	625FA8FF41C5132EE2C8956383EA94092FC10912A99EE9B7B23A9CD17F3C4AD6
C:\script_ver\quarantine\under-review\qb-inventory\html\images\4090.png	9762	804F92CBEAE4F26CF21AD1C89AF80A42DCDFF85FDD7541EF2FABD818BB4AA72A
C:\script_ver\quarantine\under-review\qb-inventory\html\images\5ct-gold-chain.png	8286	F71A0CE2489EA782F788A718E6A399E83C8C5A34CEA41EC042CC295E84A11784
C:\script_ver\quarantine\under-review\qb-inventory\html\images\69-brand-pack.png	8099	AA1FB4D297848FF6F664D80617370FEEA222F6B14F0D780E290B99AAD0BD121C
C:\script_ver\quarantine\under-review\qb-inventory\html\images\69-cigar-box.png	15750	8BEA784C59E34301CED26872930386ACA0789BE0F48C2458BD9143391A202CFC
C:\script_ver\quarantine\under-review\qb-inventory\html\images\8ct-gold-chain.png	7518	9327571E06FAA974537A09F56B812AB6A91E2A100D5E190D4E67183B97DACF83
C:\script_ver\quarantine\under-review\qb-inventory\html\images\aangairbubble_pop.png	10950	E2428DE2DB8B64FB5C022442A7662C1564C45848518E2C3E3F6E2E29B5253837
C:\script_ver\quarantine\under-review\qb-inventory\html\images\abra.png	14288	E95FBEF249C6D3554AF56D125EA6EFDD06D680FDDA8A796826860F9FE8F5715E
C:\script_ver\quarantine\under-review\qb-inventory\html\images\absinthe.png	10858	A7215DEE14B24C2EE0BAC4D2461E954456F6EBB8ABE2AAE37BEE6D378E4E589D
C:\script_ver\quarantine\under-review\qb-inventory\html\images\acetone.png	18489	1ADCC72C8216298339A53B5B2B37525622D0A7CEEDD2D50541D5522D3B22BE8C
C:\script_ver\quarantine\under-review\qb-inventory\html\images\acetone_ethyl.png	11715	B422F07307A4A9C32783AEB2A282082D9CD13A328FCD1BD706E727A33B7E346E
C:\script_ver\quarantine\under-review\qb-inventory\html\images\acid.png	6626	9F0786F55B729430832FEA034849E5F8877BF237225B100277803A6DC64D3490
C:\script_ver\quarantine\under-review\qb-inventory\html\images\action-figure.png	5467	C1A29CB49D3AC273C4AF440ED32CBDBEDD034F8461215179E7B309797575DFE1
C:\script_ver\quarantine\under-review\qb-inventory\html\images\admiralzhao_pop.png	13081	614848E97A1808FB598A9A18E031AFD1AF2E0441A3A4E2324CA5ED14C9D67CB1
C:\script_ver\quarantine\under-review\qb-inventory\html\images\adrenaline.png	11646	25C8BD50B1FB6564ED4AB1BD3F8E5E830A21DD0CD5AFCB5527E0561C956033BE
C:\script_ver\quarantine\under-review\qb-inventory\html\images\advanced-rifle.png	8443	A4BB132F04ABAD6EA1AEDC32B660DEAD2481FDDA8DCFF147357920D9F9EBF39B
C:\script_ver\quarantine\under-review\qb-inventory\html\images\advancedkit.png	12363	F7F612395A833475C9DDFC441E6BD0D9906115D2835C52E4240D280D04BBA66E
C:\script_ver\quarantine\under-review\qb-inventory\html\images\advancedlockpick.png	17930	CE5A9E713FC87D9FB47E6CE3228455F2F9B8F96D7AF6C9932191E8D14644C7B0
C:\script_ver\quarantine\under-review\qb-inventory\html\images\advancedrepairkit.png	12566	AF8E1169738DB762522A956DC3E9E889D0DB4A7ADCCA03A25641445873F3B3FE
C:\script_ver\quarantine\under-review\qb-inventory\html\images\advancedrifle.png	7802	EE631AA289D665A35440591F94F417B9F4608461C496148E7664B627AD656028
C:\script_ver\quarantine\under-review\qb-inventory\html\images\advancedrifle_extendedclip.png	10488	D09B491801BA4306B9C705B7BD6154277EDA382AE8FFCE49C03327D09112E647
C:\script_ver\quarantine\under-review\qb-inventory\html\images\advancedscrewdriver.png	6293	B6058BBB2B952551AE6570AE6D6AF0E4CAC237F25A62EA2549EB6F9C3380A740
C:\script_ver\quarantine\under-review\qb-inventory\html\images\adzukibeans.png	76676	C23195C0B9EB269D33928728B6DE4DA7CED0242E54AA2A9FBED98EE6752B6812
C:\script_ver\quarantine\under-review\qb-inventory\html\images\aerodactyl.jpg	6514	5E3E89986B1DEFC93EC62F92EE555A450A223843B4BA419489BB79294733AF20
C:\script_ver\quarantine\under-review\qb-inventory\html\images\aerodactyl.png	63479	F82B4941BEF0D38E0A201BC8FD5A2A0CB53785D103B039708CD658743FAC963D
C:\script_ver\quarantine\under-review\qb-inventory\html\images\aincientcoin.png	21515	BF82BC6C72CCF60E1B959B4530972F04A2F6FC5DBB73C0BB9514AC5EBC701758
C:\script_ver\quarantine\under-review\qb-inventory\html\images\ajstyles_pop.png	12627	D32D809CB40A52C4245F2753B23F8D67BB729AE8684D6714B306F9A67A773D97
C:\script_ver\quarantine\under-review\qb-inventory\html\images\ak47.png	21737	AE921B96C793D86D3D1B207E489016DD993E47F323CF084EDDBD9A6CEE3C6F1A
C:\script_ver\quarantine\under-review\qb-inventory\html\images\alakazam.png	15020	E6176C187BE45DA7D4231B16901D9E1E1F9F3E0A61CC211FCD078524E8441C75
C:\script_ver\quarantine\under-review\qb-inventory\html\images\alcoholtester.png	150080	7358BA81F61441CCDFEFEAA0F13F28759A741E68CC03DF8F677CDCAB6B0353DE
C:\script_ver\quarantine\under-review\qb-inventory\html\images\aliendonut.png	6823	EC40F0EF3820F06F7BD7BABA2E700479AEE59CB3D31A34F082DD19EE2447BF71
C:\script_ver\quarantine\under-review\qb-inventory\html\images\alivechicken.png	8939	1420C246E6314A71ED6EBE5CCB9AF7572E6527C5510777126AD7062109D28570
C:\script_ver\quarantine\under-review\qb-inventory\html\images\alla.png	24665	9DDE5CCD35842938CB06F54E98C104AB4CC9F1691479862497987F67A4542642
C:\script_ver\quarantine\under-review\qb-inventory\html\images\aluminium.png	4550	9B0B50B60684DC732BC3CA3B153E1726953113B42BB3A2DB77BB9A79D79C3F06
C:\script_ver\quarantine\under-review\qb-inventory\html\images\aluminiumcan.png	16866	E621E70B64E011E773E2FA68559011B0A45B07EC15F0191CEE5ADDDA1FF6E001
C:\script_ver\quarantine\under-review\qb-inventory\html\images\aluminum.png	9834	8D5154ABFD1C9B5AF82E5726B7321855AB19F3B98F8987B38EBD4DAC027EF380
C:\script_ver\quarantine\under-review\qb-inventory\html\images\aluminumoxide.png	9568	16B3CC147BC15079C5E5D69DCB3076556BFEF717B6B8A3EB538AF7DFB2F12755
C:\script_ver\quarantine\under-review\qb-inventory\html\images\amaretto.png	20393	31AAAB90B9EA6C58FF5AED0D401EB03874E8BF4354EF17D37D1E7424862DBDC0
C:\script_ver\quarantine\under-review\qb-inventory\html\images\amarettosour.png	22540	432FFB64B811236BABB95E841460591E40FC4C13FA1430BE8732333F84B90C49
C:\script_ver\quarantine\under-review\qb-inventory\html\images\amarone.png	15309	B08460D2693C325242CF7141EF770CFFF207F12B69487170CA1E66C329731041
C:\script_ver\quarantine\under-review\qb-inventory\html\images\ambeer.png	17741	E1FCAEC5817328AE0A62012EB805BB513472E6133A40CA59741BE861F9AB567F
C:\script_ver\quarantine\under-review\qb-inventory\html\images\ammonia.png	13335	3CDC1B344C6E444FB005375CA0FE8DF6FD99E21A22583CC393235A08F5586B90
C:\script_ver\quarantine\under-review\qb-inventory\html\images\amnesia.png	21356	ABA4142F3A0DAAF31B932D2CF562C17EF91E134049435B189A85A834FD217A61
C:\script_ver\quarantine\under-review\qb-inventory\html\images\amoniagas.png	49562	BA1830CD345EDEF207CBF1C97E44CD98337336AEE351B9904A683BF6759FD7C5
C:\script_ver\quarantine\under-review\qb-inventory\html\images\anchor.png	11072	71F64388A2A9A5B9A2D9AD0209DF9392780F36BD05160D3E76EB202B61CEF664
C:\script_ver\quarantine\under-review\qb-inventory\html\images\anchovy.png	18937	ADE9A47C126C83558D74E682FD9D322FB60DB0DDDAD38C62D3BCC254071DBA4B
C:\script_ver\quarantine\under-review\qb-inventory\html\images\andrethegiant_pop.png	9814	3165A2125A5B2BEDE11CAFA134C9CCB90D20E3697DB37E994AB119400A8476C0
C:\script_ver\quarantine\under-review\qb-inventory\html\images\andy.png	9394	4E225235E79CED3B8E98863DFB7000CB282F6C4F631DA0130D06AC8192EBAD59
C:\script_ver\quarantine\under-review\qb-inventory\html\images\angela.png	9720	62172F3C69FCED4FECBB0D34B58438AD3D4BB1D26008B8AF762EDC77B63A897F
C:\script_ver\quarantine\under-review\qb-inventory\html\images\angela1.png	9535	A218E069E2F219B0FDA3EFE8BF9CC9173AACF36793CEF05A605B17B13CC42F72
C:\script_ver\quarantine\under-review\qb-inventory\html\images\angle_grinder.png	10573	85FAA76CB28F70CA362700F34405FAD80AF246CAD091918550AE679978D27EC1
C:\script_ver\quarantine\under-review\qb-inventory\html\images\annabelle_pop.png	11716	34E39E47148AA3681F482D8322BB96A257F9FC7A2D758B655C18078209108D16
C:\script_ver\quarantine\under-review\qb-inventory\html\images\antep.png	1499	141DE5F08D48BAC7EF845E20B3D2122DCBCC15951774CF9E9104B0986C84D6E3
C:\script_ver\quarantine\under-review\qb-inventory\html\images\antipatharia_coral.png	20354	A1BAC2979F919AAB6E815383AE3736FE6993ADBE45C0D8297A1DFB220D7989AD
C:\script_ver\quarantine\under-review\qb-inventory\html\images\antiquecoin.png	24408	92040F94F384C94C5EC63D4E83931FDD6516D7D62770AEF86CD6B30A9F410B21
C:\script_ver\quarantine\under-review\qb-inventory\html\images\antthony.png	18164	428013183B6E208C93CD343060375C8203D2EE577F09A236080B22BDF14020BC
C:\script_ver\quarantine\under-review\qb-inventory\html\images\ap-pistol.png	7833	BBB2865D3D643A892EDB7D2BC9BD3CCD99D8D3E955279376FB638B4201F3CDDF
C:\script_ver\quarantine\under-review\qb-inventory\html\images\appa_pop.png	11344	31B6EC650DB05E7CEA8AA847E32FD751A41472FF6C8B85843408E9ABC7C8AB06
C:\script_ver\quarantine\under-review\qb-inventory\html\images\appistol.png	6033	B0DAD1B85352ADA8F9AD5B40DE51AAFAF62BF4DF595EEE713B3D3D05A0480BDB
C:\script_ver\quarantine\under-review\qb-inventory\html\images\apple-iphone.png	6062	5D122173C404EEFBD67B14FE299E88BDAA3001049353C7CE04C980BDDD974C46
C:\script_ver\quarantine\under-review\qb-inventory\html\images\apple.png	9034	99546CF7D8399CA6D9C3B2BCCBF283E90ED6E12997B14770B60E2C6327C0DF42
C:\script_ver\quarantine\under-review\qb-inventory\html\images\applejuice.png	10199	26EC0602E17771F96A6868184079E41493627FBB1933CD72C652D5CB5874E865
C:\script_ver\quarantine\under-review\qb-inventory\html\images\april.png	11305	A815B9EE29DCB28DF64C3D487236A2D5A7D5020DF34ABF96354377C43E611AD9
C:\script_ver\quarantine\under-review\qb-inventory\html\images\arbok.jpg	18464	A3A18ACB0C4F566296BFC3D829963AA367D736E66BECEA2B78FE63AFBD884E2B
C:\script_ver\quarantine\under-review\qb-inventory\html\images\arbok.png	96780	8818D9EFBBFFB74965D6F1D3A03425F99768D5402AACE170A42CE555CFF95049
C:\script_ver\quarantine\under-review\qb-inventory\html\images\arcadeblue.png	6696	49CDD197BD94D1A3AB7023F45E28B32391B306D7ED645C89A7F5CCD487333499
C:\script_ver\quarantine\under-review\qb-inventory\html\images\arcadegold.png	6140	0D8D2825AFC9A6E3B20DE49EB03904EA210855096C6CE1D2E64EA05B5AD8E661
C:\script_ver\quarantine\under-review\qb-inventory\html\images\arcadegreen.png	6392	8FACCBD8A0D0467F47474F9FBAD1D6FB29917E42B35CCC46A5E7F38C3B5C5002
C:\script_ver\quarantine\under-review\qb-inventory\html\images\arcanine.png	15730	EB41CA2EA00AD78B762AF078A6399B07B348BD367D5F4075F43AFE4B846BB0A7
C:\script_ver\quarantine\under-review\qb-inventory\html\images\ariel.png	13663	055954DF638C7796E3C820BFD598EABA96DD7C05E1415558C5E07F40CA90EC1D
C:\script_ver\quarantine\under-review\qb-inventory\html\images\arm.png	2569	B33C702C3742992084516E44AEBCAB194AF140F7ADE8FCC740F778C0BB512826
C:\script_ver\quarantine\under-review\qb-inventory\html\images\armor.png	6632	B629EEC8817E3491B88F6F72F7BB1845BB3A842E7907E2557A27C3184D8EF2D8
C:\script_ver\quarantine\under-review\qb-inventory\html\images\armour.png	24394	06F54B6474E89907915D2B4C40324870B32326D4D1F22A9860790BEA46E17FF3
C:\script_ver\quarantine\under-review\qb-inventory\html\images\artg_painting1.png	35948	5F87E1002A051B146A7B13E94D67318F39011C935CBD94E0896E97BBF40B708D
C:\script_ver\quarantine\under-review\qb-inventory\html\images\artg_painting10.png	38763	436CEB4DE98EAA81E38339ECA542C5947267BBFA1775F90EA7D302DF57636EB0
C:\script_ver\quarantine\under-review\qb-inventory\html\images\artg_painting2.png	38904	567C5D78920B2391A5CC0952A5B178FFF5740191AF18D1A525DD1B3B52123A94
C:\script_ver\quarantine\under-review\qb-inventory\html\images\artg_painting3.png	37458	F81DE7F0156EBB729C4589ED5ACEF43980E5CECED5C282D1AD1D9EC8E0ACD0D5
C:\script_ver\quarantine\under-review\qb-inventory\html\images\artg_painting4.png	36917	721367A4C4B5CEC216C16F157B3375DB7785D5991CADB90509C0768207337E92
C:\script_ver\quarantine\under-review\qb-inventory\html\images\artg_painting5.png	36905	29074E0BD31EFAF87D7E164A1F673EA49BC5D5B0A8DC786E8933804E82012FD2
C:\script_ver\quarantine\under-review\qb-inventory\html\images\artg_painting6.png	36874	0B74DF3E27028074BF231FA908A8803A153BECC07D837069D26AF9FB1D61F9DB
C:\script_ver\quarantine\under-review\qb-inventory\html\images\artg_painting7.png	35105	C8AC3EDDB189D31CA79B7AB6498BB4BB8817808F7B99CF072A8867CB8F423B1F
C:\script_ver\quarantine\under-review\qb-inventory\html\images\artg_painting8.png	35540	0821E7DBCA7C7DEA32D3AFFCE8101E851B9B714A3CBA23CE8B08160996438805
C:\script_ver\quarantine\under-review\qb-inventory\html\images\artg_painting9.png	37720	374314A336EE39DE9EB5CA0048B3E52ED3BC5A40669952D82263FF3972363899
C:\script_ver\quarantine\under-review\qb-inventory\html\images\articuno.jpg	18120	2C2828035E16021FF1AE59F6D99656C43C0931270E58C0136A692A8C194FBFBC
C:\script_ver\quarantine\under-review\qb-inventory\html\images\articuno.png	90250	C53F782E85F72FE75BBC1A2E6960A9A41054BF8ED8B567AA62AE743324578B83
C:\script_ver\quarantine\under-review\qb-inventory\html\images\aspirine.png	4875	669A0B5C1EE1381D9D2EE009BD71FA97B3AB6A032B6EE81298340666988303D8
C:\script_ver\quarantine\under-review\qb-inventory\html\images\assault-shotgun.png	8037	B229B46CCAE68108A98E05394A06E653E4F045E67B468145B1414B6BA3A74363
C:\script_ver\quarantine\under-review\qb-inventory\html\images\assault-smg.png	9680	9DE507568EECE6EEC39E15E1FE7D344004E0616964F6450D4F231708FFFC8EAE
C:\script_ver\quarantine\under-review\qb-inventory\html\images\assaultrifle.png	12305	F77522C727CC2447758AB4836437F269E6E609340ADB907F9697207FF1E19ADC
C:\script_ver\quarantine\under-review\qb-inventory\html\images\assaultriflemk2.png	6090	721B99A66224DEF06333D6A4935640598D0EB1741DDA886ABD1BA54119BFFCA6
C:\script_ver\quarantine\under-review\qb-inventory\html\images\assaultshotgun.png	8037	B229B46CCAE68108A98E05394A06E653E4F045E67B468145B1414B6BA3A74363
C:\script_ver\quarantine\under-review\qb-inventory\html\images\assaultsmg.png	9680	9DE507568EECE6EEC39E15E1FE7D344004E0616964F6450D4F231708FFFC8EAE
C:\script_ver\quarantine\under-review\qb-inventory\html\images\assaultsmg_extendedclip.png	8107	6910E767927A79ED140F8B8F25B948AB956ABB4E237FE8EEE29556DA33CE81EA
C:\script_ver\quarantine\under-review\qb-inventory\html\images\assphone.png	19604	4E2826E014AEDEBE758DEA385132F88040BFBD1A8BD3BC329FC68A0786D9C2C5
C:\script_ver\quarantine\under-review\qb-inventory\html\images\asulinring.png	25334	622752C2179306A76007BFF23BDFA5F70091FC882D4DB5CBD5C3698EEB56A669
C:\script_ver\quarantine\under-review\qb-inventory\html\images\ateam.png	13293	0EA126EEE4BB1056FEC2BBC883315C7D3FBA9C85FC2ADFF6CF3FC00716F1053D
C:\script_ver\quarantine\under-review\qb-inventory\html\images\atmcard.png	168302	C2513A4810EFC5B7A0C3C20D5ADD8AA3CAADDD496B05215E94E5A7A2E1304C3C
C:\script_ver\quarantine\under-review\qb-inventory\html\images\atmobj.png	9331	DF8E78E3522CC5C85CB44F7EEB6F3235E7E17475952D0DE9AAD637239B9F2486
C:\script_ver\quarantine\under-review\qb-inventory\html\images\autoshotgun.png	8461	14518AD27E99ECF2594F7482398C1BD9BC067D6DA6B904E9D636AE940AF161B5
C:\script_ver\quarantine\under-review\qb-inventory\html\images\avic.png	26757	7B42F27461A4C98C545DC1715F441FD2674DE0330E5AE758B469FFB6BD2545DA
C:\script_ver\quarantine\under-review\qb-inventory\html\images\avocado.png	315000	E3F6BE76EF5C76FFD9CCE6BAB4E87A29D38EA53030B67FC83C6519BB222D057A
C:\script_ver\quarantine\under-review\qb-inventory\html\images\avokadiahotoy.png	15842	B2BE1192A9FD63150D636CE91E206665761A5745A822CBD9180C7C4311D80932
C:\script_ver\quarantine\under-review\qb-inventory\html\images\axleparts.png	27619	6B393C97EF1F588FB80B5B285021814B0E5F8C863A8C0693341D7E7B5D353985
C:\script_ver\quarantine\under-review\qb-inventory\html\images\axlrose.png	14479	3AA4D764244BD05DDD7AF431B277BF965B85B4EADCA523DE362E9755781618DD
C:\script_ver\quarantine\under-review\qb-inventory\html\images\axonbc.png	19217	965CE847805EA0B7D4C7B3EB71C4C160DBF2BC16913C7777DBD1893019FABA94
C:\script_ver\quarantine\under-review\qb-inventory\html\images\azula_pop.png	9324	70534D65752542EF056CEC08AA2B575E5E14D6DC3594AEC9564B0482099B3A10
C:\script_ver\quarantine\under-review\qb-inventory\html\images\b52.png	16528	ACE82595B4AFDD87F4B0D71BD41DF53D6530B77389FAFFCC27F8FD173842C02B
C:\script_ver\quarantine\under-review\qb-inventory\html\images\backpack1.png	25928	F961AF5A23942CB4B7D90FB7647AD2C51F21489F679FE389F6C7E7BA48136FDF
C:\script_ver\quarantine\under-review\qb-inventory\html\images\backpack2.png	25812	450B0C2B883FF089EE34073471AEB9027BB089FBFB220AD3806331A4BC48B930
C:\script_ver\quarantine\under-review\qb-inventory\html\images\backpack3.png	27219	0887008D5B3178A4E829207F8D59B2493087991404C7763C858A4A746ED5D87C
C:\script_ver\quarantine\under-review\qb-inventory\html\images\backpack4.png	23001	8CE0EEAB4E5069D48BEBF194B23CFDBD48295F0A8C455836A8E87FB85685BA73
C:\script_ver\quarantine\under-review\qb-inventory\html\images\backpack5.png	25914	9B682017A97ED30882EA057D1179A6DDF6A516C21BBA954CC8BE1045E39CD95F
C:\script_ver\quarantine\under-review\qb-inventory\html\images\backpack6.png	25440	35FF82AE238B2B0A885A487D2FC4FDD88E3BBB6FC4AF7EE9378389DB2E98ADC1
C:\script_ver\quarantine\under-review\qb-inventory\html\images\backpack7.png	23398	229198766A9D191469B80FDF118780E286DDD8655B9B76BFB64BD3F93E0CE0D6
C:\script_ver\quarantine\under-review\qb-inventory\html\images\bacon.png	9846	17B49E4EA58577183ABD5B4506BC47033D9F5B95B45E56B5BA2ED5F009F8AE91
C:\script_ver\quarantine\under-review\qb-inventory\html\images\baconeggs.png	24680	63D49C813B4134A434AB1BFCE661274B060B6ECDF669937D8BB6F6143F9C3CE2
C:\script_ver\quarantine\under-review\qb-inventory\html\images\badge.png	12917	1D7E9906DBEFF1F47CD6352A5116ABC054658ED8BE07E5937D0E811E1AC9A30F
C:\script_ver\quarantine\under-review\qb-inventory\html\images\badge11.png	189036	804C06908DEC3DCAB7125452B8807F67AA5DFD5E2A73B82C579BF5869893FB83
C:\script_ver\quarantine\under-review\qb-inventory\html\images\badlsdtab.png	9844	FD642AA8D92CFD5F9BBCD146C5B82C0C6AA7F8E1BAAC25885F44850434A17D5A
C:\script_ver\quarantine\under-review\qb-inventory\html\images\bag.png	105035	556ACA22EE17603B33A9183584DAE540DB9D6AF8664D8E34A60195784D3DE9AC
C:\script_ver\quarantine\under-review\qb-inventory\html\images\baggies.png	10293	CCBE78E358CE7808E6F122F71C029F2B7192C85B357DE3DDDBF118CFE9A402E2
C:\script_ver\quarantine\under-review\qb-inventory\html\images\bakingsoda.png	10988	4DCFB8A169FF7391918F1B26FA90FCDCBC1B0478704C0807536B2527878A9B6D
C:\script_ver\quarantine\under-review\qb-inventory\html\images\ball.png	3697	8E87EF31F1C4259CABC95B22454AFB0B32877C64FF7529180BFAAC6ABF639A00
C:\script_ver\quarantine\under-review\qb-inventory\html\images\ballas_chain.png	14759	601AF760EC50C3FB4A49CF925C4793A9C05C8A17632937FDDFCF09AD5B685CD3
C:\script_ver\quarantine\under-review\qb-inventory\html\images\balla_joint.png	6208	43CC754F6A25BB737D0B52D111587C83CB815A6CB6E1AA6AE1B7DEE1024A73DA
C:\script_ver\quarantine\under-review\qb-inventory\html\images\banana.png	8691	71DFF8D2837265A5F21E16761BF3A93F083C9AEA760027B9924855C547200442
C:\script_ver\quarantine\under-review\qb-inventory\html\images\bananajuice.png	5811	CDAEEC93E87F586940C8602D6DDAC0932A9587C698EEC9D19E3216C5AD7175D9
C:\script_ver\quarantine\under-review\qb-inventory\html\images\bananitoy.png	13857	56D4F8D1A0B63E5A05D95D2ADFAB7DFA27C8FAED56C268D3F0668A9F758163D5
C:\script_ver\quarantine\under-review\qb-inventory\html\images\bandage.png	30955	DDFB12AEE05D2D86D7B9E2C928347A1BC6807053C5EABCCD924650756F242C8A
C:\script_ver\quarantine\under-review\qb-inventory\html\images\bandageg.png	30955	DDFB12AEE05D2D86D7B9E2C928347A1BC6807053C5EABCCD924650756F242C8A
C:\script_ver\quarantine\under-review\qb-inventory\html\images\bapple.png	9034	99546CF7D8399CA6D9C3B2BCCBF283E90ED6E12997B14770B60E2C6327C0DF42
C:\script_ver\quarantine\under-review\qb-inventory\html\images\baquette.png	18343	187A50E08821D5781EB7D5450C441E5680578B29792A8E609579DFA3FE5C2095
C:\script_ver\quarantine\under-review\qb-inventory\html\images\barbera.png	14009	41C6ECB772062E0FF03F575440F49D6BFD400F90FBD7FBD0035341DCFF167F5B
C:\script_ver\quarantine\under-review\qb-inventory\html\images\barrelpile.png	22634	8E496457DC9DE3AA06DFF62F4F2A7C2D032FF3910C9DB27D83D8104465254888
C:\script_ver\quarantine\under-review\qb-inventory\html\images\base2.png	35357	55846825D1875E85645B437B221E0FD11CA03C0EC28CFA636856DF83A013CA28
C:\script_ver\quarantine\under-review\qb-inventory\html\images\baseball-bat.png	5797	DEB235034C8074C8DD86B63B910A820787D61ECED7A175A4FF1DB1CC0B380C0B
C:\script_ver\quarantine\under-review\qb-inventory\html\images\baseball.png	148433	A1377F7BC4D2373A0CF74E94BBA729979B45F938BDF0711634F8528D4EC39916
C:\script_ver\quarantine\under-review\qb-inventory\html\images\baseballbat.png	4963	30AB8AF99097BC1180BF4704C44BC1C11AA4BA863C152790B037E082CE98F534
C:\script_ver\quarantine\under-review\qb-inventory\html\images\basil.png	29481	F4EBD58859025CDBE46222C640B9A5CA394E4574AD87530C8709F29B7381B1C1
C:\script_ver\quarantine\under-review\qb-inventory\html\images\basketball.png	81674	71D0AF31293716EF84916D14821E416AA757AE11982639948CDA468D1A418443
C:\script_ver\quarantine\under-review\qb-inventory\html\images\bass.png	10841	CC7EE8527F264F39BFFF5B85AC769E99A9075CAA4F216DE32224A512F17289FE
C:\script_ver\quarantine\under-review\qb-inventory\html\images\basssashimi.png	31694	8B45D72C903DC212383BA0E640CA1F634A66218B630A5D9E79638354937005E0
C:\script_ver\quarantine\under-review\qb-inventory\html\images\batmobile.png	10140	CFEF8EB8342799E34E02142BCA50913DE0AA420885846F3406C46CD603C9F29B
C:\script_ver\quarantine\under-review\qb-inventory\html\images\battleaxe.png	6793	A78E3196BB3B5A223664F4AC451C70C8670599117B801E58905E1F493C53CC82
C:\script_ver\quarantine\under-review\qb-inventory\html\images\baxter.png	8009	378F5F529046C5884B29FAD9E2ABA76FC9C47469F8F7ABAF158E1A407C27F727
C:\script_ver\quarantine\under-review\qb-inventory\html\images\bayley_pop.png	12107	85799C5EA4C7DBA1EEAEC219CBD9915A99ECC92D3998C30CB3475D46A61A454D
C:\script_ver\quarantine\under-review\qb-inventory\html\images\bb-flavoring.png	8110	08C7CD8802618CF04FC62A4D5A1D3A3A6F9F0D72398620E411DAB8BDB839B26C
C:\script_ver\quarantine\under-review\qb-inventory\html\images\bbanana.png	8691	71DFF8D2837265A5F21E16761BF3A93F083C9AEA760027B9924855C547200442
C:\script_ver\quarantine\under-review\qb-inventory\html\images\bberrymuffin.png	39477	B7D3D62D8659D453DF66B781E04FA3850B73DA74EAFE2C2B091DA0BECC44B3F3
C:\script_ver\quarantine\under-review\qb-inventory\html\images\bcaramelfrappucino.png	7086	38AC0E80F2B47D6F65EE4256D493BF723F1681C784B8E411AAAD5F98525ED3AC
C:\script_ver\quarantine\under-review\qb-inventory\html\images\bcaramelsyrup.png	67512	60F565CBEBAA4DBE6CAE274EE9A1A42854FBD3E434A0CD7A0FA51B7FF0A79EB1
C:\script_ver\quarantine\under-review\qb-inventory\html\images\bchocolate-bar.png	7278	29C1049BC2F0A2C4889613D0DF82447C583F179E9C1DF5636F2D2579AEB4B68E
C:\script_ver\quarantine\under-review\qb-inventory\html\images\bchocolatemuffin.png	139791	29610C39D75CC2C961B484ECCDEE411CF7F94706213777C773C2FE1379A53C07
C:\script_ver\quarantine\under-review\qb-inventory\html\images\bcloudcafe.png	6871	7A04BDBDF818C0D21C0FB2807C79C68A5C3B6CF12E4154A437C9D0E63959307B
C:\script_ver\quarantine\under-review\qb-inventory\html\images\bcocacola.png	7177	CE5ED116CD0230FAB696DA83331630D80B8F6B61AA4BBD66E1D2D4A9B2D5E711
C:\script_ver\quarantine\under-review\qb-inventory\html\images\bcoffeebeans.png	14163	0741FC087B03703EB0C025042E60ABCDB1992ADA174941C0399BA49A903F4946
C:\script_ver\quarantine\under-review\qb-inventory\html\images\bcoffeeglass.png	12539	2111753C0D5A1DF0D814D61C8C8047126C1835F199D71A4E908221A9711AEF90
C:\script_ver\quarantine\under-review\qb-inventory\html\images\bcoldbrewlatte.png	6312	E934B852E7667AA36E52FB2BC7959771A1A2F680BEE56C8462680A8B3E5AE5D7
C:\script_ver\quarantine\under-review\qb-inventory\html\images\bcream.png	82710	956B88C9B3C3D12E42EFF5FC765334577206207E74EE3EF7803826D3DECBEFE8
C:\script_ver\quarantine\under-review\qb-inventory\html\images\bdonut.png	7080	F006535DF5C22E42AD94BDDE6D95BC458504D14F52B2C5CC8ED4D2E3B0FDACCC
C:\script_ver\quarantine\under-review\qb-inventory\html\images\beancoffee.png	18295	BB94B4AD8479C8393CBDC64503C84102B26B7EC54A829C0D8FC0C622AA5ADE4C
C:\script_ver\quarantine\under-review\qb-inventory\html\images\beaniebaby.png	749309	D976C549A4F52E46AFEE561455044A4BE7CB8970C58191A100527DBF79FC8E96
C:\script_ver\quarantine\under-review\qb-inventory\html\images\bebop.png	12873	5F6FD334163C47D6D10DF1D9BA95EB9DA8436F6220998407B18536C768D3E19E
C:\script_ver\quarantine\under-review\qb-inventory\html\images\beckylynch_pop.png	9295	240EAF793BA1E06FED8083F7DE812B09A800664862777686838F227086F751DB
C:\script_ver\quarantine\under-review\qb-inventory\html\images\beedrill.png	16523	873EFAD3EC7F50644DAE2C3064857247CA36DD2AD76F0334353E2E8FF02892CC
C:\script_ver\quarantine\under-review\qb-inventory\html\images\beef-taco.png	11158	7E754992E2FB468CB6211D2D656DB57BB44663D99142DD3357ACDC4850E40127
C:\script_ver\quarantine\under-review\qb-inventory\html\images\beehive.png	37363	B729969F4028931FE0F6215428AA55915A50CE6E904C5A963F0035282CAC387A
C:\script_ver\quarantine\under-review\qb-inventory\html\images\beequeen.png	11883	D91507065EAB9CACE71B6CF64A2F133802BBDFFF19017D0AF72C6267172591B2
C:\script_ver\quarantine\under-review\qb-inventory\html\images\beer.png	5061	A7E1BA242CE4763663C61D5B5164DABD9C4DC9A40D44D18C938E99B2667CC0FA
C:\script_ver\quarantine\under-review\qb-inventory\html\images\beeswax.png	13897	056ABC191751A6F4D4DB51A2EF2D02B51B3E8FE031D69FDC3545CC558CA4A02C
C:\script_ver\quarantine\under-review\qb-inventory\html\images\beetlejuice_pop.png	16043	AF13D7E05D449C01E31984A4A61FF6DAF041C410CF3AF8E07EC5AC676D065927
C:\script_ver\quarantine\under-review\qb-inventory\html\images\beetroot.png	10067	5150165A806DFF0B9E3073A962E7B64D3F4330B34AA66702A8E9A5621B59B26A
C:\script_ver\quarantine\under-review\qb-inventory\html\images\beetrootseeds.png	4234	E30A0D7A72A1FA93D357B32A27C4AD4F3D024E3723A0EAEC309A236BC92D25F6
C:\script_ver\quarantine\under-review\qb-inventory\html\images\belle.png	12797	5615FFE9E7FF4DD3A945EB8B1E42B02B8E369D373E45B3672A725FD8798C85D2
C:\script_ver\quarantine\under-review\qb-inventory\html\images\bellini.png	17096	0286D11ADCA682B522AE5F5A9F7FA65C6819C4354B5680D497EF87D03684BD61
C:\script_ver\quarantine\under-review\qb-inventory\html\images\bellsprout.jpg	18240	49803CEE0D19F2940B3204CC91EA75C0FFF559E7D558785EAAA7339BFBF38ECB
C:\script_ver\quarantine\under-review\qb-inventory\html\images\bellsprout.png	88137	AD8C9F473B16BF6BA2C0037FB61D48AEA54FFE88D73DD8E09C7C30D7F74F69DF
C:\script_ver\quarantine\under-review\qb-inventory\html\images\beluga.png	5798	316D4F744461BD92455B85641E2329E7782AECFC27541C94E57C3A4385284D8B
C:\script_ver\quarantine\under-review\qb-inventory\html\images\bengali_platter.png	1998568	EB91639100733E884F8901A809A638B867D7900445DBE89605C65BDF4E26BF83
C:\script_ver\quarantine\under-review\qb-inventory\html\images\beniatoy.png	13383	1C1E9AB6FD4B09EA13096664FF6E130BBBBB63CF5309A3DBAB7ED7B0444671E9
C:\script_ver\quarantine\under-review\qb-inventory\html\images\bento.png	31757	F8E2DD8B416956729657091ED39B947695FB9F4A27BE7316F95781DF30A4B242
C:\script_ver\quarantine\under-review\qb-inventory\html\images\bentobox.png	81700	342557A577B348B9CDE5165C06DDB71752E394CF147EC28DEFC0C9744963CAAD
C:\script_ver\quarantine\under-review\qb-inventory\html\images\bespresso.png	2865	BC99D7BFEED755F777F38425B251C104A34BA22C23F6C5F8A931A0D73B2404C6
C:\script_ver\quarantine\under-review\qb-inventory\html\images\bespressomacchiato.png	3810	12D402EB5282E1107C6A9C1D7732E6BB5F74B7C39F6DD7FD29BED0B7CBFB4B0E
C:\script_ver\quarantine\under-review\qb-inventory\html\images\bexpressocoffeecup.png	72234	59AC4F5F35EF0065D6825E55A6BD3A7E3266100F68D277BEBE066F17AECBBA96
C:\script_ver\quarantine\under-review\qb-inventory\html\images\bhighcoffeeglasscup.png	11545	0CB3A4126B761DAB070F95EF3B82339277C4859508C9F1E704C21D7FA518436D
C:\script_ver\quarantine\under-review\qb-inventory\html\images\bhoney.png	38975	FC1FD3354668865A62D38901CCFB0F567E294CB9A8266196868FC3471DEB031A
C:\script_ver\quarantine\under-review\qb-inventory\html\images\bhoneyhazelnutoatlatte.png	6927	EA7576FD3795C079018E39B74D25238E4ACACE5C0A3C2FA499938CA811A9745B
C:\script_ver\quarantine\under-review\qb-inventory\html\images\bhotchoc.png	7668	A55A625EB5E6C25065A43D270522E8DB5CA6ACBE5418F435B74DE5F20ECF81F0
C:\script_ver\quarantine\under-review\qb-inventory\html\images\bhotchocolatepowder.png	17223	F53949CF311B08C8D65E6509ABBF80EC8102347F2A8CA04A4B4C70DA9B94EB7E
C:\script_ver\quarantine\under-review\qb-inventory\html\images\bice.png	170241	0CE088414112EBB3CE5137DE9FCC282AE11F20166E952B12CA8537AEE51E2DF8
C:\script_ver\quarantine\under-review\qb-inventory\html\images\bicedcaffelatte.png	7076	17CF5CDDBA2290FDDA14B293BACE71F9D84FAE1FC00CE1D0119AA499BABC4B6D
C:\script_ver\quarantine\under-review\qb-inventory\html\images\bigballa.png	21408	3A2F1AB58286EF2E087780F54DCB9FD185E08162D4B3A7FF2B9D1525A90A7AB2
C:\script_ver\quarantine\under-review\qb-inventory\html\images\bigfruit.png	22465	2AB7A79BF89C5D8BADD779D72FB45E18405AC02ED4D89A6D28AF67305F273378
C:\script_ver\quarantine\under-review\qb-inventory\html\images\biggie.png	12467	710B87C298EB8A137761EFE4E26F20AC3DAF6BDF01A3DC0B055FD3C5D526E29E
C:\script_ver\quarantine\under-review\qb-inventory\html\images\biggie1.png	10369	83A7F145608F1995707C6C32D3AA7DA7F17AD6AF1D9B2FB6E7EF0C626841B521
C:\script_ver\quarantine\under-review\qb-inventory\html\images\biggie2.png	11407	1EF74DDBBAC2816912845AE61F70E080965A7073E47380674FC080ED33446161
C:\script_ver\quarantine\under-review\qb-inventory\html\images\biggie3.png	9646	1378EA9134C357A54077E8D193C536127F86C39BFAAB9702CE3D81C98F43D3E7
C:\script_ver\quarantine\under-review\qb-inventory\html\images\biggie4.png	7515	00902B57569DB1DD9DB774820135CF364B50F9D78158C0BA94E276B90FB96EFE
C:\script_ver\quarantine\under-review\qb-inventory\html\images\biggie5.png	8914	2AB8538E0ED7E5A6CCDBCC18A112D600C75F6291339749D9008D7B5968C68098
C:\script_ver\quarantine\under-review\qb-inventory\html\images\big_drill.png	10948	F5927EE955A442922F503BA2F1914E076CEB8B02F458931B9D9DFB0CD645F7CE
C:\script_ver\quarantine\under-review\qb-inventory\html\images\binoculars.png	8505	5C94DD931803437A15E1D50A4B3E65353DA254085EEAD4E0DC4297D30BF95D01
C:\script_ver\quarantine\under-review\qb-inventory\html\images\birdfeather.png	13936	31F2CCC0C65F254E96F7E8BE2942189C22243309EB78501A527079C180221822
C:\script_ver\quarantine\under-review\qb-inventory\html\images\bjavachipfrappuccino.png	6642	401C15703558B4C2FCABD3273AF8284D68D9E3C5440D5E8C3BACFB497B7BB2FC
C:\script_ver\quarantine\under-review\qb-inventory\html\images\bkamikaze.png	16382	C073E0AEA5D4A29C9C075AC9AEE8E11266F24E08FEC6AF736EFD5DB069C85A4F
C:\script_ver\quarantine\under-review\qb-inventory\html\images\black-chip.png	8259	43992445A1DE41B6C1BC70D6E0301D4C2907CC292083CA2D8921B7E7D474E7F1
C:\script_ver\quarantine\under-review\qb-inventory\html\images\blackchip.png	8259	43992445A1DE41B6C1BC70D6E0301D4C2907CC292083CA2D8921B7E7D474E7F1
C:\script_ver\quarantine\under-review\qb-inventory\html\images\blackhat.png	15358	E6D5B90C336A4809071A0D6ECA58651BCFC331850E56BA89552BA16B6248B58D
C:\script_ver\quarantine\under-review\qb-inventory\html\images\blacknails.png	231104	77F9F86241F3E12172DD99E44B0188D1AC22A50A64B97886532FE493DFC087F7
C:\script_ver\quarantine\under-review\qb-inventory\html\images\blacktealeaf.png	101147	2D790E16199C4D4E4A3A287B590993DB5BA6A198350ABA50024D2AE672D3BEAE
C:\script_ver\quarantine\under-review\qb-inventory\html\images\black_money.png	4060	690CC8FEB6286BBA9F5A4D0204DAA95955366F93021B4FEF66F98200E3F1027E
C:\script_ver\quarantine\under-review\qb-inventory\html\images\black_phone.png	8268	3007B287388192435B59F0795B09C02C519A031AE85B7EFBA75F191A33F45EB4
C:\script_ver\quarantine\under-review\qb-inventory\html\images\black_usb.png	7097	8AE93177AFD267311CAE443A379E544BE0C5413D70318AE042A3D431EA35E77C
C:\script_ver\quarantine\under-review\qb-inventory\html\images\blastoise.jpg	6947	BAD8A6B71A1F24596A12C04C6B544A8C6D947C08D37597610B60F04F89722CAD
C:\script_ver\quarantine\under-review\qb-inventory\html\images\blastoise.png	81733	E6A4FB56CC2CE74344D048F3B68E1CB0E7B9E0BA740F09E54D39A5EA9DA6514E
C:\script_ver\quarantine\under-review\qb-inventory\html\images\blastoisev.jpg	7062	06EA6C90C39C01D4C3D3EBDAA69BA2DCFBA37E0374F77C03E000017763C1465E
C:\script_ver\quarantine\under-review\qb-inventory\html\images\blastoisev.png	40946	9EB5BC909FE6B2ADC3CF36C8DB284A5702BC1447A3B6221744D5C86E2A4BF68A
C:\script_ver\quarantine\under-review\qb-inventory\html\images\blastoisevmax.png	17659	D3512C49554B2303FA00C1607DE1516CAF6C955F9BDB440CB7C255F423B11CD9
C:\script_ver\quarantine\under-review\qb-inventory\html\images\bleachwipes.png	9972	184DE4C251229B2E1C788F4ACE10DD38284D7B8733B6D1DD943A2DCB0C20D4CD
C:\script_ver\quarantine\under-review\qb-inventory\html\images\bleederburger.png	7359	27AFE76ABA7CE7C3C48983701542493EA2F28C0386D744C4017C2B1D2C7CA5B2
C:\script_ver\quarantine\under-review\qb-inventory\html\images\blemonslush.png	74569	D93A8F0B866F453FDBF016BF0E5D7F47A4922B739A586DADDD7443875C09A7BB
C:\script_ver\quarantine\under-review\qb-inventory\html\images\bloodymary.png	8325	7FDBA2604A57F079958CE8E5F79429F5489E1BEB81F080F4CF1E1435B1601E9F
C:\script_ver\quarantine\under-review\qb-inventory\html\images\blowtorch.png	12599	00A6D023A72FAB11D8F24E753D52D63D0CC048BDB1B99EE2FD18D2DD7F14935B
C:\script_ver\quarantine\under-review\qb-inventory\html\images\bltsandwich.png	23912	2CA77D954AC979F29B4C41C2757312DDB670BBC2E19AAAD990A36CA42389DF90
C:\script_ver\quarantine\under-review\qb-inventory\html\images\blu.png	9104	EB11C4BE7FC9F4377CB330CFEB2DB7E2012D3641D32ED00AFDD3837D4C822D4F
C:\script_ver\quarantine\under-review\qb-inventory\html\images\blue-chip.png	8607	83EBB6AA2C96E7B31987F46C910A27012CC26E4D0EB77B343DDC2D2B0F62FC59
C:\script_ver\quarantine\under-review\qb-inventory\html\images\blue-diamond.png	6289	4D7215514D04E9AE0C9B30370F8ADE6E8B135836B1A6E71F98378DB3C66B2FFC
C:\script_ver\quarantine\under-review\qb-inventory\html\images\blue-Sake.png	7308	8C96D1F51B60DEDB71ECA5E3DBDA47DFA0B9C7E9C7D22B47BCB3DEACCA0538A3
C:\script_ver\quarantine\under-review\qb-inventory\html\images\blue-slushy.png	5978	18B2E83DE43B7E7692BB13475B101BF6C179A2CEA802273DE61768AF967429EB
C:\script_ver\quarantine\under-review\qb-inventory\html\images\blueberry.png	23951	EBD3ADF5CFEE15CA25E7A273EA6373AEC7C9E3EB709E1D6FD2DE97F21C28FB25
C:\script_ver\quarantine\under-review\qb-inventory\html\images\blueberrydonut.png	6455	9E85DE4D753EA94759D8B73E7C2FCF1E8B32867C46C0AA87652C73599DA61634
C:\script_ver\quarantine\under-review\qb-inventory\html\images\bluechip.png	6040	8E21632AE1D7543446A917B87314AE2962C8FA42C97245719CE444425630A6E2
C:\script_ver\quarantine\under-review\qb-inventory\html\images\bluedongle.png	7749	E7B9F03BBF10731446E389AD51856F4DF3DBE456B4D3A1ECB145DD06B2E7D259
C:\script_ver\quarantine\under-review\qb-inventory\html\images\bluefish.png	8300	1CBAB7F326A78C48E3A6FC99835657B11D3BC922FDE5883F569072C6B154BFBA
C:\script_ver\quarantine\under-review\qb-inventory\html\images\bluehulk.png	9505	3F61BB2A68BDA0F6F777D6EB7EB83ED7E5C19B4401980A85DA1445D993148608
C:\script_ver\quarantine\under-review\qb-inventory\html\images\bluepearl.png	4172	848C8955091060C629E5957C72751904F71EBFBD3564099E640FAD475DBE3A58
C:\script_ver\quarantine\under-review\qb-inventory\html\images\blueplanet.png	31876	19F168A6F58B68823A9595137DCCB65F157925C21156554C62197E55B4C09451
C:\script_ver\quarantine\under-review\qb-inventory\html\images\blueredhat.png	16718	4C5EEDED36C05DA53D04636BBAEA6C1371F60DAA0E1ABA8E15E4F22A9455DBB5
C:\script_ver\quarantine\under-review\qb-inventory\html\images\blueticket.png	5780	C5869557DEA537A65A6FCAED684287B43D601EAE10EC35F5F41CD6DBB179168C
C:\script_ver\quarantine\under-review\qb-inventory\html\images\blue_keycard.png	8678	4AB2BC1F7B223E21942BA96F2473640201E8CBF2FAD2C001EB60E115A765C741
C:\script_ver\quarantine\under-review\qb-inventory\html\images\blue_phone.png	8526	216F32A815BB95EACCC8BCACA4FAC8C38049A7BF739213F3FA643F9CC60595FF
C:\script_ver\quarantine\under-review\qb-inventory\html\images\blue_usb.png	13974	5D4B1A6916E4D97FD33DF00FF242E0E276FDD3F2669E893EC9BC8C99216C5FF4
C:\script_ver\quarantine\under-review\qb-inventory\html\images\bmenu.png	5970	8B5119003EB30B610B366B7CDD540485EFEBD6C0E9C1C8A61EF92B1B2BC9B414
C:\script_ver\quarantine\under-review\qb-inventory\html\images\bmic.png	3900	BD7CCD142E11677A90475D481B4808A6A184664AAA5883F287B666FD87F59164
C:\script_ver\quarantine\under-review\qb-inventory\html\images\bmilk.png	17493	44594C05954D865B44A8362C14F354841BBDF4C2E78E51B0DB20F222AF816E74
C:\script_ver\quarantine\under-review\qb-inventory\html\images\bmuffin.png	9975	70EFEED7156B3AB5F414C445DFB41BDC95374B53C638044D2B0080691B773827
C:\script_ver\quarantine\under-review\qb-inventory\html\images\boartusks.png	8120	8A994DC4ED53DBD28AADF6DB4906A5B3603FF3D28CB57618C38D7C0659FDE353
C:\script_ver\quarantine\under-review\qb-inventory\html\images\boba.png	25610	3B1E0C18315C4CA6C56F548F0763456BC28541A335102FAAF30B67E6AFB22477
C:\script_ver\quarantine\under-review\qb-inventory\html\images\bobateasyrup.png	29748	83037842F33DE59C09A98CBE0E6938E3FEC157D436CE9BB310CBDC62F0F57FE0
C:\script_ver\quarantine\under-review\qb-inventory\html\images\bobby_pin.png	2101	E7BA944CBD797288DCDF064DAEDA2C464EAFF76C5C3BAF016774A2D7D3A1BC5C
C:\script_ver\quarantine\under-review\qb-inventory\html\images\bobcatkeycard.png	7119	2D7E28E933D21D793B65D2C6F77CFC7A6709DB44F9CCC7931150F0D63095BD1B
C:\script_ver\quarantine\under-review\qb-inventory\html\images\bobcatusb.png	9556	2394D8AAD7387D6EC17954D0F3D2CC8B432EB47EE31CE692604EEC351F56FC7E
C:\script_ver\quarantine\under-review\qb-inventory\html\images\bodycam.png	19217	965CE847805EA0B7D4C7B3EB71C4C160DBF2BC16913C7777DBD1893019FABA94
C:\script_ver\quarantine\under-review\qb-inventory\html\images\bodyrepair.png	20561	85620BE0D75881EE03BED483178440047CFCDEB039488EF1F97A74650A2767E2
C:\script_ver\quarantine\under-review\qb-inventory\html\images\bolognese.png	25640	0415B607F38E7DFC59992B7696435000D940C5B7A66069F903E9499AF30E33DC
C:\script_ver\quarantine\under-review\qb-inventory\html\images\boltcutter.png	11287	1A34B5E95349B38E0A1E9F41B6DD2B039103C5B06EFB5C1CD2C90C202C1EF8F1
C:\script_ver\quarantine\under-review\qb-inventory\html\images\bolt_cutter.png	9078	87A090C28561F83C2A41ABD062D48CB6567BD539F28D9C614765BAD90C536AE1
C:\script_ver\quarantine\under-review\qb-inventory\html\images\bomb_c4.png	13433	5D97488E4ACDE4F400EAE2B7F1942F0B54EAD985663C6C469361F82E6C2BE52A
C:\script_ver\quarantine\under-review\qb-inventory\html\images\bong.png	4081	8847E4B5146E83D459AF3B20AD3556E41C2452AC101B617097F3EC1C9AEE32B7
C:\script_ver\quarantine\under-review\qb-inventory\html\images\bonitosfish.png	25796	74F7ADA989107C14F8864469F976B4E17B71D242FBCC9114813546D46DDDEA62
C:\script_ver\quarantine\under-review\qb-inventory\html\images\bonnet.png	10973	6638197B53665F5DEB346FDBE73EAE40260C1E778A33E538318E356A1267644D
C:\script_ver\quarantine\under-review\qb-inventory\html\images\boogeyman_pop.png	13196	BDEDD528AC662156875EFDC61CF49E97847A9C647A21AE72D6AF2225925E2175
C:\script_ver\quarantine\under-review\qb-inventory\html\images\book.png	8015	AE3BE13D62A41CD194462960BFE47D15397F535F28BC3D9F5FDA81FC06CCA1AC
C:\script_ver\quarantine\under-review\qb-inventory\html\images\boombox.png	25560	F030B14DC49A86158AE5B6195B53B7D47E4677DBB7D7F67ED0F29DC5997DEE25
C:\script_ver\quarantine\under-review\qb-inventory\html\images\boombox_tape_branchez1.png	12344	F48C0061AB3B16F8AFDD08F2A308812F14D13E4FBE038282E03FA694DEB5B454
C:\script_ver\quarantine\under-review\qb-inventory\html\images\boosterBox.png	20628	E148FB1BDE66A7CD3AFDA5FFA6D132D390285B977960C0300DB2FC0E708176BD
C:\script_ver\quarantine\under-review\qb-inventory\html\images\boosterpack.png	17728	43A2D546343EF260C5291568A2CBA7810767B4B21B19249AA81A9B1DDFC4D7C5
C:\script_ver\quarantine\under-review\qb-inventory\html\images\boosting.png	5223	BC7FCF2387235C2DEC8A5E0B7C333BF52530F99B4A70F2A96C3CF8E314783872
C:\script_ver\quarantine\under-review\qb-inventory\html\images\borange.png	21251	2D415CD3A31EE24A9713462AB757050A733AF022ABA6938601701AA1F751512E
C:\script_ver\quarantine\under-review\qb-inventory\html\images\borangeslush.png	43145	5A3525D1E5EF25DD0E690090B6FA55E34C0D4AA9884286257F3AE91E02D86A87
C:\script_ver\quarantine\under-review\qb-inventory\html\images\borhani.png	1986069	B29986C674F4C8F65FFF2E378BD40F5F7A23E3EEA954D6DCD88A9C8766F0CF47
C:\script_ver\quarantine\under-review\qb-inventory\html\images\boris.png	11246	3727D03B10FEF778BF8FB30697CD9065C1157E09DBE51623E7EBDADBD6AA5AFD
C:\script_ver\quarantine\under-review\qb-inventory\html\images\bottle.png	6451	07F3933BC0135FA382A0F1C77C22A4B6AC81BC2B5645492C904595033607B47B
C:\script_ver\quarantine\under-review\qb-inventory\html\images\boulderBadge.png	11518	F93A6C63F33C1D9158A1EACD0C99CAA0AA5EAE7D0D5106DB9B78F334D9C66938
C:\script_ver\quarantine\under-review\qb-inventory\html\images\bounty-contract.png	8418	539A31C473CAD7897B68629550773F717AE8E1AF4568A526C45C67BCDF6F7BC6
C:\script_ver\quarantine\under-review\qb-inventory\html\images\bouquet.png	31939	6425C965E5709FA2B962A8879D7347AB5866B99FDD437AB69CCF4029D9DA3F33
C:\script_ver\quarantine\under-review\qb-inventory\html\images\bowlingball.png	42908	4C91D1780688B0EC30A09C717E5C0549C41986BE39BB4E105602E2F6A31F6E75
C:\script_ver\quarantine\under-review\qb-inventory\html\images\bowlingreceipt.png	7477	297DD3D3FB5FE7F230DB411AE4D076A8B3FD5726B20FA42054F60FF3216B866C
C:\script_ver\quarantine\under-review\qb-inventory\html\images\bowling_ball.png	11084	C281138CE378940AE0A0814CF58DCFDBE6123482A85B9E0ACDC6A94E2978374A
C:\script_ver\quarantine\under-review\qb-inventory\html\images\box.png	23272	DEF44EE2B88261FDF74FC58BD6DEEE70CA7E2EBF1358231DC26122C59EF1421A
C:\script_ver\quarantine\under-review\qb-inventory\html\images\boxinggloves.png	13907	F1AE9BD87FFB05BD207F40D07E15419B29C9C7C4EFB0F2B04A7D0D2729DA7B58
C:\script_ver\quarantine\under-review\qb-inventory\html\images\boxof.png	5899	7585AA2AA1AB5BF34B5DBE9B2F0AA0B43D2AA9D593904B40625DC1AB1F8779FE
C:\script_ver\quarantine\under-review\qb-inventory\html\images\boxofweed.png	9166	F4B120CDC012B7359111B3579E202CB602EF145BA509268B01DA628A1F4E1A44
C:\script_ver\quarantine\under-review\qb-inventory\html\images\bpepper.png	46983	2C2A56F8F568F35B3A79A1B05420F93B57EC19089D188C691AC1D6CA634D531C
C:\script_ver\quarantine\under-review\qb-inventory\html\images\bprooftires.png	31161	F06535A789558841B4C191FD5229F7E75929D5114F429A8067D6F90D051175E7
C:\script_ver\quarantine\under-review\qb-inventory\html\images\brabbit.png	11913	84F3AD64A3C6DD4D19A6632343AA240A97B48001F891A2D81CF2C3804FDAED87
C:\script_ver\quarantine\under-review\qb-inventory\html\images\bracelet.png	94962	F6997BBA3A8F3238ACDD3267C6B6F45F7D60FF53BD050427E5804DEA2E50CE40
C:\script_ver\quarantine\under-review\qb-inventory\html\images\brake.png	1134869	8B5248B62CCC427DCC1ED432F0E7858D03B2F45144A3F955B9483392DBE93564
C:\script_ver\quarantine\under-review\qb-inventory\html\images\brakes.png	25483	753E61EFFD67D781B95C4FB82A4A3E91253927B13E0791619279DC9AC14BC2C9
C:\script_ver\quarantine\under-review\qb-inventory\html\images\brakes1.png	33808	16B53F19B824758D61BA7E49ADB57C5072AA8D5DD84D751F0FF0E7224BFD287C
C:\script_ver\quarantine\under-review\qb-inventory\html\images\brakes2.png	29259	C3D1C242D991B61FE7E773A47F8CEB4A8492F9138BB451821EEE3D8BACC85D15
C:\script_ver\quarantine\under-review\qb-inventory\html\images\brakes3.png	29559	C2352E8CB6D2C26C362805BAA0A5C64E285845E9648F876ADB2F1E0C38D19E2C
C:\script_ver\quarantine\under-review\qb-inventory\html\images\BRAKESLV1.png	25483	753E61EFFD67D781B95C4FB82A4A3E91253927B13E0791619279DC9AC14BC2C9
C:\script_ver\quarantine\under-review\qb-inventory\html\images\BRAKESLV2.png	26014	1C4598E41BF0A0971C16DD2748BA04BF00F8666914CEEEA1AB6A8F4FD94B963B
C:\script_ver\quarantine\under-review\qb-inventory\html\images\BRAKESLV3.png	26168	78A909824CBAC4A4DAB940FB58B684756BB73E9B0C437D02A8E30D3ACFB484A0
C:\script_ver\quarantine\under-review\qb-inventory\html\images\brake_parts_a.png	40916	C2A7F3EB961FC18F214991943A5D9E306B9D8317F62BE88E0F3F7B96A1FB66A3
C:\script_ver\quarantine\under-review\qb-inventory\html\images\brake_parts_b.png	40601	076ECB8E2ABCC58A33A8CB1F89F631613700CBB2DC3C6FFE74C313BD71CE698B
C:\script_ver\quarantine\under-review\qb-inventory\html\images\brake_parts_c.png	40735	6AF9DD5C6D2289A7D73EF403CB10D9F006E3084EE51A2772368A79F60785BA33
C:\script_ver\quarantine\under-review\qb-inventory\html\images\brake_parts_d.png	40521	A7AAE4DEB160C2C14D5552C9E638EF0BB97F9DEA5B9C22B3CE77ADCBF602C1AA
C:\script_ver\quarantine\under-review\qb-inventory\html\images\brake_parts_s.png	42193	382B2F2C7F1953F3E51B66FF8341121EE2BC42C582DE3FF4F536897B57598BAE
C:\script_ver\quarantine\under-review\qb-inventory\html\images\brandpack.png	8099	AA1FB4D297848FF6F664D80617370FEEA222F6B14F0D780E290B99AAD0BD121C
C:\script_ver\quarantine\under-review\qb-inventory\html\images\bratte.png	19625	8A9B8ACF9F2A456979A11D79D519A75FD58A96C750054F69D161B8CACFACFB84
C:\script_ver\quarantine\under-review\qb-inventory\html\images\bregularcup.png	66652	5B9D7262D51C2545D70787081E3DD94D4917106BD84792243DBA53681D368350
C:\script_ver\quarantine\under-review\qb-inventory\html\images\brick.png	15982	9C997F4FA774595D5F8BDD6EB4B294F47ED9E388F588D33A9CB8223CA2D7C6A2
C:\script_ver\quarantine\under-review\qb-inventory\html\images\briebella_pop.png	13870	0C5BF5DFB079D35207DAAA1D9FB55B3D4BF058B6CDBDC804CF971D389A7AA4AE
C:\script_ver\quarantine\under-review\qb-inventory\html\images\briefcase.png	25463	3BAB67907BD2F21245161B66974ADBAFFD971B8EFA021CBD5A372E4A76FA4AB9
C:\script_ver\quarantine\under-review\qb-inventory\html\images\brokegoods.png	9896	B1FC1593AB48CCA460C66C9EF0E9B7B816297335B6C84F0758985D7EE4E91C6B
C:\script_ver\quarantine\under-review\qb-inventory\html\images\brokendetector.png	10947	6CF313CD510BB059BBBDBBDC43028BB235CF3CFF690BC83817A5C8189F4862D2
C:\script_ver\quarantine\under-review\qb-inventory\html\images\brokengameboy.png	9312	BE4ADA0945ED90950DA5741E4C7DA487B67A8CFD40E25E247CC603525C2CB443
C:\script_ver\quarantine\under-review\qb-inventory\html\images\brokenknife.png	10332	5A9547C8CCAA631B6EEB32DD4EB15F1A1272F76E664B3A4051FAD6CCA9054866
C:\script_ver\quarantine\under-review\qb-inventory\html\images\brokenphone.png	9265	C1C12472FF95C0984F4CB4E6490D34E88E9E1B248E252017ABDAB360053692D5
C:\script_ver\quarantine\under-review\qb-inventory\html\images\browning.png	21008	7FDEDBCA7FC681B448A63CE73D7BF500E4D92B6A961E304809610114AF81033A
C:\script_ver\quarantine\under-review\qb-inventory\html\images\brussian.png	16422	43ECEB249CFD08DDC6D89064A8ED85BD7878960AF74087AD72BEFAB505BD6F70
C:\script_ver\quarantine\under-review\qb-inventory\html\images\bscoffee.png	5963	DCA7461EBC90BC192FDED1658769C296A7056462CFD68B0B3F5295D593C1D378
C:\script_ver\quarantine\under-review\qb-inventory\html\images\bsprite.png	44824	876905D40C4E0926AF97763067549619A7D7656A6467C2E67AC11F21187C1725
C:\script_ver\quarantine\under-review\qb-inventory\html\images\bstrawberry.png	26130	E804B48B98F531ABE48FD48AFCDA34CF38B2CDD0066209AE6226C3A03AB7E4B2
C:\script_ver\quarantine\under-review\qb-inventory\html\images\bstrawberrycreamfrappuccino.png	6894	8C8F8E8A4877AD97932000FB041A47C3B17F253E137C720454CBDA4B1DC965A7
C:\script_ver\quarantine\under-review\qb-inventory\html\images\bstrawberryvanillaoatlatte.png	7098	808343E717AA9B0CFFD273B9D203F5C1D14D99D8602A70272CCE829F811C1A50
C:\script_ver\quarantine\under-review\qb-inventory\html\images\bs_bun.png	13758	863F81062D9BB8D46938E9A06225B200BB9231EDD2811B4681B1D336BA4BD7DF
C:\script_ver\quarantine\under-review\qb-inventory\html\images\bs_coupon-25.png	7765	BB5A564243A182D0B7E2E103AD40625ED547996C91CFC38E0EB866F831A7E845
C:\script_ver\quarantine\under-review\qb-inventory\html\images\bs_coupon-fifteen.png	7595	5AC684B7E1D7A24BC4EA5C54FC9478E9C34312847A5BE71DCA59B464577F863D
C:\script_ver\quarantine\under-review\qb-inventory\html\images\bs_coupon-ten.png	7434	C8BB01C01A3264E205EFC7E754E3899BE7F00071699054442DAE845EC36F5FFA
C:\script_ver\quarantine\under-review\qb-inventory\html\images\bs_fries.png	8777	4AFADA26FF6B677214AC0DA5F0544C24A2FDA935186A0B7E1482E170C930B98F
C:\script_ver\quarantine\under-review\qb-inventory\html\images\bs_ingredients_hfcs.png	10315	4312E1491605DBEF7953822F2D6EC453A93FD28A821400D6890D7A79A9DE8C4F
C:\script_ver\quarantine\under-review\qb-inventory\html\images\bs_ingredients_icecream.png	9384	AF808AA9EB6DC292533DBD5BDB61BBB9D076C776E80FE1DC054D8908AFB8296B
C:\script_ver\quarantine\under-review\qb-inventory\html\images\bs_lettuce.png	15591	0AF8EC3E9A6D2A23F7C71625555CD90EE6B401174D5264032D723D4807202101
C:\script_ver\quarantine\under-review\qb-inventory\html\images\bs_meat-free.png	8854	396B52B9BDDDD04620A64C21149F93CB4826407B05E135355DD17A1FF2AAD349
C:\script_ver\quarantine\under-review\qb-inventory\html\images\bs_milkshake.png	7801	8D4DAC2A77AE21A6AA9559504B1085ACDAF1E9D1DC3FFA224269C1C36BF25BBB
C:\script_ver\quarantine\under-review\qb-inventory\html\images\bs_money-shot.png	9834	382B003621BBBE96F955834E5CDF39D75B2E7C2B4911ADFBE839F3EAB65D6917
C:\script_ver\quarantine\under-review\qb-inventory\html\images\bs_patty.png	10341	9CC48200773CABCA9D7677027FCCE997052F68F450CF90BEBBFD560414450813
C:\script_ver\quarantine\under-review\qb-inventory\html\images\bs_patty_raw.png	10134	F3A12088BAFA0F1563C536B5B2007929265FC46E88F82B2A6AB93F9A4AB70E06
C:\script_ver\quarantine\under-review\qb-inventory\html\images\bs_potato.png	16172	BBE36FF9B13192B403113B967B9D3C83C408A98022484F15B6340D3835B0879B
C:\script_ver\quarantine\under-review\qb-inventory\html\images\bs_softdrink.png	7177	CE5ED116CD0230FAB696DA83331630D80B8F6B61AA4BBD66E1D2D4A9B2D5E711
C:\script_ver\quarantine\under-review\qb-inventory\html\images\bs_the-bleeder.png	7359	27AFE76ABA7CE7C3C48983701542493EA2F28C0386D744C4017C2B1D2C7CA5B2
C:\script_ver\quarantine\under-review\qb-inventory\html\images\bs_the-heart-stopper.png	16369	8E84C577D4D08480F17661E07AFDCE541B39506278C625AB1D6C189560F414FE
C:\script_ver\quarantine\under-review\qb-inventory\html\images\bs_tomato.png	11301	F372E9BEDED19324E614962BC3E09AD7A28959527D97F9AD782721E1D5D63FBF
C:\script_ver\quarantine\under-review\qb-inventory\html\images\bs_torpedo.png	9102	05D36FEF268A65361491D2BD08CF71A591FF0603E8A9024309A76B152DD8FEBE
C:\script_ver\quarantine\under-review\qb-inventory\html\images\bs_toy_barry.png	10191	700DBAC012F160BCD0E5D7E88D17D18F4449602339BEB4991C9BAFA5F6DB87BE
C:\script_ver\quarantine\under-review\qb-inventory\html\images\bs_toy_betch.png	9523	F7E7FB92A9428C153F5F64945293C223AA19AAC4708667592E4D095AD53623E3
C:\script_ver\quarantine\under-review\qb-inventory\html\images\bs_toy_bradley.png	10205	0FB0181306393B9E50E4A4AA9BC41415B74903C1024DD88AE1817F9FF80ECC11
C:\script_ver\quarantine\under-review\qb-inventory\html\images\bs_toy_cassie.png	10173	E69F746F6E32A17AB4C804F3CA71ADB02C1F8DFB21743C9792473E212DC1E46E
C:\script_ver\quarantine\under-review\qb-inventory\html\images\bs_toy_clayvon.png	8834	E6202C64864575F95C4822FB35003F7830DCFDDEBA837B0845B20FF15F26B003
C:\script_ver\quarantine\under-review\qb-inventory\html\images\bs_toy_dean.png	9196	B9E57FCD7F7F4D24DC90388A4385156D3FB6AFB9BDC2079BDBFBEBA06A151D76
C:\script_ver\quarantine\under-review\qb-inventory\html\images\bs_toy_eugene.png	9455	A6EDBC5347912FE63C40EAFC60DDC9C7C9EDD06AEA1A1C7D7925A8C48A67CDE6
C:\script_ver\quarantine\under-review\qb-inventory\html\images\bs_toy_frank.png	9886	DC2E619B183C7E97A339420E2D382E476D7A673B5E256FADBEC587B17AEB23A0
C:\script_ver\quarantine\under-review\qb-inventory\html\images\bs_toy_jackie.png	9731	FC1874356E6E5C9E22E5A918BC0AF8A3EFD91620C7F866F2ABE5D448DCC8F404
C:\script_ver\quarantine\under-review\qb-inventory\html\images\bs_toy_jordan.png	10084	1008577ABD0B8D9D26DF4E9E071713F9E9E9BC1FEC462ABF658E9719C4095B1E
C:\script_ver\quarantine\under-review\qb-inventory\html\images\bs_toy_kiki.png	10302	04AE58F4409187191421AB85EB10E1E4F3F00995D6943A6044107552FC4EDBCF
C:\script_ver\quarantine\under-review\qb-inventory\html\images\bs_toy_kitty.png	9853	6B642A7B9BDB7F4FC97D3859FD93867B1A5922F67498A3F78A320A3FD66705AD
C:\script_ver\quarantine\under-review\qb-inventory\html\images\bs_toy_kyle.png	9406	5C20CD4C050C95A5FCAFCE39678ECE0E5F604F1BAC8B218614381AF2AB3E4A33
C:\script_ver\quarantine\under-review\qb-inventory\html\images\bs_toy_lenny.png	8901	F9E4EEEA8C879498AB2A60583F3D614B78679DFF0F4E4AC49DFD30190882FFD2
C:\script_ver\quarantine\under-review\qb-inventory\html\images\bs_toy_molly.png	10506	D9C6109E61D433F0FE05B234855B934A7E3467FFF880601FE9A3B0240102B545
C:\script_ver\quarantine\under-review\qb-inventory\html\images\bs_toy_oki.png	10171	976F49CFD70D4F73C71BDED13C0BABFDEC66F8E7ABE90D60EF741FDA135387DA
C:\script_ver\quarantine\under-review\qb-inventory\html\images\bs_toy_OTT.png	9280	61EFD37E70841DFA547D76D5579F1C042BE2DA94F0D7C4EB2FB50844D6A39963
C:\script_ver\quarantine\under-review\qb-inventory\html\images\bs_toy_pilbis.png	9479	AADAE366499F45302C9EF1C6793F8CDFB4CD9D6D0742A30A696EBA0EB5FFFFE9
C:\script_ver\quarantine\under-review\qb-inventory\html\images\bs_toy_sherry.png	10651	8ABF4EC4DFEF62A9CEC2DCE6A33460941C79BD79F22A37B9CBF0C7B3EADA064C
C:\script_ver\quarantine\under-review\qb-inventory\html\images\bs_toy_slim.png	9840	AF0B3BE5D8DD7510D6B2824775BAC168B290494B7E7B9705809A6A9298E8C271
C:\script_ver\quarantine\under-review\qb-inventory\html\images\bs_toy_steven.png	9899	95228CB9B7AEBDA0B8439958D0BCBBEE59D8C17FB31C0E70D8F0F2A98BDE681F
C:\script_ver\quarantine\under-review\qb-inventory\html\images\bs_toy_tony.png	9753	B13ACC9A872C28A40E80486A2CBB2B1D1FE2B5AF5BA78210C379BD9D7CBD142F
C:\script_ver\quarantine\under-review\qb-inventory\html\images\bs_toy_x.png	10255	64D9A3821329412CD992190D3204C20898D3F0655E6BE68B5A8A4A0A5F57B627
C:\script_ver\quarantine\under-review\qb-inventory\html\images\bubbletea.png	16823	177DA1220E0FC4F58B1E56721B3959FE34876B34EE019BD8E73D6AEAC58BBDA6
C:\script_ver\quarantine\under-review\qb-inventory\html\images\bubbleteablue.png	17132	7C06B22076D8301536A5043271A0408EA9B727523D66C518A27A363CD51F9260
C:\script_ver\quarantine\under-review\qb-inventory\html\images\bubbleteagreen.png	17066	112FAC6C0DC4E770E43023B8A02537538D367F280BF29373C8DFB1D85AF9F6E1
C:\script_ver\quarantine\under-review\qb-inventory\html\images\bubbleteaorange.png	17588	E42838A6B6A465F7CC495F404042BBF7519BD2BD11EB08D7DFDACBB124C2152A
C:\script_ver\quarantine\under-review\qb-inventory\html\images\bubbleteapink.png	17032	46C5C8F2CC99D7734805E84ADB2E850B180DC00CC346999295A635BA66631FA8
C:\script_ver\quarantine\under-review\qb-inventory\html\images\buddry.png	14549	AAF3E94966E813847CE002B49EAC33532C09F4A0335CF1DB3FCED1D0FFC2891D
C:\script_ver\quarantine\under-review\qb-inventory\html\images\buddry2.png	11540	769A4E4E650ACC5BA115FEB6589958C9D55F673BC4E38595BFCC8DA981511176
C:\script_ver\quarantine\under-review\qb-inventory\html\images\bulbasaur.png	15453	1267710E2EBDDBA2DB027C41EDC176BFADEABCF56BBB3EBB0EA011B5A72CD2BA
C:\script_ver\quarantine\under-review\qb-inventory\html\images\BulletCasings.png	12714	6A0A03040EA152FB36FA79B7521C7F5BB1E306945479D005E4B326CAB1B25897
C:\script_ver\quarantine\under-review\qb-inventory\html\images\bullpuprifle.png	8965	E482CD23B90E694BBF4E8A5ABE811C9515580705B3BC3E4CE8EBBEE793CCAF96
C:\script_ver\quarantine\under-review\qb-inventory\html\images\bullpuprifle_extendedclip.png	10488	D09B491801BA4306B9C705B7BD6154277EDA382AE8FFCE49C03327D09112E647
C:\script_ver\quarantine\under-review\qb-inventory\html\images\bullpupshotgun.png	8556	6A45930F9434992614191E3D1561ABD783A4B0808896AACE29D1208BD3BC5F7E
C:\script_ver\quarantine\under-review\qb-inventory\html\images\bumper.png	11028	46170983FABCFBC5A12B4FF4F146816FE69F1904E8AFD9E7ABBDE1E7223B46FA
C:\script_ver\quarantine\under-review\qb-inventory\html\images\burger-bag.png	9690	B26CD722883823D709549BFDD9EC2A95E9F75957047EC6E5D107143F347CFF47
C:\script_ver\quarantine\under-review\qb-inventory\html\images\burger-bleeder.png	26982	54E0B103E8B46FD25C8544F02FB675934752E8D6C1CEFDFFB64F6139276105DB
C:\script_ver\quarantine\under-review\qb-inventory\html\images\burger-box.png	25055	50D6F0609BFAAFADAF825CD10D02AED32D79FECA3D984C6ED52C278F586334DF
C:\script_ver\quarantine\under-review\qb-inventory\html\images\burger-bun.png	28960	7E6CAA07AC13958569BD943B4EBA1C2D7DEFF2BCD5A232AA02083CC998CE7787
C:\script_ver\quarantine\under-review\qb-inventory\html\images\burger-chickenwrap.png	20499	41120A160EDE2946B20705611BEBF873374DEBCAB1411D6CBAA1FFD979951700
C:\script_ver\quarantine\under-review\qb-inventory\html\images\burger-coffee.png	21734	50FC7DB80278949F6C365BA9995CE379FE48A58C31FFCAAC7B192BD111B35B05
C:\script_ver\quarantine\under-review\qb-inventory\html\images\burger-creampie.png	30475	3B36A7F917F99BBCC4702DB00A781830B35B7E245CCF1602066E02A966EFBCB6
C:\script_ver\quarantine\under-review\qb-inventory\html\images\burger-fries.png	24862	D12E88EAF53F95837008AC273BFB0963D0B4DD7C37C420E497B1D8CA2D5C222A
C:\script_ver\quarantine\under-review\qb-inventory\html\images\burger-frozennugget.png	30828	816FF4A2D1AB3D64106715BD8FC9373A9A12CA979CE1C823982B82231212D7C3
C:\script_ver\quarantine\under-review\qb-inventory\html\images\burger-goatwrap.png	21380	1D6DCA8B4EF4C3605F6924EDCC223BF3CF52349481FAB02CF52E827F947A1ECC
C:\script_ver\quarantine\under-review\qb-inventory\html\images\burger-heartstopper.png	32455	8EE746F4EB6C7A8C242BE572B9C4A61C83A1A2BAAAC3B92458104519DEAAA902
C:\script_ver\quarantine\under-review\qb-inventory\html\images\burger-icecream.png	21454	DC454BAAE84ED081924982FAF62FBD829CCBDD078A4E2CD3FBD0F7FBFAC68419
C:\script_ver\quarantine\under-review\qb-inventory\html\images\burger-lettuce.png	32173	E9291D20D42711162B010A40E06DFA939D01E4A73EE5C0403F0CD1C9569C2DB0
C:\script_ver\quarantine\under-review\qb-inventory\html\images\burger-meat.png	33920	85FC16BC78B1A846CD6CBE10057928CA64461F05C745C27B1EF75CE17AD7C820
C:\script_ver\quarantine\under-review\qb-inventory\html\images\burger-meatfree.png	25509	A8F6D1FC9764D4DF91D489D26001DE81D343C504A30F860843E5E090B120948B
C:\script_ver\quarantine\under-review\qb-inventory\html\images\burger-milk.png	17493	44594C05954D865B44A8362C14F354841BBDF4C2E78E51B0DB20F222AF816E74
C:\script_ver\quarantine\under-review\qb-inventory\html\images\burger-milkshake.png	23870	711AD66BFCB4AD1EC0BED65F023A2D845681A918FEF71C323ED4DABC616EDEFA
C:\script_ver\quarantine\under-review\qb-inventory\html\images\burger-moneyshot.png	30642	084A21149EF7EAD50AB466D2F16E6FDDC07B68D0B24961351A2C6BBAE29FD8AE
C:\script_ver\quarantine\under-review\qb-inventory\html\images\burger-onion.png	17554	8DAC6F8A0D0CC8945620967FC57C45B3D108DBC5A05894376B478E8164A19961
C:\script_ver\quarantine\under-review\qb-inventory\html\images\burger-potato.png	30975	43BF5BAE86A705662493965BA2F6EFA69EE89835821693E0C3FDDF760441F725
C:\script_ver\quarantine\under-review\qb-inventory\html\images\burger-raw.png	30903	E6C02B08B984364B58159D566B66E1EAC4B43C3B89EA45BE5464BA878BD3AE08
C:\script_ver\quarantine\under-review\qb-inventory\html\images\burger-rimjob.png	22452	F57D1D105E7F1A7E306CD1403B6D9A91E4D52075B35670525BEB6298A2DE1614
C:\script_ver\quarantine\under-review\qb-inventory\html\images\burger-shotnuggets.png	26274	802E8221E9B96CF2C9072E9241CCDD005E873B2C97C2412711D49F227132053E
C:\script_ver\quarantine\under-review\qb-inventory\html\images\burger-shotrings.png	22883	516838C97B96EBE2BFBC4C42581B447E3408A50AA081F90433146F82E9BAA16C
C:\script_ver\quarantine\under-review\qb-inventory\html\images\burger-slicedonion.png	24210	AAAFD86192ED477D5C13722DA4B95672AED7431A2728BAE20E627820A74F680F
C:\script_ver\quarantine\under-review\qb-inventory\html\images\burger-slicedpotato.png	22510	DEE6F4D5DC273B53FA21CED3CF6DD27E28C31A795479A39114C2970FBBFAB7C4
C:\script_ver\quarantine\under-review\qb-inventory\html\images\burger-softdrink.png	21237	FACB09AA4E242ECF498269DD880E66B86979F82397EC9BCA3119B58330216F74
C:\script_ver\quarantine\under-review\qb-inventory\html\images\burger-ticket.png	24191	AECF5F6990F6464BFFA999D78634BDE7BBA1360966C1BA3B914FE8A35AD2A83A
C:\script_ver\quarantine\under-review\qb-inventory\html\images\burger-torpedo.png	26489	B6577988BD92F29087A9D62BD6696FB32EC12F813BCB78973CF6032029FFE0B5
C:\script_ver\quarantine\under-review\qb-inventory\html\images\burger-toy1.png	5467	C1A29CB49D3AC273C4AF440ED32CBDBEDD034F8461215179E7B309797575DFE1
C:\script_ver\quarantine\under-review\qb-inventory\html\images\burger-toy2.png	14837	111AE9DE8B77619F089547CFBFC072769386D9777BE2F8CD526B10B4A42B0B55
C:\script_ver\quarantine\under-review\qb-inventory\html\images\burger.png	8437	7A4A1EEBE1DAECB4714A6294591B93B0DC8408023E414A415AD7A2EF5CC677DE
C:\script_ver\quarantine\under-review\qb-inventory\html\images\burgerbun.png	25578	B8B0BF67E8ADD9D778D90D35B53534DDC8F71A63F8833DC84BD7F834C73021A6
C:\script_ver\quarantine\under-review\qb-inventory\html\images\burgermeat.png	30241	F8770E22CA2A58A0A49D6E071EA310523FBB05EE2FD408ADED05000E5D9A8B45
C:\script_ver\quarantine\under-review\qb-inventory\html\images\burgerpatty.png	26302	2FC12CF8111B52B458EA702447157AE7A9AD25CDAADCBB2C9D95E25CA92E11F9
C:\script_ver\quarantine\under-review\qb-inventory\html\images\burgershot_bag.png	12218	EE30A35F4242C58387ACDF54D46A93B372AC525890E4F834143FE52A15A6013E
C:\script_ver\quarantine\under-review\qb-inventory\html\images\burgershot_bagbig.png	12218	EE30A35F4242C58387ACDF54D46A93B372AC525890E4F834143FE52A15A6013E
C:\script_ver\quarantine\under-review\qb-inventory\html\images\burgershot_bagcoffe.png	25055	50D6F0609BFAAFADAF825CD10D02AED32D79FECA3D984C6ED52C278F586334DF
C:\script_ver\quarantine\under-review\qb-inventory\html\images\burgershot_baggoat.png	12218	EE30A35F4242C58387ACDF54D46A93B372AC525890E4F834143FE52A15A6013E
C:\script_ver\quarantine\under-review\qb-inventory\html\images\burgershot_bagsmall.png	25055	50D6F0609BFAAFADAF825CD10D02AED32D79FECA3D984C6ED52C278F586334DF
C:\script_ver\quarantine\under-review\qb-inventory\html\images\burgershot_bigcardboard.png	9613	1A7113F391B7B3965A37F1BB30678846A7ACD607D4C413540D7A4CFEA1DC2F30
C:\script_ver\quarantine\under-review\qb-inventory\html\images\burgershot_bigemptyglass.png	9261	7083E3E3D94424E12EEE35EF91BB1A556771EBCB1A2B5CC16F32F9DBCFAD7136
C:\script_ver\quarantine\under-review\qb-inventory\html\images\burgershot_bigfrozenpotato.png	12285	C1098C3D4065DF4CFF7E179F9186FBCD37A42A95C077637A9059D3AB616ED7E0
C:\script_ver\quarantine\under-review\qb-inventory\html\images\burgershot_bigking.png	26567	8361BBD1F9BC9DF461C0099D8706E32CA0CCDCC0A1F0C63641462F33AFF42509
C:\script_ver\quarantine\under-review\qb-inventory\html\images\burgershot_bleeder.png	24355	FA2B310F11D2F6301A181C87F2FAE4010D15E63ED3A227F0F112A82103B5EA6B
C:\script_ver\quarantine\under-review\qb-inventory\html\images\burgershot_bread.png	13758	863F81062D9BB8D46938E9A06225B200BB9231EDD2811B4681B1D336BA4BD7DF
C:\script_ver\quarantine\under-review\qb-inventory\html\images\burgershot_cheddar.png	9572	E1A2CD496BB78C401879F78BE3E282C6AAC7584F2F9966CD0BA759E418B5365B
C:\script_ver\quarantine\under-review\qb-inventory\html\images\burgershot_chocolateicecream.png	6559	514E2466DDA8DBF77859AAB64DB3670EB83F792B8E60728F1C0428A6421C75DF
C:\script_ver\quarantine\under-review\qb-inventory\html\images\burgershot_coffee.png	23129	ECBC337D4BF62A9DE18C1E564748C3B2E15985978001504F8D11D80F48A4D148
C:\script_ver\quarantine\under-review\qb-inventory\html\images\burgershot_coffeeemptyglass.png	23129	ECBC337D4BF62A9DE18C1E564748C3B2E15985978001504F8D11D80F48A4D148
C:\script_ver\quarantine\under-review\qb-inventory\html\images\burgershot_colab.png	22439	AC8D04942FFFF62B7C9628CD5B0DD132A1222D70FD60BB1EDA76B68E8DFD7DAF
C:\script_ver\quarantine\under-review\qb-inventory\html\images\burgershot_colagoat.png	22439	AC8D04942FFFF62B7C9628CD5B0DD132A1222D70FD60BB1EDA76B68E8DFD7DAF
C:\script_ver\quarantine\under-review\qb-inventory\html\images\burgershot_colas.png	22439	AC8D04942FFFF62B7C9628CD5B0DD132A1222D70FD60BB1EDA76B68E8DFD7DAF
C:\script_ver\quarantine\under-review\qb-inventory\html\images\burgershot_curly.png	15591	0AF8EC3E9A6D2A23F7C71625555CD90EE6B401174D5264032D723D4807202101
C:\script_ver\quarantine\under-review\qb-inventory\html\images\burgershot_frozenmeat.png	16470	05555BBE56EB73E1E7692EEC1121144FF58F553E2A38B14669C4EA8BE710E8EB
C:\script_ver\quarantine\under-review\qb-inventory\html\images\burgershot_frozennuggets.png	11741	66F834DC40A0B2813493D1C244224CB4A573EAB9CAB4368BD307295C353C35E6
C:\script_ver\quarantine\under-review\qb-inventory\html\images\burgershot_frozenrings.png	12821	044BFE08561FACF31E12FA1E3EC633625D071E507A1C7762A172D6DBBBC51A41
C:\script_ver\quarantine\under-review\qb-inventory\html\images\burgershot_goatwrap.png	21380	1D6DCA8B4EF4C3605F6924EDCC223BF3CF52349481FAB02CF52E827F947A1ECC
C:\script_ver\quarantine\under-review\qb-inventory\html\images\burgershot_icecreamcone.png	4035	EB865E5C508BBFFF07CD318C8E937D22A6AA1325732397C8DF9A656F63D228D5
C:\script_ver\quarantine\under-review\qb-inventory\html\images\burgershot_lavash.png	9888	3B513D22F18F9204AA3237F76E4FE20710DA208FC7D31182E4153DB957796CCF
C:\script_ver\quarantine\under-review\qb-inventory\html\images\burgershot_macaroon.png	29029	DBE8600DA0F643464418584D526786025C281704F34B63F487541882325ECA6B
C:\script_ver\quarantine\under-review\qb-inventory\html\images\burgershot_matchaicecream.png	6253	503AD9F9E95924BDEBB6665BE128613363A298AF87658329009F015736FDE06A
C:\script_ver\quarantine\under-review\qb-inventory\html\images\burgershot_meat.png	15315	02D1DFCC4ED7DA0DBE096FB755317F2AD5E32CB5885888C62E6E436665A9D125
C:\script_ver\quarantine\under-review\qb-inventory\html\images\burgershot_patatob.png	28978	E39BB144708B18090E7283E2FF19EBB122D82781270A787034937528CDA183CB
C:\script_ver\quarantine\under-review\qb-inventory\html\images\burgershot_patatos.png	28978	E39BB144708B18090E7283E2FF19EBB122D82781270A787034937528CDA183CB
C:\script_ver\quarantine\under-review\qb-inventory\html\images\burgershot_sauce.png	24101	C2E87FD55D103CF0187B64ABFBD8414E6FEAE91FF86F7AC165813A8A489D7B45
C:\script_ver\quarantine\under-review\qb-inventory\html\images\burgershot_shotnuggets.png	26274	802E8221E9B96CF2C9072E9241CCDD005E873B2C97C2412711D49F227132053E
C:\script_ver\quarantine\under-review\qb-inventory\html\images\burgershot_shotrings.png	22883	516838C97B96EBE2BFBC4C42581B447E3408A50AA081F90433146F82E9BAA16C
C:\script_ver\quarantine\under-review\qb-inventory\html\images\burgershot_smallcardboard.png	9658	735DEC4E9CB35A0CC99206DA41F09F5C1F27CB8171E707FF6970A5BAD29C28EC
C:\script_ver\quarantine\under-review\qb-inventory\html\images\burgershot_smallemptyglass.png	9309	DF31A9179F5545F18B3B95F524B011EADBBC69D223AF4F58FAEDAB3A847BE9E6
C:\script_ver\quarantine\under-review\qb-inventory\html\images\burgershot_smallfrozenpotato.png	10908	77AC8E3EE52282EEA3034891C52E0C6D538BA42EAFE26539F1EE5B54C618924F
C:\script_ver\quarantine\under-review\qb-inventory\html\images\burgershot_smurfetteicecream.png	6488	3D21AAFAFA2F8B1C46A03BA76AA3E0EB6192EDA071DE808D1B0E2D9CBEC4168D
C:\script_ver\quarantine\under-review\qb-inventory\html\images\burgershot_strawberryicecream.png	6037	7A8B10525051F271E1B249E2903EF2BC4253E0B90C8A272D115705172A44E615
C:\script_ver\quarantine\under-review\qb-inventory\html\images\burgershot_thesmurfsicecream.png	6188	E0B72E7DDF0C474A42F33B5DB67F2F634AA98CA03FF72DDBC04A1B71D73E7758
C:\script_ver\quarantine\under-review\qb-inventory\html\images\burgershot_tomato.png	15539	C2F166D7ECCEFDFFC0140C122378DEDB4489ACBEE99BF6811286994CC9F3F014
C:\script_ver\quarantine\under-review\qb-inventory\html\images\burgershot_toy1.png	7140	5770283FE656AF94BBB69A50282942419F22044F12DAB1136A602DE10D5F6984
C:\script_ver\quarantine\under-review\qb-inventory\html\images\burgershot_toy2.png	7265	286371CBA75E78AA1825DC6DFCC23B3FCA84E3B6DB42D67BDAC235B85D1DF325
C:\script_ver\quarantine\under-review\qb-inventory\html\images\burgershot_toy3.png	8746	E23AE90319ABEC8B04738EFE47555688668F8707534F5E5F0D52E289B6299FBC
C:\script_ver\quarantine\under-review\qb-inventory\html\images\burgershot_toy4.png	7830	EA72AF0B1E23F4CE5B92366E6AAE9A27F57F50139A4D863D6E111156618CBDD2
C:\script_ver\quarantine\under-review\qb-inventory\html\images\burgershot_toy5.png	8706	4A0FF0CE46E7F5FCB0A714B7324755339EAB3CE6866E54BDA99DB627441C6810
C:\script_ver\quarantine\under-review\qb-inventory\html\images\burgershot_toy6.png	11786	6E6AE825D39350860AD39062F72CFF42DC3A2E4365F1A34D82A545B1B6A6F02D
C:\script_ver\quarantine\under-review\qb-inventory\html\images\burgershot_ubeicecream.png	6351	D1ADE2F638A4EE1F2E69DDFC98DE4476E7F8EB6BF7A2C30465FDFC0DE0B6E256
C:\script_ver\quarantine\under-review\qb-inventory\html\images\burgershot_unicornicecream.png	6358	A130B38179B13B5C8A6B409F6392FA52BDFFD5BE09E15F3B1048FC35C1C285D4
C:\script_ver\quarantine\under-review\qb-inventory\html\images\burgershot_vanillaicecream.png	6300	71F5192528D6BFBA91C9B2095E006DA4AE54ED2F769858477CB6DC0190A63DEE
C:\script_ver\quarantine\under-review\qb-inventory\html\images\burgertoy.png	14112	F36FC24F6D2D2E9F94A85E426C205BB01C2420CF4A0FECDE541D95A3BBBF74F3
C:\script_ver\quarantine\under-review\qb-inventory\html\images\burgerz.png	10889	6C556ADB40F4C180855C7513C715E23696F1AF68CBC8648C9EE41CBE88663E3F
C:\script_ver\quarantine\under-review\qb-inventory\html\images\burnerphone.png	5788	01D6DAE12E747A73B3FA70E4C51838A043C8B345FC83886586295139BF404CE1
C:\script_ver\quarantine\under-review\qb-inventory\html\images\burner_phone.png	8489	3F3BA69968B64CDB7592485F7C8C29A46B69ED78F1D91CB7895A5B1A745735D1
C:\script_ver\quarantine\under-review\qb-inventory\html\images\burriedtreasure.png	22221	95D9F793486A396A51A0F1029EBE10BE0DFC336AA2208148E344A579731058F4
C:\script_ver\quarantine\under-review\qb-inventory\html\images\burrito.png	8212	D3CD410D6F902B24858C266C3862DE5F518CF40588D919C74E0931F3798207C3
C:\script_ver\quarantine\under-review\qb-inventory\html\images\business.png	8669	1676113E733DFA71CC5BEDCAF062062A8AB029D0208086BF35F72D2DF4B1C48C
C:\script_ver\quarantine\under-review\qb-inventory\html\images\bustdown.png	9327	D43254FD537C9ECB99F556BE9950CD563B5B2C01DB4503FEF92B6693306092F7
C:\script_ver\quarantine\under-review\qb-inventory\html\images\butter.png	10646	83EC8180E0D6326A2E75514E24B5FB649634BAD1A22D188B09ED52C127F48589
C:\script_ver\quarantine\under-review\qb-inventory\html\images\butterfree.jpg	18790	60A1DBF5CEFE458A5A8A256CD2238D9D2361E6F879DFDFDD9154D362E17A18AE
C:\script_ver\quarantine\under-review\qb-inventory\html\images\butterfree.png	110302	5241BF6E9FD00E31902833131F0CAE275C6F63F13D626D156D018DFF2F3310CF
C:\script_ver\quarantine\under-review\qb-inventory\html\images\bzgas.png	3662	F2BFAD3ED00253EFE412ADA470883B1BFBCEF6135EB041C8923B75690D2DAD76
C:\script_ver\quarantine\under-review\qb-inventory\html\images\c4_bomb.png	3985	698E8400AD66E04355E87CE751FD10AADAEDA2C717D305F906481DC1232B6337
C:\script_ver\quarantine\under-review\qb-inventory\html\images\cabbageseeds.png	2100	1CE5A516358387F860A34C07541799476E868FD1CCFD29A49FA090D39BC80CDC
C:\script_ver\quarantine\under-review\qb-inventory\html\images\caffeagra.png	20161	66EEC08567FA0C5CBF044B6370428E26C2F1EC887664CD127D94BCD9BAD864FC
C:\script_ver\quarantine\under-review\qb-inventory\html\images\cake.png	23559	F836942A4E259FB99702829B5343A5DBEF0B0D8BA06491566378EFE6FB5C3817
C:\script_ver\quarantine\under-review\qb-inventory\html\images\cakepop.png	16908	322624E7B62B680AC35015272D781F69EECDA0D3EC17F296F0C61E681D436BCA
C:\script_ver\quarantine\under-review\qb-inventory\html\images\calamari.png	26430	341DF18FDC2CA49389FD717C238D4F4C1D787A937DDFD1F855180920FA754CBC
C:\script_ver\quarantine\under-review\qb-inventory\html\images\cam.png	6854	4CF8D089EBA5B254E04211B3E29DF7B23886D1D2C9116C69ADC4B080E340A5F7
C:\script_ver\quarantine\under-review\qb-inventory\html\images\camera.png	8607	C57FB179836DDC554B281C75D2A8089BF615A253C01948850D10D3105398DF91
C:\script_ver\quarantine\under-review\qb-inventory\html\images\camviewer.png	6274	E500F54212AB5271D99598A582C5F86B6E826E982091EC58F66C3E5329C7E6C6
C:\script_ver\quarantine\under-review\qb-inventory\html\images\cam_jammer.png	13392	493C8B203130F4BF0820B90DAFBC2452185B71E67DE30CE66DF27DA51F0B9E6E
C:\script_ver\quarantine\under-review\qb-inventory\html\images\can.png	20879	6DFECC50765EA59A8CD31E367C73F025CD32DFC890770E891A1E756931EFF587
C:\script_ver\quarantine\under-review\qb-inventory\html\images\candydonut.png	6623	7F4EF5D2E42CA5C14186B5E794DFF3B3CA91263B9AB538C77D5836F92FC8668A
C:\script_ver\quarantine\under-review\qb-inventory\html\images\cannabis.png	11678	0810CB37BD7F0EE52554551BDBF636CDEF2BC660EAB3E34F15B9437BA87BD62D
C:\script_ver\quarantine\under-review\qb-inventory\html\images\caphatorange.png	18594	0522E94D3CCF46B10E8D1BB79DD003EAC7453D183662FAA8B0C8F17CB31A868F
C:\script_ver\quarantine\under-review\qb-inventory\html\images\caphatyellow.png	16170	77149EA7B4CCEBF6E3C238E25B36C5C0DD82A61CBAE8EC3E0FEAEE3247A059F2
C:\script_ver\quarantine\under-review\qb-inventory\html\images\cappucc.png	14520	63BB5414D61050DEF562AA7F6314F7BE2DA1290634749D9913D6FC41BA9C7698
C:\script_ver\quarantine\under-review\qb-inventory\html\images\cappuccino.png	153089	531628BA5609B4DCD5F78D6C948E2F85CFA08B73349A7CDB7217A733F4E2BA12
C:\script_ver\quarantine\under-review\qb-inventory\html\images\capricciosa.png	28678	CAF90CE368B44FAAD18FDE44D9B470117DFBA0AB6C406BCB38708319571E27BE
C:\script_ver\quarantine\under-review\qb-inventory\html\images\capuchino.png	11431	AA82CD4D1DBF894EDA966472F65223E868BD0502F8CC770FF205E5C861617F67
C:\script_ver\quarantine\under-review\qb-inventory\html\images\caraudiosystem.png	11682	2F9456E3CD8AA81C731E661830B161C8D88E575C5DE46140C43F2E226355FA15
C:\script_ver\quarantine\under-review\qb-inventory\html\images\carbattery.png	27314	D3A88DCD2795E63649A8395E6CA0C7054110B99380FF29F2F2D970D9EE7B07B5
C:\script_ver\quarantine\under-review\qb-inventory\html\images\carbine-rifle.png	7759	D90D377FDE5C7204EAB687B3DEC1262D278E58B1C6310C9C3E481FD745243EEE
C:\script_ver\quarantine\under-review\qb-inventory\html\images\carbinerifle.png	11441	092B99E002CD97CE0A323F3501BA42B72689C49F92CB2187A95451AD9E1D3C67
C:\script_ver\quarantine\under-review\qb-inventory\html\images\carbineriflemk2.png	10913	D24445062580146395B4E8B2918C7B48DAF948AB55440D6143D8D2FDF53C81AE
C:\script_ver\quarantine\under-review\qb-inventory\html\images\carbon.png	21505	1B10E6E44C312B9EB758703C8EB181687C9F757A1BAD3907C878966EC5A65236
C:\script_ver\quarantine\under-review\qb-inventory\html\images\carbonated-water.png	7337	3301C5827E4034D1770871AF200283D051D10065A27770EAC2D06417C33DD3A4
C:\script_ver\quarantine\under-review\qb-inventory\html\images\cardiaquecigs.png	9462	B9B39443D94A729D753F1ED17A892467D1400037044882F835459119CC6E4916
C:\script_ver\quarantine\under-review\qb-inventory\html\images\carettacaretta.png	15217	70ABC8E75F8255ACB302957D1017ED6A460A094323C7BF0963E7EBA7F96FA9A1
C:\script_ver\quarantine\under-review\qb-inventory\html\images\carkeys.png	12077	221997CE86D019E9C8EBF54724B9A1CFB3661C9F44F26620C029F9D714F54459
C:\script_ver\quarantine\under-review\qb-inventory\html\images\caroil.png	20904	F706D127BE9AFED57B5C0BADD8226928444E2B74566C58A707E8393E877EFEA7
C:\script_ver\quarantine\under-review\qb-inventory\html\images\carrie_pop.png	12247	CCC8A483C0B5372FD260E5258DBA71CCDB7E7A1CF2938F52A6DB723DC022440E
C:\script_ver\quarantine\under-review\qb-inventory\html\images\carrotcake.png	23444	B028B45239939A4832130C71B51544DED25D069E9A19C254C6DC020435B5BD86
C:\script_ver\quarantine\under-review\qb-inventory\html\images\carrotseeds.png	2985	55239269AC4F0AC15B7BB38E0B5E9DD36DB0FC89708C21CBF16DA2D09B3F822B
C:\script_ver\quarantine\under-review\qb-inventory\html\images\car_cleaner.png	13451	67C80774DDB9538E675606BC8F21B4794B5A9434DB8C607BEA6214F0699569AD
C:\script_ver\quarantine\under-review\qb-inventory\html\images\car_door.png	13438	7C163EEAF48E309415AEA0DC56A6B33A9C219905C538245CEA4E78703B12B1D3
C:\script_ver\quarantine\under-review\qb-inventory\html\images\car_radiator.png	14228	FE88A8EB664EF002E820A9EC4AFCFC8F9F9FFA6307682ADA34A47ED4B2F1F3D1
C:\script_ver\quarantine\under-review\qb-inventory\html\images\car_trunk.png	78705	1C08ACB5F677C4F1096546E10F7D3CB7686FA5C66552D880830A709B2FFCF96E
C:\script_ver\quarantine\under-review\qb-inventory\html\images\car_wheel.png	13509	3E2641BC50A71A85C064F61B0D8AF91A40ABF077F03EAF50DA1054E73A4E8710
C:\script_ver\quarantine\under-review\qb-inventory\html\images\cascadeBadge.png	8350	63BE9E0AC7C9684DBF1F5156BB4651E3E07649241C7E6006B180CDD764077415
C:\script_ver\quarantine\under-review\qb-inventory\html\images\caseyjones.png	8957	4D136E4799F5122A39F8A3AE9D69A54DFE39AAC94058D9E945B87F85C07AA479
C:\script_ver\quarantine\under-review\qb-inventory\html\images\cash-roll.png	7307	C1EC9885ED999E27CE4EAB00342AE8441893F289D550E9145413ADC7386A2D8C
C:\script_ver\quarantine\under-review\qb-inventory\html\images\cash.png	3471	58337EDACDF14A55D2C8D0C419A9EF10FE9E14922F6D35F6768161D9D8BE6CB3
C:\script_ver\quarantine\under-review\qb-inventory\html\images\cashroll.png	7307	C1EC9885ED999E27CE4EAB00342AE8441893F289D550E9145413ADC7386A2D8C
C:\script_ver\quarantine\under-review\qb-inventory\html\images\cashstack.png	13347	0A9410A06CA12346CEB444EC3E620BB2D910EF4C74041E0075BE108D9206FC6F
C:\script_ver\quarantine\under-review\qb-inventory\html\images\casinochips.png	16899	F1FE24CF45D4FB18D38BE2F34912503B92B1CC319122B5B081D2D838D0BAE791
C:\script_ver\quarantine\under-review\qb-inventory\html\images\casino_blackchip.png	7916	ADD17C039F58D4A96B544F28B7361E0862FB440F289736F65B5D5E8091CA72F3
C:\script_ver\quarantine\under-review\qb-inventory\html\images\casino_bluechip.png	8264	1CFD73EED60F3A09E90442931FD81DD4A7E8BAD2EC52432E00FBF272DACD27F3
C:\script_ver\quarantine\under-review\qb-inventory\html\images\casino_chips.png	8977	E0C3124FF3928295AEA9457F6F10540051E2BF54CAEF84330F09242B37E5D973
C:\script_ver\quarantine\under-review\qb-inventory\html\images\casino_goldchip.png	8754	3D1B060FC734A9D6B5DE2E3AC5ADE62F73F5EC6A495782FFB220EBA74E8B6C81
C:\script_ver\quarantine\under-review\qb-inventory\html\images\casino_high_roller.png	31648	F5336F08D743326C96A4BCC853BFB8E697AF2049A1CD12124705122C1B5167FD
C:\script_ver\quarantine\under-review\qb-inventory\html\images\casino_keycard.png	9962	8D8B1908FB312E1BB1799346201FFCA7EFDAB5FEDD6A67A347F31C70FA32B99F
C:\script_ver\quarantine\under-review\qb-inventory\html\images\casino_member.png	11546	3204F660FFEAA662F4319E4AAB787CAAEB116C74A208A8C97E351EC66C8AB663
C:\script_ver\quarantine\under-review\qb-inventory\html\images\casino_redchip.png	8634	6CBF35D90121D74327927B3E434EB368992B368731C1DDA2E6AD4EDB892D2E98
C:\script_ver\quarantine\under-review\qb-inventory\html\images\casino_vip.png	28756	36C291CF80666B24BA2EB24E9885943C530C4C5036899450A4FC8DFE9A05FB66
C:\script_ver\quarantine\under-review\qb-inventory\html\images\casino_whitechip.png	7796	40E26AA3BD69D55496C870134D87044AED0116816294641164CDC32B8B295533
C:\script_ver\quarantine\under-review\qb-inventory\html\images\catcookie.png	24031	393C1FE967918F7969EC88BFD6FCE41DBDAC7640672D24160466D62E3772022C
C:\script_ver\quarantine\under-review\qb-inventory\html\images\catdonut.png	20794	E5A94F9975648F89AA774751C6B1132A7CEA6AB15DFBF38583733723EAA56E67
C:\script_ver\quarantine\under-review\qb-inventory\html\images\caterpie.png	14330	0160855675B96A7BA8DAC4BF1D2001FE4ECFE988C516E1B135AE88151CB1CD21
C:\script_ver\quarantine\under-review\qb-inventory\html\images\catfish.png	21869	7CB694F9489836EB1E0CA945D73F39F30168F1B5F928B1F7502F6FEED28FEAC4
C:\script_ver\quarantine\under-review\qb-inventory\html\images\catman.png	8912	2781E4F25DB17A14F91CB54C9EACA5F5300630BBDF53CDBB9B9780083FA03F08
C:\script_ver\quarantine\under-review\qb-inventory\html\images\catpizza.png	30197	8E6DFCD29739A41F1441E6FA501294BD23939059FD457C765312831355643D1C
C:\script_ver\quarantine\under-review\qb-inventory\html\images\catrice.png	31341	9F766DA5EB61B99B60D6B89793DB0A5A36449390EFF18F123E7916C551FE5414
C:\script_ver\quarantine\under-review\qb-inventory\html\images\cb.png	5392	97DF658E709750AFB90E0DFB79DF46A3F0BC6089F7FEABB94B7C891332B89406
C:\script_ver\quarantine\under-review\qb-inventory\html\images\cblk.png	4795	BCDE652B41C58E6CF6A6014035A3FD9B7822A8055138B9FAE73B0392E917635F
C:\script_ver\quarantine\under-review\qb-inventory\html\images\cbrownie.png	9403	A26F715FA77C4F2E447883633DBEDABD45D0EA4BC154578C0EC4D676A4E139F2
C:\script_ver\quarantine\under-review\qb-inventory\html\images\ccookie.png	17105	79A279304BC2D5F58167866EBEE16A515C109BEF7F92FB3AB0AC8DF212AD511B
C:\script_ver\quarantine\under-review\qb-inventory\html\images\cd.png	6276	6493927864C216811A3DF495A749A5AF8D88582BE2810A719F220D75D666E511
C:\script_ver\quarantine\under-review\qb-inventory\html\images\centralchip.png	19463	8C51BBF33E550B45C714497FAFB1654272334D4B098B628184E2E28CB9252F15
C:\script_ver\quarantine\under-review\qb-inventory\html\images\cerberuschain.png	5799	CA0CFC5DA1214808970283E27602E5EF2CFBE99C61990E73E7A39D7CFD7CB876
C:\script_ver\quarantine\under-review\qb-inventory\html\images\certificate.png	11851	5F35638BDF41937E915CB61A2861A112494AA9801FE7016CA4272B63478B17E4
C:\script_ver\quarantine\under-review\qb-inventory\html\images\cg.png	5150	5F58CCF316C0A95476B58C0746A0FDBAA2FED25DF94FD5EFAC3B4F1C65B60A59
C:\script_ver\quarantine\under-review\qb-inventory\html\images\cgld.png	5109	59F7343EE9818B4066915543E5DB965AE47E29BF2334CC5FA710760C56C7B165
C:\script_ver\quarantine\under-review\qb-inventory\html\images\cgummies.png	9438	8F1BD727C4E0DA6F71E67EE494E6191A9EE4DA403008CCF84E6E0DDBBEBAEDBE
C:\script_ver\quarantine\under-review\qb-inventory\html\images\cha.png	1995958	A05D2390E498B1FFF1EC537949FF4BACC97DD1970D047A07017713871B4A8F18
C:\script_ver\quarantine\under-review\qb-inventory\html\images\chain.png	139793	84F4F05F9BBB11078F087C6A3FCF48DC6EC1D750064F02D9D1A883E89CB6BFE9
C:\script_ver\quarantine\under-review\qb-inventory\html\images\chain_bdb.png	7536	9BAA4CFAB9F0ADB184EFF63B0870A823D30B6722276BF0AAA00B05206B3FDCCA
C:\script_ver\quarantine\under-review\qb-inventory\html\images\chain_cp.png	5081	5150FB623F699E61D1DB963AA4C0A612DD96FC979B6808CBBABA0D0BB47BB704
C:\script_ver\quarantine\under-review\qb-inventory\html\images\chain_link.png	5718	7957B2F7BC9B0E04469592950E97255E6BA456B13B84F72C41BAF2A2B567DB72
C:\script_ver\quarantine\under-review\qb-inventory\html\images\chain_nocap.png	10635	73E3988693D88392CCC14A6DF6A3AC37ABA2D93D3746CF607CDB49EAA169ACF0
C:\script_ver\quarantine\under-review\qb-inventory\html\images\chain_skull.png	5299	D119E0BF28E74B9E682A2F137A8161710DDD76BB0CA3905F15F353C53DB45351
C:\script_ver\quarantine\under-review\qb-inventory\html\images\chain_snake.png	11348	1231A69DE8DBA66A57C39033015DDB1DC8F11D44E14DCFC704C3BDA6C73ECA39
C:\script_ver\quarantine\under-review\qb-inventory\html\images\chain_v.png	8899	4468B48CE1CF6B8C948E2A4EB2EE546D95E632B077CAFF1F685BAD3F2BFC426E
C:\script_ver\quarantine\under-review\qb-inventory\html\images\chair1.png	18458	67C5B70C96ADF36B5F06831F724594E0442A8E0A4FF97DB97B487E1C71EBF67C
C:\script_ver\quarantine\under-review\qb-inventory\html\images\chair10.png	21430	45D0465FD910F9E2EA42B317B7B86BC8773A185FE1A24EE85F3ED153BFB0D44C
C:\script_ver\quarantine\under-review\qb-inventory\html\images\chair100.png	18467	AE06049899818A144C9EEA52BFE04A7F5F982C7349FA358C60C50D93282FE071
C:\script_ver\quarantine\under-review\qb-inventory\html\images\chair101.png	20792	72639E5AA5FAA414F338E959A46E9C317E7E56F59669892A855B568B5F08A4CE
C:\script_ver\quarantine\under-review\qb-inventory\html\images\chair102.png	16779	37B26132D18F83D7FB2CEAE31A567A1C347E65FB97BBC991F4C05961B460FF1C
C:\script_ver\quarantine\under-review\qb-inventory\html\images\chair103.png	15663	1365AF5519D513CF80F386C2EF0DD97ED6D639F505A482B5583EC38C7B9E8C75
C:\script_ver\quarantine\under-review\qb-inventory\html\images\chair104.png	16186	0FA3B8FD4A3D3A6F36E39FFF5C705D71F56FB035EC909A41220543FBB6DC5C1C
C:\script_ver\quarantine\under-review\qb-inventory\html\images\chair105.png	16839	EBD709636D34DEE2C97DAE81306A61EB8399D13C64E3142181F4150BE23F453E
C:\script_ver\quarantine\under-review\qb-inventory\html\images\chair106.png	13957	51586471CBEB4E2CCF2F514679BB5272AFDEABEB94422CE30CC4809F6DD8EBD7
C:\script_ver\quarantine\under-review\qb-inventory\html\images\chair107.png	18341	021B5C6AA068239EC32E80ADC03955BCB50764BE2567820188058EBB49610D2B
C:\script_ver\quarantine\under-review\qb-inventory\html\images\chair108.png	15914	359465FB0FF64F70F31C71EE744670B6F42E3692BFF6E69DA00DFCDF615E7B9F
C:\script_ver\quarantine\under-review\qb-inventory\html\images\chair109.png	20562	F3A11A3567E9BA341E7B9376CA3CA632722E7DE271AD7AD5C6D7314345DED79F
C:\script_ver\quarantine\under-review\qb-inventory\html\images\chair11.png	22127	B960E481CB89E11D61B317C38BD24BA6D9178D36C9FD5C316FA1901117F53A03
C:\script_ver\quarantine\under-review\qb-inventory\html\images\chair110.png	15010	FB3804255177B18C4E8E338A775A9A25348F493E319B10796BB8EF48F8363108
C:\script_ver\quarantine\under-review\qb-inventory\html\images\chair12.png	16242	BF35DF67CBBE84E1CCBDAB4BF52B62E112026815A1E7B4A93D329519D773858D
C:\script_ver\quarantine\under-review\qb-inventory\html\images\chair13.png	22128	7A57D2CB5E0ABC6D89167802AA0E4635CFCD69E0E247408F7AF6DA0748E5FFEE
C:\script_ver\quarantine\under-review\qb-inventory\html\images\chair14.png	20140	B58DFCE074AB746B1CEFC8ACDC454B633254C5491B2B1E18B320F448D2A2B4D9
C:\script_ver\quarantine\under-review\qb-inventory\html\images\chair15.png	15255	282A1BAD8BB585A34A39AA8F666A84E0AB1E97B24048A1BD0DBE9001AE9E12D1
C:\script_ver\quarantine\under-review\qb-inventory\html\images\chair16.png	16008	BA650178A3B1B17A32166CB121F29ED7BE5860A9C689157A71307D44C51761A9
C:\script_ver\quarantine\under-review\qb-inventory\html\images\chair17.png	19181	A7AD35D0F9053438BB5EDE7DE2FFA3FB44356D8D5323A2D41699516CF4A5C3E3
C:\script_ver\quarantine\under-review\qb-inventory\html\images\chair18.png	15887	4D60C4E92D62AFBEB9D93DBCAB6DC97D06CD6A71546BF304BE6B1F9ED52BF043
C:\script_ver\quarantine\under-review\qb-inventory\html\images\chair19.png	18629	96C99C62B8BDE618967643DC40F52AD5D52FEF73289AFA9F558F9FF3E3D378E9
C:\script_ver\quarantine\under-review\qb-inventory\html\images\chair2.png	18397	CBB7CA9512C9BD69E7CBBC65241C4BC23224E0783372D7AFC27ED5BD6E0589AE
C:\script_ver\quarantine\under-review\qb-inventory\html\images\chair20.png	16428	2AEAA2F91E49A81D52D5F55C7C0DC3F7CBABE4434437AB512766E58F581A3590
C:\script_ver\quarantine\under-review\qb-inventory\html\images\chair21.png	19203	B43CF390857D61DC96F4588934D3A713A5FE863CAECD3F1D6CE599C76755D01D
C:\script_ver\quarantine\under-review\qb-inventory\html\images\chair22.png	20045	21D371072ED4F0049D53E5D1DDFE2AAD8D0594656E2121875FAAB7C124EEB621
C:\script_ver\quarantine\under-review\qb-inventory\html\images\chair23.png	19317	70819F93D828D5F2124D99FF937503B9A004D216F26608ADB0E4A5BA84819CB5
C:\script_ver\quarantine\under-review\qb-inventory\html\images\chair24.png	19993	1F7BAB8419DD150AE380130C085F96AA10361D6FBEFD9E02B6A60D1709371BF2
C:\script_ver\quarantine\under-review\qb-inventory\html\images\chair25.png	16693	430DD17C1A39A775F9CD40123C15E6027B57AB0784AAD782AFDDCAACFF5635B7
C:\script_ver\quarantine\under-review\qb-inventory\html\images\chair26.png	15197	1012A8379A4653A29300027E5C004CDA9CE7AF5859A76B55C00139742C6F5D3C
C:\script_ver\quarantine\under-review\qb-inventory\html\images\chair27.png	16924	D3AA884EBE97CCFD896C36B3ABBA18E5AF15CD7F0A3F52147A649CC58A4F1186
C:\script_ver\quarantine\under-review\qb-inventory\html\images\chair28.png	17016	C4A49766B86828F718F6D05A1DF927F9F13ED3815BE22B30E6F07834DF29D435
C:\script_ver\quarantine\under-review\qb-inventory\html\images\chair29.png	17594	53D77C127AF87AD5740F1DFEBB3CB51D69080BA896858C37CA6C70F2BEC01EAF
C:\script_ver\quarantine\under-review\qb-inventory\html\images\chair3.png	17949	9156522CFAA02FD7C2C06B8A5C4E96601D35042B85694E182C9D8320B39BE2E8
C:\script_ver\quarantine\under-review\qb-inventory\html\images\chair30.png	16215	A19B7E0C492447013AAA8DDEBD02A7A485E6B721B3B1D6A980EC376B823F0383
C:\script_ver\quarantine\under-review\qb-inventory\html\images\chair31.png	19559	023ADDE5BCB5CDDF1A412CD3AF1A03345EB1F3616C35E68994EEABDF50857B0B
C:\script_ver\quarantine\under-review\qb-inventory\html\images\chair32.png	19250	752EEA692633A2A7FD0395D2C64ED2A21ECA6894D39445DC7C3D9A37A69D61BD
C:\script_ver\quarantine\under-review\qb-inventory\html\images\chair33.png	17215	0CF0E36A4037FDCB376F8D9D5DABF13A1D54DC6D3693AA41B58ACF19AB88A5E1
C:\script_ver\quarantine\under-review\qb-inventory\html\images\chair34.png	16022	E4B4AE1787ADE236960B17DF0D2B317D923E4B521FBF8FCFF8C9BA06A18D4807
C:\script_ver\quarantine\under-review\qb-inventory\html\images\chair35.png	17707	3B59B54A2F0109D2A31938C450C9B72B18993AF9225BB3BE40F3B79C06C93DB9
C:\script_ver\quarantine\under-review\qb-inventory\html\images\chair36.png	17672	B83026FD75D2C246B18139C5F33139108C1A06AD8D5116B650199887782F983A
C:\script_ver\quarantine\under-review\qb-inventory\html\images\chair37.png	16933	DBC318A86BA512013AF1E9663994C56A3B3984F1D4CBB3E2DFBFA1BD15FA4972
C:\script_ver\quarantine\under-review\qb-inventory\html\images\chair38.png	19086	C44E7062F694992F844E0AC7EC32D2530031634BD83A41F8A46FE8DAE2616DBB
C:\script_ver\quarantine\under-review\qb-inventory\html\images\chair39.png	23959	9AF121FAF8E2792B61C1B729BFA6E9CC5C122024C3CBA1C9D3E35BB81CEEA538
C:\script_ver\quarantine\under-review\qb-inventory\html\images\chair4.png	20317	2B8276C3E7B8C47026CC8DF997BACC25E35AC9A28FBA3EBFED301AA824D204B2
C:\script_ver\quarantine\under-review\qb-inventory\html\images\chair40.png	21018	EEC460AE1D800FAC473AC6115624CAF5EE849E5F17E63424CFBECA336FFC4762
C:\script_ver\quarantine\under-review\qb-inventory\html\images\chair41.png	18238	1EC3D4FC69151CEEA5E401A9098D07BCAB3944C6E1B3D5C712630636600CBD6A
C:\script_ver\quarantine\under-review\qb-inventory\html\images\chair42.png	19166	DB4267E2B4FCDC20BE6217E56746EDFC4A09D6EE7786BC7BB820C294EF20C02B
C:\script_ver\quarantine\under-review\qb-inventory\html\images\chair43.png	17046	006D21861148A3ACA46BE25B95404D96CBFF28F84F9187E3EDFC2B53DBF19190
C:\script_ver\quarantine\under-review\qb-inventory\html\images\chair44.png	18596	5ADC2FCD793BFA9AC3EA5FA2D382C9ACF3CEDEC6DA9E85CBD0AD3AB246D63F1E
C:\script_ver\quarantine\under-review\qb-inventory\html\images\chair45.png	15210	30A6FC31E03F196DEAEB77AADCEE0E2012B8262DB5DF5C76A1C9CB42DC99CA94
C:\script_ver\quarantine\under-review\qb-inventory\html\images\chair46.png	14464	AEAA53F5833CFECF12105DA99C16D99EBA5B8330354AF33C479D3D34CD48991E
C:\script_ver\quarantine\under-review\qb-inventory\html\images\chair47.png	17690	C28F1F58F948CA1A5630E4FFD54D7C3D8797A0BB22A62F4F44F2824B5DEFACF5
C:\script_ver\quarantine\under-review\qb-inventory\html\images\chair48.png	16204	D58BD41AAA5A92D945EAC6ACF49C87AFC7DF78C4D499FA3192FB74C0FE5F5106
C:\script_ver\quarantine\under-review\qb-inventory\html\images\chair49.png	15261	C1E24E37AE9D7789EF657775A2D1079CCBB05FF1794D5CCF17B25447018DD65A
C:\script_ver\quarantine\under-review\qb-inventory\html\images\chair5.png	19727	BA13D2D75F22DB0196222B76DD737C427C32ADF0E25EC349A020AF8C40DE0D24
C:\script_ver\quarantine\under-review\qb-inventory\html\images\chair50.png	18310	3E6E910F3554AE40FF4E39B540B9632787A1F4305208D1B9690740796605A43D
C:\script_ver\quarantine\under-review\qb-inventory\html\images\chair51.png	17337	81B4657010B2E665CBAB2AC84AF77B524240F5A2A882E3BD1D4B8B7939A29793
C:\script_ver\quarantine\under-review\qb-inventory\html\images\chair52.png	20701	13F81DC9A3AAE7951D36EEE678E6439008FCF628491CC20F6C0F8DBA8502D2EF
C:\script_ver\quarantine\under-review\qb-inventory\html\images\chair53.png	19344	378F40A6F7AD24DED51E6F93AD5F91138EFC9C0F4D550A5FE3D654DA0F340C6C
C:\script_ver\quarantine\under-review\qb-inventory\html\images\chair54.png	18935	C8267DB334783D987DC6EA275DDAD95B97E6C1EDA5183785A75A0C769310D8D9
C:\script_ver\quarantine\under-review\qb-inventory\html\images\chair55.png	18041	F1347E7467C6698CFE7FFE2FDBBE66BA0C48EDA6AF45B8E1AAFDD6B4BD96FCDA
C:\script_ver\quarantine\under-review\qb-inventory\html\images\chair56.png	27000	CB578547AB418DC9A0A348F6D77DD6DBFD3F03426DB53B3E99F7742C35677D90
C:\script_ver\quarantine\under-review\qb-inventory\html\images\chair57.png	18432	ADEB81DE16CF50488DB4FA3EC1E250AF65906DAC523605815534CF6F4A4B16D2
C:\script_ver\quarantine\under-review\qb-inventory\html\images\chair58.png	21747	E75F4F2889D9A95447DDFF9DD451638EBA9783E291498DB90253192F8196C102
C:\script_ver\quarantine\under-review\qb-inventory\html\images\chair59.png	20219	0E7604AC52AFDDC8770B354F5985F4BF90A1A64BF740BEF8A1010A0AF094C183
C:\script_ver\quarantine\under-review\qb-inventory\html\images\chair6.png	14545	CEE17EB8A87EC1AAE6DA0542DB12F5B5F5796BFA957C94A173911B7AEFE252C7
C:\script_ver\quarantine\under-review\qb-inventory\html\images\chair60.png	16462	398E1F260C0A457FA2B9A842BC209D2EA826F4C1963F63BAA6DC3D0EEBBCC795
C:\script_ver\quarantine\under-review\qb-inventory\html\images\chair61.png	20464	F4D8C14D67B5ADF582B509A01B6DD37BBB929D5EE2BEB18F2643A9F8D0893A4B
C:\script_ver\quarantine\under-review\qb-inventory\html\images\chair62.png	18263	133140F3414154B082D219850083D7A50C51C74C4FB07E75E872B546C976FE14
C:\script_ver\quarantine\under-review\qb-inventory\html\images\chair63.png	18391	AEA02814386600386C62CCB19E2913ADE746FAF433EFEA0864C7507C3B80A6FA
C:\script_ver\quarantine\under-review\qb-inventory\html\images\chair64.png	21146	48B33C6156E4D988E2A3B437E86AB730C699E84A6F6BBBC0B41371575D347435
C:\script_ver\quarantine\under-review\qb-inventory\html\images\chair65.png	22762	D64092452073D1EA9CCEE2DE0EB423233DC38E15657B244BA09A4781DD78E3E7
C:\script_ver\quarantine\under-review\qb-inventory\html\images\chair66.png	22627	D8073450AF618ABA87CAD09883B595614C5400EA6A7A6D3D1491C9E0A748A6D8
C:\script_ver\quarantine\under-review\qb-inventory\html\images\chair67.png	14443	D7B24CCAC826A0966E21659FCC7518FCAA577D79A5C1448D2E7DFDA5B88CFEDF
C:\script_ver\quarantine\under-review\qb-inventory\html\images\chair68.png	15019	5930DACFE53E43579CE0F14C078AD48E3D004323B8AE7212FD9797E63D8C0670
C:\script_ver\quarantine\under-review\qb-inventory\html\images\chair69.png	17248	4590A025F0E26BF0C7C47FE588D87A1331430A843CF10963DF2DC11B4B4AE7BE
C:\script_ver\quarantine\under-review\qb-inventory\html\images\chair7.png	17897	249F9F334F21A6432CB245EAE2A307070663CA64877100BA78AB1EA121050144
C:\script_ver\quarantine\under-review\qb-inventory\html\images\chair70.png	14716	59EAC93F69F06A98121F263B391A3908C2D865B59EEA200948437F9E605FBD7B
C:\script_ver\quarantine\under-review\qb-inventory\html\images\chair71.png	18755	0EC6247DF59078ECEBC1AECD154953482F9354FA7CF7C4F056EB782728BA9CE0
C:\script_ver\quarantine\under-review\qb-inventory\html\images\chair72.png	18927	823F7FB57F4EA9287172E9ED3B3939D7E1F29B3B2814DD6470E75B05FA223FE2
C:\script_ver\quarantine\under-review\qb-inventory\html\images\chair73.png	17577	42C7D82F4BCB0A9263C8DA6B01D20D8C9112105AA00FD5660151C9CF3F7214DA
C:\script_ver\quarantine\under-review\qb-inventory\html\images\chair74.png	21578	D71C355341E010AB1F0FBD06F3894405FA50AAC0CDE5125C40345E5121CB63E0
C:\script_ver\quarantine\under-review\qb-inventory\html\images\chair75.png	17154	0554ECD5263FFB79EB1CB78E43BC56AD16C0BF5BB407A9E71D4AAB6651620FE6
C:\script_ver\quarantine\under-review\qb-inventory\html\images\chair76.png	17241	1DA0003C680A3C1A05F600136623ADC39C37D16D4A052784218D25C1AF5DA713
C:\script_ver\quarantine\under-review\qb-inventory\html\images\chair77.png	19152	A511696B30DFD1A8FE8F54FE9687A7BC25260793587BCD3B75DC984B69B004DA
C:\script_ver\quarantine\under-review\qb-inventory\html\images\chair78.png	19046	6736D626380DA8F4BA622044B0F891F4FF0E375C9CC7C3716CE822BD99355102
C:\script_ver\quarantine\under-review\qb-inventory\html\images\chair79.png	19453	6D129936D104C1042BBF39DC44455E6858C5272E6871BB4271ED9733B15B96DE
C:\script_ver\quarantine\under-review\qb-inventory\html\images\chair8.png	22783	AB2AB6BCB56893272D0EA6311FDAF9BF799B8E8FA250D29CC682BE54BF3EF508
C:\script_ver\quarantine\under-review\qb-inventory\html\images\chair80.png	20679	621097CE5F2DC0F3BC5F148E429262A6A20935DC84FF342421401190250E03E7
C:\script_ver\quarantine\under-review\qb-inventory\html\images\chair81.png	23673	69E1850F31AF5BB9199BFEEEDAC84BC3BB718FA2E7661887623DEF990F472CA4
C:\script_ver\quarantine\under-review\qb-inventory\html\images\chair82.png	16686	F3E98D0ED757DDF185804FEA90E19F602E25930EE4BDBCD1B8996CF6CC8067A5
C:\script_ver\quarantine\under-review\qb-inventory\html\images\chair83.png	25011	DAEBCE9D66DD7E3FD5B5DE7FCD6D76E504B20C0F6F3E34E5B644CEC658550A67
C:\script_ver\quarantine\under-review\qb-inventory\html\images\chair84.png	19952	D30238DFAFB9DB5831B193964572F8858B18928C15304234D3378F9C03012E36
C:\script_ver\quarantine\under-review\qb-inventory\html\images\chair85.png	17450	573129EE31434DCF48275AD35B2EF35CC6A74EB0AE90EDB7B7CB259BAE2D85FD
C:\script_ver\quarantine\under-review\qb-inventory\html\images\chair86.png	18404	F1B18A5E53A7ECC8E7378BA4DD5535CF8D074EA0BA981AB3D762EC9647E0AE4A
C:\script_ver\quarantine\under-review\qb-inventory\html\images\chair87.png	18624	6ACB87CAB187392ED4CC17549B7334D20FAF9BAE819129C864DCF7D10D2AF688
C:\script_ver\quarantine\under-review\qb-inventory\html\images\chair88.png	17072	4D9D631E45461C3C15BFC2B71A74E29E3F5565FB2017D63D31ECA8B8F5A8F792
C:\script_ver\quarantine\under-review\qb-inventory\html\images\chair89.png	19829	843BC6D369310D6A8308CE356FF90C57F3175D31F381C5BC22EBE3D0A3F038FD
C:\script_ver\quarantine\under-review\qb-inventory\html\images\chair9.png	17674	71000A0C60C237DBB41520FE1C8DD4581A23504E6B6F53A808025647B8E976AE
C:\script_ver\quarantine\under-review\qb-inventory\html\images\chair90.png	18575	CD80A33FBC9C7478EE4E80CCE9313C2529E7C2C315E502C336C0B92FAB2FF5D2
C:\script_ver\quarantine\under-review\qb-inventory\html\images\chair91.png	19436	F17D9757AC75493CFA33EC065C5D4DD8750823F96B2A8212913A4C1EE4670BD6
C:\script_ver\quarantine\under-review\qb-inventory\html\images\chair92.png	17638	35E714E33AC4262E801BA87E63ED57DEEADB82A6A35DB8C4C8B4E3F0027A6F40
C:\script_ver\quarantine\under-review\qb-inventory\html\images\chair93.png	19250	752EEA692633A2A7FD0395D2C64ED2A21ECA6894D39445DC7C3D9A37A69D61BD
C:\script_ver\quarantine\under-review\qb-inventory\html\images\chair94.png	20138	B54449520DA41C3E2453CFEB37FFE4B0474D57932D2B24CF601BF096B994862D
C:\script_ver\quarantine\under-review\qb-inventory\html\images\chair95.png	16203	5B84E00C3BA511D9F5010306BBE87A1592FEF6ADD89A9C1A6D2220D287E3082B
C:\script_ver\quarantine\under-review\qb-inventory\html\images\chair96.png	15309	31415377E50080DDB9BE3D414D3D135A99C3D14D08255C35D30CA62FA47D446F
C:\script_ver\quarantine\under-review\qb-inventory\html\images\chair97.png	20322	5C5CCB769DC7F6B5C3B5DA909864C6D1277350B8BA9296913222845FEEB92A64
C:\script_ver\quarantine\under-review\qb-inventory\html\images\chair98.png	18132	9F0F8154D3C9AA050C87375717AF9463C778E0D5A55F3A20DCB1A863B670AF5F
C:\script_ver\quarantine\under-review\qb-inventory\html\images\chair99.png	18391	E48C37608F7E9092A53FBEFC02D520F4DBEBF06972F1569AC9292B0384C01C6A
C:\script_ver\quarantine\under-review\qb-inventory\html\images\champagne.png	6393	644F496858D1940D9BC52A2ACDC7D25DF5D622515D7A9459831619317EF0EB98
C:\script_ver\quarantine\under-review\qb-inventory\html\images\chansey.jpg	18346	37F132AA9734C0A5A50C0ACF2C4E07173E1B1D299A5954F72D0FDDD4FEEF8E2C
C:\script_ver\quarantine\under-review\qb-inventory\html\images\chansey.png	79200	0DFD3B46EB2CF1E182C6A9C603E7ECEA728DF0404B696800C2FCC1132DAD1ED4
C:\script_ver\quarantine\under-review\qb-inventory\html\images\charger.png	8604	2368536E9DB147C550A69D89CB95F3AD2CC670EA9B73E36897E01BE7E22B74C4
C:\script_ver\quarantine\under-review\qb-inventory\html\images\charizard.png	15417	D8CE25FBD04EF02D7BB15C9756A34251F76FFE54480D64B701699B6A689B17C3
C:\script_ver\quarantine\under-review\qb-inventory\html\images\charizardv.jpg	7946	A2CECEB11F654FF3AE1E5A22018FA4513F5D3D54354D086A999BAC8B0556D7EC
C:\script_ver\quarantine\under-review\qb-inventory\html\images\charizardv.png	47177	289AFBE922F33E38F3A1E165B243CE30006360E2067E6BBDE363061E67769870
C:\script_ver\quarantine\under-review\qb-inventory\html\images\charlotteflair_pop.png	15464	350E700E55118BD9C11777A37315FBC2842857A6EFB0FA249A458F2861BDE239
C:\script_ver\quarantine\under-review\qb-inventory\html\images\charlottehornets_pop.png	8172	17CC43CC6118E95BC53CC0A57601A2D20B3ECBD701332ADFC5EF28280E35EFE9
C:\script_ver\quarantine\under-review\qb-inventory\html\images\charmander.png	14216	995E83DA8045293554FA30A51B27BB6CEEEF589110D0F1A1D00824806F0A7143
C:\script_ver\quarantine\under-review\qb-inventory\html\images\charmeleon.png	16527	73D12B95E1CC1B5DF14D76DC3CFEC30A93E234B24D4537ADD48CEB57A709F2AC
C:\script_ver\quarantine\under-review\qb-inventory\html\images\chattablet.png	13643	ED3CA9C0B2F356417A8AD834BA4896943A8A35334F2AD8476953E68820E2D4CB
C:\script_ver\quarantine\under-review\qb-inventory\html\images\cheddar-cheese.png	10016	B6549CDA17A3A07FB516B3C660D1A98C52F0F885D45A245C8D425C2D5383E551
C:\script_ver\quarantine\under-review\qb-inventory\html\images\cheddar.png	18973	1A9B037804BD80A72B9108136BF4666BFA01FD43D8B13C1CDCEBE0C086F7761D
C:\script_ver\quarantine\under-review\qb-inventory\html\images\cheese.png	24862	F81F0AD1E5FFA1115DC4D6C772DC8CFA2F5785CD9C67F46B5373E3B7041E1990
C:\script_ver\quarantine\under-review\qb-inventory\html\images\cheeseburger.png	25483	3E39B1E66D86042DF04A370FBBF87A7B38457459F993D5B7E7135EFCBE06052E
C:\script_ver\quarantine\under-review\qb-inventory\html\images\cheesecake.png	19467	73DF23925B0EC1E94BCB85613DDF59D53D3ECDA4B89EDEB769445A303B88AEA0
C:\script_ver\quarantine\under-review\qb-inventory\html\images\cheesepie.png	42757	35F01627B9A39D6675E9EFEB1B001DAC8192192047B71774B98DB72F024AB39D
C:\script_ver\quarantine\under-review\qb-inventory\html\images\cheesesandwich.png	21375	59243E0D7D9094B64271472417C2D6BF541233E8EE6B7DEADD663584D5127569
C:\script_ver\quarantine\under-review\qb-inventory\html\images\cherry.png	7473	B00C9CA0D81D93EF1B509054A762C43C67D6E5466351DFC7B9EAEAD7A9E59BB1
C:\script_ver\quarantine\under-review\qb-inventory\html\images\cherryicecream.png	6372	30D877A49FCB5B39A63ADF8817F2C8D28EAA9C136AC69DAE89B07B92793EF0EF
C:\script_ver\quarantine\under-review\qb-inventory\html\images\cherryjuice.png	7182	BF8CC116DA4AD7023247C90AF0923DAAB14FD09D24C21400637B28605EE5E960
C:\script_ver\quarantine\under-review\qb-inventory\html\images\chest-armor.png	6632	B629EEC8817E3491B88F6F72F7BB1845BB3A842E7907E2557A27C3184D8EF2D8
C:\script_ver\quarantine\under-review\qb-inventory\html\images\chester_cheetah_pop.png	13079	FE98CA293A1FAD9361CC11882514BBD4EA65A444F51EB793FDF4591C6AA15141
C:\script_ver\quarantine\under-review\qb-inventory\html\images\chicken-bucket.png	10708	47FFD028EC5F78148933870B1130FCB0D6D1E0966EC95E6156A0F18248C0152D
C:\script_ver\quarantine\under-review\qb-inventory\html\images\chicken-burrito.png	12894	6ABE30A5D340341B62C7DA77D32FC9E906EBF205961B70F7A85E49382E747EFD
C:\script_ver\quarantine\under-review\qb-inventory\html\images\chicken.png	9720	DD538655696A34A7609F08BC067AC0FDC858F615DC53B94DC3ED8CF2572CAA32
C:\script_ver\quarantine\under-review\qb-inventory\html\images\chickenbreast.png	24703	E678689010F6C90E5BFA2637DD4B94FE8D7FAA3E50E99BB6D9D2877BD8BD7138
C:\script_ver\quarantine\under-review\qb-inventory\html\images\chickenpie.png	46694	CA3C77204CE3CD5E99B4C1B7A86A12C902E1FA35A82DD17020EE677E3A2D342D
C:\script_ver\quarantine\under-review\qb-inventory\html\images\chips.png	21215	C9D77500D9538E934D25F34795394E65F358D9A5FFB6F489AFD529D441D943F9
C:\script_ver\quarantine\under-review\qb-inventory\html\images\chocolate-bar.png	8114	3CE286B5228E15D3396A63879D04CE584C7BC114DB4C760D47F29B30741A49E7
C:\script_ver\quarantine\under-review\qb-inventory\html\images\chocolate.png	11507	2C5082E766042C06154348F8AECF3C61D74110125E052AEB19711590805EE7A8
C:\script_ver\quarantine\under-review\qb-inventory\html\images\chocolateicecream.png	6893	F9E9E48C1BB8C9B44817595B7F389E602A57CC0FC28F072FA9CC2E5D8C89F84A
C:\script_ver\quarantine\under-review\qb-inventory\html\images\chocpudding.png	23572	1571B28561256945FBF2CF7969042DA70FC539B4499BDA04E9EE2EB5929E9F35
C:\script_ver\quarantine\under-review\qb-inventory\html\images\chokovanillicecream.png	7518	322181B5348CC3D88683EC4307624F149761252026B1324B454A485556B5864E
C:\script_ver\quarantine\under-review\qb-inventory\html\images\chopper.png	9822	46813FC1400222CE057176EF70DB44462B54D140AF71B1296E3C586E310A0C92
C:\script_ver\quarantine\under-review\qb-inventory\html\images\chopsticks.png	67143	91FAF167970763F5EBC8F596B02B8061AE316F4191D19F082A50D28F620E0BD3
C:\script_ver\quarantine\under-review\qb-inventory\html\images\chop_door.png	10493	469A07B78F8BD34A9F3B8258847ECB47A10271A54073CA514C1EEAC3D5A63296
C:\script_ver\quarantine\under-review\qb-inventory\html\images\chop_hood.png	7639	B173C517C7471470BC9D467924F3F3704166B110A53B4C76F9DE6087745895EA
C:\script_ver\quarantine\under-review\qb-inventory\html\images\chop_trunk.png	10169	F509F4C08F2760F62DA3A36FF7FEDC5EEC2158C0F6A4D916D8AEDFCCF1C8CFCA
C:\script_ver\quarantine\under-review\qb-inventory\html\images\chop_wheel.png	10498	7745654A119FF0E6D3ED3ED98DF3D8E66D53D126205F32299E69D492C5C7FE10
C:\script_ver\quarantine\under-review\qb-inventory\html\images\chucky_pop.png	13119	A3A050AC60A9146F5860698CEDE8F2C2909DA31C44FBD2573D4183EA0FF19DAE
C:\script_ver\quarantine\under-review\qb-inventory\html\images\churro.png	15448	267594320E5BA0C78A1F94D266DD75C34AEC6A4292CAAB5CEBEA948FC355FEDB
C:\script_ver\quarantine\under-review\qb-inventory\html\images\cig.png	50943	3DFD7359998855E31CA41D41286D8A49BF8A201C7DB9FF93E317340CAA110063
C:\script_ver\quarantine\under-review\qb-inventory\html\images\cigar.png	6103	B8ABA59F1FCC0612123F796D1054865759D308518D82CFD91B6D8B31704B2CAA
C:\script_ver\quarantine\under-review\qb-inventory\html\images\cigarbox.png	15750	8BEA784C59E34301CED26872930386ACA0789BE0F48C2458BD9143391A202CFC
C:\script_ver\quarantine\under-review\qb-inventory\html\images\cigarette.png	8099	AA1FB4D297848FF6F664D80617370FEEA222F6B14F0D780E290B99AAD0BD121C
C:\script_ver\quarantine\under-review\qb-inventory\html\images\cigarettebox.png	8257	BFCEA9B86DA7BC2E6C289E0C6DBFFD80663D3C687B6905773FD795AE8FF0410E
C:\script_ver\quarantine\under-review\qb-inventory\html\images\ciggypack.png	24581	50F4604DD97B99420FD65AD1A78F2F347F8272DEED97BF06C07BBAC3FA662D4B
C:\script_ver\quarantine\under-review\qb-inventory\html\images\cinderella.png	11935	89C88583C5791F9AF1ABFBB5F8A9C397A2EEE43F4B2EE46ECEF39C5B874FE5F7
C:\script_ver\quarantine\under-review\qb-inventory\html\images\civ-trophy.png	3561	78B73569695021BCC5CED50BFD4EE30BAEF3F69D7D1E12D80E1BE72E3F7B6274
C:\script_ver\quarantine\under-review\qb-inventory\html\images\cizgi.png	11143	8C1CA1E7306A6E29A2DE0476499C5F1DDADFD489D59F94A0465B8D6B79B58E1A
C:\script_ver\quarantine\under-review\qb-inventory\html\images\cizgi2.png	9815	8D63B0FCC9FCAA727E1F1EF7381BA5421036563E28706E949CBF0BCC325968D3
C:\script_ver\quarantine\under-review\qb-inventory\html\images\classic_phone.png	7719	81898419A573535F949BB0D03FB547DBDBA3ED54E388F6F8497DED00D8B39675
C:\script_ver\quarantine\under-review\qb-inventory\html\images\classified_docs.png	28067	9ADDD0531A8F6C46584B338EFC89DAA9F20F2096D2D7FC7382C273DA1B23BAAC
C:\script_ver\quarantine\under-review\qb-inventory\html\images\claw_machine.png	17453	1818A522C9A3D243F90C7FFBB638BD29559FE4D9615AA549DD8AF0378926F07B
C:\script_ver\quarantine\under-review\qb-inventory\html\images\cleaningkit.png	9176	0D36E4062C36959F737091DC224D7F53B89EF9DE18D73D20345D5D57BC91F06D
C:\script_ver\quarantine\under-review\qb-inventory\html\images\clefable.jpg	18626	1B679D3F2891B508513AEEEC6CABD5A7AA0693F6D588B1BB6FED33E8CC801583
C:\script_ver\quarantine\under-review\qb-inventory\html\images\clefable.png	93280	EDCD5AE2586E4A288AEDC10CA1BEDB4EB62AC7FD8F6932D770765F35A3377474
C:\script_ver\quarantine\under-review\qb-inventory\html\images\clefairy.png	14401	C9746D025D766FA067333E72A863773C01D92EBFEC335CFFBA1E7EE47A1E5474
C:\script_ver\quarantine\under-review\qb-inventory\html\images\close.png	3275	F06E229C2031BC47B9F1C8335CF717A9D7FE0ACC9DE5BBC519371ACF6E845BE3
C:\script_ver\quarantine\under-review\qb-inventory\html\images\closed-book.png	1211	23576EB63CFB2D6375AC61E5DFB9A672CEB95CEA4E47B43DD987217362069B20
C:\script_ver\quarantine\under-review\qb-inventory\html\images\cloyster.jpg	6806	186F79AEB2CE0CEF3B1FAFE8C200C847947036DEC2BC01959800A087098BE158
C:\script_ver\quarantine\under-review\qb-inventory\html\images\cloyster.png	82200	1B512A482C45BFCDC8205D1F718122B6EB55FD323728AA05D7C2BCABE75B3D1E
C:\script_ver\quarantine\under-review\qb-inventory\html\images\clubarais.png	18007	53E57960F1A0EEE0159AA9ECEC4EFA77F1519F78718944383172DF83C55671EC
C:\script_ver\quarantine\under-review\qb-inventory\html\images\clubcashew.png	8445	7F1B2895F7E80F13F186237C9AC24E27378A5113D38FFEE37D31273A50814172
C:\script_ver\quarantine\under-review\qb-inventory\html\images\clubchips.png	7731	B4AACF07D66CB668EC8D842561B3C52F902E1B0735A18579BEFFA2D8BB4B7054
C:\script_ver\quarantine\under-review\qb-inventory\html\images\clubcola.png	10623	3897645489EFA52BE2E295ACF31FCD54C47FFDD83C3A38B615FDF83B235BAA9A
C:\script_ver\quarantine\under-review\qb-inventory\html\images\clubedamame.png	16151	70A786EF004FC2C955135C399E6641E05CD4A89DD86202E92C5F1BB72C3A40BE
C:\script_ver\quarantine\under-review\qb-inventory\html\images\clubfriedplatter.png	13202	669B7EC8A2ED5887414B8811E4CB5AE2D344A654760F92260653A81522F812DD
C:\script_ver\quarantine\under-review\qb-inventory\html\images\clubfruitstray.png	12055	B603766111E2C7367F2AEFFA634AA095CD44C1028F82C5B30517F0FBEEB9453E
C:\script_ver\quarantine\under-review\qb-inventory\html\images\clubgamba.png	12197	9B641E1AAA554A937FB24DF1785D11A03DB88203265E581B4936C9428BA700DB
C:\script_ver\quarantine\under-review\qb-inventory\html\images\clubhummus.png	13555	388785418A5B1252E5D689B7808A5481F290F062F469083B79EC88B6093E06BC
C:\script_ver\quarantine\under-review\qb-inventory\html\images\clubhummusbeans.png	13942	D6D66A5EA9516D2A4A7AA617ED69122AB5E0B295C6954EC639668B250EF0163E
C:\script_ver\quarantine\under-review\qb-inventory\html\images\clubice.png	5166	E5E58AEC81AADBAFD3B76CA89383D3B1A486D391C2A815120F7BBE80C6197F18
C:\script_ver\quarantine\under-review\qb-inventory\html\images\clubkebab.png	11757	75B8A6E28775EE6FE08634845E5525826A86D166BA725A486595DB9DA94FC3C2
C:\script_ver\quarantine\under-review\qb-inventory\html\images\clubkernels.png	23934	8F3169529FAF14C9A587DF9151F7437009FC015A9C54A44496E68590DBFD5E19
C:\script_ver\quarantine\under-review\qb-inventory\html\images\cluboil.png	9892	E7EDA76B9916D61B45DB997B3BB1AB35089E22CF49ED1CF48EE37886A0D182D9
C:\script_ver\quarantine\under-review\qb-inventory\html\images\clubpita.png	13953	E3421D8D3483297AD0BAFFF9120237D40052F4D8B92FE438FE2D4B36944E3A37
C:\script_ver\quarantine\under-review\qb-inventory\html\images\clubschnitzels.png	13001	D30D7AC7F3A0DC49BD4EED2710A03F4CBBD92D9A4DB09871C3DA6A589B6B6CF1
C:\script_ver\quarantine\under-review\qb-inventory\html\images\clubsprite.png	10873	4CEB301121EFA5A95CA57CC57EB34CC2A0A102D8FFAD4C0DD480E369C9D9E34F
C:\script_ver\quarantine\under-review\qb-inventory\html\images\clubtehina.png	14304	BB73F4A52708E6CCF56D1F82B6129DB4FF063212B658E74215EDE745B6A037D1
C:\script_ver\quarantine\under-review\qb-inventory\html\images\clubtrailmix.png	21947	BBA2732F7AE870EE1DF94990B809AB5F645756CF4C79352BB079ECD706F6A3D4
C:\script_ver\quarantine\under-review\qb-inventory\html\images\clubvegetableplatter.png	17667	22D82ACB435216ED00C2EA06902AC23D3D575509B9F641C36EA3E92C9D98547D
C:\script_ver\quarantine\under-review\qb-inventory\html\images\cluckin-balls.png	7362	EC27B3402650C7521C27D206703839BCEA67C187338F1A41DBAE8935723DC6AB
C:\script_ver\quarantine\under-review\qb-inventory\html\images\cluckin-drink.png	5902	625937FDFD994B6507646882CF8240C2F072ED476468C7B47A5B73DA42A425A5
C:\script_ver\quarantine\under-review\qb-inventory\html\images\cluckin-fries.png	7711	ADABDDD2D8ECF31842946345C4259AF569E8A36C45158964002923063122FBE8
C:\script_ver\quarantine\under-review\qb-inventory\html\images\cluckin-rings.png	8649	67E9CF03EDA486CF895C60228971DC230342006F76D8177776A001889712BFA8
C:\script_ver\quarantine\under-review\qb-inventory\html\images\cmilkshake.png	80262	816C7D8D59DBE73661306FBF6B6EF663D9593E59B1CF9300C7E138753B949AE3
C:\script_ver\quarantine\under-review\qb-inventory\html\images\cmp-rifle.png	8293	C040067FCEE70B177153FB9EF37FB1341DF9384BD5BED064A7B0E9E7AB311BAB
C:\script_ver\quarantine\under-review\qb-inventory\html\images\coals.png	12094	CBE10CB74BEFF75C5F6D9E129933723DB3F2B5C1C9E1906F12E88514CEB171E8
C:\script_ver\quarantine\under-review\qb-inventory\html\images\coca.png	9284	8ED1D999189C01D64AC867836479B975CE76E476F599D1298CCB9FE2EE4C2E4D
C:\script_ver\quarantine\under-review\qb-inventory\html\images\cocabeans.png	167066	87338CA1A3E0043A131DB9EA5D8CE8211AB2A78085053AC5FB4B26F0996CA280
C:\script_ver\quarantine\under-review\qb-inventory\html\images\cocacola.png	11561	FB786BADAE24565053E8E6157033C114D87ACF7F8B19D6BF0543493EAE346566
C:\script_ver\quarantine\under-review\qb-inventory\html\images\cocaine-baggy.png	3669	CA4D33C9A9FE7D400F860CC7E1CE04DBF4F51E9CBE157B6A5C0828B825C22E30
C:\script_ver\quarantine\under-review\qb-inventory\html\images\cocaine-brick.png	3002	3DC06493626567D8EA266CB6B9A503258C4F2BD0963BC37AFCD24ACBC2F08728
C:\script_ver\quarantine\under-review\qb-inventory\html\images\cocaine_baggy.png	3669	CA4D33C9A9FE7D400F860CC7E1CE04DBF4F51E9CBE157B6A5C0828B825C22E30
C:\script_ver\quarantine\under-review\qb-inventory\html\images\coca_cola_pop.png	14236	8277D18BD01A4300D1AED8916B64837C5B6631484BA29D2808EC088507F7DFAC
C:\script_ver\quarantine\under-review\qb-inventory\html\images\coconut.png	11144	219936511264548DAD6455D94E210F3ADE5FBD290131D79476C0DE1E39654826
C:\script_ver\quarantine\under-review\qb-inventory\html\images\coconutjuice.png	15835	C4991A13364EC57F335887447CB4EAD3912EA807918E5758498403C02D59E7A5
C:\script_ver\quarantine\under-review\qb-inventory\html\images\codfish.png	10860	89CB65FAC7CDE089CCEA7AB8963B17AB613F07C7626878BE594A32ED3B6F3AEA
C:\script_ver\quarantine\under-review\qb-inventory\html\images\codramen.png	71027	ADC49073AC1F8D89ABB52BF8E259096615231869B09B07DCF17255EBFB913E42
C:\script_ver\quarantine\under-review\qb-inventory\html\images\codsushi.png	71706	9D16E08DA80ECCC7174E44FE2E4B0E7A4FEF594A8F47B16DB78517B5EF1E1A90
C:\script_ver\quarantine\under-review\qb-inventory\html\images\coffee.png	9499	C5FAAE7414B008A662ABB81AC7228E2128B2316B64A9D2E09EDF090434BFC051
C:\script_ver\quarantine\under-review\qb-inventory\html\images\coffeebeans.png	81723	70A00AED2AC02AF9CD628C2AA598CB51DB572D2D4790347CFA02E9B95B27FF0A
C:\script_ver\quarantine\under-review\qb-inventory\html\images\coffeecup.png	31633	29D59E7B4564C150B1EF9F043D72B1DE1706AB0F106663A0417CD72675EECCCD
C:\script_ver\quarantine\under-review\qb-inventory\html\images\coilovers.png	8957	3828C91CB1A70723606887F3AFA831675AF34808D44352ED3E07129B4BFD657C
C:\script_ver\quarantine\under-review\qb-inventory\html\images\coilover_wrenches.png	5945	DA0C9DE6F4E303F771B018CDCFEF9BDB3A946EA4DB27F6C967FB10D54C06869C
C:\script_ver\quarantine\under-review\qb-inventory\html\images\coins.png	12207	550167DE05E32443E732FC2CE3160417F997BAE746000D848472E09C8F23205E
C:\script_ver\quarantine\under-review\qb-inventory\html\images\coke-soda.png	9741	4B9847F6D0DE166ED45E256665EDBFB0C3F458354A7E2D8DB23D9500699D479D
C:\script_ver\quarantine\under-review\qb-inventory\html\images\coke.png	1989464	6800EF3CDD97A9C550D23DA89D62A21A3E59632FAE783237B6E008F681F197C6
C:\script_ver\quarantine\under-review\qb-inventory\html\images\coke10g.png	8363	3FC3157D97425999802D21D854A0A9385243888047458BC928A8873185FDBE49
C:\script_ver\quarantine\under-review\qb-inventory\html\images\cokebrick.png	3002	3DC06493626567D8EA266CB6B9A503258C4F2BD0963BC37AFCD24ACBC2F08728
C:\script_ver\quarantine\under-review\qb-inventory\html\images\cokeburn.png	14142	E4DB13058F77DF542B91B98FD81B9505A6622DECD46533DEAE94ECD18638D776
C:\script_ver\quarantine\under-review\qb-inventory\html\images\cokekey.png	9016	A116CF696D6BF119733DE7061B155AB22B5644E3C33E154F2F1895F8B2406402
C:\script_ver\quarantine\under-review\qb-inventory\html\images\coke_baggy.png	15908	E4E7AB490C6CEA1EE717C05FEFFC56A4C5BDE988116A07F209B433B69CAA4312
C:\script_ver\quarantine\under-review\qb-inventory\html\images\coke_batch.png	12213	5D8EF23632F07A1A788A1FDE6948CA140B8CD62E73C3FFCEC6F5A80BBEA574A7
C:\script_ver\quarantine\under-review\qb-inventory\html\images\coke_brick.png	8755	F6D848897ABFFF19581826D43E189EB15F39CB4C8B8882CE7C9C07C1A54F962C
C:\script_ver\quarantine\under-review\qb-inventory\html\images\coke_small_brick.png	26073	8A1717F0C03BD3F4E7DCA9C2F1AE4E671A964F8614D669582A76D9C5DAEA3239
C:\script_ver\quarantine\under-review\qb-inventory\html\images\cola.png	11561	FB786BADAE24565053E8E6157033C114D87ACF7F8B19D6BF0543493EAE346566
C:\script_ver\quarantine\under-review\qb-inventory\html\images\colazero.png	6079	C9F9B705357DA86381C455CA1C436172995B99726150DB683B74183FDF0F0039
C:\script_ver\quarantine\under-review\qb-inventory\html\images\combat-mg.png	8333	E48868AC4811F0109AA451317344CE8BBAAE9749A4BD2A0BB875BA3CE844576F
C:\script_ver\quarantine\under-review\qb-inventory\html\images\combat-pdw.png	9605	25CB6142DCC1B25DADBEE4BE935030C4D2D654D9BECC2003156100591CE9E877
C:\script_ver\quarantine\under-review\qb-inventory\html\images\combat-pistol.png	7679	C2D74FB83DC2FFC7A8E9E2997C9E8A4AC2D07382F1F84C49CDA68466AD89E598
C:\script_ver\quarantine\under-review\qb-inventory\html\images\combatmg.png	6677	3659E8EE76284E43C2D56318D24B729DE3ED2C4556FC3D7DFC37B41FCF2424DA
C:\script_ver\quarantine\under-review\qb-inventory\html\images\combatpdw.png	8211	35FC3C1906E2BAAEA545CBFCA34DB488C5B835F36A99048987FA16C8E695A014
C:\script_ver\quarantine\under-review\qb-inventory\html\images\combatpistol.png	7679	C2D74FB83DC2FFC7A8E9E2997C9E8A4AC2D07382F1F84C49CDA68466AD89E598
C:\script_ver\quarantine\under-review\qb-inventory\html\images\compactlauncher.png	6488	89F727092409A8212B97013B587E983AB53C29A0C6C455C80CCF0F7272E54AA0
C:\script_ver\quarantine\under-review\qb-inventory\html\images\compactrifle.png	8293	C040067FCEE70B177153FB9EF37FB1341DF9384BD5BED064A7B0E9E7AB311BAB
C:\script_ver\quarantine\under-review\qb-inventory\html\images\compass.png	267659	D4F628D72A511E0C7EB709B12DC5A47987B2722C16ED383409DB2D6223E76FED
C:\script_ver\quarantine\under-review\qb-inventory\html\images\computer.png	6336	77FB8F0AEEAD311F8BF99B096B781566FF42C0004151640A57B4EEB4DB95E9D1
C:\script_ver\quarantine\under-review\qb-inventory\html\images\condom.png	6671	5944C27EE38B4786CAC180EA24D1B9B49B7E359E7669768B2209191FFB58C350
C:\script_ver\quarantine\under-review\qb-inventory\html\images\console.png	6034	9A5F050BE5A02D430A50E61CF12CF920652F08BC153B8C12176979ABB1AF3587
C:\script_ver\quarantine\under-review\qb-inventory\html\images\container_blue_mid.png	10922	B9F8A12EB705EB59F064B643175CD1F49C1C899082E79B8B5F2FFC60716D2E01
C:\script_ver\quarantine\under-review\qb-inventory\html\images\container_green_small.png	9965	7DCA63D54D2C801C357BFB33D7E649BE8CDCE5325930661D21722F8B08FB8B84
C:\script_ver\quarantine\under-review\qb-inventory\html\images\container_old_mid.png	10771	304B1501312A9C932970ADD76FEED1F71A5B037D6091C0AC5610C4D90FD347B6
C:\script_ver\quarantine\under-review\qb-inventory\html\images\container_white_mid.png	6612	DC24CFDE50EB9EB0BAC7C6DC7D2FD44230A65B8C408B53CD1C829711E8C83158
C:\script_ver\quarantine\under-review\qb-inventory\html\images\contract.png	9532	A125DC8F38EEA6398E3C19F75F1142D02810B984F94B4AFE99DDDB3121F6C9CB
C:\script_ver\quarantine\under-review\qb-inventory\html\images\contracts_tablet.png	13040	6246078888EC0FE3B8137A732DF09C9E76E6F4F3FE822B4A14BF7B193DB8D8E0
C:\script_ver\quarantine\under-review\qb-inventory\html\images\cookedcheesepie.png	52346	F08478BB96B8C6CC81C44A711B0F90CEC7C172C35D2A3FEF3342817F664C9D47
C:\script_ver\quarantine\under-review\qb-inventory\html\images\cookedchickenpie.png	50637	24A2148C5981F3F988F14545EC2F07F1B148A81DECD17B7EBFEC761EEA411B33
C:\script_ver\quarantine\under-review\qb-inventory\html\images\cookedmeatpie.png	53715	DCC0572473086407BD6E4F748E3D623DBB47BD8CFAEEB5C92323A39B886F4014
C:\script_ver\quarantine\under-review\qb-inventory\html\images\cookedsteakpie.png	52909	05D942458A895609B5AC892614DCA15E187DE4131906C2FBB56AC3C90FCEEB1E
C:\script_ver\quarantine\under-review\qb-inventory\html\images\cookie.png	9231	034BF6DA6BF582C68CD9ED75FAD3E6F50264663D551B809C3040C6F119F6186F
C:\script_ver\quarantine\under-review\qb-inventory\html\images\cooking-trophy.png	5913	40531FCA445C3060F64DC5CD1548AE3DC3E381AB77B4C342F4184B866C30CCDC
C:\script_ver\quarantine\under-review\qb-inventory\html\images\copper.png	11524	0BE78DB0C19EA59789D57B6A10531A7F4800F1C44AE81DCC14BB1EC06E4B2EBB
C:\script_ver\quarantine\under-review\qb-inventory\html\images\copperore.png	25720	532CE742781232E8E00BA6504C9FF25E49FFF0C5D809AC888C9B25D4367A040F
C:\script_ver\quarantine\under-review\qb-inventory\html\images\coreytaylor.png	8522	85A270FD27D5BB381F61E136CE1337729A85590230E421675D0B931D71541871
C:\script_ver\quarantine\under-review\qb-inventory\html\images\corn.png	5973	7FF8C538D8327C5F4527B9A18E08DE872F342B0169E338F900094F593965244E
C:\script_ver\quarantine\under-review\qb-inventory\html\images\cornkernel.png	3599	1450167A3BB8A89DC6AF8B2CDEACAE103FF7CAD35000FE7AF0417A0777CCE722
C:\script_ver\quarantine\under-review\qb-inventory\html\images\corn_kernel.png	8121	7BE4662D97F2162FF66C0A6B2FC20D343342FA25074D2F1D235CBF3EDE095D8E
C:\script_ver\quarantine\under-review\qb-inventory\html\images\corn_packet.png	7303	B42ED3FAFA6977F8845317CA271365EF6539B5A59D27A93DF6D043397879CE01
C:\script_ver\quarantine\under-review\qb-inventory\html\images\coronabeer.png	6678	8F7D5023FF339341AE4787C29B778FEECD7A3B978A890216025EF86CBF1F28B1
C:\script_ver\quarantine\under-review\qb-inventory\html\images\correctionunder.png	4344	01638E3B5543F825376A4C65A73E4DD88F253C667EA065AE8D8871CAC8107F40
C:\script_ver\quarantine\under-review\qb-inventory\html\images\cosmopolitan.png	19346	5C380D697257ACEE236B235F1FF7F163DC319D675421EF58C468C028F34A87CB
C:\script_ver\quarantine\under-review\qb-inventory\html\images\cougarclaw.png	18358	CB4D566B7EEED10A57C7FA9E2909149E1C6D960F7CDDE39E6636DFCF2ECBA7F0
C:\script_ver\quarantine\under-review\qb-inventory\html\images\coupon.png	6338	831A5499C6C3823FF74CBE77D44961C87690A7A12BC93AC4C22506CAB0D66A3F
C:\script_ver\quarantine\under-review\qb-inventory\html\images\coupon1.png	12834	13EAD4EC73D61429A8B3486A0CBF9778ADC3C4E63277B5D61157CE9F14877E39
C:\script_ver\quarantine\under-review\qb-inventory\html\images\coupon2.png	11708	55FC87C14C1F7F071C5D93F0999444355ECE5CFE786AB757B8451F227E99D43A
C:\script_ver\quarantine\under-review\qb-inventory\html\images\coupon5.png	9552	8714E1531B9871233AC2768A35D041EE74F8AD83DC38ABA62987F758BCF65599
C:\script_ver\quarantine\under-review\qb-inventory\html\images\cowpelt.png	31116	509DF27562606BB2B6C29CDCDDECEEEA6D29F3290BECBE1C5DFB44921F68918C
C:\script_ver\quarantine\under-review\qb-inventory\html\images\cr.png	5287	1EFE03AC4F545BEAEC0D68F4640491D5A031321E38804EB6556ABC2B06F5DD93
C:\script_ver\quarantine\under-review\qb-inventory\html\images\crack.png	7243	339E73770037E568C093943B75765D8B2E065279A370A1CFD57214F063E360A0
C:\script_ver\quarantine\under-review\qb-inventory\html\images\crack_baggy.png	7243	339E73770037E568C093943B75765D8B2E065279A370A1CFD57214F063E360A0
C:\script_ver\quarantine\under-review\qb-inventory\html\images\craigjones.png	9928	2B6135088D4DE1D66000F0513177BA71382AA1DE8F8E4ACB9E19F993F77A3DE8
C:\script_ver\quarantine\under-review\qb-inventory\html\images\cranberry.png	19935	3182B3DC49EEB360CB5695407049BBC6310CFBD8CE458204369575A440FA5DD2
C:\script_ver\quarantine\under-review\qb-inventory\html\images\crazydonut.png	6489	1CAA2FE456A3582E47072E6F253859B2704E817E14CB167B3FB9F1972BA9638F
C:\script_ver\quarantine\under-review\qb-inventory\html\images\creampie.png	6513	B5CFEE4E487E5ECAE8312E7E445DB2D0478A7620CB6C3F0D5B1C5B28053CE46C
C:\script_ver\quarantine\under-review\qb-inventory\html\images\creed.png	10867	CF6B2C51557A1C1B2CA31BFE98E8421C3D3380CD30A0B3CC816578071AC0AC07
C:\script_ver\quarantine\under-review\qb-inventory\html\images\creed1.png	9886	92CC4BD8D055E2F600113456340A417CD11BEF5BB19D39847F2B565231217FC4
C:\script_ver\quarantine\under-review\qb-inventory\html\images\crips_chain.png	10337	D98B2E55BCA682C1EEED7AA5DC0070B824252A7320286A5FE70D75F6139CDC2C
C:\script_ver\quarantine\under-review\qb-inventory\html\images\croasant.png	377445	82C4F26A79E0258504EA497E15D8186856360EB93B9C897A333FAD1F06A4633B
C:\script_ver\quarantine\under-review\qb-inventory\html\images\croissant.png	377445	82C4F26A79E0258504EA497E15D8186856360EB93B9C897A333FAD1F06A4633B
C:\script_ver\quarantine\under-review\qb-inventory\html\images\crowbar.png	4134	69A0B8DB914FA5EC2AC42B054A69D2B42872C00835C38D1007D0B2987C86B3BD
C:\script_ver\quarantine\under-review\qb-inventory\html\images\cryptopaper.png	8494	5E18C18252089D73FD13DBD7DC20E1E5B0F03F7610E26FF8F4F4E27A9AF66600
C:\script_ver\quarantine\under-review\qb-inventory\html\images\cryptostick.png	28689	1BC0D20164CCB20E50E39FA77AE59DC78F0B427F05090C8238C0431D2B43B1F5
C:\script_ver\quarantine\under-review\qb-inventory\html\images\cryptostick2.png	6040	8E21632AE1D7543446A917B87314AE2962C8FA42C97245719CE444425630A6E2
C:\script_ver\quarantine\under-review\qb-inventory\html\images\cryptostick3.png	5944	C96C9F5F17BDE4F256EFF65BC667A39C70CAFB941E96FD5BBAE6893A36BE7547
C:\script_ver\quarantine\under-review\qb-inventory\html\images\crystalship.png	13357	429DB64102761B36470F5630E8C2CCADD7AEAED8BA4361D738E2558B9AE26AA4
C:\script_ver\quarantine\under-review\qb-inventory\html\images\cubanbox.png	1431786	216FD6A3F24C49F454580EE9D847EBF374FA04726C8BB6D8919451DE8B23C36C
C:\script_ver\quarantine\under-review\qb-inventory\html\images\cubancigar.png	76487	E97146787A5DB5D2CFE15334888D1F4F89B8FF460B8BED889F4D9F11AF2D9D61
C:\script_ver\quarantine\under-review\qb-inventory\html\images\cubasil.png	25858	12D343F738A88B46287A1AD191C208F0ACBFB40CB47BEFF3602BD2E5A3F39948
C:\script_ver\quarantine\under-review\qb-inventory\html\images\cubone.jpg	17928	FCC3BC81936E4E87FD788F5E26BD5A66F9162D688A3934FEC571C9287BAD1EFB
C:\script_ver\quarantine\under-review\qb-inventory\html\images\cubone.png	88268	C5CB060F717FEDD0A553A7F28E6961E11DB3F5E423D5D7F46CC8008C864B8342
C:\script_ver\quarantine\under-review\qb-inventory\html\images\cucumberseeds.png	8236	0CD6FA5EA215B7AE720D25F4BEF32F210694B8798E2D88C5D9812FA214057E40
C:\script_ver\quarantine\under-review\qb-inventory\html\images\cupchocolate.png	76412	FEAA3BE631FA42A740D0AD907363B026945B489D31E9A58E812014A78F053570
C:\script_ver\quarantine\under-review\qb-inventory\html\images\cupcoffee.png	41022	B9C1385CA2F82F7C80D11F40C32AA7827CA3B4F8919A6ECD47D55ED12F0F587A
C:\script_ver\quarantine\under-review\qb-inventory\html\images\cuplimao.png	91496	137400FB3C948C891040EF2DE30FB929351B2EF8A713BD0D312A78862B5C7960
C:\script_ver\quarantine\under-review\qb-inventory\html\images\cupmorango.png	133156	7156E32EA45A2A5D4BD8E4D28D0EBDC10BA3FD926DA2338B52BF83FEA3E4D5D8
C:\script_ver\quarantine\under-review\qb-inventory\html\images\cuptea.png	30460	DBBCDC0541104F13F13486037FC31E9B00A7B15C88DC2D3D3ED6124420F83627
C:\script_ver\quarantine\under-review\qb-inventory\html\images\curaco.png	16377	B8DE44A783EBFBE023DB5DB9F0B238DE7D8E1EC4A821A852D4EB2CEA63272B87
C:\script_ver\quarantine\under-review\qb-inventory\html\images\cutter.png	8555	ED3215DC8EA58C3AEE6B921394BB879CC571721651ECD569CD8C94244D8E35D6
C:\script_ver\quarantine\under-review\qb-inventory\html\images\dagger.png	4607	61DA095221424626AA1F83B1BDEBCA774D03E1B0AE1CB9B69AE9C54E1465A233
C:\script_ver\quarantine\under-review\qb-inventory\html\images\daifuku.png	41847	5C37B9099F861034660ECC8834C09DA33591B1B7E565BC8882CBC37D1F511D00
C:\script_ver\quarantine\under-review\qb-inventory\html\images\damianlillard_pop.png	9447	0A1D339059A0EDCF843A763421224427F09EF2BA0697D1CAC4F62F369385AED7
C:\script_ver\quarantine\under-review\qb-inventory\html\images\darkmarketpackage.png	14900	8EBCA75EB788DCBC4BC7FD7223EBE2B9E687B8AF2FDD4597DB01EFE4EC6860DD
C:\script_ver\quarantine\under-review\qb-inventory\html\images\dark_market_package.png	14900	8EBCA75EB788DCBC4BC7FD7223EBE2B9E687B8AF2FDD4597DB01EFE4EC6860DD
C:\script_ver\quarantine\under-review\qb-inventory\html\images\darryl.png	7741	14E703BA788F0F39BBC36A175F0349A2708C019FDEF981618C488092A653227C
C:\script_ver\quarantine\under-review\qb-inventory\html\images\dashcam.png	5002	8F0B735A359FDBDBA494728D877012D2A62BE0E468949673F83F0D2678C019B6
C:\script_ver\quarantine\under-review\qb-inventory\html\images\datemike.png	9598	C4ACF4C59B74C8793363487D2F38A02DA4B99E1BC23E19A48655E5B377362B4C
C:\script_ver\quarantine\under-review\qb-inventory\html\images\db-shotgun.png	6797	439585BBE5025413E0F3C3E893CB95148E67D863377CEBC7FC2D325E30364D2A
C:\script_ver\quarantine\under-review\qb-inventory\html\images\DB9.png	22216	E4E868B40F11D155D22D2A0C861CEFFDDBD01AE44F6B6D004C45D61D5A58FE5A
C:\script_ver\quarantine\under-review\qb-inventory\html\images\dbshotgun.png	6292	5AAD40CBD252FFA5BC413ABC139186CC21E74C7A37304DBEB588271073BCD088
C:\script_ver\quarantine\under-review\qb-inventory\html\images\deagle.png	11912	05302B1D5410033E859CB121D7835070EB2960841353133504EB060279E728BA
C:\script_ver\quarantine\under-review\qb-inventory\html\images\dealers_laptop.png	9001	B959372D14813CB3312B73F322D1F94F51B7B5968795C01A509B2B08A59D11C8
C:\script_ver\quarantine\under-review\qb-inventory\html\images\debit_card.png	125245	E9E3130AA650806D32EA522A954F4B472D9A0DABA608B25E55B9EB57792C63DF
C:\script_ver\quarantine\under-review\qb-inventory\html\images\debonairecigs.png	42170	694A7C1A52370947EF6F9A832306DEB33C1827758B5C10431CE2792FD495FC1D
C:\script_ver\quarantine\under-review\qb-inventory\html\images\decrypter.png	10333	885350DB0D29493422D6198D5F6B3D2A09D217E83FAEF9B10FCF6973F6270CFF
C:\script_ver\quarantine\under-review\qb-inventory\html\images\deerhorns.png	16413	D40179CD780A4A18CD023CF64D4CC1352C49CC14638B7DFCCBDBC142CFB36D8A
C:\script_ver\quarantine\under-review\qb-inventory\html\images\deer_meat.png	26580	7776507BB94D99F7FD20D03AFF8F2BFCF6AF7D67B4E1DCF03DD57AB083987BE7
C:\script_ver\quarantine\under-review\qb-inventory\html\images\delorean.png	10211	7E342EEFACCE63E67B1B8DF2958791083564565EAB89EA0575E0D615340E3DF8
C:\script_ver\quarantine\under-review\qb-inventory\html\images\demon.png	9925	5AE6C01C139D85096112CE11674457C60DCC2ADFDAD658466AAEFAD13BB70564
C:\script_ver\quarantine\under-review\qb-inventory\html\images\dendrogyra_coral.png	19330	48F030947F05313DEDA3ABCA75FA81A0D48CAC82357A445E014DC185B62D69F2
C:\script_ver\quarantine\under-review\qb-inventory\html\images\detector.png	7115	C3047156FDF3D30E3415F07874F4C73D7505879BCB3F1A36EDD250E777C39115
C:\script_ver\quarantine\under-review\qb-inventory\html\images\dewgong.png	15425	061B7654282113EB742F28C88801D8BC0F895D5C635A0E8355B254489B43A24E
C:\script_ver\quarantine\under-review\qb-inventory\html\images\diamond-record.png	10989	7F6B6BC7E725E9B78E6911E3FA9455C7501214C280D41F6B4B3CF87A47649A66
C:\script_ver\quarantine\under-review\qb-inventory\html\images\diamond-skull.png	5127	4141C46DE9B6A5302D4D699CE33C8FE488B907ADDE503854621FC47C1591259D
C:\script_ver\quarantine\under-review\qb-inventory\html\images\diamond.png	16389	701631FF005A4BDE4A5B9B9073459E02328FAAA7BEE5D79947DBF4D015B2EAEC
C:\script_ver\quarantine\under-review\qb-inventory\html\images\diamondbottle.png	8535	30FEE88B31634BA64B1A4F892B1D361906EDB154D0518C643EA44E2AF981DD50
C:\script_ver\quarantine\under-review\qb-inventory\html\images\diamondore.png	168778	E48EA778EDAA91C48D761203C34946E276FBC045BF48175BA11B1D26539096F5
C:\script_ver\quarantine\under-review\qb-inventory\html\images\diamondring.png	25052	D0A8E990BC985DC29A8C233A305503F8C480BDC6365BFDAE87CAE9275DDB808B
C:\script_ver\quarantine\under-review\qb-inventory\html\images\diamonds.png	8196	613FDB2ECC716E5F3AD100A6B8EBB4835EA9F34C5FB8F4B1EEFABE82750D2B5D
C:\script_ver\quarantine\under-review\qb-inventory\html\images\diamonds_box.png	11282	77C090CC1F151FF2109D01F494DF51A25F6161C1ECF2B1DBED035588F379B639
C:\script_ver\quarantine\under-review\qb-inventory\html\images\diamond_collar.png	22266	9E54CDFA5926B79FD981BAF1E87C6D608812740C98EB61373CFC2D9AE380B2A9
C:\script_ver\quarantine\under-review\qb-inventory\html\images\diamond_earring.png	20301	9C7C5B34C8BF90097ECD45BF2BD9737667BACF51E0E98D51D1F6405237EB9832
C:\script_ver\quarantine\under-review\qb-inventory\html\images\diamond_earring_silver.png	21018	ACF564BD145732887958B6424414620A6E23225020D5F3E0DB118C49E6BA6761
C:\script_ver\quarantine\under-review\qb-inventory\html\images\diamond_necklace.png	7612	B69A716137B2FDAEF1DFEF6BF4A1E85755CB65D6EDB3CE6F37060BBF4BF8E966
C:\script_ver\quarantine\under-review\qb-inventory\html\images\diamond_necklace_silver.png	18248	627B08A2BE05EA5C5CC84463B0FA9F2478FCAEA35C91FC32DF93615F723330B5
C:\script_ver\quarantine\under-review\qb-inventory\html\images\diamond_ring.png	9234	242528014E23870082EAA0F87C14BDBE18A35076866366AE1B5A5FEB164068FE
C:\script_ver\quarantine\under-review\qb-inventory\html\images\diamond_ring_silver.png	19851	5A0BE4C45119CDBD2A26EC5D9B520374D0DF9698FACA53F61DD9EEECECABDEFD
C:\script_ver\quarantine\under-review\qb-inventory\html\images\diavola.png	26079	FD6F9F3FC44DC522C1F7E1124A23615A15AD18ECB3C23FC8CCBF9BC7289B51E8
C:\script_ver\quarantine\under-review\qb-inventory\html\images\dice.png	6963	B4808B6E588E8EF7A97A2EE118E722D3EC1605403C8070A9B4076C619558B815
C:\script_ver\quarantine\under-review\qb-inventory\html\images\dices.png	6963	B4808B6E588E8EF7A97A2EE118E722D3EC1605403C8070A9B4076C619558B815
C:\script_ver\quarantine\under-review\qb-inventory\html\images\diglett.png	14444	5B8FF9C9947449035BC3DD8CE53214FB9A19F27F95D23B09F55D8E10C9E71594
C:\script_ver\quarantine\under-review\qb-inventory\html\images\dildo.png	116217	C934E7B37AD8744A424336306E43CA892B21C4793DABD065B714CCAACCA9EF55
C:\script_ver\quarantine\under-review\qb-inventory\html\images\dim_polao.png	2000276	A872667A6391D59514D2285978A677C3FE29FE393DF47A700FE4B6138A282406
C:\script_ver\quarantine\under-review\qb-inventory\html\images\directorcoulson.png	10358	2CCC97FEBEC8881A50139638A045E6491FC1BCF0BA735202FDFA5984291DCBB0
C:\script_ver\quarantine\under-review\qb-inventory\html\images\dirtypan.png	38313	7E633079C61958211D91A8587D6F90F6ABEFBE52EC9667311EBC885543EAF113
C:\script_ver\quarantine\under-review\qb-inventory\html\images\disabler.png	13093	E987448B8AA957631FEDCB5C30C029D33A30697C69CAC429BC6550FB9BF2DC63
C:\script_ver\quarantine\under-review\qb-inventory\html\images\disk.png	10190	18C939DB32A157E8A2FFECB66506ADAE3439360B463704C007985F9CF21255A5
C:\script_ver\quarantine\under-review\qb-inventory\html\images\disprin.png	14526	BF3867477F2D4BEDEE02D2418DBCD138F6F3BE313BE8251C61684091EE5A1330
C:\script_ver\quarantine\under-review\qb-inventory\html\images\ditto.jpg	17962	E3C385659A6E56EE209D18F273EA1B1C87A3237B089A6DAB9A1173D0B39D0B9A
C:\script_ver\quarantine\under-review\qb-inventory\html\images\ditto.png	79513	B57CC4FF396A0457BC2FC8C308219EC043AC07FC0C6F090A3F910F5128077F2A
C:\script_ver\quarantine\under-review\qb-inventory\html\images\diving_gear.png	7870	70493A6BEF9BE2C4F53F3176BB57E6D159CCDDD270A803338E2000B760295501
C:\script_ver\quarantine\under-review\qb-inventory\html\images\dj_deck.png	6768	D25154502027288D9D174B3F83D96D54F99C1302368792C59E2C235602A32A45
C:\script_ver\quarantine\under-review\qb-inventory\html\images\dmc.png	9379	7527C5B343F620730ADF44269485757F35B455EA255BF281F4B8823F1DDA3E17
C:\script_ver\quarantine\under-review\qb-inventory\html\images\document.png	833765	C7E12B54F2A527FC66537C281DF85B2620C46218866DBD4995BA1B1A9AD26B90
C:\script_ver\quarantine\under-review\qb-inventory\html\images\documents.png	8102	2876707FDE0054A7D99F6B9FEA12159CB52D88F577456BD39E1AC92745A26F9E
C:\script_ver\quarantine\under-review\qb-inventory\html\images\dodrio.jpg	17970	90BB959C2A40FABCF86576BE19B1C193FAE81D13783B8D61D2613E1A52329443
C:\script_ver\quarantine\under-review\qb-inventory\html\images\dodrio.png	87550	DAD3C718AC3F5FC4C79AF235524553BC03809B10D3C1934591D9B53BE47541CF
C:\script_ver\quarantine\under-review\qb-inventory\html\images\doduo.png	14103	9FD06C33BC57CE9735E4AC3612BD7E888F7BC279062E61F13DFC651AD153315A
C:\script_ver\quarantine\under-review\qb-inventory\html\images\dolceto.png	14887	5B8796EF487105E5A9935B7CB09B3EC1F4313D08D7BA8B2192CD329E47C3AC23
C:\script_ver\quarantine\under-review\qb-inventory\html\images\dolphin.png	13129	C9AADE6B501BFCACD3BCD552EF4FD5887ACA428A0BB4CB220663BABDFAEA3125
C:\script_ver\quarantine\under-review\qb-inventory\html\images\dolphinsashimi.png	83591	9A460C1694A5072D89647C5D693DD25A843FBE9A272E1ADB227DAC214180E4A5
C:\script_ver\quarantine\under-review\qb-inventory\html\images\donatello.png	14984	E132FEC5070E04ED6820A4863979042D28ADAB61D24AD7242A993147F12E497E
C:\script_ver\quarantine\under-review\qb-inventory\html\images\donatello1.png	17115	735D9FA89FE4401C6D26549DB93B274BD7396F799B6192D4078F641DB5D0A8F0
C:\script_ver\quarantine\under-review\qb-inventory\html\images\dongle.png	8726	BA19A635BD810A8ACDF3964D129B238A56AFEA2709EFAB3E0FDC7291805D1F6C
C:\script_ver\quarantine\under-review\qb-inventory\html\images\dontblocksign.png	19507	9EC547E93290CF6661314999D06374C3F84F6011F64B686AAE0CF6337AE6AE28
C:\script_ver\quarantine\under-review\qb-inventory\html\images\donut.png	8354	2A9916DF1AE524A05FFBC8CA68E0D6C0EFF091054CD021138D17A3FE8FA10408
C:\script_ver\quarantine\under-review\qb-inventory\html\images\donutstar.png	11217	F279E394E141B3854BE781B44C41C9545F6EC61E3C53D0A12E2E4BD5C7CF13E4
C:\script_ver\quarantine\under-review\qb-inventory\html\images\donutvanil.png	15626	F0A8D9CE75CF442DA8C61C354F74CF8D17E9DBDD8617ADC330F0FEFCE6D4E922
C:\script_ver\quarantine\under-review\qb-inventory\html\images\door.png	26374	1E7C69F84BB6FF2AE2FF621E1FBE5979CDE35F2FA252ACD0051C19687D5D6D00
C:\script_ver\quarantine\under-review\qb-inventory\html\images\dora-maar-auchat.png	7327	384D988978F3D64D230C459D02C18C63493129F304D1ACBB9CE282FDB4378943
C:\script_ver\quarantine\under-review\qb-inventory\html\images\double-action.png	6051	066E9D824FE65B2C459AFA3B76BF873F63E854A9F2CFD268DA24BC875C80F905
C:\script_ver\quarantine\under-review\qb-inventory\html\images\doubleaction.png	6051	066E9D824FE65B2C459AFA3B76BF873F63E854A9F2CFD268DA24BC875C80F905
C:\script_ver\quarantine\under-review\qb-inventory\html\images\doubleburgerz.png	9834	382B003621BBBE96F955834E5CDF39D75B2E7C2B4911ADFBE839F3EAB65D6917
C:\script_ver\quarantine\under-review\qb-inventory\html\images\dough.png	18343	187A50E08821D5781EB7D5450C441E5680578B29792A8E609579DFA3FE5C2095
C:\script_ver\quarantine\under-review\qb-inventory\html\images\dp9.png	22216	E4E868B40F11D155D22D2A0C861CEFFDDBD01AE44F6B6D004C45D61D5A58FE5A
C:\script_ver\quarantine\under-review\qb-inventory\html\images\draco.png	19084	5AA572DEDDE73C118DF0B85A1A326CD573A7EDF4064027B64D555D24D3C4A2FF
C:\script_ver\quarantine\under-review\qb-inventory\html\images\dragon.png	5060	9FB520F8248E7A90C500B806EB2A0097C76490A347C70941E0B70CFC4713E67A
C:\script_ver\quarantine\under-review\qb-inventory\html\images\dragonair.jpg	6750	0D43A632FC90D01E88564C16CEF1AC37B46B97F7A2703C59EC711DB044541DB2
C:\script_ver\quarantine\under-review\qb-inventory\html\images\dragonair.png	144046	ABA551D71FD509AEDFD347A733387DEE90DBD7E83672D29C53357DBFD5E3EE4E
C:\script_ver\quarantine\under-review\qb-inventory\html\images\dragonite.jpg	18032	7DAFE881AA9D1631C11281F4C00C6F5711A5F3B7A56777A02AF0B17FBDDB4C96
C:\script_ver\quarantine\under-review\qb-inventory\html\images\dragonite.png	84414	1A72F8A3BD0980C83C4638049967E1E418777A5A21E75B0042608E5CC2E52CFD
C:\script_ver\quarantine\under-review\qb-inventory\html\images\dragunov.png	14201	B2186F3A915D794E3C7A65775B169036BB93B17CB805C69F181922DBF78EBFCE
C:\script_ver\quarantine\under-review\qb-inventory\html\images\dratini.png	12285	52DB48A0B8E0842674EF619A9C1CBA47ED656616821F3C8F918991DDACECE06F
C:\script_ver\quarantine\under-review\qb-inventory\html\images\driedbud.png	11540	769A4E4E650ACC5BA115FEB6589958C9D55F673BC4E38595BFCC8DA981511176
C:\script_ver\quarantine\under-review\qb-inventory\html\images\driftschool.png	4800	7EFE64010BF8040D6F72DBF63778999A800351AE32EBF17FB2925AC1991184A2
C:\script_ver\quarantine\under-review\qb-inventory\html\images\drifttires.png	22790	2162803FBCE9EAD238B8F30F57C0AA54726972252FADB0DA76231F0E292EA4A8
C:\script_ver\quarantine\under-review\qb-inventory\html\images\drill.png	8356	4D32E3061CAD958774EDA74FE6B0A14EDFC4AA7BFCBC0D4D9B1E55F56AA92598
C:\script_ver\quarantine\under-review\qb-inventory\html\images\drill2.png	7577	6DCA74239B8E4F36EDD6A69B9C585876F90304A8DE9C79F48C5C167B1B1E403D
C:\script_ver\quarantine\under-review\qb-inventory\html\images\drillbit.png	6001	C403DC189A0FE47C977135339C6701FA71FEE294BBCCA66A8F485FE23F1FB4A2
C:\script_ver\quarantine\under-review\qb-inventory\html\images\drink1.png	8877	352B542C42A9F08DB61BE09D46962C61F9AF20433009129621A3497B11089828
C:\script_ver\quarantine\under-review\qb-inventory\html\images\drink2.png	9359	DD0FDBA897EBCFF36ECE9BD030CE76866CD337A0E7D57F6BB8DA1D18D3D37440
C:\script_ver\quarantine\under-review\qb-inventory\html\images\drink3.png	12237	41DB1F8E26FFB91B22D676EC047BF8655C78E270C1FB492B7E47458CAAF2CA93
C:\script_ver\quarantine\under-review\qb-inventory\html\images\drink4.png	9698	DE140EB94BFBD0A6B1A203EE5B670431420BDB093015B787C0B6AF8F441654D8
C:\script_ver\quarantine\under-review\qb-inventory\html\images\drink5.png	7499	C24814BE881BA550D424D5C9E09F583337E09027863BBFA0C0AC69199054FCCD
C:\script_ver\quarantine\under-review\qb-inventory\html\images\drink6.png	8532	CEEA647B476938E20CFE99B5C04B67031D2C4AC7CBAEA5C8D3D90DAB34E3EAB7
C:\script_ver\quarantine\under-review\qb-inventory\html\images\driver_license.png	31047	821714AFFA308503542E104129FF9B12B1A9DA8E3A99D82B5DA531236BA90DEA
C:\script_ver\quarantine\under-review\qb-inventory\html\images\drone.png	6147	A26F6B51EFF294C57568AAC088D4BB9C67562EAA2548D46C7A5AE735C9F7B032
C:\script_ver\quarantine\under-review\qb-inventory\html\images\drowzee.png	14984	29CB882948EA92DB30CE4A98594EE55F3FE0DC50C05541628EDD05494A2A1ADA
C:\script_ver\quarantine\under-review\qb-inventory\html\images\drugitem.png	6040	8E21632AE1D7543446A917B87314AE2962C8FA42C97245719CE444425630A6E2
C:\script_ver\quarantine\under-review\qb-inventory\html\images\drugscales.png	6251	8317760BA4BB790C6549992495D7069E5A433E353621CF2F4D31B3356B915B6C
C:\script_ver\quarantine\under-review\qb-inventory\html\images\drug_scales.png	48745	3C9875FB108EA131C300302B3394D288017735FF41286B4E972B64DCBB9CF5BA
C:\script_ver\quarantine\under-review\qb-inventory\html\images\drug_shears.png	37066	74EBB1039C622DF845AEF208BED8FDD0B0D6FD2FBBA5478ED9E76E2E1AA771E1
C:\script_ver\quarantine\under-review\qb-inventory\html\images\drymeth.png	10839	88FD4C7A2DC8284BB7C28136A34136E4C946BB1E73AFA9E310829AA7907CEE8D
C:\script_ver\quarantine\under-review\qb-inventory\html\images\duffel.png	24543	9422E72F998933AE37AFE1BD55D56A3707F259F2139A03A8BFEF16FB4A07FBF3
C:\script_ver\quarantine\under-review\qb-inventory\html\images\duffelbag.png	24543	9422E72F998933AE37AFE1BD55D56A3707F259F2139A03A8BFEF16FB4A07FBF3
C:\script_ver\quarantine\under-review\qb-inventory\html\images\duffle1.png	28192	A49A6B87699EC36031599DEAEBD88A5E17A0ABBB93C3677945CA67DE4A7DFE41
C:\script_ver\quarantine\under-review\qb-inventory\html\images\duffle2.png	24232	6A3045EB732CFE81D0F5581AE97EF15464BB33A689B9650F7E32A62C675D9BC4
C:\script_ver\quarantine\under-review\qb-inventory\html\images\duffmckagan.png	14705	38D5305526A98EDD64A065DF13E6F1D6AF59043D3DCCE289D5B4137789F2846F
C:\script_ver\quarantine\under-review\qb-inventory\html\images\dugtrio.png	13489	3B2AA7B74D8146A6D8BCF16DD08E90A70FBF71BD424F66DCBC3C619BB7236551
C:\script_ver\quarantine\under-review\qb-inventory\html\images\dumble.png	5011	3E152C14329F7717067BC9DB3778089CB249656E3B1F7907C5B9D44F6DDCA2E5
C:\script_ver\quarantine\under-review\qb-inventory\html\images\dundie.png	7171	5C8CF3172EF151AD99CA9C72900C0E15CB8AAE41A66BCC6BE4491D497774A76D
C:\script_ver\quarantine\under-review\qb-inventory\html\images\dusche.png	17367	C1EFF28B72C8956C939C0F5AE48668333E5BD6F61188835E376FABB36AD18607
C:\script_ver\quarantine\under-review\qb-inventory\html\images\dwight.png	10684	7F28512D434373C7ECB0F5CB6F83954F725155263A2C3CAD9DBF1B0EA6BEC86A
C:\script_ver\quarantine\under-review\qb-inventory\html\images\dwight1.png	10309	B2B0EFF9E940845870E4F406B229F254EF1695F194584A91235A63D036795B3E
C:\script_ver\quarantine\under-review\qb-inventory\html\images\dwight2.png	9037	1704F4DA11C8949E9AF7E961288BFB6A61780F4ABDB29A3ECE11A1C2CF80490E
C:\script_ver\quarantine\under-review\qb-inventory\html\images\e2_cpu.png	22864	AF7A2A56D5331E15832F7AC250542F16AF6DB4915208C6BCED5155716E8768BA
C:\script_ver\quarantine\under-review\qb-inventory\html\images\ears.png	40235	D1D567C3A65BBA23D296C367C0259DFEA42566E33A236BB93FD617FBA92B0000
C:\script_ver\quarantine\under-review\qb-inventory\html\images\earthBadge.png	7253	6E46DDE087032E18EE33737A2F41990FA7409B80AC2109F1A7D6A5F3A53703FD
C:\script_ver\quarantine\under-review\qb-inventory\html\images\ecgonine.png	28384	221270A890688269916B048A95EFA22A222CF92E5565EE6CB65128C13C4F2E18
C:\script_ver\quarantine\under-review\qb-inventory\html\images\ecoffee.png	16313	153545D054723891E8F68F2E75DD0BC6245735F2D5EE9876A9FF9C81B45DB36F
C:\script_ver\quarantine\under-review\qb-inventory\html\images\ecola.png	22230	BB71ACE273A15E7640761B76625F285E9C8CBF3F44BBD6A095C58B8406E5E6E1
C:\script_ver\quarantine\under-review\qb-inventory\html\images\ecolalight.png	19619	1BCF8276391BBA1D580C69B67C06BDB80E4D7880F231A02C3D795331B84F7804
C:\script_ver\quarantine\under-review\qb-inventory\html\images\ecto.png	12204	164C302F08D6FDB24C00F948940246C127A707B93319353B0B27D02BFA07C3F5
C:\script_ver\quarantine\under-review\qb-inventory\html\images\eevee.png	45326	7104D2B9B0FADCDF490FA09D64553776D529490C3D36868FD21C6C54CEABB7D2
C:\script_ver\quarantine\under-review\qb-inventory\html\images\eevee.webp	2380	E924015DCCAAAD4A54DC35927C76DDC485917C6CC1620C7AA6507C29977A6A37
C:\script_ver\quarantine\under-review\qb-inventory\html\images\egg.png	39041	6CFE7197440C216F30B8B356F3D84AEAA63971CC878D7F9C04CBB2C907F994FA
C:\script_ver\quarantine\under-review\qb-inventory\html\images\eggrollmeat.png	259620	A7D363D33D7938CEC922E6789F89B0C79D4D059D91C9BF831B5D83179437FDBF
C:\script_ver\quarantine\under-review\qb-inventory\html\images\eggrollsushi.png	284904	27F03F8928A70CADB5E44155798BAD85469EC067C63818F94FB83B94FF02D5AD
C:\script_ver\quarantine\under-review\qb-inventory\html\images\eggs.png	10150	64766C8DCED2C6CF74CC56CCD88985F15C90CD6F265F5D7AC4DDE0DEF2E8B2A4
C:\script_ver\quarantine\under-review\qb-inventory\html\images\eggsandwich.png	24036	5C5D4EC2BAA3E25D56362D40505471EE0EB0FC1189802B4ECE1B765CAB634312
C:\script_ver\quarantine\under-review\qb-inventory\html\images\eggsbacon.png	9846	17B49E4EA58577183ABD5B4506BC47033D9F5B95B45E56B5BA2ED5F009F8AE91
C:\script_ver\quarantine\under-review\qb-inventory\html\images\ekans.jpg	18052	800599657C019AE66BFC26ACBEA4D6696303CCA3655B08B4BFEEA146ED20255C
C:\script_ver\quarantine\under-review\qb-inventory\html\images\ekans.png	85218	CB1C4867D22CD47F9ABB127C8B8CDCE54CC62A279E5FA44F06C6FA382ABF9453
C:\script_ver\quarantine\under-review\qb-inventory\html\images\electabuzz.png	15161	774CCDD671E3174A0B20D9842837D1BA82F00FA06F961C176C11F17ED295C32E
C:\script_ver\quarantine\under-review\qb-inventory\html\images\electrode.png	14574	0BB52D8016463E5EECE2B63128D2D6A9283BC35BFE6A6E77766B2DD4D86CEDEA
C:\script_ver\quarantine\under-review\qb-inventory\html\images\electronickit.png	13093	E987448B8AA957631FEDCB5C30C029D33A30697C69CAC429BC6550FB9BF2DC63
C:\script_ver\quarantine\under-review\qb-inventory\html\images\electronics.png	10026	425E2C287AEB576CCB2AC635E5296DFDA973CA872E23864AF9EEFB4AA4E1B81E
C:\script_ver\quarantine\under-review\qb-inventory\html\images\emerald.png	19552	FAAB9A439E8F508474F91F363FB55CB598C19E24D5BED0468922B6AE84A17D30
C:\script_ver\quarantine\under-review\qb-inventory\html\images\emeraldore.png	319395	2F108F8C327CEE8EAB3B5C5919632BFA609E32BC11CF4511AE48BA9010DFE8FD
C:\script_ver\quarantine\under-review\qb-inventory\html\images\emerald_earring.png	19091	2393172D605403635DD9D634368939A41427C494DC7D7824276DACEBC2B535CF
C:\script_ver\quarantine\under-review\qb-inventory\html\images\emerald_earring_silver.png	13368	EA5A22CB76D99F1D5B3114A8CE3942201657DD444C3E4F20676A8FF37B8B2EE6
C:\script_ver\quarantine\under-review\qb-inventory\html\images\emerald_necklace.png	11976	66939B790F78FE5B809BA5F6616D638266504259AEA040D7CCFBCA363E3552EE
C:\script_ver\quarantine\under-review\qb-inventory\html\images\emerald_necklace_silver.png	12855	01C697BFE904FF17B6CAF83172831D0D6DAB27892B448AC11C0B21A4E86FFE4C
C:\script_ver\quarantine\under-review\qb-inventory\html\images\emerald_ring.png	25012	5906D20177BDC255F394046369ECBE3998614379FECA4214F4F7F7A8854CBD53
C:\script_ver\quarantine\under-review\qb-inventory\html\images\emerald_ring_silver.png	22593	3E4CC6CB399C753C7981EF9FE682231AB4053329D67BF1CEE8AF84380C337ABB
C:\script_ver\quarantine\under-review\qb-inventory\html\images\empty-plastic-bag.png	10293	CCBE78E358CE7808E6F122F71C029F2B7192C85B357DE3DDDBF118CFE9A402E2
C:\script_ver\quarantine\under-review\qb-inventory\html\images\empty.png	15499	A0B620EE2F5A73D048C188FF2A46833F7077CBA45BFD31859483C19D1A61E505
C:\script_ver\quarantine\under-review\qb-inventory\html\images\emptybaggies.png	10293	CCBE78E358CE7808E6F122F71C029F2B7192C85B357DE3DDDBF118CFE9A402E2
C:\script_ver\quarantine\under-review\qb-inventory\html\images\emptycup.png	31042	FEC71A224A1E831E2E97137EE3C98C88CFAA6F32268D7199AB13B51442360366
C:\script_ver\quarantine\under-review\qb-inventory\html\images\enchiladas.png	9017	9E6865CA4D67ABF7A896C2DA0D8799B3B11DEBA817A6A19D25FCF70BE5AA735F
C:\script_ver\quarantine\under-review\qb-inventory\html\images\engine.png	52541	0D4373155B529C76D574BF80FB50FEB0CBD7865908FF9B156BF7C900887A2069
C:\script_ver\quarantine\under-review\qb-inventory\html\images\engine1.png	34973	5A1A006538B37C7474E3129AB4CDEE5E9CACC75F448B338E0E8BDB6BBFA17505
C:\script_ver\quarantine\under-review\qb-inventory\html\images\engine2.png	30979	AE5AF7DB6B4A1629C68BDE972E52AF2C5A68A068847C7EC3E224D03A7A7BA4D9
C:\script_ver\quarantine\under-review\qb-inventory\html\images\engine3.png	28560	4A59154CDEE387F4C50064354ECFA297225ED82AE4C090E45587234BBA627DD0
C:\script_ver\quarantine\under-review\qb-inventory\html\images\engine4.png	24764	F7D8571FB1CCE781F7AC2CE4331B30F1D2F33C9E7153220FF97F2032AC599784
C:\script_ver\quarantine\under-review\qb-inventory\html\images\engine5.png	27297	4A3B8457949927B6438D309B39D7B3FC433562AD0770DE354BA314A39499B4E0
C:\script_ver\quarantine\under-review\qb-inventory\html\images\engine_parts_a.png	27605	D20ED49165D74DB700C7F09F7F20829943C7CCB43E42FB86180C96F6AECDB8EE
C:\script_ver\quarantine\under-review\qb-inventory\html\images\engine_parts_b.png	27306	6FCA404C6062E917CDCEAE39F54E7FF9BC8AE358E6BAED4993A98281CAF45839
C:\script_ver\quarantine\under-review\qb-inventory\html\images\engine_parts_c.png	27497	AD6B760DAD086B4A903F4B69531BAF36B4E187CDAE74F042BAA873B0BDAF0A29
C:\script_ver\quarantine\under-review\qb-inventory\html\images\engine_parts_d.png	27258	F2CD4B552AD9F4339C96E5572A749FF9869FD2091001639441944BE702BFEBA1
C:\script_ver\quarantine\under-review\qb-inventory\html\images\engine_parts_s.png	39173	F8CB2150C2E96CE57156B59389C4688FFFEB1594B3003D235C9C4D56BDCE2F0B
C:\script_ver\quarantine\under-review\qb-inventory\html\images\ENGLV1.png	32482	F03064780C1D26AE2080AE9CE3AC663315C679C92B5A418A87E4EBCE0859CBA3
C:\script_ver\quarantine\under-review\qb-inventory\html\images\ENGLV2.png	32796	D1321260B3EF70891B55A029D7B35B602D4240F019434D3CDD5E13B783058A02
C:\script_ver\quarantine\under-review\qb-inventory\html\images\ENGLV3.png	32930	D114F53464F850CEB5670B767E5729CF1E3C5860E7155103E2E783D6172F00DB
C:\script_ver\quarantine\under-review\qb-inventory\html\images\ENGLV4.png	32682	B688BABA33C8F1DCB35678FF79CE2E8491027A1DE05C84C97AFF8A345B98C643
C:\script_ver\quarantine\under-review\qb-inventory\html\images\envelope.png	8102	2876707FDE0054A7D99F6B9FEA12159CB52D88F577456BD39E1AC92745A26F9E
C:\script_ver\quarantine\under-review\qb-inventory\html\images\ephedrine.png	18104	B5C59FC49CA552BE2EB9CD84B00300E7D9F45F80F34ED567B35388228F270D98
C:\script_ver\quarantine\under-review\qb-inventory\html\images\erin.png	9128	51FC167C63E13495FDE1BAD033CB675CC3D1B5AB5D9984D12A74780A3DB0EC24
C:\script_ver\quarantine\under-review\qb-inventory\html\images\esm_chain.png	16678	2E36E70893F433122607F66287EB6EE7A0243081EB20EFEF03CFD5178643A940
C:\script_ver\quarantine\under-review\qb-inventory\html\images\esvchain.png	8923	197FE3CA02BAFCA04E2EC582308508A341AD541F841B811401C2DA72C7874D14
C:\script_ver\quarantine\under-review\qb-inventory\html\images\evamarie_pop.png	11433	A5B58119A25BDC4A6C0E3033EA33EBB88332D5628B4B0417ED6C29090EB56B2F
C:\script_ver\quarantine\under-review\qb-inventory\html\images\evidence.png	8905	545E42C20CAF3872A0469CCA19F981396CEBCA0A6A131A479899C47202D100FC
C:\script_ver\quarantine\under-review\qb-inventory\html\images\evidence_empty.png	9994	1D92FCA3D25D3DD3448A9C0B1FB110C1019C8F08955A9DE9D696922916DFD71C
C:\script_ver\quarantine\under-review\qb-inventory\html\images\exeggcute.jpg	17946	24FA97308E618EEDD6F52FB79BF306FD6D6F8AB132CB83219CE814BBCC2A2045
C:\script_ver\quarantine\under-review\qb-inventory\html\images\exeggcute.png	85613	75B0F697B68CC29C0230255F530702D7289861C3002BE73A03D9B38FE141BD8F
C:\script_ver\quarantine\under-review\qb-inventory\html\images\exeggutor.jpg	18236	D43A1E47F1741DDA1E5BD7F5FFB16A5A17868A62E50EB6E4713945EC934262B5
C:\script_ver\quarantine\under-review\qb-inventory\html\images\exeggutor.png	96374	5F6DCBA92D2C117C32F9BBA12E10B784094ABC5128965CFA68493EE2A3F539D3
C:\script_ver\quarantine\under-review\qb-inventory\html\images\exhaust.png	4770	CF174A50998731FCBD0C60A62A7E5A4EACE3E86F6F91A22E1F9B16BB4418B69C
C:\script_ver\quarantine\under-review\qb-inventory\html\images\experience_drop.png	32790	39EA308F35C92A97C8372ACA60B309388CD366D3FC86E480CA33F3F02A0EB64C
C:\script_ver\quarantine\under-review\qb-inventory\html\images\expert_atmobj.png	9331	DF8E78E3522CC5C85CB44F7EEB6F3235E7E17475952D0DE9AAD637239B9F2486
C:\script_ver\quarantine\under-review\qb-inventory\html\images\expert_cafecase.png	11440	7D74D295FEBB93C1CC827CACABE5539B54CE099981215397BB953A92A6637FD4
C:\script_ver\quarantine\under-review\qb-inventory\html\images\expert_decrypter.png	6791	A34662F2C14B8C73B3343B862CF2FA18028E7C28307D2BCA282BA9DF62DF7846
C:\script_ver\quarantine\under-review\qb-inventory\html\images\expert_gps_car.png	14433	718EDAF2EF3A03E88ACE5E32DDEE50BAC91287A7D3F01173E4410E55F30C913E
C:\script_ver\quarantine\under-review\qb-inventory\html\images\expert_gps_tablet.png	12242	51A05BC786FB8B8AA1ED5A867E6336AA3C856237E8F2CE8CD42106B5BD71E740
C:\script_ver\quarantine\under-review\qb-inventory\html\images\expert_towingrope.png	13017	1A6AE178BFF86BAC41A3E957083380FC473D5605BC6348E9A25040075B4F832A
C:\script_ver\quarantine\under-review\qb-inventory\html\images\expert_yachnote.png	17195	69A3CD6F1B7D8B9C2FE652832DE27ACF13ACD5FE728603B3BDCC476F392C8A9F
C:\script_ver\quarantine\under-review\qb-inventory\html\images\explosive.png	31869	46263FDBD827FE8AB3331244F542342E6AC47E963BD6E546FB4A73493682B8E9
C:\script_ver\quarantine\under-review\qb-inventory\html\images\explosives.png	9143	6607AE08441AF862F9CD6D3548BE9A6E3D30C4FEBA58477AAA6BFCB1EEDB2A11
C:\script_ver\quarantine\under-review\qb-inventory\html\images\extended.png	5517	BF0BD2A8D3A4367EBEC50FA11BE52865B9F75C8286ECCFF6AEB5BF83B80682DB
C:\script_ver\quarantine\under-review\qb-inventory\html\images\extended_mag.png	5517	BF0BD2A8D3A4367EBEC50FA11BE52865B9F75C8286ECCFF6AEB5BF83B80682DB
C:\script_ver\quarantine\under-review\qb-inventory\html\images\faberge-egg.png	10707	1EC2E20CA5D24A39070EE0219BE2BA7EDB16E1EC1D50E47F8C2D294C4C14C969
C:\script_ver\quarantine\under-review\qb-inventory\html\images\faiselchain.png	14440	FFA774B1423135457EB27C2B6908A04DF013A025A03316E11E1205BBB40AB3FF
C:\script_ver\quarantine\under-review\qb-inventory\html\images\fakeplate.png	10291	742767F6D1A134D27AF845454FB06E6A6737FE60FB2B131B14BA298E997C8731
C:\script_ver\quarantine\under-review\qb-inventory\html\images\fanta.png	8713	FD583B48C1A8F85F6A1EFCB7F0F91D4D4177A69BEBAD856B4EAB7CA445D48E10
C:\script_ver\quarantine\under-review\qb-inventory\html\images\farfetchd.png	15034	8A02EB71FEB6E2C5B21936A4D087FDB533484D8F6BFD3A111AC5A27CD120AEF5
C:\script_ver\quarantine\under-review\qb-inventory\html\images\fb.png	7652	D6B9471C6AE450836C50270EDA2F06A9AB0914E5287D0847A55BD89737B99D59
C:\script_ver\quarantine\under-review\qb-inventory\html\images\fearow.png	43872	A915E71E3CF71AB5158B7E615DC2FF26DB92AEB7C51708719D3FB4E553801C57
C:\script_ver\quarantine\under-review\qb-inventory\html\images\fearow.webp	2246	79BA17DC0A08D19F92704206CE2018C3695E63C8D1539BAB83063FB05B8E520E
C:\script_ver\quarantine\under-review\qb-inventory\html\images\feet2.png	16461	EB3F2A22FF3EACBC998CFB9F2B8ED4238024F8D42013FB534B3D62DA30B6AB79
C:\script_ver\quarantine\under-review\qb-inventory\html\images\fertilizer.png	13658	9DA9DC9D1ED7524C52FD6888B52CA134179AC2B45B7F4DF6710140A2A29BBD09
C:\script_ver\quarantine\under-review\qb-inventory\html\images\finlandia.png	5273	B6E200DFA5671FC3870ACB496F33B65E8711113F4173CA6A0D9CC65EBD3BE694
C:\script_ver\quarantine\under-review\qb-inventory\html\images\fire-extinguisher.png	8285	DBD9087F3B9BDD1C96AAF1AA9308A838790D3E9DE7D5DE20E3BA90EA1CD3908E
C:\script_ver\quarantine\under-review\qb-inventory\html\images\fireext.png	7356	79AB1CA354AA8206C63CFF646F15F3C4C4896BA192E0174A07E53CFC9DB95C77
C:\script_ver\quarantine\under-review\qb-inventory\html\images\firework-launcher.png	9844	DAA754BF233695F671C24C7CC4ABB926B7F5A159F07C7F4F64B2AFCBD3EA0BAB
C:\script_ver\quarantine\under-review\qb-inventory\html\images\firework1.png	21443	A67950CA9301DA82E22F83AC02F048C5262AC92EE5E2FF799E903AEA8ECA214A
C:\script_ver\quarantine\under-review\qb-inventory\html\images\firework2.png	19829	BA9A612D0C028A3CAA9CD7A8ABDDE826391784785EE0C7EF16A4FA9EB1C47FBF
C:\script_ver\quarantine\under-review\qb-inventory\html\images\firework3.png	24420	268297DBF69082F0FF669BB83F54A96061C80FB8379EE8425DDE377737B6FAB4
C:\script_ver\quarantine\under-review\qb-inventory\html\images\firework4.png	14878	49F7A82C07F48408E50CD619E3080B6564E9DB24CE1CC2EF3D73CAAFF4EAA8B8
C:\script_ver\quarantine\under-review\qb-inventory\html\images\firstaid.png	18876	CC6AD84BEC3B5DC4C0F50F9AD15482593B7F189C582BFB96196A8E87D103AB38
C:\script_ver\quarantine\under-review\qb-inventory\html\images\fish.png	31921	5B2255D38309323F0211025D032981A5634E92C2EE0E7EA4F2099564792D40E2
C:\script_ver\quarantine\under-review\qb-inventory\html\images\fishbait.png	16716	E79970D244EF6B39F9FEA6FE3E9C773D7F9B4110074D8A3EBB9DC769B4C61F3B
C:\script_ver\quarantine\under-review\qb-inventory\html\images\fishicebox.png	12982	32770A139C785D82F4D6F71F4B8B563A60C3ED35D0E85EFE943929E3971AA4F9
C:\script_ver\quarantine\under-review\qb-inventory\html\images\fishing-bait.png	11912	B9C9786971F388A53F50153E2431CDCF65DC04272262935885E38CAF430E18E6
C:\script_ver\quarantine\under-review\qb-inventory\html\images\fishing-bass.png	12363	D4A53C081D2EB484588B40C8F39A1B05C7B526D585D52839DADFCFB518752B25
C:\script_ver\quarantine\under-review\qb-inventory\html\images\fishing-bluefish.png	16590	F14935000AA8D895D25A8A3C3D6C1ACBC4B6C0CFF169CCC532341E18D38D4554
C:\script_ver\quarantine\under-review\qb-inventory\html\images\fishing-cod.png	12382	AD3FABA0050241EC6244AF1F008ABB4831758032EB7835BDECF0630B853E182B
C:\script_ver\quarantine\under-review\qb-inventory\html\images\fishing-dolphin.png	14651	55329FE49316186727A55FE57583E8405F3711D8DB3D408DD1F4EDF46BBDA2DE
C:\script_ver\quarantine\under-review\qb-inventory\html\images\fishing-flounder.png	14906	C48879698D38CF1B6AB465C5D2067FA68978C9EDDB5DD7107A945D68BC4F19AC
C:\script_ver\quarantine\under-review\qb-inventory\html\images\fishing-goldfish.png	11560	1E64AF01A8E910667F3252232BFCEE650FB11AA1171260D6FAD543D65D7AC0B7
C:\script_ver\quarantine\under-review\qb-inventory\html\images\fishing-mackerel.png	10542	81F4BD8FCCE604A17CDAB3FE254663CC4F6B209DA9A8CBBD14A27ADB15B37132
C:\script_ver\quarantine\under-review\qb-inventory\html\images\fishing-rod.png	6208	12750613A40ACA8B820E974DCF4535C0B2C2AAB201F6BD2859DEBEB6CB1475FC
C:\script_ver\quarantine\under-review\qb-inventory\html\images\fishing-salmon.png	8588	D0D1BB85FD5EF789C6465AAF2A2EC6882BBE9A447AFDB95B2B56ABDEEF407345
C:\script_ver\quarantine\under-review\qb-inventory\html\images\fishing-shark.png	16848	32A17B33919392CCCCFC32F0DE6A6751E71A65661B14567753C3E92F972A20CF
C:\script_ver\quarantine\under-review\qb-inventory\html\images\fishing-stingraymeat.png	9382	AF0E199F9E61A12A12E50D3B8B47861ED4680714868EF89769A8A89D7B3E24CD
C:\script_ver\quarantine\under-review\qb-inventory\html\images\fishing-whale.png	9124	8F128BE08141D971CA96063886267A830C4500640B829E69FB9E08324F41F387
C:\script_ver\quarantine\under-review\qb-inventory\html\images\fishingbait.png	11912	B9C9786971F388A53F50153E2431CDCF65DC04272262935885E38CAF430E18E6
C:\script_ver\quarantine\under-review\qb-inventory\html\images\fishingboot.png	14865	8EBC2449E4C8546FB4C5F9E65B1DB82DEA89B43F914C21E729A5AACA888559FE
C:\script_ver\quarantine\under-review\qb-inventory\html\images\fishingkey.png	8543	0CED2E2F031F5350049A6673A6705B4DFE8ECB6860B758D10962FBC34D5B3ED5
C:\script_ver\quarantine\under-review\qb-inventory\html\images\fishingloot.png	10654	2FF3996975400E944646B6D9524BFE62AFF42CE2336E8E4A86E3F3E9C9D08253
C:\script_ver\quarantine\under-review\qb-inventory\html\images\fishinglootbig.png	12719	02CC8E09428844ADDFA6C2BEE12AC6EA5DD1866828F58D6895C051BAA4E0A4B3
C:\script_ver\quarantine\under-review\qb-inventory\html\images\fishingrod.png	6208	12750613A40ACA8B820E974DCF4535C0B2C2AAB201F6BD2859DEBEB6CB1475FC
C:\script_ver\quarantine\under-review\qb-inventory\html\images\fishingrod1.png	50244	958F26DF73B9A21574AF1190EECB795A198E09EC3080FD5AD96C14E720EDB8A0
C:\script_ver\quarantine\under-review\qb-inventory\html\images\fishingrod2.png	50381	49F64DF604CFD0C0AFE9C746FE7AEE3AA0295517830A4AAA8620E1BA2C748B72
C:\script_ver\quarantine\under-review\qb-inventory\html\images\fishingrod3.png	50330	9EC59ADC0BE787CCCF6A6A8670A90AD704CCCC95E988E7CFFDB2398E1791D6A3
C:\script_ver\quarantine\under-review\qb-inventory\html\images\fishingrod4.png	50373	CFD9B93C4977EAD6B79C117BAE1A397E29DACAC8F29110250CDDCC2A6D0E1BF6
C:\script_ver\quarantine\under-review\qb-inventory\html\images\fishingrod5.png	50389	94DB82920EC04C58492B1505ECF3B30FC79EB3913C1EBC3377FE7C105C4DED40
C:\script_ver\quarantine\under-review\qb-inventory\html\images\fishingtin.png	18421	379A459E9AE8C8F824BBAEA4A4494246350F6496AB07389FCDCDE45A53EA1BD0
C:\script_ver\quarantine\under-review\qb-inventory\html\images\fishsushi.png	150338	031E1837D6BB24D170346E55A27B55E5D9DBA9E1EE6A4E6B75673C11FCDA8E4D
C:\script_ver\quarantine\under-review\qb-inventory\html\images\fishtacklebox.png	13774	F115EE808083BCB9CF4CAFB5962D4D560C91983BA1CBA47720D5DDFB6B511FC8
C:\script_ver\quarantine\under-review\qb-inventory\html\images\fishtaco.png	20699	9665B709D6125760D2A9CC550429F892FB1E4B27232ED0806F06B7B82A95E633
C:\script_ver\quarantine\under-review\qb-inventory\html\images\fish_bass.png	12363	D4A53C081D2EB484588B40C8F39A1B05C7B526D585D52839DADFCFB518752B25
C:\script_ver\quarantine\under-review\qb-inventory\html\images\fish_bluefish.png	16590	F14935000AA8D895D25A8A3C3D6C1ACBC4B6C0CFF169CCC532341E18D38D4554
C:\script_ver\quarantine\under-review\qb-inventory\html\images\fish_boot.png	16387	D422F929F792DB124C46129BB9F5B427970A2B5A7E4E88108DD8EF714FC04227
C:\script_ver\quarantine\under-review\qb-inventory\html\images\fish_cod.png	12382	AD3FABA0050241EC6244AF1F008ABB4831758032EB7835BDECF0630B853E182B
C:\script_ver\quarantine\under-review\qb-inventory\html\images\fish_dolphin.png	14651	55329FE49316186727A55FE57583E8405F3711D8DB3D408DD1F4EDF46BBDA2DE
C:\script_ver\quarantine\under-review\qb-inventory\html\images\fish_flounder.png	14906	C48879698D38CF1B6AB465C5D2067FA68978C9EDDB5DD7107A945D68BC4F19AC
C:\script_ver\quarantine\under-review\qb-inventory\html\images\fish_mackerel.png	10542	81F4BD8FCCE604A17CDAB3FE254663CC4F6B209DA9A8CBBD14A27ADB15B37132
C:\script_ver\quarantine\under-review\qb-inventory\html\images\fish_shark.png	16848	32A17B33919392CCCCFC32F0DE6A6751E71A65661B14567753C3E92F972A20CF
C:\script_ver\quarantine\under-review\qb-inventory\html\images\fish_whale.png	9124	8F128BE08141D971CA96063886267A830C4500640B829E69FB9E08324F41F387
C:\script_ver\quarantine\under-review\qb-inventory\html\images\fitbit.png	10057	D5DF17F142A056C538B893E2B6F119A22C3A21C312641894C829083C792097BD
C:\script_ver\quarantine\under-review\qb-inventory\html\images\flare.png	3970	8EB8C430C2952B8EE12BE9AF6F9750C68EA3F176EA2D5AC526B5D453D44D4A0A
C:\script_ver\quarantine\under-review\qb-inventory\html\images\flaregun.png	6267	740E002FA9B2857B7B46E6E0CAAA76379861FB4FFB4FE18D18219F3E7DF188A4
C:\script_ver\quarantine\under-review\qb-inventory\html\images\flareon.jpg	6584	66E0EF23B6379D4EA6170495E8DD32603E1AAB8917300CB23E9595F5EC246422
C:\script_ver\quarantine\under-review\qb-inventory\html\images\flareon.png	73266	AEE2BB1EAF487074E8D68F8A7B7BE7D76206EC5132DACF0D0D65D9622941013D
C:\script_ver\quarantine\under-review\qb-inventory\html\images\flashbang.png	7277	607BD8261F465398BAF2EFFA903D6A4EDEE5095158398ADED6ED3E0853C4C764
C:\script_ver\quarantine\under-review\qb-inventory\html\images\flashlight.png	4853	29782603A3C3E231EDE25FC9EFC47F1217809F0D7D3EAFD5327AAE87965842E0
C:\script_ver\quarantine\under-review\qb-inventory\html\images\flat_tv.png	5383	CFF7A86E0CEA11632714977C893270462060A4EF01AD87291FEDB256FB0480BE
C:\script_ver\quarantine\under-review\qb-inventory\html\images\flintmobile.png	11077	849CBA14C4D79B45C7810572B294AB0B8C1CDD2ECF8E668912DF95BBF7C6FA02
C:\script_ver\quarantine\under-review\qb-inventory\html\images\flounder.png	13384	6D7165D3814DBF9C933E65739C69A515F41085B8245C1A26029C7A2DE79B26B9
C:\script_ver\quarantine\under-review\qb-inventory\html\images\flour.png	24114	A38A773AFC255D108C7C80FE9356C4B486857D913659A32448E650AEAB2EED3F
C:\script_ver\quarantine\under-review\qb-inventory\html\images\flusher.png	22371	11AD12D610B3F695C3337630AF3663E2D71EBFC026D78AC73DECCAF53A3ECB85
C:\script_ver\quarantine\under-review\qb-inventory\html\images\flush_cutter.png	3586	3196ABEC993CCA0188A40B0AAB6BCE6D77663D8A4EAFD0568E615F40C48D193F
C:\script_ver\quarantine\under-review\qb-inventory\html\images\foot.png	27383	0425213FA292246E5BE9111E586DE208C0D16226C7D53F3C20B5DFCCBD41AE14
C:\script_ver\quarantine\under-review\qb-inventory\html\images\football.png	47590	EBA0A40790BDD0EC6BAFCC0BC886F72C4085C4094E98922C6A466E5092F79CF1
C:\script_ver\quarantine\under-review\qb-inventory\html\images\footsoldier.png	12697	BC2DD9CE5AB0C31D65B401138185B1EEBCB0669E5DC05DCD8CCFB2D6AF80375E
C:\script_ver\quarantine\under-review\qb-inventory\html\images\forceps.png	26917	BC317EA5C2BB230802CD2A732A3FD7E4A067844AF5E6B25F42CEAD2A3773A29B
C:\script_ver\quarantine\under-review\qb-inventory\html\images\fowlburger.png	10889	6C556ADB40F4C180855C7513C715E23696F1AF68CBC8648C9EE41CBE88663E3F
C:\script_ver\quarantine\under-review\qb-inventory\html\images\frappuccino.png	8676	1596CA50C4DFAC8429EF1E2F09C1DA06175E78DF01BC69D7AD132830A7741CEB
C:\script_ver\quarantine\under-review\qb-inventory\html\images\freddy_pop.png	15035	936283872F0FE277D6AC93FE7BCA1BDAA27881D3B78F20D1DAC06C47D5797406
C:\script_ver\quarantine\under-review\qb-inventory\html\images\frenchtoast.png	10258	32F9D2000D20F9DB660B76864C47E9718BEC49897FEAC2AFBEC24FB806091506
C:\script_ver\quarantine\under-review\qb-inventory\html\images\fries.png	8777	4AFADA26FF6B677214AC0DA5F0544C24A2FDA935186A0B7E1482E170C930B98F
C:\script_ver\quarantine\under-review\qb-inventory\html\images\fruit_pack.png	16535	7711579FD927506AD28F790E0E6E41AA79493FC471FEACB6509B1509E701B27A
C:\script_ver\quarantine\under-review\qb-inventory\html\images\fruit_slushy.png	8639	0F059A00F6A99C090B445EF9A796791414B097735C75091527E78E6B42F6F74C
C:\script_ver\quarantine\under-review\qb-inventory\html\images\fuchka.png	1999066	B89724B823B6779F4756E599DDB5D4EB49EA0119E48DF6717A105BAA363D3188
C:\script_ver\quarantine\under-review\qb-inventory\html\images\g6badge.png	16366	17C145A68E4B49436CEE286B07A019F47438C9C993DC571039C634C87B081357
C:\script_ver\quarantine\under-review\qb-inventory\html\images\g6badge_2.png	11244	D8D152C23175275D8D19840B02C65BEAFF4086B31D2706FF6B707EFE1C30556C
C:\script_ver\quarantine\under-review\qb-inventory\html\images\g6bag.png	45329	599268FB670CE0C2C49643B0C2E931217BF51E6E05FA16D99DB5F903080D595A
C:\script_ver\quarantine\under-review\qb-inventory\html\images\g6pallet.png	17941	16FC4227F2B80CCC15F180C981CF560AF3ACC59184A3A5E86168EE396FE13539
C:\script_ver\quarantine\under-review\qb-inventory\html\images\g6pallet_2.png	15846	896F7DC46ECD7442B4EDC92D08B824C03C8CC5F063543063354FF68856F4616D
C:\script_ver\quarantine\under-review\qb-inventory\html\images\gallary_dora_maar_auchat.png	7327	384D988978F3D64D230C459D02C18C63493129F304D1ACBB9CE282FDB4378943
C:\script_ver\quarantine\under-review\qb-inventory\html\images\gallary_dragon.png	5060	9FB520F8248E7A90C500B806EB2A0097C76490A347C70941E0B70CFC4713E67A
C:\script_ver\quarantine\under-review\qb-inventory\html\images\gallary_egg.png	10707	1EC2E20CA5D24A39070EE0219BE2BA7EDB16E1EC1D50E47F8C2D294C4C14C969
C:\script_ver\quarantine\under-review\qb-inventory\html\images\gallary_greek_bust.png	3982	2413838E87F67602CC92A7FF3670F85CD888D9F0D64700C67A972FAEB73F7EF6
C:\script_ver\quarantine\under-review\qb-inventory\html\images\gallary_les_femmes_dalger.png	7564	8E6CDC541627FA6494459F634CFA600BE158EA999C815D11BF525B00ACB83C0D
C:\script_ver\quarantine\under-review\qb-inventory\html\images\gallary_maltese_falcon.png	4179	3D02693EBE11FE68500682A29188A4BFFDC6A3E1770E58C5849C7AAF4348F789
C:\script_ver\quarantine\under-review\qb-inventory\html\images\gallary_maneki_neko.png	4719	22A0E46308F14E3346863E9FAD9487C0F08B377968322C49AC9FD6957D5B7FF9
C:\script_ver\quarantine\under-review\qb-inventory\html\images\gallary_mona_lisa.png	7591	38C5553D75E56A962C536DFC046CFB4FA51AB2E09C31EA1978DF8AC541C09F53
C:\script_ver\quarantine\under-review\qb-inventory\html\images\gallary_payne_portrait.png	7212	1AA180047FA7405730DB7F031D8947FAD77472EF3BF8742E0474888AFBAB7E60
C:\script_ver\quarantine\under-review\qb-inventory\html\images\gallary_portrait_of_drgachet.png	7928	CF749EDB6B80D2C19F4E6BC733CF3401AE98657E452549C5F5C3028C7ED1DCE1
C:\script_ver\quarantine\under-review\qb-inventory\html\images\gallary_skull.png	5127	4141C46DE9B6A5302D4D699CE33C8FE488B907ADDE503854621FC47C1591259D
C:\script_ver\quarantine\under-review\qb-inventory\html\images\gallary_starry_night.png	7398	55044D13BCB888CE7395520BE62F3C404F61FBFC4B15FE105BA4A2AD063DEB4B
C:\script_ver\quarantine\under-review\qb-inventory\html\images\gallary_stolenart.png	8597	1C2F76233F101CF7BDC2BB72E275F165B4DFC7067C9B58B4140D580F978056CB
C:\script_ver\quarantine\under-review\qb-inventory\html\images\gallary_trophy.png	3561	78B73569695021BCC5CED50BFD4EE30BAEF3F69D7D1E12D80E1BE72E3F7B6274
C:\script_ver\quarantine\under-review\qb-inventory\html\images\gallary_trophy2.png	3088	7EFA8CF4ADC0C8A319D4ACB7A702CB34665A46F7CF66107EDA866B9DB5AD1CBA
C:\script_ver\quarantine\under-review\qb-inventory\html\images\gallary_trophy3.png	4559	A0DB8990B36DD8B441FBB6CD2B0F77D6BC604059F5979C937B6D4078F8D05C88
C:\script_ver\quarantine\under-review\qb-inventory\html\images\gallary_vip.png	3435	4095BB7A07071A5DD2C5D3FA44BBB7189EA02B52A5E9FD27005A35B3CBE1F18F
C:\script_ver\quarantine\under-review\qb-inventory\html\images\gallerypremium.png	7397	EFCF908117214D806266EB4F7AA6A4B0A380EC2C59061D22FAD2F45042BD9E28
C:\script_ver\quarantine\under-review\qb-inventory\html\images\galleryvip.png	6893	39AEFDBA8787A962F57B5CB99C70F3D6D787F97392B4FC9C6DBDB5FB2EDD30CD
C:\script_ver\quarantine\under-review\qb-inventory\html\images\gallery_premium.png	3726	3C6AB81A5CAAD6D37DA6114227997EF5459ECEEF41F4AA3E68FFB25DC6F87067
C:\script_ver\quarantine\under-review\qb-inventory\html\images\gallery_regular.png	3855	2D74FC47EBA1D9CBE574A04DC4B8BC46791C9735922CBFAB5E29467003382ACF
C:\script_ver\quarantine\under-review\qb-inventory\html\images\gallery_vip.png	3435	4095BB7A07071A5DD2C5D3FA44BBB7189EA02B52A5E9FD27005A35B3CBE1F18F
C:\script_ver\quarantine\under-review\qb-inventory\html\images\garfish.png	30785	DBD79C5B9331D93053A49BB92AA8135E19149390A37992399116CEFEACB3F0A7
C:\script_ver\quarantine\under-review\qb-inventory\html\images\gasmask.png	9317	688CD56EB021B6653BD888F490DC8CA801A958450FAF35A15C098B35718B58DB
C:\script_ver\quarantine\under-review\qb-inventory\html\images\gastly.png	13543	C181F8FA65A4BB7A4B06FD3716F8BDAA1A0CA2200E50755AD5B04DCD84F5EE23
C:\script_ver\quarantine\under-review\qb-inventory\html\images\gatecrack.png	28689	1BC0D20164CCB20E50E39FA77AE59DC78F0B427F05090C8238C0431D2B43B1F5
C:\script_ver\quarantine\under-review\qb-inventory\html\images\gauze.png	72443	57C161EA7A027C0FCC248BD520AD1089A456CC6E1848ACBD9465A67D296A1817
C:\script_ver\quarantine\under-review\qb-inventory\html\images\gbottle.png	9747	EF514F3BD3E4718EED370ED4DD822808DC418DAAF146C4FCAEE714CBC20A95C4
C:\script_ver\quarantine\under-review\qb-inventory\html\images\gelato.png	25982	1ECEDA8498900BAC7377EDDB24FD7D8E3D75E74822661C36022684D06C867CBB
C:\script_ver\quarantine\under-review\qb-inventory\html\images\gengar.jpg	17702	CE61643DF78B6AAA108879A7940B606CB9059341C961CF823E7918AF3123A188
C:\script_ver\quarantine\under-review\qb-inventory\html\images\gengar.png	76778	DD9CF708F370FF5AFAD991FA8303F40F9015EBF814D02E5CB9DDECBC7508B9C3
C:\script_ver\quarantine\under-review\qb-inventory\html\images\geodude.jpg	17866	B380BEF2FFEB250983FA5CE824B9DE5DA0B2C6FEBE9F7BFAC9961A57274DAD88
C:\script_ver\quarantine\under-review\qb-inventory\html\images\geodude.png	85761	E1B05B0468AB6E07C9A9A6830191F1275108900321C0123C8B87C9F7EB550227
C:\script_ver\quarantine\under-review\qb-inventory\html\images\geoffrey_pop.png	8620	E51E978302B78F42BFEA07397B16458319E56A8E90E4A1ED147D22D42A07BADC
C:\script_ver\quarantine\under-review\qb-inventory\html\images\george.png	12033	1C506B45C82FB410596A095ABFB496BFCA6C5B32C7F48C9B289098024ACE3618
C:\script_ver\quarantine\under-review\qb-inventory\html\images\georgegervin_pop.png	7168	E2E6C75769CE51702316C3A876821364F278D643C37BD9F2EAAFCC51F9BEFFA6
C:\script_ver\quarantine\under-review\qb-inventory\html\images\ghostrider.png	14955	A1E477C917D706B7E925B87547418E6F2227C330F31E7DE4895F66F664B33EF9
C:\script_ver\quarantine\under-review\qb-inventory\html\images\gift_box.jng	122856	7C6A67EC699E5CEA79FF55FF45AB084835C2D4365C3BE8577CC9713B55D9C8EC
C:\script_ver\quarantine\under-review\qb-inventory\html\images\gift_box.png	20714	78CD325CE9F78FAA3606DA147A7957A99EBF12FE948CB08BD2B168CC0E59F0F4
C:\script_ver\quarantine\under-review\qb-inventory\html\images\gin.png	13990	6E88501E39752F24F07D31618D710AB7C7DEB45EF1B196B03F0A170FA2246872
C:\script_ver\quarantine\under-review\qb-inventory\html\images\glass-bottle.png	6451	07F3933BC0135FA382A0F1C77C22A4B6AC81BC2B5645492C904595033607B47B
C:\script_ver\quarantine\under-review\qb-inventory\html\images\glass.png	14805	1441427F96F650660B477199FD2C0A1949650326961972F6B7C7918A3C636BBD
C:\script_ver\quarantine\under-review\qb-inventory\html\images\glassbeer.png	5807	ED28DAF70E8E7DD450C7EB0105289F1066FDCA9F7CF623D450443ABF601658AA
C:\script_ver\quarantine\under-review\qb-inventory\html\images\glasschampagne.png	3747	9B651A542E236318250EF54895093374C090FEBEA355468BADF42F7B11A07D1A
C:\script_ver\quarantine\under-review\qb-inventory\html\images\glasscup.png	11545	0CB3A4126B761DAB070F95EF3B82339277C4859508C9F1E704C21D7FA518436D
C:\script_ver\quarantine\under-review\qb-inventory\html\images\glasses.png	64514	A6CB660378A02C46415E841B0F6B10CF683E516A2F19C47A963F584801EAB855
C:\script_ver\quarantine\under-review\qb-inventory\html\images\glassplate.png	8562	D488FA8E4F2125E87D2E15CCC307E5DF411D26917EB59FDEFF0DC357D5BA58D0
C:\script_ver\quarantine\under-review\qb-inventory\html\images\glasswhiskey.png	6021	137F9C15E431C18395D822106B3AFFC6CC0BEED767CBDF1470DA596151FF3324
C:\script_ver\quarantine\under-review\qb-inventory\html\images\glasswine.png	4036	B4EA36669F1CFB94929245B7EC53D630F66EFC696BEA5551B257B1FDDC565403
C:\script_ver\quarantine\under-review\qb-inventory\html\images\glass_rum.png	33206	80B531527B8C7924FCEF466731F92614A7CE2C0AF8F159C45749802BA1145953
C:\script_ver\quarantine\under-review\qb-inventory\html\images\glass_rumcoke.png	38333	DEE21B3D7E75625096547C421DC37442F67AB12FD10CC300B7C72CBCEF80EF1F
C:\script_ver\quarantine\under-review\qb-inventory\html\images\glass_vodka.png	35463	C2D7FE34A33F2B6FA26841B0F9F66AFE1BF51E0104C7074699ACE01ACE37EC58
C:\script_ver\quarantine\under-review\qb-inventory\html\images\glass_vodkalemon.png	49954	53792F5B5048BDA8DD8DAF47C368E048E46C62D0037D750B935DF9526B009CC7
C:\script_ver\quarantine\under-review\qb-inventory\html\images\glass_whiskey.png	38320	9EB13E0B008C2AFB574683C951155E7C9D366D259AB96F95C99E74CCBE172AF8
C:\script_ver\quarantine\under-review\qb-inventory\html\images\glass_whiskeycoke.png	35227	230BD02954CFFE8E46647D8FADBD1AE4CF96DFA06FE82785B45299905007BC66
C:\script_ver\quarantine\under-review\qb-inventory\html\images\glenn_boe-bear.png	5223	E86465F1C8E11747DD6AFEAB6851593F2BEB183B48B2DB63F180BEC5F6F224E9
C:\script_ver\quarantine\under-review\qb-inventory\html\images\glock.png	8576	F19DE9253CB4307CC96F02804B7D0C56FDB10A095DDB72D0446714969D44AECA
C:\script_ver\quarantine\under-review\qb-inventory\html\images\glock18c.png	18944	B0666C91980EEC0E3270404F8E8AAA49E3C29DD6E93B06950D8E8F2778926220
C:\script_ver\quarantine\under-review\qb-inventory\html\images\gloom.png	40668	881EE2A0C23F49A63D3DD50F94AE4855C3F1F9DB80FC7C9A2867EB351E5B4040
C:\script_ver\quarantine\under-review\qb-inventory\html\images\gloom.webp	2046	8663D914EF12BD23CC8DD5E4A719961FFEE8795E68AC1F3AAF73D51513735527
C:\script_ver\quarantine\under-review\qb-inventory\html\images\gloves.png	41791	A040F69D5D2621ABC3959172FEA66016ABB95E92D5E67C540349DE4F40040996
C:\script_ver\quarantine\under-review\qb-inventory\html\images\glucose.png	26293	4BEC3A968517219414EDF8A439165C2871172C00DE3A98F14722ADBE90E90133
C:\script_ver\quarantine\under-review\qb-inventory\html\images\glue.png	9569	90BB6F177A22F024A18C99CB08846418162B2EA5B859B5AFFB3A401AD2A0ECC6
C:\script_ver\quarantine\under-review\qb-inventory\html\images\golbat.jpg	18360	748DDAF005660E0E6DB2A9B94C279757694FD688799FB9BF3F8469DF8B4BC8CA
C:\script_ver\quarantine\under-review\qb-inventory\html\images\golbat.png	90567	E1CB2BEB8101BC050A328EDA3E4C3BF9EAA102330B31575B9E9ABBB694947D6A
C:\script_ver\quarantine\under-review\qb-inventory\html\images\gold-bar.png	7544	56A6E71EA50ABD52179A9B6A0C316100A54EF7F94B1584BE56D38B4F8F4E11AD
C:\script_ver\quarantine\under-review\qb-inventory\html\images\gold-chip.png	9097	747C444821B10B4B8742984E966EBAE93F0995F51BEEE8051F26E99FF8DC09AA
C:\script_ver\quarantine\under-review\qb-inventory\html\images\gold-record.png	9196	2171F93E8E1BF8ECFC54019758D16FE07D01E61A5B1AA711DDB0228F7BE6CEE2
C:\script_ver\quarantine\under-review\qb-inventory\html\images\gold-sake.png	7734	0484DDACE853445B4D7589BC1C379865AE71839E69C3F39642E7FA42E1720969
C:\script_ver\quarantine\under-review\qb-inventory\html\images\goldbar.png	7544	56A6E71EA50ABD52179A9B6A0C316100A54EF7F94B1584BE56D38B4F8F4E11AD
C:\script_ver\quarantine\under-review\qb-inventory\html\images\goldbat.png	10481	632819ED8AAD95A68A446CEA21AEE00EC4BAAF17A9FC4EB0AFF9C80EC0983A69
C:\script_ver\quarantine\under-review\qb-inventory\html\images\goldchain.png	15801	25363335164B6C63CFCA2B0BD81C8E0DBBF253A49DEF878CE50B48A8FAEE3B3D
C:\script_ver\quarantine\under-review\qb-inventory\html\images\goldchip.png	9097	747C444821B10B4B8742984E966EBAE93F0995F51BEEE8051F26E99FF8DC09AA
C:\script_ver\quarantine\under-review\qb-inventory\html\images\goldcoin.png	20955	8A457C43460849CECF92B4ABA37B01B8C4FA4E9C3D3C57B82C7BE96B3654CCFC
C:\script_ver\quarantine\under-review\qb-inventory\html\images\goldeen.jpg	18478	9EEC6BBA14CCF4C1B46C439EC66BB67914334E3744B949BCC3B8C3D087589C4C
C:\script_ver\quarantine\under-review\qb-inventory\html\images\goldeen.png	93364	3F1C6E095F187736BEB52F0A23DCD030B9DA3DF9F1E6914BEE3AF76DC61EDC09
C:\script_ver\quarantine\under-review\qb-inventory\html\images\goldenburn.png	14038	E286E322D1CCDDE4C05348571A24080910CE0EA4D75B7B8EF84B13A010BF078A
C:\script_ver\quarantine\under-review\qb-inventory\html\images\goldenphone.png	216572	53A9A879CAB7087D7CAE4D6DBFF3F38E2762B7492C20E41C5E7ED5145E16519B
C:\script_ver\quarantine\under-review\qb-inventory\html\images\goldenticket.png	13879	C391A2E1E3151A43B99F460153971647E505E5F96DF83AB19A3068526B2165ED
C:\script_ver\quarantine\under-review\qb-inventory\html\images\goldingot.png	14161	8B4F9CCF299913E4D132D32AD9E44B7BBA131ECD21E2E54372F4A1698B4D3CCD
C:\script_ver\quarantine\under-review\qb-inventory\html\images\goldnecklace.png	8286	F71A0CE2489EA782F788A718E6A399E83C8C5A34CEA41EC042CC295E84A11784
C:\script_ver\quarantine\under-review\qb-inventory\html\images\goldnugget.png	23033	25CFF09BC02723519BCA11603488772781B7F4B61683F160704506B3D9575909
C:\script_ver\quarantine\under-review\qb-inventory\html\images\goldore.png	19533	986074048F393F6BFBA51B8137EE6297B0B16927F8F85DC5976A86C7B9EA7692
C:\script_ver\quarantine\under-review\qb-inventory\html\images\goldpan.png	11335	71C43108343F54425CA98249F64EE50BDF212766082AA8CE358ACB1AFC493D41
C:\script_ver\quarantine\under-review\qb-inventory\html\images\goldticket.png	8254	82681ABED9250B5C412610168DC6308D80D920C0AA45F8F9F53FCA9B29DD249B
C:\script_ver\quarantine\under-review\qb-inventory\html\images\golduck.jpg	18708	B0427084620D4B20092AB115AB9355EF5193EE3F795BC781E81A75CFF3E476D4
C:\script_ver\quarantine\under-review\qb-inventory\html\images\golduck.png	96490	1B55FCC8130198C272E156C11769E5E91E0855BD2B026AC2911E97534C86D2B8
C:\script_ver\quarantine\under-review\qb-inventory\html\images\gold_bar.png	16242	514A18CC1EC8405F6954EC744131367EB0795A824F3F957AD4923A90FAB585C6
C:\script_ver\quarantine\under-review\qb-inventory\html\images\gold_earring.png	14044	0F7CE97BA0C5DCB0A95C599583CA175ADDFF6778B960B4685DBC592962C23F08
C:\script_ver\quarantine\under-review\qb-inventory\html\images\gold_phone.png	8391	F3D8B1C49465EAFF86A173F2D320965AF095CF758644B033EC8FB05FB5103F7C
C:\script_ver\quarantine\under-review\qb-inventory\html\images\gold_ring.png	16408	8C094911571B0C96992841C6D018583CDBE89EDB6AEB3E76A59765F63F832FAA
C:\script_ver\quarantine\under-review\qb-inventory\html\images\gold_usb.png	14104	D3E49412E4227E780DD96DA23E0F678B1E65C4D547AF5E74C9E5B7353282F52B
C:\script_ver\quarantine\under-review\qb-inventory\html\images\golem.jpg	18120	E045AE81116DC0220E4102520BD755A9177E84C906742C7A06CED16019C9B447
C:\script_ver\quarantine\under-review\qb-inventory\html\images\golem.png	92067	49ABDADF8817890C32FD91197002630EEEA0B0D7742DC7D63A945170A201D8DB
C:\script_ver\quarantine\under-review\qb-inventory\html\images\golfclub.png	3378	1FC65FA1A3C2A8FC2275EA44C96A62CB4CFD5A2BF152E611482F0837AD9CF4CC
C:\script_ver\quarantine\under-review\qb-inventory\html\images\gopro.png	5273	0AFFDB4463559A4CE5C01462B60C1DA3262572F559D202A5B60FBA03E3EEA52F
C:\script_ver\quarantine\under-review\qb-inventory\html\images\governmentcard.png	8565	D0E3B1425E7BA3525F4E304AE96997B5682A605999630D2CD3A2AEA7832128B6
C:\script_ver\quarantine\under-review\qb-inventory\html\images\gps-device.png	13724	D5248770C80F6A04DD24F8EEE9BC86779856938E8C5D3E8CCB89929B9471E4E1
C:\script_ver\quarantine\under-review\qb-inventory\html\images\grandsharp.png	12313	DBD5F47105BDEAB0505D53C4C3455406D7045B39AE9E82ADC0BA83CD367540B6
C:\script_ver\quarantine\under-review\qb-inventory\html\images\grape.png	16353	946C4487509A3C4BBF9520061D44AE22A14EC1AA7D50FF08401BA4E8AE867346
C:\script_ver\quarantine\under-review\qb-inventory\html\images\grapejuice.png	24856	3C005785625E3FB9F429E99C32597B06CAA370D8D873A5D8B97296B7D79E3851
C:\script_ver\quarantine\under-review\qb-inventory\html\images\grapes.png	8753	C5CD46558CA2AD1B60B1CD45E49FC4F879B376F2CA7F8E8E0BB67F585785CDC6
C:\script_ver\quarantine\under-review\qb-inventory\html\images\grapesjuice.png	7561	798C49ED8711F27C424B011DEC31A1F3553B531DEAE88001BC7C0F44868F04DF
C:\script_ver\quarantine\under-review\qb-inventory\html\images\graveler.jpg	18180	91CC960741AFE23EBE8489373EB35C2219DDB484733817A87439917115AB6901
C:\script_ver\quarantine\under-review\qb-inventory\html\images\graveler.png	103990	C99C9530A47C1C504FB145E38C525849C64C4BD75A602AF63624C19796BF8245
C:\script_ver\quarantine\under-review\qb-inventory\html\images\greek-bust.png	3982	2413838E87F67602CC92A7FF3670F85CD888D9F0D64700C67A972FAEB73F7EF6
C:\script_ver\quarantine\under-review\qb-inventory\html\images\green-cow.png	5491	0ECD09240AD8080BB231333BF494FD07C8F4AD314A6671AA3C5BFF07A5AEF27B
C:\script_ver\quarantine\under-review\qb-inventory\html\images\green-slushy.png	6058	233C3950C6FC86EDC0B51998F182F3C459A8E762E7D75DE740B1B8A9054B5D0F
C:\script_ver\quarantine\under-review\qb-inventory\html\images\greenchip.png	5944	C96C9F5F17BDE4F256EFF65BC667A39C70CAFB941E96FD5BBAE6893A36BE7547
C:\script_ver\quarantine\under-review\qb-inventory\html\images\greencow.png	5491	0ECD09240AD8080BB231333BF494FD07C8F4AD314A6671AA3C5BFF07A5AEF27B
C:\script_ver\quarantine\under-review\qb-inventory\html\images\greendiamondring.png	17427	3EB21E58D1A719AE405C74F52EF63069017A7F4BCD9D93F8E3DD5A2B07AD8DE3
C:\script_ver\quarantine\under-review\qb-inventory\html\images\greendongle.png	7573	DFA1C062F5A7153A1B70CCC89ED54887C90D6A048B6FC0C483A032795B905941
C:\script_ver\quarantine\under-review\qb-inventory\html\images\greenhulk.png	10965	27B6F417BAA2E74E21DA3CA1824F845318812EFEB865144650B8A439FEA4C03A
C:\script_ver\quarantine\under-review\qb-inventory\html\images\greenlawnchair.png	11705	A4E42A04710F67E7A4AA9D8F02D860272954B2FED1BAA74E099BE6D763DD6B2D
C:\script_ver\quarantine\under-review\qb-inventory\html\images\greenlight_phone.png	7386	42B14A26147F9D0D72F00CC38AFE9078F1E5B33F52DE449F0E03377F80F0F52D
C:\script_ver\quarantine\under-review\qb-inventory\html\images\greenpearl.png	3858	F6A7A6CF5AC233FAFE13BA7FAB5E84A5AD28761ECE5CDF5BEE2A9BAAB9EC6257
C:\script_ver\quarantine\under-review\qb-inventory\html\images\greenphone.png	198690	56B10767980ECF62D2AE023CE95813974BCE770EB23CF6AE4225858634E07415
C:\script_ver\quarantine\under-review\qb-inventory\html\images\greentealeaf.png	67284	F6E3AAD81B97110A9AFC867817919910BE1FCB6C53D042D860445A4F3C659F9A
C:\script_ver\quarantine\under-review\qb-inventory\html\images\greenticket.png	5731	56BED79DA54456916F4BA340108746ED540C6368CBF1D30097278C76988AE957
C:\script_ver\quarantine\under-review\qb-inventory\html\images\green_giant_pop.png	11627	5E4BB6881F3A67C62AF1F96A7A2512EE91F6D0957DA499967F0367C1C651E1B0
C:\script_ver\quarantine\under-review\qb-inventory\html\images\green_phone.png	8272	2446AD45BFF19F67C9C849719B148815FADA34C9542DC62AD0D6A624917AD86E
C:\script_ver\quarantine\under-review\qb-inventory\html\images\green_usb.png	13981	ECBAE99D0F89501AD1CE7A66D4AF3274962FE04D8C6E615953F713AEE52CB5E6
C:\script_ver\quarantine\under-review\qb-inventory\html\images\gregos.png	5589	4A768DC009AD216E03DF60E352AC326979F1CB3F3B2265C65A3319B157A81F80
C:\script_ver\quarantine\under-review\qb-inventory\html\images\grenade.png	4599	8F07FC59193509E616AAE658858D975E3D54105A5D1065ECCB885FC077578EDD
C:\script_ver\quarantine\under-review\qb-inventory\html\images\grenadelauncher.png	6874	176CD828D30DE1BE94780259CC142D4DE179076836E934D9EDED95E0B96BEA60
C:\script_ver\quarantine\under-review\qb-inventory\html\images\greychip.png	9279	147667BB76CF0FFB218185F49A87B01F5C19DC4FEEB63593BCAC57EA65F1AC20
C:\script_ver\quarantine\under-review\qb-inventory\html\images\grilledwrap.png	21913	2C61A1A501CCD1B8A276F23982F3B67E398F0AED7C378138AC0300A4F112FF12
C:\script_ver\quarantine\under-review\qb-inventory\html\images\grimer.jpg	17688	4EFFA72961F8D41894642D63612BD1D0E9A802AA2ABABFAB49A076C34D2B4CA3
C:\script_ver\quarantine\under-review\qb-inventory\html\images\grimer.png	84782	995033BF98CD8CB00C5ADE76963E668FE069EDF6AEC147F69B19D34D734EB822
C:\script_ver\quarantine\under-review\qb-inventory\html\images\grindy_tee_plushie.png	19507	8320BB97A5B3DB8E9BAD9FFE133DD14D10A99429AF4EC6B496FBA75B5D46A0E2
C:\script_ver\quarantine\under-review\qb-inventory\html\images\ground-beef.png	12886	C3A9C522A7A30DFC01A1D6DB696896B853EF59CB9E7E110660DC733137BDE64B
C:\script_ver\quarantine\under-review\qb-inventory\html\images\grovethugger.png	26995	3FBFED397F1791D7F13A92772F8C4C42EF60C45E4E41439DBE55B3BD697E9539
C:\script_ver\quarantine\under-review\qb-inventory\html\images\growlithe.png	14497	B21DDA6F36BE2A3807714BDCD68FB7FDD09C3D4846D9A71C6E913488A9C05BCB
C:\script_ver\quarantine\under-review\qb-inventory\html\images\groza.png	17570	DD4B7A0A25DCFF5541829212F686551932F89C7B201D4E6D04D3E1928BD29DA8
C:\script_ver\quarantine\under-review\qb-inventory\html\images\gruppe6.png	19741	E6DE2537AF4DA68CBB7B8F3FA6C93AF6DA35F14281BC37929C94D073670B38DA
C:\script_ver\quarantine\under-review\qb-inventory\html\images\gruppe62.png	19619	3D809580B0E44D51BE64AD396A00852324E1EB6D51DB528BA479AA04B8500AFB
C:\script_ver\quarantine\under-review\qb-inventory\html\images\gruppe622.png	19692	5A86F3405C6485F6F6E0E314B5043020BC9048362D98FBDF61FD9356645417CF
C:\script_ver\quarantine\under-review\qb-inventory\html\images\gruppe6222.png	4924	556F0C5FB7B9E042999BBAD926E36D1A85F178C478959607BC2FFE5A13C73697
C:\script_ver\quarantine\under-review\qb-inventory\html\images\gruppe63.png	19541	88292DD1DF7D23ACD9ABED60882A7CAB5E8AEBC91E70A69A14AAFC49CA663384
C:\script_ver\quarantine\under-review\qb-inventory\html\images\gschain.png	9921	E261527BE6A74018D1587BB93C306E2F9DA123296075909BAB6424C4915AD9E1
C:\script_ver\quarantine\under-review\qb-inventory\html\images\gsf2_chain.png	9865	1DAD42E4CD7F749ED552B6502EAD9B62B00F35DF93AF0C0507C3CCEC804D62B6
C:\script_ver\quarantine\under-review\qb-inventory\html\images\gsf_chain.png	12202	37CB01654E5C0B1D52F4A2EE3DE7035E1AB4D69AA6443D96C14CB6FFB5DDB6D6
C:\script_ver\quarantine\under-review\qb-inventory\html\images\gsf_joint.png	7037	AC00011A566D6D5841B6E3FD43541A50CFA06921E402FF2062A4982368FCE287
C:\script_ver\quarantine\under-review\qb-inventory\html\images\guitar.png	6087	31060CC1B612E25B4BAD3C29A4C34318CCAF70BE36C09A18F7A1908E56D223D3
C:\script_ver\quarantine\under-review\qb-inventory\html\images\gunkaccino.png	17286	3A4FA5A5AA4104EAA282E543A70A7D1FAE15A228D03FD2BE28786DFFE29F8F09
C:\script_ver\quarantine\under-review\qb-inventory\html\images\gusenberg.png	7951	E3123E9965436A83D54B31652EBE8DDC7CB4F8EFB5B0B52EAE695798E2EC2003
C:\script_ver\quarantine\under-review\qb-inventory\html\images\gyarados.jpg	7284	3C2808BEB4B6BE5470FB9C824EB8BC3F842C917F8C82227D1C9B3E22F66ADFB6
C:\script_ver\quarantine\under-review\qb-inventory\html\images\gyarados.png	75574	1569EE947D0E45A76AEF949846D499B0838959B8A25EDA3D8A58EFF79597B0CD
C:\script_ver\quarantine\under-review\qb-inventory\html\images\gym_membership.png	11938	7AF2B6D30DE57ED7C8012A45D36E351C2926C0853D9607C7A525200A5C7254BF
C:\script_ver\quarantine\under-review\qb-inventory\html\images\hackerphone.png	4820	F4CCAB0280FEDCDC6113F43F59D3F2BE21B0D4BF5D3361050916230CA8ECA311
C:\script_ver\quarantine\under-review\qb-inventory\html\images\hacking-laptop.png	12586	A2B098BC0192029F645BF946C9F81029CC336B2F5D9238BEFA549BE1DC9F520B
C:\script_ver\quarantine\under-review\qb-inventory\html\images\hackingdevice.png	22976	FDDC1BC84BEC21B7006C217BE39B0A8E1580CFF1B49FA954BB151ACCCCAFB73E
C:\script_ver\quarantine\under-review\qb-inventory\html\images\hacking_device.png	6414	D877C23A98BBB6D7DDB08315502EC6C8A9A0C080239FDDAC3AE9BD31DF71CE57
C:\script_ver\quarantine\under-review\qb-inventory\html\images\hack_card.png	12365	83672E4A413584BB144DC3CFF256F5A6A3330EA4B20908B78C8C81C3F771A456
C:\script_ver\quarantine\under-review\qb-inventory\html\images\hack_usb.png	4439	7A4715737E3559426585F684216EE034E9D3593A15AC37D9543070C179D0E3E2
C:\script_ver\quarantine\under-review\qb-inventory\html\images\ham.png	22198	8D67EDF801F20B5FB909F0F6748EBEF3B8DD859E103C75995CD6FE563B7DF0C3
C:\script_ver\quarantine\under-review\qb-inventory\html\images\hamburger.png	22998	06A22DA39B64C370F0B98962417A8309CF805F79D8430D25DA5E4C6A4E7D9D98
C:\script_ver\quarantine\under-review\qb-inventory\html\images\hamcheesesandwich.png	18924	A45A0EDC24607EC014D468EEE6B27AB15FD1ABA54AF5E9CE4E1151685B66BBD9
C:\script_ver\quarantine\under-review\qb-inventory\html\images\hammer.png	4882	F33C714DC1AA8A75AAC692D4FDBE88FE34045851881F504AAC554275CEBC8883
C:\script_ver\quarantine\under-review\qb-inventory\html\images\hamsandwich.png	24341	BFA5E173B0EC58280A8AFBA1AC03301E7112FE5FC4C6F7F124C6B8500F7BD91F
C:\script_ver\quarantine\under-review\qb-inventory\html\images\hand-1.png	1608	90F292F5855736A477EA4B6B89E84BA43A12F2796DC39CD94925F25D1234AE12
C:\script_ver\quarantine\under-review\qb-inventory\html\images\hand-cuffs.png	8258	E585F36FBB6737B0BA8F90B29F8BA095671DB800F348C318170400465AF75652
C:\script_ver\quarantine\under-review\qb-inventory\html\images\hand.png	14660	3598E3F71B8EB6810EB354EEED7330398D35DAB2C998BD3108AC69CD09CEDDB0
C:\script_ver\quarantine\under-review\qb-inventory\html\images\handcuffs.png	159694	0C38886BB9F37FFCAEA1B04FCEE1B6FEF655662ABD29CE9965CB5FBAB255FEF7
C:\script_ver\quarantine\under-review\qb-inventory\html\images\handdrill.png	8356	4D32E3061CAD958774EDA74FE6B0A14EDFC4AA7BFCBC0D4D9B1E55F56AA92598
C:\script_ver\quarantine\under-review\qb-inventory\html\images\hands.png	21712	CFF08353938C673F96375CD8769F275D171FCF21E0FB8DCB444BD38680F7BDC5
C:\script_ver\quarantine\under-review\qb-inventory\html\images\hardyboys_2packpop.png	10677	5F4EAEF8BDD11DA477D7AD865414798BCADB349B0B9A13DE5E502A71222DA0CC
C:\script_ver\quarantine\under-review\qb-inventory\html\images\harness.png	12870	569771F467E9392FFD928BD19507BED0A316A703F6C022A07DC81C51DB0BCE8C
C:\script_ver\quarantine\under-review\qb-inventory\html\images\harness1.png	6261	F0EC8C38CBFF35C617C970AD1BC30CB486DFEAE8B97515A1594BB10D9B064815
C:\script_ver\quarantine\under-review\qb-inventory\html\images\harness2.png	6934	7923B785C5CBB355DBDCE4B35FD443A35104D5B7ECC8FCEF25D9FD14A6A18FE9
C:\script_ver\quarantine\under-review\qb-inventory\html\images\harness3.png	3649	D9902B8145EB766DC1093A0C497244DF7D6087C8A25F1084070BE19F52B13B7C
C:\script_ver\quarantine\under-review\qb-inventory\html\images\harvested_weed.png	14448	FCBCB2FB7A7D9EF26EAD7BFDD408BCADA28C12F3DE401A0D02EB635C2653CD91
C:\script_ver\quarantine\under-review\qb-inventory\html\images\hat.png	5495	8009797595A047BF05B20E2F2E1AD8B2F9D91503AC1608FA95F008AC2F527016
C:\script_ver\quarantine\under-review\qb-inventory\html\images\hatchet.png	6542	3D4D5D1553C12D6FD85904DCB21535ABE2DB2607129DAFC137F5AA0CB67441BC
C:\script_ver\quarantine\under-review\qb-inventory\html\images\hatpink.png	20241	31027B8566673B262756465777D220CEF4D95850848E6937261B999A6AC16F97
C:\script_ver\quarantine\under-review\qb-inventory\html\images\haunter.png	14146	960B72780B7B82D9BC7B9F2C44D10B26C38BABC657AA34712AA25C451DACC214
C:\script_ver\quarantine\under-review\qb-inventory\html\images\head.png	2872	D75935D5A6247AC9255F4A22AB3BFA418669F6D2B1AE611176850814A019F1CF
C:\script_ver\quarantine\under-review\qb-inventory\html\images\headlights.png	29413	A66ECF08BA532DC462FC7E9FC74F89B7B64072775355C87FF335A031060028A3
C:\script_ver\quarantine\under-review\qb-inventory\html\images\headphones.png	9706	5BD2DD5A0337E41DCCABE2851DCDFE9F3E27A9C71AB004049AC425B0ECCB4145
C:\script_ver\quarantine\under-review\qb-inventory\html\images\head_bag.png	10752	37308EAF65531FC18A86F620B62F380B0F62715B138DA781ED716A934C9617BD
C:\script_ver\quarantine\under-review\qb-inventory\html\images\head_mask.png	10752	37308EAF65531FC18A86F620B62F380B0F62715B138DA781ED716A934C9617BD
C:\script_ver\quarantine\under-review\qb-inventory\html\images\heartstopper.png	16369	8E84C577D4D08480F17661E07AFDCE541B39506278C625AB1D6C189560F414FE
C:\script_ver\quarantine\under-review\qb-inventory\html\images\heavy-pistol.png	15012	8C9560572E1728CAC5E4811767CDCE675EB73F4A062B58E72D9EABBC47CC1BD0
C:\script_ver\quarantine\under-review\qb-inventory\html\images\heavy-shotgun.png	6812	C5359763AA77666997414BEA9B4AA65F010D656880A8514D543F30C3DEC439F0
C:\script_ver\quarantine\under-review\qb-inventory\html\images\heavy-sniper.png	10130	64368ABB5F25849D510CB469C4EB01BCF4FCED2DC5F565540B9FAF33CE57BE43
C:\script_ver\quarantine\under-review\qb-inventory\html\images\heavyarmor.png	6632	B629EEC8817E3491B88F6F72F7BB1845BB3A842E7907E2557A27C3184D8EF2D8
C:\script_ver\quarantine\under-review\qb-inventory\html\images\heavypistol.png	6337	252B3BCB8B6D1F94A3E62362DD39D2F2DFCDBBF94A7BB6301DB144B5448CA839
C:\script_ver\quarantine\under-review\qb-inventory\html\images\heavypistol_extendedclip.png	8860	73FFD7EF0A6AAF04A10A839699288522894CD61A9D9D02050D549E2385A46DE6
C:\script_ver\quarantine\under-review\qb-inventory\html\images\heavyshotgun.png	5827	FBE723721E61E45E39446A8CB138D1D65F3E6E35DEC3A360149BE61532CD2987
C:\script_ver\quarantine\under-review\qb-inventory\html\images\heavysniper.png	7152	859585E87CB5000492BF9EE6D14DD6606B72F336938012E2C80A57FF195E7F7C
C:\script_ver\quarantine\under-review\qb-inventory\html\images\heavy_weapon_body.png	4742	220DE1E3720F1CF7616D842A73D43D1ADEF79831FA03F20B07B4F5A06253E97B
C:\script_ver\quarantine\under-review\qb-inventory\html\images\helmet.png	71223	19D55665937F619AF1E96B4FD521992700BEAD7FD926AA19EB8934A273527A43
C:\script_ver\quarantine\under-review\qb-inventory\html\images\heparin.png	10210	C484B71F20D7FD0EE3340F3F4299EE9AA86A29A7A8BDB314DA01728741916883
C:\script_ver\quarantine\under-review\qb-inventory\html\images\heroine.png	9885	2AE5886F6F61D451870D7559EBF1DF0577BAAD6D18C29DFC8D66328CEC94D515
C:\script_ver\quarantine\under-review\qb-inventory\html\images\hid_controller.png	4324	7D3BAD12631A8A609CE8CE3161B3815F904A057D31EBB7DB5DB2FB0D7BEBE0D6
C:\script_ver\quarantine\under-review\qb-inventory\html\images\highnoon.png	19843	675AC75CDE5F9160062FCA567E51D88287223676AF41298340F098C865527559
C:\script_ver\quarantine\under-review\qb-inventory\html\images\highqualityscales.png	7915	5A0C8D4F2DF7EA6DF5EB82C28D93294C409A807AEF488C86FB78BBD2A31E0A7E
C:\script_ver\quarantine\under-review\qb-inventory\html\images\hirameramen.png	63992	A7245C0493ACC6234C533E6FEC2D6B2F54825BB757E39AADAB002625905313D4
C:\script_ver\quarantine\under-review\qb-inventory\html\images\hiramesushi.png	81709	00B6C05344761A67DF405924E4847A4026318F0C80DA72EE06000BE6369E10D7
C:\script_ver\quarantine\under-review\qb-inventory\html\images\hitmonchan.jpg	20127	B8598AC5A803B1FC54C34BD64A0EDD8AC00DF83FF76571B88C62BB85AB860141
C:\script_ver\quarantine\under-review\qb-inventory\html\images\hitmonchan.png	293798	05D4FAAC1DEB4B6E78D25382BD179DFDAE8E850EDD9A108FF4334AC23F9997BD
C:\script_ver\quarantine\under-review\qb-inventory\html\images\hitmonlee.jpg	18192	CA5E49B342F35AD913762ABEF53835A40504059F281BC822D3FE415364BA8C4C
C:\script_ver\quarantine\under-review\qb-inventory\html\images\hitmonlee.png	92538	27781FF1CB78C8FF591AEC8C525E954A2D467E2300C05C8E5A8F082C7B722B79
C:\script_ver\quarantine\under-review\qb-inventory\html\images\holud.png	1996792	684FC6B51DCB24B41CCDC3660713688A2436BAD4FBB2C3B325F911CC5D6A288F
C:\script_ver\quarantine\under-review\qb-inventory\html\images\homing-launcher.png	8497	2160A1AB4DB5754C8E2E16CC237B47AA744A38904B26A0DCB7074A0BFBC2B08F
C:\script_ver\quarantine\under-review\qb-inventory\html\images\hominglauncher.png	7567	9332F72D2AA6F51C863602250E6ACCDD0A9F1AC7B89B0A90B5F25CED43043DA1
C:\script_ver\quarantine\under-review\qb-inventory\html\images\honey.png	11196	C33FA1E60C98AE6FEAE8557B15572861FF832EBACDA5ACD8851E0841D326F88D
C:\script_ver\quarantine\under-review\qb-inventory\html\images\honey_smacks_pop.png	13569	CB9D6D96C3152C2CD551D8864703951223B41EC1CC56DAA620FB70EFE1B69F47
C:\script_ver\quarantine\under-review\qb-inventory\html\images\hood.png	10973	6638197B53665F5DEB346FDBE73EAE40260C1E778A33E538318E356A1267644D
C:\script_ver\quarantine\under-review\qb-inventory\html\images\hookah.png	11501	1A9C749332E3B7D98AEA40A739DDC727F324982DC1E3EF4EA750F3FFF3EC5356
C:\script_ver\quarantine\under-review\qb-inventory\html\images\horn.png	29137	0EFB6039E20CA14335B7B4E839184E01C65370AE12627EB0FF5F6C6235A784EE
C:\script_ver\quarantine\under-review\qb-inventory\html\images\horsea.jpg	17826	F8E1530EB2D5F0D9BA6D5E0C84C042DF283727CFB77F61C215E4FE7068487465
C:\script_ver\quarantine\under-review\qb-inventory\html\images\horsea.png	84759	453A56A440630FF3DF52FB254A7A3E8E9C8DE72910C056DC2E131CB71E455C38
C:\script_ver\quarantine\under-review\qb-inventory\html\images\hotdog.png	9314	E8C9332B66FB0D8AD152A2688FEB1DC5187FFCD5B416CCF5412F7922075922CC
C:\script_ver\quarantine\under-review\qb-inventory\html\images\hotdogbun.png	7837	4E96F35F76734F68490ABA18C186E4456B1F131EDF69EBCA98F0841D8F377A28
C:\script_ver\quarantine\under-review\qb-inventory\html\images\housered.png	16530	14A45CCB17C7E39109B575F21A2B89257A39CD67A87ADCA54ABA23DF4AD239BD
C:\script_ver\quarantine\under-review\qb-inventory\html\images\housewhite.png	15854	972F404C4F4132857C46C2EB8DEE7FA594042EF4643203203514F236B70EABDA
C:\script_ver\quarantine\under-review\qb-inventory\html\images\hqscale.png	7915	5A0C8D4F2DF7EA6DF5EB82C28D93294C409A807AEF488C86FB78BBD2A31E0A7E
C:\script_ver\quarantine\under-review\qb-inventory\html\images\hulkhogan_pop.png	9921	D94174A5619C1DD9B57A540208FAB45765330115364DF7EC89C9D30079298145
C:\script_ver\quarantine\under-review\qb-inventory\html\images\humanarm.png	13577	8B4766847DCC41C9B7A964CB5CECEA611260D2494559E90626720985C43C02CF
C:\script_ver\quarantine\under-review\qb-inventory\html\images\humanbody.png	17164	4D1CBBB29C00605D5637104289C23236A3B456750D806A8570844D9D7FA4E79A
C:\script_ver\quarantine\under-review\qb-inventory\html\images\humanhand.png	15532	D67567577B03EA709A30F70634F1448FA4F92C345B16566BEE074C75F4DC298A
C:\script_ver\quarantine\under-review\qb-inventory\html\images\humanhead.png	15275	F9024DC124D18EACFAFC96574D369E10090B45F6B4CED4A59B74BBC8FCB4D7BC
C:\script_ver\quarantine\under-review\qb-inventory\html\images\humanleg.png	13213	6DD3D0556279F248D3786B9CF0064EE6BC8CEDC634A379BEE67EF920FD611E96
C:\script_ver\quarantine\under-review\qb-inventory\html\images\humantooth.png	12306	61D1336DCD2CA4064DDB849C0E7BEBF402ACD306EC37FF44CF8987D5220A7003
C:\script_ver\quarantine\under-review\qb-inventory\html\images\humantorso.png	15778	4601FA13D71257A05B8F8BB8A0ECFB02F781F90528A61ECE6C33A45C8D30D81D
C:\script_ver\quarantine\under-review\qb-inventory\html\images\humpy_tee_plushie.png	18635	0EC4FAC8ABAC339AC3E63AFC2723568207D50ED3A9E7209B272727B0C5C71D94
C:\script_ver\quarantine\under-review\qb-inventory\html\images\huntingbait.png	21003	2644DF27B6FEC889D35F0C8981A29375A07AD6FCC2526D066317237BD9DDD74B
C:\script_ver\quarantine\under-review\qb-inventory\html\images\huntingcarcass1.png	19284	773648F9FE1964E132489E95F20E1ADC1B868FD992FEB2E7F032AF16B56EDE69
C:\script_ver\quarantine\under-review\qb-inventory\html\images\huntingcarcass2.png	19191	E66AA5E9229E686E743418FCD127D5B011921651DBBD3ABCD3CDA4F9C0D617D3
C:\script_ver\quarantine\under-review\qb-inventory\html\images\huntingcarcass3.png	18435	0172AC552F90BF0C6C5296681E2CE7FDD91FDBEEBBA0EAA11747797950DCF076
C:\script_ver\quarantine\under-review\qb-inventory\html\images\huntingcarcass4.png	17492	505A83728C57B4DF8A02A240F8897DE0B04B024BDF9A2F3DCF47434F2B3680EB
C:\script_ver\quarantine\under-review\qb-inventory\html\images\huntingknife.png	9021	49D9BD5EB776B8C03DE5214D9759D42209535382A31FB549DF2AD09CF49C2781
C:\script_ver\quarantine\under-review\qb-inventory\html\images\huntingrifle.png	8857	F1553E84C464414C3F39C1889A8F7462320CF3225E5397CB8B4B43F898150496
C:\script_ver\quarantine\under-review\qb-inventory\html\images\hunting_license.png	15338	11D534D42468D48218350A01A994B40921C94CD6E2004B5E8F1FDA59EC0B6AAC
C:\script_ver\quarantine\under-review\qb-inventory\html\images\hydra_chain.png	10562	911386D40E868DADAC6C203ADFA2BD3E5458E5919F56F0FD2C2F526A8A76DA0A
C:\script_ver\quarantine\under-review\qb-inventory\html\images\hydriodicacid.png	7849	F96380364984550952BCD151EA542015E5333610A0AF6B3EFB5488BEE0C670A6
C:\script_ver\quarantine\under-review\qb-inventory\html\images\hydroacid.png	9317	ED33B6C2A10912CF24781A3F2AB81406E097BF2D151EBD3A5D6F7EE6E2F1D63C
C:\script_ver\quarantine\under-review\qb-inventory\html\images\hydrochloricacid.png	13597	EE8A010C0B03814D2BA3561026D91F3BE248B3D370B69670D07499CBDDDCC4A3
C:\script_ver\quarantine\under-review\qb-inventory\html\images\hypno.jpg	18242	62CB8862993C15ED726FEDF885048E247BEE8BAE94F5056A90CBD7B90BF14B22
C:\script_ver\quarantine\under-review\qb-inventory\html\images\hypno.png	79951	719DE797815348021F9E7DF4D0B1FC72FE0E906AF86DE39B0923BE933C814586
C:\script_ver\quarantine\under-review\qb-inventory\html\images\ibuprofen.png	9677	5F75430704458B8DC7E7090BF68D7810FB41668DEFD20E754A3ABF592CD116FB
C:\script_ver\quarantine\under-review\qb-inventory\html\images\icecream.png	20259	2328A7383D1557DF660FCC01374572C692A0665BAE81A1A74DF291AB49299BCE
C:\script_ver\quarantine\under-review\qb-inventory\html\images\icecube.png	7270	6DF1FF6D71E3FBDA15738A62D8B549F5848CFD9DA3C1EA866DDBCA03989EF81F
C:\script_ver\quarantine\under-review\qb-inventory\html\images\icedtea.png	3809	412D4AFB4FCEE97FEA13B19DB1C5C65E765771D14315701B6B0B5685DBC97684
C:\script_ver\quarantine\under-review\qb-inventory\html\images\icetea.png	16775	C27D7E883CA5D66AED0F973D44EE4D3606ECCA3B83FCCA43445D3F22FCAF618D
C:\script_ver\quarantine\under-review\qb-inventory\html\images\icream.png	19056	0F9273D36C0A866D532EEB65896DF1526E0D72B5E721355850214E3ED1322663
C:\script_ver\quarantine\under-review\qb-inventory\html\images\idrealjewelry.png	14428	F8B7712C40C5A077D68ABD780CAB62084B80525D1455B61D50C53974CCE2E36B
C:\script_ver\quarantine\under-review\qb-inventory\html\images\id_card.png	173040	28C8001329A942CAFD6125B723BEBAAD803AD1200C03FBCF977B7C101DD53433
C:\script_ver\quarantine\under-review\qb-inventory\html\images\ifak.png	36604	372E2003A97861C46B14E6323F38830F771254F97CAFCEAFBE7309273BC4173F
C:\script_ver\quarantine\under-review\qb-inventory\html\images\iflag.png	16942	A367322E414D110B60D7B19E70E7466069DBB1B9BABBAC5C40045CF968B1ECD4
C:\script_ver\quarantine\under-review\qb-inventory\html\images\illegalfishbait.png	17263	1991F8E1B3E30D90C0A4E7F7E0D8E5FC0E3AAC293193B334C69CFFC1CFE2C67E
C:\script_ver\quarantine\under-review\qb-inventory\html\images\ingredients.png	22292	8CB72B43B2513AF46E52A52AAB8AFAFD58EAF5D2A721B28F2146E5780F8CDA54
C:\script_ver\quarantine\under-review\qb-inventory\html\images\ingredients_boba.png	25610	3B1E0C18315C4CA6C56F548F0763456BC28541A335102FAAF30B67E6AFB22477
C:\script_ver\quarantine\under-review\qb-inventory\html\images\ingredients_buns.png	11572	8B42B75E1808B33F1BBD5722E24AE62D6388A220127FC9A44F650E7FB4BD310D
C:\script_ver\quarantine\under-review\qb-inventory\html\images\ingredients_carrot.png	18242	BC093B6E3F58467B557CB6C279669571C1C58613A3925C0E828D33379C9A0214
C:\script_ver\quarantine\under-review\qb-inventory\html\images\ingredients_cheese.png	9572	E1A2CD496BB78C401879F78BE3E282C6AAC7584F2F9966CD0BA759E418B5365B
C:\script_ver\quarantine\under-review\qb-inventory\html\images\ingredients_chives.png	16296	1B78FE79068E06A43A279C06D5FAFD21D1675953C410F5A40B225025D8B7683D
C:\script_ver\quarantine\under-review\qb-inventory\html\images\ingredients_coffeebeans.png	14469	4FC15B7837E8F378D4ACB0B46A9ED748CB8371067FF219727E1C18692C5870AB
C:\script_ver\quarantine\under-review\qb-inventory\html\images\ingredients_flour.png	24114	A38A773AFC255D108C7C80FE9356C4B486857D913659A32448E650AEAB2EED3F
C:\script_ver\quarantine\under-review\qb-inventory\html\images\ingredients_garlic.png	15229	1C23E0EC46B54AD3F48F6A486419927311601B462469E3D15FAA6743C9FABCCC
C:\script_ver\quarantine\under-review\qb-inventory\html\images\ingredients_hfcs.png	10315	4312E1491605DBEF7953822F2D6EC453A93FD28A821400D6890D7A79A9DE8C4F
C:\script_ver\quarantine\under-review\qb-inventory\html\images\ingredients_icecream.png	9384	AF808AA9EB6DC292533DBD5BDB61BBB9D076C776E80FE1DC054D8908AFB8296B
C:\script_ver\quarantine\under-review\qb-inventory\html\images\ingredients_lettuce.png	13302	3C1EB3166F0F640E0ADF15D8052ABA7669268468288AFB7B3C07F7FF4B0A842A
C:\script_ver\quarantine\under-review\qb-inventory\html\images\ingredients_matcha.png	21223	16138A2ACC5F98DB7FF698F7EE36D90D0E66CE3528A92C16A7959052AB8BD0B5
C:\script_ver\quarantine\under-review\qb-inventory\html\images\ingredients_milk.png	9633	73A5E17618A53C952E15799947A9B225F36C982F6800A233D7D91B6050CD3448
C:\script_ver\quarantine\under-review\qb-inventory\html\images\ingredients_mushrooms.png	17719	635238F75711E357BAF65DD7BD04125D8D2E80595184EAE9B963C1F11DF07A55
C:\script_ver\quarantine\under-review\qb-inventory\html\images\ingredients_noodles.png	32514	DAD377F0850F3BC939967352DDC897F003A9EACE66FA9B19AF25D13AB1E76040
C:\script_ver\quarantine\under-review\qb-inventory\html\images\ingredients_nori.png	26343	FB7FCFC3B760E148CB6A6EF215446483C8C2E9122DE136014303E078DAF8E8D8
C:\script_ver\quarantine\under-review\qb-inventory\html\images\ingredients_oregano.png	17065	2ECF91B3A2EC1F5065CF0581DA0942F69416CAD9E7189B8126E28E49755492AA
C:\script_ver\quarantine\under-review\qb-inventory\html\images\ingredients_patty.png	10341	9CC48200773CABCA9D7677027FCCE997052F68F450CF90BEBBFD560414450813
C:\script_ver\quarantine\under-review\qb-inventory\html\images\ingredients_patty_raw.png	10134	F3A12088BAFA0F1563C536B5B2007929265FC46E88F82B2A6AB93F9A4AB70E06
C:\script_ver\quarantine\under-review\qb-inventory\html\images\ingredients_potato.png	5117	AC791CE4B365E0E2FB3C9B8BB2CE21A4EFEE78B586E4122BB40EE309B31D73B3
C:\script_ver\quarantine\under-review\qb-inventory\html\images\ingredients_pumpkin.png	19112	E319A962B205BB4144FFF87FEC559B1D637D2B9712656744DDA95966803A9628
C:\script_ver\quarantine\under-review\qb-inventory\html\images\ingredients_rice.png	22967	6C7D70C8C9109B162581A2DABB18BE708B5742D847FD40213F77A48ACCE6148E
C:\script_ver\quarantine\under-review\qb-inventory\html\images\ingredients_sugar.png	17295	7AF189FB9030351D5034F738CA418066F84DF61BD41C89469B05AC373AD3DF54
C:\script_ver\quarantine\under-review\qb-inventory\html\images\ingredients_tofu.png	21377	1204D8C65F983D78595DEBBAAE09CB81531164B160C2578256FB7DF55FC305AE
C:\script_ver\quarantine\under-review\qb-inventory\html\images\ingredients_tomato.png	15539	C2F166D7ECCEFDFFC0140C122378DEDB4489ACBEE99BF6811286994CC9F3F014
C:\script_ver\quarantine\under-review\qb-inventory\html\images\inj.png	18199	740ECA66A51A69E8E554C2C096E8E8CE10031B28D775EA3968F1D384B7168022
C:\script_ver\quarantine\under-review\qb-inventory\html\images\inovice.png	5478	55DDB51C5C6DFBEA30E1FB38081B632BC4F5C59D540994A63B3C78A11E71DCFB
C:\script_ver\quarantine\under-review\qb-inventory\html\images\insideoutsushi.png	122995	56341538980BA6CB6AD20D64B3839D9E4807C45BE7AFB242F2C95A6ECF0A886B
C:\script_ver\quarantine\under-review\qb-inventory\html\images\internals.png	11290	DDF2A88C748C62F8402B01C296198F69E9EE272528A9F9DE4416A0BCB9E321E7
C:\script_ver\quarantine\under-review\qb-inventory\html\images\invisiblejet.png	2821	656D29E724DF4ED4A6439C110B8717B3C400655B9C5193F862E39E4C9DCB2618
C:\script_ver\quarantine\under-review\qb-inventory\html\images\iodine.png	158800	D7537F5E689E61590DE1983B8BDD399834654A2CDC4AF93A3705F05AF8F9CF25
C:\script_ver\quarantine\under-review\qb-inventory\html\images\iodine_crystals.png	10129	35AC3276580395A55051887B9BA928A45EEA4583A67293DFF27B3C7FEE955E79
C:\script_ver\quarantine\under-review\qb-inventory\html\images\iphone.png	6062	5D122173C404EEFBD67B14FE299E88BDAA3001049353C7CE04C980BDDD974C46
C:\script_ver\quarantine\under-review\qb-inventory\html\images\irishcoffee.png	43006	E3395E96EB95DCF72EA76E4ACBBC12A1C69821782DC28679A25E6DF6C3D9AC36
C:\script_ver\quarantine\under-review\qb-inventory\html\images\iroh_pop.png	9777	DDBDC9CDFBB6496482474E30B336F05EF0295D3427B5E07498989B7F3E222D26
C:\script_ver\quarantine\under-review\qb-inventory\html\images\iron.png	16320	0733D4B9201C8E1DED0FFED9CD014C79A06E43AB541AD4261F3036A1AA3202C7
C:\script_ver\quarantine\under-review\qb-inventory\html\images\ironore.png	21184	57C979C00A96978861F292D9DC0B82107C6365559CA8306402807E646EE9E5A5
C:\script_ver\quarantine\under-review\qb-inventory\html\images\ironoxide.png	28988	E9E54DB8F64E2D87E53087DE1270AE889834B1A2207E828046CD34BD990F47BE
C:\script_ver\quarantine\under-review\qb-inventory\html\images\ironplate.png	31866	B35FD622869A4067EEF5C366DC3C349508FBCF28CF0AF32148A8D7086493AD64
C:\script_ver\quarantine\under-review\qb-inventory\html\images\irontrash.png	12265	CD1AE4167022672CDFB302E58655739603AE86E004167900F403C12C44D6DBB6
C:\script_ver\quarantine\under-review\qb-inventory\html\images\items.md	2534	C9E49BE56525E3C2F75890C17DDD26810EB5262D3D1A3E88DFB8C1C9AA8224B8
C:\script_ver\quarantine\under-review\qb-inventory\html\images\ivysaur.png	14644	B33430453C9C4947E00C2E996A261536722F382FDE94B699D545C617E3EFD80A
C:\script_ver\quarantine\under-review\qb-inventory\html\images\izcohen_card.png	161264	744118A2846ED55148051CA87396FE998EE07F41490C2A2009BCE459E9C27280
C:\script_ver\quarantine\under-review\qb-inventory\html\images\izh81.png	16533	A727DD78138FB97082E2B4039A8D6C9A6DDE36E134DAD4BB6254316C2CEDD05D
C:\script_ver\quarantine\under-review\qb-inventory\html\images\izpop.png	13848	C7E02312BD0B6610CB5679923EB1E3408D9A619F8DFE5ABDF8A1E92424AE14E6
C:\script_ver\quarantine\under-review\qb-inventory\html\images\jailfood.png	25050	B61A850E5C0D8C4972CDC8D10CB57A2D6665559D1BE33ABEFB31D0A56D5198B5
C:\script_ver\quarantine\under-review\qb-inventory\html\images\jamesbond.png	12586	DED145E489401F2F0A2418AD0C6E27EB825C74AECDC664EF9FF61DFDE6209611
C:\script_ver\quarantine\under-review\qb-inventory\html\images\jameshetfield.png	13523	2F889A3C2A8E695C1A54FF1BCED75A0D9E65292701877D1AC5D53B7ED352B601
C:\script_ver\quarantine\under-review\qb-inventory\html\images\jammaster.png	8126	E5B15E2F8CFA343FC8C225E32F4B1F21054E123058876D36FA93F9E561181AA3
C:\script_ver\quarantine\under-review\qb-inventory\html\images\jan.png	6723	6465037CC70767DBAF8B5C2E507D0679349F03157E683119DDDA3F301A60A6D4
C:\script_ver\quarantine\under-review\qb-inventory\html\images\jasmine.png	11096	193DE576B1B3B0147DBEF498020EC10D2B98E899309D54E573CF4B84F83C85ED
C:\script_ver\quarantine\under-review\qb-inventory\html\images\jasonvoorhees_pop.png	15312	9A9EC985437ED46028819D2F7D1A88F844F01D7F56FAD9B10822C7F80FBD2020
C:\script_ver\quarantine\under-review\qb-inventory\html\images\jeans.png	11727	22AD172CDA6DF47916C61396FB89783ECE3000B986F9920A50972D389719544A
C:\script_ver\quarantine\under-review\qb-inventory\html\images\jelly.png	21965	332E74ACD98457F97E07FBB8CE6F43461E97EF282924DDBB3C12E46816FA9EA3
C:\script_ver\quarantine\under-review\qb-inventory\html\images\jerrycan.png	15460	27B761CD0518666FA532E34FB6E3DDC6EDEDF41F30C3C6BF84B3F4DC5FE39319
C:\script_ver\quarantine\under-review\qb-inventory\html\images\jerry_can.png	11957	5CBF34C147E5AE8C7D7FE0838A0CB9F6725CD71FA3927522557B1CC20ECFF33A
C:\script_ver\quarantine\under-review\qb-inventory\html\images\jessrabbit.png	8111	2054D007A08CCB175C626EF210D0C72ECD1B54962717D59B8C0FC011DD8EB4DC
C:\script_ver\quarantine\under-review\qb-inventory\html\images\jewels.png	7518	9327571E06FAA974537A09F56B812AB6A91E2A100D5E190D4E67183B97DACF83
C:\script_ver\quarantine\under-review\qb-inventory\html\images\jigglypuff.jpg	18380	8CFEBE54D6123DB753BE84902013309B1FFF7D3B7F134BB0E6314E3BDB792A3C
C:\script_ver\quarantine\under-review\qb-inventory\html\images\jigglypuff.png	86357	613093C0F491437378660476E518802F7597F6F4D24F89A8E2FFACD22B9D2378
C:\script_ver\quarantine\under-review\qb-inventory\html\images\jim.png	13534	811563A5F3F295828A8B58F3B1A463166FA8244F233502083647B2B537D189C2
C:\script_ver\quarantine\under-review\qb-inventory\html\images\jim1.png	8600	FEC312332ED0D2EEEEFFB64652F0C9624C5A35583C38093EA4A1CFC67217104A
C:\script_ver\quarantine\under-review\qb-inventory\html\images\jimeggs.png	21377	96CD2F90DC15144F20907CCD808CF2689FA230C2D057C22AEDF422DF9F3F6B3E
C:\script_ver\quarantine\under-review\qb-inventory\html\images\jimsausages.png	27361	7F023C5E94487739E964410E95126A654AE50866679D29C0CDE364EB6BD7AE17
C:\script_ver\quarantine\under-review\qb-inventory\html\images\joeelliott.png	9284	93073C9938735CB837039A88D18BE0478E910C58BF46995B5B05A33E3B53CFBD
C:\script_ver\quarantine\under-review\qb-inventory\html\images\joeperry.png	13815	B61A1B4623F086884C6346D9EAF4DE44DD3033DF79670081DC3515DB158AC5F5
C:\script_ver\quarantine\under-review\qb-inventory\html\images\john.png	12934	0DB2AA1F80C1427A7046EF117C4592A12900767EB2BD2D6556968F4204E00923
C:\script_ver\quarantine\under-review\qb-inventory\html\images\johncena_pop.png	12640	28AB9140A30212648ACD93ECB9A9C5A73746315386F220C4167CAADFE254320C
C:\script_ver\quarantine\under-review\qb-inventory\html\images\johnwall_pop.png	9553	8B3056B3103CB81AE649BBA8FB8F44CC5D7E0DCD2305DF561C5E0BDE353D03CD
C:\script_ver\quarantine\under-review\qb-inventory\html\images\joinhat.png	12377	449E1A1C420CAD57AC2C09D97B5EB870A54C3DD2558795930C90EB5B3BE20E23
C:\script_ver\quarantine\under-review\qb-inventory\html\images\joint.gif	3588	EE183A7E74C9C502C21D28F52685C4580F2BACFF30F43D6AF9E6712F0A814E1F
C:\script_ver\quarantine\under-review\qb-inventory\html\images\joint.png	21570	0FF259B12483795FD1E49B6A8CEEF1375F6688AF2C320557A4AE83C7DA7E11FA
C:\script_ver\quarantine\under-review\qb-inventory\html\images\joint2.png	4512	DA7483B55AEE497E420B656FDC2EB10C153450AB21FDBD0CC83E9A7E40337F00
C:\script_ver\quarantine\under-review\qb-inventory\html\images\joint3.png	4697	6BF80E5E964D729718EB4DD39EB03541B7C990E436A51469E5274F4424364428
C:\script_ver\quarantine\under-review\qb-inventory\html\images\joint4.png	4633	4E6F34FA0BCDC3F72F6B90F8E1935EFFF12AD19CCC4036269DBD013E24614746
C:\script_ver\quarantine\under-review\qb-inventory\html\images\joint5.png	5038	4E5DEA323041B0DEBE64CAD9712A60E0CCE7469CD656BFDAE8C1F43842A80A5A
C:\script_ver\quarantine\under-review\qb-inventory\html\images\joint_ak47.png	6928	C3946F27337C80D2C80A57A2D9A02D77BFEADF5B1464AE3B10F5FD9259B28700
C:\script_ver\quarantine\under-review\qb-inventory\html\images\joint_amnesia.png	6922	010118DD4E744D399A4BE3EE664DF7459743AB4D9F2AD6A4B390AB3002A1967E
C:\script_ver\quarantine\under-review\qb-inventory\html\images\joint_ogkush.png	6920	CD14CC6BB469FE72628A733A0CE9332AAF49EE8B835AC8FADF47111C40EF02E9
C:\script_ver\quarantine\under-review\qb-inventory\html\images\joint_purplehaze.png	6939	5AC194B32E9B37A4428F6C9D3596CAC764C28D8494588A9454F4443B390B2D6E
C:\script_ver\quarantine\under-review\qb-inventory\html\images\joint_skunk.png	6950	7EB89C7E8ACF6265614DB70C9019E5768C3BEBA2883455494CFFA32E13CCA98B
C:\script_ver\quarantine\under-review\qb-inventory\html\images\joint_whitewidow.png	6914	276AC633BF27204F4F9AC449FC3B4A9E157F8388BDCF834220A95D315008A40C
C:\script_ver\quarantine\under-review\qb-inventory\html\images\joker.png	7140	95D70ABC249AFB5A098E1E90AC1303440463FEDC3CA320DDCACF89B1665AD2F5
C:\script_ver\quarantine\under-review\qb-inventory\html\images\jolteon.jpg	6816	1C32045B29B0C7C5ED9D963CADAF742288FFBD1A566F7D8FC8080F643C615469
C:\script_ver\quarantine\under-review\qb-inventory\html\images\jolteon.png	80780	3FE6E203DF59281B1518132F3C863CB22E25FE9703B1DD0FCAC2EDFE4069AA02
C:\script_ver\quarantine\under-review\qb-inventory\html\images\judgecard.png	7241	611F7C3EBFD0C40483F96CC3F5195CD6EB73A2D2A9D5819E9F29D76BB90DCC7C
C:\script_ver\quarantine\under-review\qb-inventory\html\images\jynx.png	15107	F41518735CE806541C1457E969DA655D54A0CDCFA87C09317D3784BC5689A6C0
C:\script_ver\quarantine\under-review\qb-inventory\html\images\kabuto.jpg	18130	3B5F5781CE47BC0FE2BBB8AFC4ED087578601859712282CD2C86903B9F11E1D9
C:\script_ver\quarantine\under-review\qb-inventory\html\images\kabuto.png	85304	F553E3E2E07D8C964C3C9BB6E66DCF7D788A89D3D5C8D449DFC063FE45848498
C:\script_ver\quarantine\under-review\qb-inventory\html\images\kabutops.jpg	18256	065C91FD5B7786BFC9E69966F4D2138086A7AB43A21D99B06EDD8A8CBE670F9C
C:\script_ver\quarantine\under-review\qb-inventory\html\images\kabutops.png	93068	3DB2A9AB246FB96B0E15B6315E871EEACDF720E6BE5CFB0EAA6D56EF42470B6A
C:\script_ver\quarantine\under-review\qb-inventory\html\images\kacci.png	2003488	DD055D638163C7F48C2DB633619B744A4CA3808DCAB0D486D52688C156C82743
C:\script_ver\quarantine\under-review\qb-inventory\html\images\kadabra.png	14994	3FA7F00B4AFE523EEC36A9A8DBD429B6DBFCA1CF7973F126A8E9D80F88062CB5
C:\script_ver\quarantine\under-review\qb-inventory\html\images\kakuna.jpg	6938	4AC3F97461BD33ECFF68F6A384DAF30D2B5FCB9EB6505AAA5A7C6BDDC04E7DBB
C:\script_ver\quarantine\under-review\qb-inventory\html\images\kakuna.png	133079	1CDBD6F79976212C9323003EEB32FD0471FD73F80D61070F2130055E0C9CE701
C:\script_ver\quarantine\under-review\qb-inventory\html\images\kamikaze.png	17604	B7DC8375947723041E67182A85F92D9AEBDDF79F06D60E7EE156783AE1B07C61
C:\script_ver\quarantine\under-review\qb-inventory\html\images\kane_pop.png	14307	23231B54375C10B09628336743B1B28227B48D93CDF9E10895B7400A85A1BC34
C:\script_ver\quarantine\under-review\qb-inventory\html\images\kangaskhan.jpg	6467	5B6CC5A65E4F066DE0722C096B79300E854F711E7666F48727C34A49CBFAB242
C:\script_ver\quarantine\under-review\qb-inventory\html\images\kangaskhan.png	71365	612E8CBA0D5D4C17588727DF858507DC6BAE560D624C36989348F9280DB4BF96
C:\script_ver\quarantine\under-review\qb-inventory\html\images\katana.png	9588	57911A47BEFEF95219384B7A150BBDE69D6E0D086FA0FB9F63F8D86424204BD4
C:\script_ver\quarantine\under-review\qb-inventory\html\images\katara_pop.png	11734	845EABB0461935810AE78B66C3D5B06024FE5B42298C3AEDD9FC9B91F943F001
C:\script_ver\quarantine\under-review\qb-inventory\html\images\katsuchickenbento.png	91574	C4B1F2FB28987BFF38C00AFBC2810BC21E7F14CFF5C1599DB364F1B6E3FF2CB7
C:\script_ver\quarantine\under-review\qb-inventory\html\images\kelly.png	7710	5EADEE901B969F300FF4C7C8A8C8E61A35822B4A23545BFC05653310BFD8D5E0
C:\script_ver\quarantine\under-review\qb-inventory\html\images\kerosene_can.png	6452	3BD374EA068453D92471DDFBB18F4A33D0A0A24C7EEC2D31E62D9DE69339ECD7
C:\script_ver\quarantine\under-review\qb-inventory\html\images\kevin.png	7396	B2C076C11D1FC91146E7000AD54F418462193AA0366B26361E7500CC281931F7
C:\script_ver\quarantine\under-review\qb-inventory\html\images\kevin1.png	9704	06EB2C63447F02CB0118B0E9D9D0FD4359FBDF6CEF9435C4786D7238F687216A
C:\script_ver\quarantine\under-review\qb-inventory\html\images\kevin_card.png	181315	F9C3CC457232B67AF39BC28BFE8ADCA44C4372336DD17B0F18F0A02823D765E4
C:\script_ver\quarantine\under-review\qb-inventory\html\images\key1.png	6837	DE66D86068417B1DAD4FD913BEB4C278AD25521B8076A878DE63D80246F84256
C:\script_ver\quarantine\under-review\qb-inventory\html\images\keyboard.png	9240	6E2F9190278614A2E72069FF268B8697EC3254564DDF39E3C05F2EA3D1F31F67
C:\script_ver\quarantine\under-review\qb-inventory\html\images\kfc_pop.png	10290	C27766725B7D7D007BD67ED04D169568E0538F4B0749AB82BDD6EE5943F57A2F
C:\script_ver\quarantine\under-review\qb-inventory\html\images\killerwhale.png	5760	40D843A51F6EC6CCF283232E319C78822FB677DA68D17E9F044B57D4962E9A24
C:\script_ver\quarantine\under-review\qb-inventory\html\images\kingler.jpg	18352	DCDDAC859C7F598644AF154B5E8DFFD0DC74B9617B532BBFF0FDD558AF279AE9
C:\script_ver\quarantine\under-review\qb-inventory\html\images\kingler.png	95288	361E255A29011D2862BB7CE678877A49CE627D3FB5EF8ECE9876853CD1AFB96F
C:\script_ver\quarantine\under-review\qb-inventory\html\images\kirbytoy.png	13366	8C9A2B73CFC64899C448BB1D7205FF94B04FA5D1FE1BE39CBA37BA22760F2EA4
C:\script_ver\quarantine\under-review\qb-inventory\html\images\kirkhammett.png	13015	93DC8C6AAE0732E662AEBBA3B5EF3383CFDB6F70C654109D06BB7916251FBC52
C:\script_ver\quarantine\under-review\qb-inventory\html\images\kiwi.png	11950	B057573EBED9D116058FEE0EED61E0D02E20AF7028A5CBC4B31C6AA5120B9BB1
C:\script_ver\quarantine\under-review\qb-inventory\html\images\kiwijuice.png	9128	411C3C5BAEE346040AA2576F265171A47AF58B2A9E73EE944E82B6317241DF3D
C:\script_ver\quarantine\under-review\qb-inventory\html\images\knife.png	4363	BC2D89C8FF14E5549C12A46C1DA6EC0E34E15110F800569FA32C6DC2F6F0C74D
C:\script_ver\quarantine\under-review\qb-inventory\html\images\knuckle.png	5900	2FB98A2CF3503DF02371B55CF7344E495155729C45038689849CA7DB8E2DC3C9
C:\script_ver\quarantine\under-review\qb-inventory\html\images\kobe_pop.png	13133	13C31233C4541BD5A2ECFB44C5BE5E7C5CD6B70E87222509B59881828B4C5A4A
C:\script_ver\quarantine\under-review\qb-inventory\html\images\koffing.png	15415	F3059962BCEEEC797F112332C83F6464B9B7367331E79700EF1C40BE87CEED67
C:\script_ver\quarantine\under-review\qb-inventory\html\images\koksidonut.png	15784	15E3B015D784EA9EDC920549A8B5956046B9DC1E4025B270DAD98E7CAA6EEE47
C:\script_ver\quarantine\under-review\qb-inventory\html\images\krabby.jpg	18278	D387CC1D0B6529E0F304676E18BA0BEF7C0A59E0A51288D4C81F3022927641AD
C:\script_ver\quarantine\under-review\qb-inventory\html\images\krabby.png	90471	2FB37C620F7B58184627AF3E20C0BF30DECD32647261C02A1D1AB2A063CEB418
C:\script_ver\quarantine\under-review\qb-inventory\html\images\kurtangle_pop.png	8857	8B542F76180F8F6711E358FB8DBCBD0B9BCCCB78B30F4F6C3374116A7C30C0EA
C:\script_ver\quarantine\under-review\qb-inventory\html\images\lab.png	24277	E12B247EA12BE489C4CAD7F04CF604522F9E56F73B408C20382A458082F5E7BD
C:\script_ver\quarantine\under-review\qb-inventory\html\images\labkey.png	13129	1892ABD1E6BCD25D59D782054AB7566D55800A9D8BBCC616516869E99D83391D
C:\script_ver\quarantine\under-review\qb-inventory\html\images\ladder.png	37182	27E4B7308B5C0DA7B7778226B07203173BDCDEEEC785F662B4A5C827C8746B2C
C:\script_ver\quarantine\under-review\qb-inventory\html\images\lamar.png	24310	E24EB0D7899F6CA5ECF5366D9808C14BFE573AA7BBE6A95BF409FC9BA8BF0726
C:\script_ver\quarantine\under-review\qb-inventory\html\images\lapras.jpg	18004	B9F00FA3C095CA15EFCC58B498568A60B06A4978EF954623D83D382F6B91E381
C:\script_ver\quarantine\under-review\qb-inventory\html\images\lapras.png	84464	C679AC1DDDAAE39641CFDDCF31765EA60F748A155D2783F56738D7009CA16A86
C:\script_ver\quarantine\under-review\qb-inventory\html\images\laptop-green.png	9016	0D35E6658B1AB48DB978EA7608CD0FDC0F11CD6AACD0D043B37BC05846EE50E9
C:\script_ver\quarantine\under-review\qb-inventory\html\images\laptop.png	4890	3761DBB9009CF3B4DA118C0D160E7310E355A424FB9C46E32C62C1845F630308
C:\script_ver\quarantine\under-review\qb-inventory\html\images\laptop01.png	8648	8F42669A91EF07E22AEF9FE7B0EBB76EE75497C76604313F3819F7BC365C7EBD
C:\script_ver\quarantine\under-review\qb-inventory\html\images\laptop02.png	9029	D90C31CA57386FE34D369149857DEB15E0551DAB06E6623F7C38A8A7ECB326BA
C:\script_ver\quarantine\under-review\qb-inventory\html\images\laptop03.png	9016	0D35E6658B1AB48DB978EA7608CD0FDC0F11CD6AACD0D043B37BC05846EE50E9
C:\script_ver\quarantine\under-review\qb-inventory\html\images\laptop04.png	9001	B959372D14813CB3312B73F322D1F94F51B7B5968795C01A509B2B08A59D11C8
C:\script_ver\quarantine\under-review\qb-inventory\html\images\laptop_black.png	21115	253E1109D564738D9E880DEA3ACB3A9A80F4EA0C03FDEF87178E026809908E90
C:\script_ver\quarantine\under-review\qb-inventory\html\images\laptop_blue.png	9029	D90C31CA57386FE34D369149857DEB15E0551DAB06E6623F7C38A8A7ECB326BA
C:\script_ver\quarantine\under-review\qb-inventory\html\images\laptop_gold.png	8648	8F42669A91EF07E22AEF9FE7B0EBB76EE75497C76604313F3819F7BC365C7EBD
C:\script_ver\quarantine\under-review\qb-inventory\html\images\laptop_green.png	9016	0D35E6658B1AB48DB978EA7608CD0FDC0F11CD6AACD0D043B37BC05846EE50E9
C:\script_ver\quarantine\under-review\qb-inventory\html\images\laptop_pink.png	8534	7FA7EEFE3CFBB08F88649A0FDC77535B41093A64FFC16A3A1A86271E4F5C6DBE
C:\script_ver\quarantine\under-review\qb-inventory\html\images\laptop_prac.png	7965	79AE7C2C4DCAB91F357017DDE61FF00BAE045C9A51A7B260FB38BDA523B595F0
C:\script_ver\quarantine\under-review\qb-inventory\html\images\laptop_red.png	9001	B959372D14813CB3312B73F322D1F94F51B7B5968795C01A509B2B08A59D11C8
C:\script_ver\quarantine\under-review\qb-inventory\html\images\large_drill.png	5966	2192324F8A8029E575531EB88DFDFEE61467D8BBEF67EF0618A166ABCE07377B
C:\script_ver\quarantine\under-review\qb-inventory\html\images\larsulrich.png	10400	3E78748C8C9A1E347913E6359D6263A6EFB82667F8A643C236F5C3E5A31BCED7
C:\script_ver\quarantine\under-review\qb-inventory\html\images\lastredhat.png	13256	80DFB3AB43AA67725FD709EAA237B5A46C32AE20CBACB8B1DE15A647A0EF513A
C:\script_ver\quarantine\under-review\qb-inventory\html\images\latte.png	23312	1DE2B91AD0BCA30E26EEFF23388D3500FA72B6E4005FE7CC2F02E3D0EF589EA3
C:\script_ver\quarantine\under-review\qb-inventory\html\images\lawangchain.png	9575	F8873478C7F32D8904A142B5E6FF3D34CA7DA9DD698EB359B1AF3ECB0257D09B
C:\script_ver\quarantine\under-review\qb-inventory\html\images\lawyerpass.png	20736	275700244A83487D4217AD45B5A543F15D5862D64F2D05E39EF1824156B86A29
C:\script_ver\quarantine\under-review\qb-inventory\html\images\lean.png	127762	D247D92D670DE6C851B1E338BD67AAACD8EAC158F01CC1CEF6D701CA9498DEFB
C:\script_ver\quarantine\under-review\qb-inventory\html\images\leather.png	12864	1D4A0CDBD426A3AD1889C6B6AA08D1D2259ACC1792D568718522DC18AEC79859
C:\script_ver\quarantine\under-review\qb-inventory\html\images\leatherface_pop.png	13172	94962E1DFB08C66A4EA199088A9F87DAB47BDED59B9328FF172D1A0B79AF70AA
C:\script_ver\quarantine\under-review\qb-inventory\html\images\leatherhead.png	12674	0CFA0A483D2A141D61FC79EA4F731347D71B76E7A5EC5738B198008F0221EC76
C:\script_ver\quarantine\under-review\qb-inventory\html\images\lebronjames_pop.png	8738	8E1752634CA4F49D9009C8866EA0D815C9FBE9E9C273F1DD67347121CAAE5654
C:\script_ver\quarantine\under-review\qb-inventory\html\images\leg.png	4792	B05CD724B172480E7A72DDA90A10B9B1EC832B3862AB87FEE153C7EBDC5D950C
C:\script_ver\quarantine\under-review\qb-inventory\html\images\lemmykilmister.png	8661	09DCA0542F81D2D396100790A410EE56928A5EB1E0BCFDC2FCC911DF6CE2E897
C:\script_ver\quarantine\under-review\qb-inventory\html\images\lemon.png	20885	523AAF86FAB04B2F4F022F97A21C2ABAA5012C2FEF9A382FE7928D3436C68583
C:\script_ver\quarantine\under-review\qb-inventory\html\images\lemonjuice.png	6177	DDC8D049390F18A5490233998D4ABA82F4D389F39C49E36BF7F855166F4CBC04
C:\script_ver\quarantine\under-review\qb-inventory\html\images\leo-gps.png	7064	CCDBA456525F9728A67283089A2A93FA9DCAAC7F13EA6916D9838D0FC8622A9D
C:\script_ver\quarantine\under-review\qb-inventory\html\images\leonardo.png	13974	97CEE0662161E9208103A8BA58235EA18F03E1053A99228CD20871A967CE6048
C:\script_ver\quarantine\under-review\qb-inventory\html\images\leonardo1.png	11607	9CDEC494904542B7F4A76EEC93C446036E37568D775660151AF256A5BFFD50E7
C:\script_ver\quarantine\under-review\qb-inventory\html\images\les-femmes-dalger.png	7564	8E6CDC541627FA6494459F634CFA600BE158EA999C815D11BF525B00ACB83C0D
C:\script_ver\quarantine\under-review\qb-inventory\html\images\lessthanlethal.png	20284	D0C6A72336BAAB6AEEC7B1E5A4BF629C0E10BF34C94A34CE4AF3B8C94B8E82BD
C:\script_ver\quarantine\under-review\qb-inventory\html\images\letter.png	30144	122CDEF6060F23F5BE88B1F980BDCAD5C4E3404D70A85FD624DB0B29AD05FA68
C:\script_ver\quarantine\under-review\qb-inventory\html\images\lettuce.png	18678	132BD7EA666E3796C25CF3F69F31A6E4B113FAE7B424B922CA2FE373A2649D86
C:\script_ver\quarantine\under-review\qb-inventory\html\images\licenseplate.png	12759	321BEC436B0CA17299C6971893F97BCE1694732F9C38F60B1BFDCB893CDECABD
C:\script_ver\quarantine\under-review\qb-inventory\html\images\lichi.png	14538	632C0E883F187CFF7CA5CFEBB37B616760EB1FF420EC84861FB3341D0371C113
C:\script_ver\quarantine\under-review\qb-inventory\html\images\lichijuice.png	10672	F303438A54159ACB1C8F7CA586ADE642F774966256F64887A249C8514D11549F
C:\script_ver\quarantine\under-review\qb-inventory\html\images\lickitung.png	45092	F63397A83A68F08D4B603B23F2184DF0B21AFD6A4B15FDDE02FC8ECF0368196C
C:\script_ver\quarantine\under-review\qb-inventory\html\images\lickitung.webp	2238	B3E730888EF4C7E46C3E92718D7BE8D044F3895D8A4E2558AB27D2DF6927F131
C:\script_ver\quarantine\under-review\qb-inventory\html\images\lighter.png	5980	1139539A88259577285C7362067D0215672DE0346F66A5295F2AF8DD2CE523A4
C:\script_ver\quarantine\under-review\qb-inventory\html\images\lilwayne.png	11983	F2E0676EAB7B4798F1122B7BE417093DF7F78D03CD464348ACB508B15EA6F0DE
C:\script_ver\quarantine\under-review\qb-inventory\html\images\lime.png	20402	D67AFB31D1FCE564ADFE1FEDCB0E43FDF806605194926BE0DBFF3FB1324CFAFE
C:\script_ver\quarantine\under-review\qb-inventory\html\images\limejuice.png	12740	5F2C3333680AB9266C4AADC6896202604071B1E77522921EF088A13BE5B33DCE
C:\script_ver\quarantine\under-review\qb-inventory\html\images\lithium.png	11676	15B9F2836E3A46FBC51EA5D88F6F0615EFF6B5AA2F7300F5CF446FDE5ACC04BB
C:\script_ver\quarantine\under-review\qb-inventory\html\images\little-clucker.png	8149	BE4ACA4C4DF89D7FCE188FD9A2C675DEB72A1ACACEEC477300A78F290E97DFAE
C:\script_ver\quarantine\under-review\qb-inventory\html\images\livemouse.png	35552	D5ACA038E609D32899F7C2A91DFAC825D94C90272617AFB448C2D7DAF2A7B1F8
C:\script_ver\quarantine\under-review\qb-inventory\html\images\livery.png	20959	52263BCB6B19F7DF200C30C2CBB7F016838ABA087DC8E2C7DE91DA9341CF7E2F
C:\script_ver\quarantine\under-review\qb-inventory\html\images\lj-symbol.svg	3581	CE75840A0972ADD6EAB7681916BE66E0287DBE874272B5BBBFDBD14950DDBDE1
C:\script_ver\quarantine\under-review\qb-inventory\html\images\lmg-ammo.png	6075	CCC3643598880E5AC758B585CFDD741CC4B9D48D7DF4191F763A4EBF35B3E204
C:\script_ver\quarantine\under-review\qb-inventory\html\images\lockpick.png	6352	95C2A005C6ABFAF5F93FFC33FA35F845B78E3058333B214900F51592637C6ECB
C:\script_ver\quarantine\under-review\qb-inventory\html\images\locksystem.png	21485	96C6936ADACE7DAF0DF610E6A6A77233C9258B4E4AC29E543BC6A6B35124F934
C:\script_ver\quarantine\under-review\qb-inventory\html\images\logger.png	16084	86E47281CDB4DB2E6D53D96537949991058DF47B5DC5A2FB161932ABA526746E
C:\script_ver\quarantine\under-review\qb-inventory\html\images\longisland.png	20723	8635F4A4A9203A76927001571EE84E7627E52274A0D8297CDF3A133072692167
C:\script_ver\quarantine\under-review\qb-inventory\html\images\lotto-card.png	12650	460C3F6E3F159718547BC4710373D0072016FE0E1BBE86BD198FDAD4AA78C634
C:\script_ver\quarantine\under-review\qb-inventory\html\images\lowervaultcodes.png	22212	9EC13886EE747FD85F12AF2A31E4C7FC4AEA474FBFBB53CE9EAE84D67E1D34AC
C:\script_ver\quarantine\under-review\qb-inventory\html\images\lsd.png	9844	FD642AA8D92CFD5F9BBCD146C5B82C0C6AA7F8E1BAAC25885F44850434A17D5A
C:\script_ver\quarantine\under-review\qb-inventory\html\images\lsdtab.png	138733	060D5228C312997704D5600C2977204F70E5DDD9202BE37A638A030392900A03
C:\script_ver\quarantine\under-review\qb-inventory\html\images\lsems.png	221134	8A3082A35C6F3B2C592C4AB29F9581DE0B61F2BD5C8F9CC84B84DEA1C650015C
C:\script_ver\quarantine\under-review\qb-inventory\html\images\lukadoncic_pop.png	9705	DFB9042A7DEC49C2F47F43A106ED7D3A154442F0A8496BA096E8B11CD6579274
C:\script_ver\quarantine\under-review\qb-inventory\html\images\luxurious_watch.png	18880	7C24736CDE2F6F55842CE911233449B7569D4E652DD19C15C9B2D17A78C91DDF
C:\script_ver\quarantine\under-review\qb-inventory\html\images\luxurywatch.png	12319	3442EE6EBFC8232FF181E0022E363791F2E84ED7086920CC0A258FF13F02972A
C:\script_ver\quarantine\under-review\qb-inventory\html\images\m24.png	13420	989CDD0E61C84B18673BA103F87560321B42AD640FA5007DC41ADF1B6578DA3B
C:\script_ver\quarantine\under-review\qb-inventory\html\images\m4.png	11441	092B99E002CD97CE0A323F3501BA42B72689C49F92CB2187A95451AD9E1D3C67
C:\script_ver\quarantine\under-review\qb-inventory\html\images\m70.png	11447	1C7CBA29285532BDB4B1F50D1BCDE67889687E825BB4E48E144814020D6D2A8E
C:\script_ver\quarantine\under-review\qb-inventory\html\images\mac10.png	9596	5EC5BE4F8553E77EB810AF82723B927BC6B84622EC8F94A798A64C857C086C98
C:\script_ver\quarantine\under-review\qb-inventory\html\images\mac10_extendedclip.png	8107	6910E767927A79ED140F8B8F25B948AB956ABB4E237FE8EEE29556DA33CE81EA
C:\script_ver\quarantine\under-review\qb-inventory\html\images\macabidonut.png	17246	10170DF14C8D860EDD423BC2081C3FFAADEACFD9B55DFF63CCDDC39FE293E2D8
C:\script_ver\quarantine\under-review\qb-inventory\html\images\machamp.jpg	6946	E447C03AB827C2BFDFB30BAA21727BDEEC47A498C2F6D0890A4DBBACF51744B6
C:\script_ver\quarantine\under-review\qb-inventory\html\images\machamp.png	116957	6CE1AF2F5F792D3A4C3AD96F1D55F16FF9322E9150302CFECC7523D8462BDFD6
C:\script_ver\quarantine\under-review\qb-inventory\html\images\machete.png	6249	D40CAA25F924BEBB966F62C6C38165DEAFBECD4F67EEBD519FBD8AD82D93CEAA
C:\script_ver\quarantine\under-review\qb-inventory\html\images\machine-pistol.png	8483	31C34CF6C31665EF40DB1B49E7BB4279A8F8D7805FB93E9DEB1D9FDC42E3AC97
C:\script_ver\quarantine\under-review\qb-inventory\html\images\machinepistol.png	8483	31C34CF6C31665EF40DB1B49E7BB4279A8F8D7805FB93E9DEB1D9FDC42E3AC97
C:\script_ver\quarantine\under-review\qb-inventory\html\images\machoke.png	15209	65C617D67AB7238631ABEFFA3893AA5A33C24D8CBA29BF7DA6A95570BD13B7A4
C:\script_ver\quarantine\under-review\qb-inventory\html\images\machoman_pop.png	11115	10929DCFC648B749D3BAB38BE48D866E45A06F6A60C033A28BD9177A1EC22A2C
C:\script_ver\quarantine\under-review\qb-inventory\html\images\machop.png	14362	1E54F759C1B1CD7FE657A6CC5D2FCB22AA7D38B22843C84728B5E179D7358EE1
C:\script_ver\quarantine\under-review\qb-inventory\html\images\mackerel.png	9020	FF68308C90C9C851159BC979E92675A2E39D6B1CBCDC2EECD196C4177EBF819B
C:\script_ver\quarantine\under-review\qb-inventory\html\images\mackerelramen.png	74874	9BFC9ABADB1A9FA3AC44D05E4F61C0251146F3E42C74C3825BE5270563F10DB9
C:\script_ver\quarantine\under-review\qb-inventory\html\images\mackerelsushi.png	47846	87E9B78232F0C0E6E0F35E19BA9CD5FFDBF7102F6ED87DFA9863726BC6B585A0
C:\script_ver\quarantine\under-review\qb-inventory\html\images\macn_cheese.png	8507	2E28FEFB12F71366DBB50EB01FDDF3DAEFB2063467E3E57B56694A5288D0EAAD
C:\script_ver\quarantine\under-review\qb-inventory\html\images\MagicBookBlue.png	28968	260B1675E703CFA74B37A5DFD361255B5B11A10F6F04CFA9F00F9AE22DEAE8C8
C:\script_ver\quarantine\under-review\qb-inventory\html\images\MagicBookCyan.png	29017	F349FD5DB44D984350E068BF121037E92DEAD75DF95AECB460C8D61C5FA38F60
C:\script_ver\quarantine\under-review\qb-inventory\html\images\MagicBookGreen.png	28982	FF66DA987FB7AE83B1ABE0D6257176FF9B272D53EF602A761AE9C6AFA9DD80A6
C:\script_ver\quarantine\under-review\qb-inventory\html\images\MagicBookOrange.png	28883	31456F02619C47313B1909F2208CCBDAF4E23179430FF5691FB3C3F4BF0862EE
C:\script_ver\quarantine\under-review\qb-inventory\html\images\MagicBookPink.png	29006	2E1A421096798BBE70B3CE28DC305C3BB15F5767AD991E5079F1F9624462756F
C:\script_ver\quarantine\under-review\qb-inventory\html\images\MagicBookPurple.png	29039	544690846B0E1E366EA67BFCEA3F2EFB2D14CDB6D04FF47C41CCF8F24ED58FD9
C:\script_ver\quarantine\under-review\qb-inventory\html\images\MagicBookRed.png	28946	69C9EA92BC283074F9F63CDE9E13FD10EBF4BDF5EA45551A563AD30125DAF353
C:\script_ver\quarantine\under-review\qb-inventory\html\images\MagicBookYellow.png	28682	4E9158908BBAD55BCE8819A211F61D43B0DEEBE74460521FEAD0AC19F1AF5B11
C:\script_ver\quarantine\under-review\qb-inventory\html\images\MagicPotionBlue.png	19538	6A326EE51499EB978327A8E6BB83A068E69D17ED8A69C43607BBE3DBAE3B910B
C:\script_ver\quarantine\under-review\qb-inventory\html\images\MagicPotionCyan.png	19472	C14EF0314073F18CEF57E6A6BC59060C0375844CF326871EE849FF7179291E46
C:\script_ver\quarantine\under-review\qb-inventory\html\images\MagicPotionGreen.png	19489	8A44E12EF4397FB9891D2CB7DD49FD6022D1F26C78B72557C59F40CBFCCBE49C
C:\script_ver\quarantine\under-review\qb-inventory\html\images\MagicPotionPink.png	19426	C057C97744762B3B090376AF32D135E4C3BF5748CD9B84C86CEBBD61324CF084
C:\script_ver\quarantine\under-review\qb-inventory\html\images\MagicPotionRed.png	19653	999A31DAF1727A64AF3EC23B588939C58F69E01E9383AFB50A839232F7798315
C:\script_ver\quarantine\under-review\qb-inventory\html\images\MagicPotionYellow.png	19471	EC1DF2231EF0D421F1C2289BA0C8FE1FBC0532535B6CD41327BA56B7F7BDE8CA
C:\script_ver\quarantine\under-review\qb-inventory\html\images\magikarp.png	15842	EC77B648BA589DCDFFA790AB937E4204852D1EE7120586FBBA814AD7FDEFC8BF
C:\script_ver\quarantine\under-review\qb-inventory\html\images\magmar.png	14807	337CBB583B7CD004751C597FA839D9DE6D9F46B9D169AD66AA08B2B5FA1D06DC
C:\script_ver\quarantine\under-review\qb-inventory\html\images\magnemite.png	13657	345A732762AA21B2780D547E5DEF3F72B1FE90D1492EDE4AD5C079E8DB0AE8CD
C:\script_ver\quarantine\under-review\qb-inventory\html\images\magneton.png	14725	48AFEE048C14740C1E2D45374500BA1A5175D1C794DBD63A6478FD174809A33B
C:\script_ver\quarantine\under-review\qb-inventory\html\images\maltese-falcon.png	4179	3D02693EBE11FE68500682A29188A4BFFDC6A3E1770E58C5849C7AAF4348F789
C:\script_ver\quarantine\under-review\qb-inventory\html\images\maneki-neko.png	4719	22A0E46308F14E3346863E9FAD9487C0F08B377968322C49AC9FD6957D5B7FF9
C:\script_ver\quarantine\under-review\qb-inventory\html\images\mango.png	8196	BE201D7F74177014CB21B05DB414AB6BB0C8FA616D2109299C6FA6BB51C3712B
C:\script_ver\quarantine\under-review\qb-inventory\html\images\mangojuice.png	7465	5016D008FB6A9764F1068FA7C8BFD609314B827470B3EC4D9E25E91CAF2D92D3
C:\script_ver\quarantine\under-review\qb-inventory\html\images\mankey.jpg	18368	0CE0390F6AEF55D87F6C28BA68EBBA0B64CDE1C6C808025A0FD2D848C3E3C01B
C:\script_ver\quarantine\under-review\qb-inventory\html\images\mankey.png	97151	748CCDE4B004640B9228AE2054E1171F94A6FED45F568960FDEAB45E50F1ED96
C:\script_ver\quarantine\under-review\qb-inventory\html\images\margarita.png	21044	EDFDD87C74E949C8C8C01C4665127E9D1E5DC1EF2687E9F885A94881FC1EA373
C:\script_ver\quarantine\under-review\qb-inventory\html\images\margherita.png	24879	80EAB8CC934630B6FAE90B946F6DBA11A5766C8071C9703A1C926FF7A9D460AB
C:\script_ver\quarantine\under-review\qb-inventory\html\images\marijuana.png	8670	C54469C278AF3117AF7AF8AB1760A07E4D5BC55C6F7605E81B42877BCEF1AC22
C:\script_ver\quarantine\under-review\qb-inventory\html\images\marijuana_baggies.png	10293	CCBE78E358CE7808E6F122F71C029F2B7192C85B357DE3DDDBF118CFE9A402E2
C:\script_ver\quarantine\under-review\qb-inventory\html\images\marijuana_crop.png	14448	FCBCB2FB7A7D9EF26EAD7BFDD408BCADA28C12F3DE401A0D02EB635C2653CD91
C:\script_ver\quarantine\under-review\qb-inventory\html\images\marijuana_lighter.png	5980	1139539A88259577285C7362067D0215672DE0346F66A5295F2AF8DD2CE523A4
C:\script_ver\quarantine\under-review\qb-inventory\html\images\marijuana_nutrition.png	13613	B864E4D3ED515559A25385D77A36266B1B05A808DEA1F89390AABC6C15EECF03
C:\script_ver\quarantine\under-review\qb-inventory\html\images\marijuana_phone.png	5788	01D6DAE12E747A73B3FA70E4C51838A043C8B345FC83886586295139BF404CE1
C:\script_ver\quarantine\under-review\qb-inventory\html\images\marijuana_seeds.png	8744	907DEAAE04D09DE6D81FB5F83B4088CE5D1DCA9EB7C5338EE7530D3442BA2725
C:\script_ver\quarantine\under-review\qb-inventory\html\images\marijuana_trowel.png	97799	12E8692B1A5405B2FB18735634D5AEF03822FC941803CDC51422DBEC561BD9DD
C:\script_ver\quarantine\under-review\qb-inventory\html\images\marijuana_water.png	7528	0B6EE21C9D586ABA75398EE0341A72D706BCA8CF1050BA06CCF3A3AC49E0E3F3
C:\script_ver\quarantine\under-review\qb-inventory\html\images\marinara.png	27290	F63A06D763B334C78444329AEC8AA9F52BA9BD3439332F653EA84F64D0910EA9
C:\script_ver\quarantine\under-review\qb-inventory\html\images\markedbills.png	9547	4180C2D8D91217CA34B198DE02B5A3A9E7F697192ABE5DD20ED3AC89A46B72E3
C:\script_ver\quarantine\under-review\qb-inventory\html\images\marksman-rifle.png	10609	98DE533C5201C075CDE0486E64D0F6107ABB46666D56C3E16CBEC8F4C23226D2
C:\script_ver\quarantine\under-review\qb-inventory\html\images\marksmanpistol.png	5724	0821A8F5F1B914506CBD83970801BF7B75A14B83F861E0373DE80CD0DC997E29
C:\script_ver\quarantine\under-review\qb-inventory\html\images\marksmanrifle.png	8428	09F1861C02F8C8981A168C11BF7949623259D71CA5B27638F802DD7C029B083C
C:\script_ver\quarantine\under-review\qb-inventory\html\images\marowak.png	46026	76725DC3BE67C9E4A98CF52E275B6343243D214E64E98EFB70D762AEDB86FB68
C:\script_ver\quarantine\under-review\qb-inventory\html\images\marowak.webp	2170	95C88B1E0AFB13DAF8665F5767FBE083D5F5B57D5F298EB76954C1E8A8D75E7A
C:\script_ver\quarantine\under-review\qb-inventory\html\images\marshBadge.png	7524	B1AC57F3AF03D41BBE49C256870EB54A843BD769BAD07C00C0C5FD13C946AD7F
C:\script_ver\quarantine\under-review\qb-inventory\html\images\marston-revolver.png	11106	26D11DE3B7E8C039AB96739AB98FFF9C84C9017942BA6E96AC6DA00C1E0C1865
C:\script_ver\quarantine\under-review\qb-inventory\html\images\mask.png	59513	6F44609EDC7A2DAB61F99E5A1A5C1CA0E48D9B16F7208551D4E80705A1FE668D
C:\script_ver\quarantine\under-review\qb-inventory\html\images\mastercard.png	13981	547DA1F6F65C5992F3BFA83827282273BE51B00188D842184DB8672849A169A7
C:\script_ver\quarantine\under-review\qb-inventory\html\images\master_tee_plushie.png	22520	8FD783D1892FB91B922093E9FC044160F80A8033A44C6EEA268B93A48BFA3CCE
C:\script_ver\quarantine\under-review\qb-inventory\html\images\matcha.png	21223	16138A2ACC5F98DB7FF698F7EE36D90D0E66CE3528A92C16A7959052AB8BD0B5
C:\script_ver\quarantine\under-review\qb-inventory\html\images\matryoshka-doll.png	9274	9AF4EAE3138FA8BF7DE53A07C6C2EE96FF4FC8D713C57AD56378DF4FCF116B36
C:\script_ver\quarantine\under-review\qb-inventory\html\images\matticket.png	24308	2A3F6A98F1B58C0DF1179F11359320EC6C2875193B535A1F8B2BCD077306BC94
C:\script_ver\quarantine\under-review\qb-inventory\html\images\mayorcard.png	6608	89CAD9B82B90A8FF107CEAC6DBC5FE13799CF15D89CAA93970D44EC317F5FEB3
C:\script_ver\quarantine\under-review\qb-inventory\html\images\mayorpass.png	5602	E5AD41C411AB790FE90449A71012CFA1BC39F0EE1E0E1DB649BDD4AC534E7D66
C:\script_ver\quarantine\under-review\qb-inventory\html\images\mayor_mccheese_pop.png	10590	1789281F30FB58EA572BF95EB0A3BA82318DF0CFE019C76FF4A565BC573F92AF
C:\script_ver\quarantine\under-review\qb-inventory\html\images\mcard.png	8208	E784AF382A0A402F0F1C5CF1B93C3864DA3D564588D1C70432C05D12BDB59A04
C:\script_ver\quarantine\under-review\qb-inventory\html\images\mcctv.png	8145	B7DDE21FA37DB9842CFB9A42A7AB68CD90C04BD21C1399BE816372620D81264B
C:\script_ver\quarantine\under-review\qb-inventory\html\images\meanmachine.png	17248	305B827E026CC293136063F6387B4110600BD9F7749BFA9980D0C54F08344E3F
C:\script_ver\quarantine\under-review\qb-inventory\html\images\meat.png	31218	50D32DA608061ED6593D74C3BDF6A31246C276307C1AEA5FFCE5886A885E1169
C:\script_ver\quarantine\under-review\qb-inventory\html\images\meatball.png	23128	5605C0DC30D8A5E6A219F575869FFABDD74C11DE2F8737B0A8EAD47A7840F2D3
C:\script_ver\quarantine\under-review\qb-inventory\html\images\meatfree.png	8854	396B52B9BDDDD04620A64C21149F93CB4826407B05E135355DD17A1FF2AAD349
C:\script_ver\quarantine\under-review\qb-inventory\html\images\meatpie.png	43102	C4ACB3908E6BC700BCBB2549AA9A6559281A87BF590AF7A17C509FFBE103AFF5
C:\script_ver\quarantine\under-review\qb-inventory\html\images\mecard.png	8655	1BAB17FB6D7FDCFD195622B22C535683F6C74B8EF12F710FFB5435D4EA44FA95
C:\script_ver\quarantine\under-review\qb-inventory\html\images\mechanic_tools.png	26786	FEC937307D5B100CED1604CA72C2CDE284ED8649BDE98B0A58E7F18CC2417FB6
C:\script_ver\quarantine\under-review\qb-inventory\html\images\mechboard.png	17311	B328AC85B6A822F9EB605C74660B9E6EA046F112031D2C07834D5561E4DC4CB2
C:\script_ver\quarantine\under-review\qb-inventory\html\images\medbag.png	27183	8FE17640CFDE16F014B89A3CA48A2FF6CD4B7F825AB23FEB1D8615B2D92DAAF5
C:\script_ver\quarantine\under-review\qb-inventory\html\images\medfruits.png	17006	9412A3264ACF29BE5C752BE603295FCD0F55A0F6EE3386BA39310CBC6B0ADA0A
C:\script_ver\quarantine\under-review\qb-inventory\html\images\medicalbag.png	27183	8FE17640CFDE16F014B89A3CA48A2FF6CD4B7F825AB23FEB1D8615B2D92DAAF5
C:\script_ver\quarantine\under-review\qb-inventory\html\images\medkit.png	10397	ACB76DEE20E1F15D32D22F4831114F9A0C78424A477747283B6B622AD288584B
C:\script_ver\quarantine\under-review\qb-inventory\html\images\megaphone.png	29426	E8FF19558E22E6B299120BB8A6CE2C03289A9D2B5347C18F42F3E5C6531FB198
C:\script_ver\quarantine\under-review\qb-inventory\html\images\melon.png	11514	249312B2A3DA6BF6C3B2DF2058231801A8E6CFF1BB14FCBC7AC19E7840847F5F
C:\script_ver\quarantine\under-review\qb-inventory\html\images\melonjuice.png	11888	BD7003FAAC06E8FBB85EFB3C6AE1204B87F5F1AE53E46CACF06C131BD342CB37
C:\script_ver\quarantine\under-review\qb-inventory\html\images\member.png	27261	11302CE6232B3F4724706F548B825971B014C32434E069C0133FE69AA2B0A5F5
C:\script_ver\quarantine\under-review\qb-inventory\html\images\member1.png	7762	CEAB2DA72F19AE60A514C8D3D547E19C46ADEA5AE64C0EECC66EBDB1B7BD8183
C:\script_ver\quarantine\under-review\qb-inventory\html\images\meowth.png	44334	55562C2A9A6695AA250CA4467C2B649FBACEF4799E303BDA411CD1E4AACD666F
C:\script_ver\quarantine\under-review\qb-inventory\html\images\meowth.webp	1984	8ED72922451D5036A2001CDEB17C5C772611CFD833494B5F3F571ED395DCBC2D
C:\script_ver\quarantine\under-review\qb-inventory\html\images\meredith.png	11275	2761B42CF24C9F4DB656FFDC136221ED97F03A9CC25C83D44D991C9CF94C8ED4
C:\script_ver\quarantine\under-review\qb-inventory\html\images\metaldetector.png	7030	C2D268A442BFCA12A0E87A5F8425ED367B8CF4677084BF37F46AB3E1331CCA8E
C:\script_ver\quarantine\under-review\qb-inventory\html\images\metalscrap.png	12623	D77B797A3C91510B320A6A9EC4A681D7585A2691051F19033BEDF550FDBB9DA3
C:\script_ver\quarantine\under-review\qb-inventory\html\images\metalscrap1.png	12623	D77B797A3C91510B320A6A9EC4A681D7585A2691051F19033BEDF550FDBB9DA3
C:\script_ver\quarantine\under-review\qb-inventory\html\images\metaltrash.png	14156	92941FC0F3F674B44C9D6E5BA7318136B969E254E2E66458DE26BED6D06E9AE4
C:\script_ver\quarantine\under-review\qb-inventory\html\images\metapod.png	14610	4A008E73F64FE66FBA1BDBBE442DE0AAE00BC412310472D698D67FC2A1BFE873
C:\script_ver\quarantine\under-review\qb-inventory\html\images\meth10g.png	7013	E0376B445A82A13B05462B06BC6B39C5167C0D9E7AA4127F412D96A1E3630608
C:\script_ver\quarantine\under-review\qb-inventory\html\images\meth1g.png	154394	31A1F7E00E5433FD061E2EBF7E9AD45DA241AE3F5887A464B4257B4FF49A30FD
C:\script_ver\quarantine\under-review\qb-inventory\html\images\methbag.png	19705	3949AF08B3EABE22C3EB4C79095A34B91210E46D24E362532A400D153F82EB89
C:\script_ver\quarantine\under-review\qb-inventory\html\images\methbrick.png	11685	F1CDAE7A4DD7109E19E282A228BA81A4C0D09D054B06896CADFFE661F66EA68F
C:\script_ver\quarantine\under-review\qb-inventory\html\images\methburn.png	9590	831A077D8C47D0A15CF6AD1C488978A2A18C47BB9D8648189F7BA1A9BDF230C5
C:\script_ver\quarantine\under-review\qb-inventory\html\images\methkey.png	9047	26EC9E2817FC6A83AF61045558EFFF2FEBB2BCFE05DF458A314303E03E62FE17
C:\script_ver\quarantine\under-review\qb-inventory\html\images\methylamine.png	28384	221270A890688269916B048A95EFA22A222CF92E5565EE6CB65128C13C4F2E18
C:\script_ver\quarantine\under-review\qb-inventory\html\images\meth_bag.png	14606	3975733EAD456BBF2A983637E679657DA97E74A5E3CD5CBE4AC62CD0CB9F169F
C:\script_ver\quarantine\under-review\qb-inventory\html\images\meth_baggy.png	16342	EC22D6FD775D8EA5D08B2ABCA1B5525DDF085D4ADAB398A96E0A98DF60986841
C:\script_ver\quarantine\under-review\qb-inventory\html\images\meth_batch.png	14598	5C08C912371FE5048F4026F83F8E900E2CDAB8910A6C2A0F4FEAE04DE2F2331B
C:\script_ver\quarantine\under-review\qb-inventory\html\images\meth_cured.png	10839	88FD4C7A2DC8284BB7C28136A34136E4C946BB1E73AFA9E310829AA7907CEE8D
C:\script_ver\quarantine\under-review\qb-inventory\html\images\meth_packaged.png	19705	3949AF08B3EABE22C3EB4C79095A34B91210E46D24E362532A400D153F82EB89
C:\script_ver\quarantine\under-review\qb-inventory\html\images\meth_tray.png	8454	DC5465B9B61CD55B1EEB651C8055C66297BF17FF438CF9E285BE8BF6CCE45D11
C:\script_ver\quarantine\under-review\qb-inventory\html\images\mew.jpg	6584	70E465617EBEC19EA07AE8EB26E2A40A4F87CBBCA8D1C852850985AFCDA9E70F
C:\script_ver\quarantine\under-review\qb-inventory\html\images\mew.png	28575	9847BE888B490BAB8AF16DE6C0F68ACC0217DF1878F36FAD778D1C45175500F7
C:\script_ver\quarantine\under-review\qb-inventory\html\images\mewtwo.png	14980	8602DE60D6F9B158E6B1B9D2B3C21CBB806F418698B474A608589E7A3B425BAE
C:\script_ver\quarantine\under-review\qb-inventory\html\images\mewtwogx.jpg	7366	E9FC63026D8A71ECB420FDC42EBEDD6F71CB7F080C6E5E3EBB7A0E9F0DC39A01
C:\script_ver\quarantine\under-review\qb-inventory\html\images\mewtwogx.png	247553	293D77438B97B35458285E049854AF27DF3427D8AF490710FD5EAF5D10568093
C:\script_ver\quarantine\under-review\qb-inventory\html\images\mewv.png	21798	E7EE88F543FBD3F05F7045C67F5A27833A33051612B21FE42CC172A09E53A41D
C:\script_ver\quarantine\under-review\qb-inventory\html\images\mg.png	7349	1D261FE03FB2A0E64EBAF8AF713F97E0601E6EB9915C3B62A6E587C912D1AA4A
C:\script_ver\quarantine\under-review\qb-inventory\html\images\mg_ammo.png	6075	CCC3643598880E5AC758B585CFDD741CC4B9D48D7DF4191F763A4EBF35B3E204
C:\script_ver\quarantine\under-review\qb-inventory\html\images\mic-trophy.png	7995	73E41D21297054DF98CB9370FE646FB05589D767DF1EB98CC7F26E317EB5CB8B
C:\script_ver\quarantine\under-review\qb-inventory\html\images\mic.png	4019	43F67046506D16D3930592423873B83086488D5801A4C75D5E1305D7C1B3B607
C:\script_ver\quarantine\under-review\qb-inventory\html\images\michael.png	11139	77EE284498DD6C8E10C689A9674D9D2EDD81BB9876279AE31CA529FF25ACE539
C:\script_ver\quarantine\under-review\qb-inventory\html\images\michael1.png	10286	92D3B7E20A61527C87790DB50C529039156955DAB3F56482CC679A17FBCCD159
C:\script_ver\quarantine\under-review\qb-inventory\html\images\michael2.png	9433	A0209F23DD33A404A8D92B5C0879ABA88B0078165463F467484B663198CC9AA8
C:\script_ver\quarantine\under-review\qb-inventory\html\images\michaeljoe_card.png	154335	55C426CA01324F2244A4292992B998259A6A0F15947DDD875E76D99B37BD1AC8
C:\script_ver\quarantine\under-review\qb-inventory\html\images\michaeljordan_pop.png	8959	51A53AB09FD98EC438BE719C0F6A9F71FC6AB7F68348F71266E249F1AE2EBF72
C:\script_ver\quarantine\under-review\qb-inventory\html\images\michaelmyers_pop.png	13112	B3D7780379B84D04AB5314E69D86D091AEBB54E8C7209B7EA75B72EB4D9C414E
C:\script_ver\quarantine\under-review\qb-inventory\html\images\michel.png	14408	F5EB13E19D0B720A0A77D0A811855C9720ED37DD650240B379D8E274C7D2FCAF
C:\script_ver\quarantine\under-review\qb-inventory\html\images\michel1.png	16578	E16E51CA8AC74FF6DE465C38BB0999F362852D85840DF551125D01D08D9F365E
C:\script_ver\quarantine\under-review\qb-inventory\html\images\michel2.png	12426	CA270548F7B3CF535B209F681E0A718510CF30DF5EC5C83F0E455E027DC19B66
C:\script_ver\quarantine\under-review\qb-inventory\html\images\mickfoley_pop.png	12652	82038E8ED4AA00558790BE1194F2530FFFBDE0374C0314D09E0A982B231CB89A
C:\script_ver\quarantine\under-review\qb-inventory\html\images\micro-smg2.png	9069	6EE29FF9945F71D6E99320A8F571D919AFDEFF61826C8C882A3BC1EE5B869D24
C:\script_ver\quarantine\under-review\qb-inventory\html\images\micro-smg3.png	9596	5EC5BE4F8553E77EB810AF82723B927BC6B84622EC8F94A798A64C857C086C98
C:\script_ver\quarantine\under-review\qb-inventory\html\images\microsmg.png	19080	803633AEF23366198B4C6C8C1D3B8397DD8BB1B5496CD33817F168E31EA7423D
C:\script_ver\quarantine\under-review\qb-inventory\html\images\microsmg2.png	9069	6EE29FF9945F71D6E99320A8F571D919AFDEFF61826C8C882A3BC1EE5B869D24
C:\script_ver\quarantine\under-review\qb-inventory\html\images\microsmg3.png	9596	5EC5BE4F8553E77EB810AF82723B927BC6B84622EC8F94A798A64C857C086C98
C:\script_ver\quarantine\under-review\qb-inventory\html\images\microwave.png	7297	3FFA204D540131AC24B153CCFED699894210C17B41F94A6CE0CA15ACB4977E0E
C:\script_ver\quarantine\under-review\qb-inventory\html\images\midori.png	17564	6D900000B98CCF2E7BFD2B137E7421BD0B3C4F273975B62A6969A3C89A5A9119
C:\script_ver\quarantine\under-review\qb-inventory\html\images\milk.png	12802	34A7B8273AE1D240836440D230189F63D3D452BC5F3573E7C012ABD50E0942B1
C:\script_ver\quarantine\under-review\qb-inventory\html\images\milkbottle.png	48331	030C1B7AD4C1D5F66F095EA4E0F777504B8B9A962EAC264C2A4AD04315818999
C:\script_ver\quarantine\under-review\qb-inventory\html\images\milkcarton.png	15738	E316B3AA9E748A321E0A0B70EDAE5C0DD79415473FFC2842FC07A4F755764626
C:\script_ver\quarantine\under-review\qb-inventory\html\images\milk_pack.png	4676	A8769B4076409E23CB0A27498BF9BF24CBAF2F414856DF54B40C120DC6FA0022
C:\script_ver\quarantine\under-review\qb-inventory\html\images\mineritem.png	11402	4A80FD66662A95206E752CC0DEBA2AEE6AD771A9B4ECFCC4A89A2A0B6D2FB297
C:\script_ver\quarantine\under-review\qb-inventory\html\images\mini-smg.png	9017	7998987C7330BE549C03F76F1A1A710068A8F6366A70B93D5E3C3D961EE6BC58
C:\script_ver\quarantine\under-review\qb-inventory\html\images\minigun.png	10307	178D0F5FDCB44C458C185DCDB4F10A71B6B2EFDB428C8B4247CFC40010F9C63C
C:\script_ver\quarantine\under-review\qb-inventory\html\images\miningdrill.png	14371	FFE559FE442E7B90307754B51DD518EC27BBA7FDBD87F70EA32AF0EC9E2C81F0
C:\script_ver\quarantine\under-review\qb-inventory\html\images\mininglaser.png	15139	4789241B68D21101AB428018B27A7E776541FE7EA81F9CAA0AE693FEF5CE6C53
C:\script_ver\quarantine\under-review\qb-inventory\html\images\minismg.png	9017	7998987C7330BE549C03F76F1A1A710068A8F6366A70B93D5E3C3D961EE6BC58
C:\script_ver\quarantine\under-review\qb-inventory\html\images\mint-flavoring.png	14557	1DA54F4008ED668602FA0968B62BA61D1DFC638DEDD8B312CC5FED832FBE693B
C:\script_ver\quarantine\under-review\qb-inventory\html\images\mint.png	27592	6D38C1793DE7A4FAD6456935C8C604C24491601FDBC49C68228D70F35DC7421E
C:\script_ver\quarantine\under-review\qb-inventory\html\images\mirror.png	6459	D1AC06FB798DA4BFDDFCE0A2A461F8F86443A0DAA87EAC77E23E4A19DFAD1C2F
C:\script_ver\quarantine\under-review\qb-inventory\html\images\miso-paste.png	18096	A28BC2259FD1E8CE29B0D2E1B51468654E800A2080251ADDC1FFC06129B88FB6
C:\script_ver\quarantine\under-review\qb-inventory\html\images\miso.png	27762	9BF7DB3B694F2DEE07949AFFE910295D58658E5355A8FD83721FC49F6919727B
C:\script_ver\quarantine\under-review\qb-inventory\html\images\misopaste.png	30450	F50FDA4B3BD71451DDC351160AFD4A5C1488AA50DE1C2E8585F3DAC3CB493BF1
C:\script_ver\quarantine\under-review\qb-inventory\html\images\mixedlettuce.png	15591	0AF8EC3E9A6D2A23F7C71625555CD90EE6B401174D5264032D723D4807202101
C:\script_ver\quarantine\under-review\qb-inventory\html\images\mixtape.png	10190	18C939DB32A157E8A2FFECB66506ADAE3439360B463704C007985F9CF21255A5
C:\script_ver\quarantine\under-review\qb-inventory\html\images\mobile-phone.png	6530	0EB658AAF3098FC6AD1D61B3561398227640D05692B001ED9B2878FBEF483690
C:\script_ver\quarantine\under-review\qb-inventory\html\images\mocha.png	25091	5E862D93AD49ECDC050C383AB54BA32948C4386EF2D9F58691AE2180BD2301BA
C:\script_ver\quarantine\under-review\qb-inventory\html\images\mochameow.png	16936	E97575A8DDAB53BC6C35E204F8BC1B22DFE0668392B7AF894151DC51B47DA711
C:\script_ver\quarantine\under-review\qb-inventory\html\images\mochiblue.png	19609	76F3E9D65AB70A0D1844E69E86437E2E3A75283E0D6C47D5B3BF69889C94F6A7
C:\script_ver\quarantine\under-review\qb-inventory\html\images\mochigreen.png	19603	9339F81DD52EE6593AE0701AC6EEC6F7099A8E06CACD9DF2B442F2F62D76533E
C:\script_ver\quarantine\under-review\qb-inventory\html\images\mochiorange.png	19641	15D840DD26C09216862BECF0BF359E8EA6B6468C14B9711552299C969ED5FD20
C:\script_ver\quarantine\under-review\qb-inventory\html\images\mochipink.png	19444	1A8ED62BD5530F6EBE600FFF86AFC352CD85146EE330E0757C73E778F027E54D
C:\script_ver\quarantine\under-review\qb-inventory\html\images\mochipurple.png	19444	1A8ED62BD5530F6EBE600FFF86AFC352CD85146EE330E0757C73E778F027E54D
C:\script_ver\quarantine\under-review\qb-inventory\html\images\molotov.png	6321	C3120EEC4C4A0A120C18C5DA7E09FD7961D12ED0744F5A79AA224F25D420348C
C:\script_ver\quarantine\under-review\qb-inventory\html\images\moltres.jpg	18184	E89B66AEFA0D6C739F6AEF5173FB1A2F581D6BF6239DC1449C97CF2F47142302
C:\script_ver\quarantine\under-review\qb-inventory\html\images\moltres.png	88319	393DAB04D19AC6205C53A6A8D6E97ADE4C12B167ABF3FF2C352DD2A92D36984D
C:\script_ver\quarantine\under-review\qb-inventory\html\images\mona-lisa.png	7591	38C5553D75E56A962C536DFC046CFB4FA51AB2E09C31EA1978DF8AC541C09F53
C:\script_ver\quarantine\under-review\qb-inventory\html\images\moneybag.png	32895	DB0EDB0D247615C5EDDB0C7437C53CEDD681BC644B6A47083B47F2A47835920E
C:\script_ver\quarantine\under-review\qb-inventory\html\images\moneyshot.png	9834	382B003621BBBE96F955834E5CDF39D75B2E7C2B4911ADFBE839F3EAB65D6917
C:\script_ver\quarantine\under-review\qb-inventory\html\images\mongidonut.png	11850	760E9B176A8CA7E0212997A153492836FF561AC64914CAF12AFA70B4EEB60016
C:\script_ver\quarantine\under-review\qb-inventory\html\images\monitor.png	3382	3C787E3B1511FE9FA67269EBE43EB8075692A418D7A9DC58B47E460CE38B092A
C:\script_ver\quarantine\under-review\qb-inventory\html\images\morebox.png	113329	A75A63255B24EBDAB796948FC59150178027F161ABDB335EFC8BB5C079958481
C:\script_ver\quarantine\under-review\qb-inventory\html\images\morecigar.png	3982	CA8B95F0EB8BF74F6BD1F59727D34A4F8A9B4C44F46874C630BB6A326C157588
C:\script_ver\quarantine\under-review\qb-inventory\html\images\morog_polao.png	1991711	1A2F86BA8C72EC3FEF9A9FD11169980B2235BC44CC3AC7C19D0C26ED24966D2E
C:\script_ver\quarantine\under-review\qb-inventory\html\images\mose.png	10187	E28CF6A2028B75A0D112793355A63B37B65CC8C850F26C28EC881529E402D697
C:\script_ver\quarantine\under-review\qb-inventory\html\images\motel_key.png	38705	F4A46A7B45DF31013EF57C5555747F1BCE6AC5A084CE56CF407FCF08CD66B358
C:\script_ver\quarantine\under-review\qb-inventory\html\images\mozz.png	22113	6E1559CCF4B806E1F087F1CA4586F0DBE5CE60E570E9EAF4D708AB3C9DCEA171
C:\script_ver\quarantine\under-review\qb-inventory\html\images\mp5.png	18350	0105D6CBE0E8F04E9441F791F76F4768365F55ED054511D9E2392FE668CABD04
C:\script_ver\quarantine\under-review\qb-inventory\html\images\mputer.png	6336	77FB8F0AEEAD311F8BF99B096B781566FF42C0004151640A57B4EEB4DB95E9D1
C:\script_ver\quarantine\under-review\qb-inventory\html\images\mpx.png	17556	BD8C876A7549203AFBF03A1FF00397FE830A1E7C4DB3F48B5BF688F7F31C2438
C:\script_ver\quarantine\under-review\qb-inventory\html\images\mrt_pop.png	8030	C0FA17F9392AAA2170083BA4882A775F27B3F0719DD43F3F02509A0DC6BF222C
C:\script_ver\quarantine\under-review\qb-inventory\html\images\mr_mime.jpg	6507	4F4ED6D480BCEE76CA4ED41C4320E1DF204265140A1930893C5303E3E88B66DC
C:\script_ver\quarantine\under-review\qb-inventory\html\images\mr_mime.png	73085	C66840F93679B610E49CE295CB420F7F6CB1DB7AF3DC752EA15B7B449791375C
C:\script_ver\quarantine\under-review\qb-inventory\html\images\mshake.png	7801	8D4DAC2A77AE21A6AA9559504B1085ACDAF1E9D1DC3FFA224269C1C36BF25BBB
C:\script_ver\quarantine\under-review\qb-inventory\html\images\mtv_pop.png	11202	8DB05E4D4A977F45AC1605C8C43495A7E60C7112A4BCE013A782837E045FA718
C:\script_ver\quarantine\under-review\qb-inventory\html\images\muffin.png	9975	70EFEED7156B3AB5F414C445DFB41BDC95374B53C638044D2B0080691B773827
C:\script_ver\quarantine\under-review\qb-inventory\html\images\muffy_tee_plushie.png	18724	D94D2372D6BF9E12242118D4BADBF01A93097D28A6658014FD4BEAA25184D356
C:\script_ver\quarantine\under-review\qb-inventory\html\images\muk.jpg	17836	952F581B7F36B1267F45F333A1EEA03934656878CEBE7CC7ED1B180C99586674
C:\script_ver\quarantine\under-review\qb-inventory\html\images\muk.png	81330	0D8DAB4A50AB25723D3A31380CA2538B6FAC0417001F8A2D7B957BDF826D33E0
C:\script_ver\quarantine\under-review\qb-inventory\html\images\murder-meal.png	9894	E02DC89DB0D017AFE576BA3F47CFAD6EC3F8B9E3C4E18548D2B72470FBC90002
C:\script_ver\quarantine\under-review\qb-inventory\html\images\murder_meal.png	9894	E02DC89DB0D017AFE576BA3F47CFAD6EC3F8B9E3C4E18548D2B72470FBC90002
C:\script_ver\quarantine\under-review\qb-inventory\html\images\mushroom.png	14557	9E10211F70A1801D343850F3E94D55F114E66A8BDD073218C178DEE84C132453
C:\script_ver\quarantine\under-review\qb-inventory\html\images\mushrooms.png	21861	617CD1DA4BC83D57A464E390AAB1D87DA9C33EF7F46B4F0AF0E7A71BBE3EE528
C:\script_ver\quarantine\under-review\qb-inventory\html\images\musicdesk1.png	34346	0754EBD53749500063329C260B8744AD90F7EEB2432EA3B75E90CEDB82B6D884
C:\script_ver\quarantine\under-review\qb-inventory\html\images\musicdesk2.png	34346	0754EBD53749500063329C260B8744AD90F7EEB2432EA3B75E90CEDB82B6D884
C:\script_ver\quarantine\under-review\qb-inventory\html\images\musicdesk3.png	34346	0754EBD53749500063329C260B8744AD90F7EEB2432EA3B75E90CEDB82B6D884
C:\script_ver\quarantine\under-review\qb-inventory\html\images\musicdesk4.png	34346	0754EBD53749500063329C260B8744AD90F7EEB2432EA3B75E90CEDB82B6D884
C:\script_ver\quarantine\under-review\qb-inventory\html\images\musket.png	7366	DB0512B2302467E151F69A5FCEE971C56DF85D466CD90D177DA732DB1FC6B647
C:\script_ver\quarantine\under-review\qb-inventory\html\images\mysterychain.png	8809	443B7EAB8274D16B648D951D2887CC5A225968094879B4EA993BC302972EBD21
C:\script_ver\quarantine\under-review\qb-inventory\html\images\mystorymeal.png	10082	81D60F47AA1C250A99899D1CBB8628CDD4E90990D936282EEF6FAA9B27F43471
C:\script_ver\quarantine\under-review\qb-inventory\html\images\mystorytoy.png	5339	B9D6E5799A2C2D518D608431D71CFA7D2B4A80F2D9C31C8169066A68F9584F13
C:\script_ver\quarantine\under-review\qb-inventory\html\images\nachos.png	15065	91F8A90C7BD9E222628B167D2D86E42CA637775680B480C7F50218886B53033A
C:\script_ver\quarantine\under-review\qb-inventory\html\images\nagaritoy.png	15883	F85CAFF226746CC3B612569562182520A077011C1E0BBA80ACCEB31A59149B00
C:\script_ver\quarantine\under-review\qb-inventory\html\images\nailgun.png	10397	EF647768C4DF08301D8F4F034B09FB621560CE290E02A9839A39D8271E999630
C:\script_ver\quarantine\under-review\qb-inventory\html\images\nails.png	18169	7EA4A4C0DE3DB27C1DFDACE4EFF7078EE8C07C5E62491D967843E78C393ED214
C:\script_ver\quarantine\under-review\qb-inventory\html\images\naomi_pop.png	13137	8D805F4498D34EC222FF4F7BB4F05D9640F61990CF99BB725C0C2AEC74BC6054
C:\script_ver\quarantine\under-review\qb-inventory\html\images\napoleonic-egg.png	5379	6DBCA446A92D5FC0F9BC25496B3FD6D5B6A3A6CB5ACFC8661224B926A44A8534
C:\script_ver\quarantine\under-review\qb-inventory\html\images\natureboy_ricflair_pop.png	12160	4124FB755DC3CE70503729971BCE4B05386A59A58031895B34E4BEBAAC3A15C0
C:\script_ver\quarantine\under-review\qb-inventory\html\images\nc_cpu.png	609906	8D75A0C821493103123645830E98AD38E1CF9C7AD7A998FDDDF6C2953884FB74
C:\script_ver\quarantine\under-review\qb-inventory\html\images\nc_desk1.PNG	6432	97C9C0184383ECD2B19BAEB96258CAFEFFAEE5ACC0AAF3CA27F53F045A35B324
C:\script_ver\quarantine\under-review\qb-inventory\html\images\nc_desk2.PNG	6432	97C9C0184383ECD2B19BAEB96258CAFEFFAEE5ACC0AAF3CA27F53F045A35B324
C:\script_ver\quarantine\under-review\qb-inventory\html\images\nc_desk3.PNG	6432	97C9C0184383ECD2B19BAEB96258CAFEFFAEE5ACC0AAF3CA27F53F045A35B324
C:\script_ver\quarantine\under-review\qb-inventory\html\images\nc_desk4.PNG	6432	97C9C0184383ECD2B19BAEB96258CAFEFFAEE5ACC0AAF3CA27F53F045A35B324
C:\script_ver\quarantine\under-review\qb-inventory\html\images\nc_gpu.png	11178	BD6339D2DB885B87377BA94F8A331169058634A2413A12D64B1F30B9A6D771E9
C:\script_ver\quarantine\under-review\qb-inventory\html\images\nc_gpu_miner_1.png	11178	BD6339D2DB885B87377BA94F8A331169058634A2413A12D64B1F30B9A6D771E9
C:\script_ver\quarantine\under-review\qb-inventory\html\images\nc_gpu_miner_2.png	11178	BD6339D2DB885B87377BA94F8A331169058634A2413A12D64B1F30B9A6D771E9
C:\script_ver\quarantine\under-review\qb-inventory\html\images\nc_gpu_miner_3.png	11178	BD6339D2DB885B87377BA94F8A331169058634A2413A12D64B1F30B9A6D771E9
C:\script_ver\quarantine\under-review\qb-inventory\html\images\nc_gpu_miner_4.png	11178	BD6339D2DB885B87377BA94F8A331169058634A2413A12D64B1F30B9A6D771E9
C:\script_ver\quarantine\under-review\qb-inventory\html\images\nc_gpu_miner_5.png	11178	BD6339D2DB885B87377BA94F8A331169058634A2413A12D64B1F30B9A6D771E9
C:\script_ver\quarantine\under-review\qb-inventory\html\images\nc_hdd.png	1559769	19EB27F262E70B41F1A66DE0646B81668E6078B629A63657C292ED2123F6FC84
C:\script_ver\quarantine\under-review\qb-inventory\html\images\nc_server1.png	13338	F7D137E7CA4623A4999BE72E0600E19D86B439C10B9D9B766F8EF7074CD5E76E
C:\script_ver\quarantine\under-review\qb-inventory\html\images\nc_server2.png	13338	F7D137E7CA4623A4999BE72E0600E19D86B439C10B9D9B766F8EF7074CD5E76E
C:\script_ver\quarantine\under-review\qb-inventory\html\images\nc_server3.png	13338	F7D137E7CA4623A4999BE72E0600E19D86B439C10B9D9B766F8EF7074CD5E76E
C:\script_ver\quarantine\under-review\qb-inventory\html\images\nc_server4.png	13338	F7D137E7CA4623A4999BE72E0600E19D86B439C10B9D9B766F8EF7074CD5E76E
C:\script_ver\quarantine\under-review\qb-inventory\html\images\nc_server5.png	13338	F7D137E7CA4623A4999BE72E0600E19D86B439C10B9D9B766F8EF7074CD5E76E
C:\script_ver\quarantine\under-review\qb-inventory\html\images\nc_toy.png	12876	5F800B7FE5291A3309FB8A91C2E8B28A059CABDC78A7344AC91D439579749AB3
C:\script_ver\quarantine\under-review\qb-inventory\html\images\nc_vpn.png	323753	6A305A47B1A13D5CD99EA2EAE7498151D2A27B992F810F96F9822342DB7BA517
C:\script_ver\quarantine\under-review\qb-inventory\html\images\neoncontroller.png	4151	303830131C449FB71299B6ED9DD0FDFB6E8FBD3D2202D2247EB2FBC9B97F0203
C:\script_ver\quarantine\under-review\qb-inventory\html\images\neonkit.png	55353	62E7AE2E0AB36E6A556D1723E4204B636DEE9BDFA1B32B25A5398208E4F54AB1
C:\script_ver\quarantine\under-review\qb-inventory\html\images\newsbmic.png	4629	8F5E36B01623313A2098EAB5320E698F4519525A0CF219F7295746AC50AFE219
C:\script_ver\quarantine\under-review\qb-inventory\html\images\newscam.png	12147	32FA719CCDC0A47D9C4B77AFCA2EE3FA3DDE6B7277EC788488662596651ED5A2
C:\script_ver\quarantine\under-review\qb-inventory\html\images\newsmic.png	5695	609B67A9EF83625980147CCEDBD5ECCCB9B8720F08569C5F0E41688E64575830
C:\script_ver\quarantine\under-review\qb-inventory\html\images\newspaper.png	14416	7BDA03B446A919E8E27C978F2B485902FA648278D295DFEBE9ED5C28C61F2B52
C:\script_ver\quarantine\under-review\qb-inventory\html\images\news_tape.png	5761	B74E8C999449D22D177BDF768FF86F2C940BD07C4119518BEDBD5B84FDBF80BF
C:\script_ver\quarantine\under-review\qb-inventory\html\images\news_tape_copy.png	6213	F10EE736F798806D7AA838CAE4A6CF98F5FC25A678E24E6526D227B40B1BD57F
C:\script_ver\quarantine\under-review\qb-inventory\html\images\news_tape_final.png	6216	D878599AF85E1437D8AA2136605986854D8231862538F21E1BC8928F02215583
C:\script_ver\quarantine\under-review\qb-inventory\html\images\nidoking.jpg	31928	F017BC5936050F742C4878FE458A468DF7DC2338CED77115925CF6207FAE62CF
C:\script_ver\quarantine\under-review\qb-inventory\html\images\nidoking.png	1565924	71EC0FE9E25D66E690DE3C114F21A5274D5D1ED7E0066A5611D94D8E58EC2268
C:\script_ver\quarantine\under-review\qb-inventory\html\images\nidoqueen.png	41012	D800D57494DC9D94073050D4F8324ACBCA5849C08F28B139E1104ABF3A4C3E72
C:\script_ver\quarantine\under-review\qb-inventory\html\images\nidoqueen.webp	2442	DE8F42C8D9B27613D57D228AC430BBECC45F36733868B0B8E1AC1ECCA56D3296
C:\script_ver\quarantine\under-review\qb-inventory\html\images\nidoran.png	13752	807ADB07B60BC6A9511B2DD8F01B2F04A1BD282A8E718CE50E69779871EA9AD1
C:\script_ver\quarantine\under-review\qb-inventory\html\images\nidorina.png	45954	15774FA991177329FC50AFD8A089494376D861DE499F0274E4E380792E82649A
C:\script_ver\quarantine\under-review\qb-inventory\html\images\nidorina.webp	2428	4FD8BF6A75BCD888714811C19D5ADDCAC988C518849222366CF8C2C4296F8C85
C:\script_ver\quarantine\under-review\qb-inventory\html\images\nidorino.png	14703	39DF347D0BEFA5C2695D8C690E578138ADD6E4D0590DEB35C7EBD437380EF52C
C:\script_ver\quarantine\under-review\qb-inventory\html\images\nightstick.png	4379	AA2C578A17A95387591272ABB62434654D9B63C89E6CFBBFC4935DD577B7FB35
C:\script_ver\quarantine\under-review\qb-inventory\html\images\nightvision.png	7985	15EFE970ED289856314F7EEB0FB8C4DDCC235D17D216C804317A9A3492F31C1E
C:\script_ver\quarantine\under-review\qb-inventory\html\images\nikkibella_pop.png	10725	3BD4B41061AAD45FA85006D5F953AFCAC40B9B2F7245546FDF70FFC4C13F7BC8
C:\script_ver\quarantine\under-review\qb-inventory\html\images\ninetails.png	14495	0C33C8DFB5CCA30A79093F6C4F296B05229DB913B968E50E345A97D3DDE4DF13
C:\script_ver\quarantine\under-review\qb-inventory\html\images\nitrous.png	8697	E8BD46188B39DB8C0DE582B903E1A68158A0F6692CB244A9F876E3C7BD25568C
C:\script_ver\quarantine\under-review\qb-inventory\html\images\nmcctv.png	12878	9D1E9493B3F60C7477B290FE29801F5025852DED343EBAD8646C715DB11506FD
C:\script_ver\quarantine\under-review\qb-inventory\html\images\noodlebowl.png	26284	D20F52418616EDDB9E055CACCBCB094D58E1EE32F1379D8B78F060F6709C9D1D
C:\script_ver\quarantine\under-review\qb-inventory\html\images\noodles.png	32514	DAD377F0850F3BC939967352DDC897F003A9EACE66FA9B19AF25D13AB1E76040
C:\script_ver\quarantine\under-review\qb-inventory\html\images\noodlesbowl.png	46299	AA8651193547030928AE68FFBB9488B7AC7EB2D124123B4ED84B620FEC1CCA1C
C:\script_ver\quarantine\under-review\qb-inventory\html\images\noodlespan.png	57511	F0158F92F18C7E9AC8B2F3BB4F7EC75EC0A788BB2BBE72375A87D7115C25C266
C:\script_ver\quarantine\under-review\qb-inventory\html\images\nori.png	26343	FB7FCFC3B760E148CB6A6EF215446483C8C2E9122DE136014303E078DAF8E8D8
C:\script_ver\quarantine\under-review\qb-inventory\html\images\normalharness.png	12870	569771F467E9392FFD928BD19507BED0A316A703F6C022A07DC81C51DB0BCE8C
C:\script_ver\quarantine\under-review\qb-inventory\html\images\nos.png	10986	B820272BDC861F063FC665376FEC0F0642E52E4F351E17DDDF0ECB968F0B8F56
C:\script_ver\quarantine\under-review\qb-inventory\html\images\noscan.png	15645	5BD0EB6EDE883012E7EFAEB24BC84F206EC81584E6315100D3451FEAA7B2C9D6
C:\script_ver\quarantine\under-review\qb-inventory\html\images\noscolour.png	13701	7F14EB5AD006735A9F7FEFF2265BF89273A1B7582A22A8F23447B7E728F48089
C:\script_ver\quarantine\under-review\qb-inventory\html\images\note.png	9885	D7651DE10789332B42EAF0A53FDAEE1E1D3763DFFBD751A425C730F217554353
C:\script_ver\quarantine\under-review\qb-inventory\html\images\notebook.png	46125	5E4DB1A3E9F9AB66AB5E92F0FE11AAA7804D9BD733647B8EADFBF559EC98FFC4
C:\script_ver\quarantine\under-review\qb-inventory\html\images\np-mask.png	11626	7228F11D5F5E508BD7E3AD84AA2B4904D508A420084F828FAC68A9E636BCCD5B
C:\script_ver\quarantine\under-review\qb-inventory\html\images\np-petcollar-black.png	4466	B33DA000E64A87DFC40A5CD060764466C6E8B8C37CD775FAEE9E98F8C2CFBD7E
C:\script_ver\quarantine\under-review\qb-inventory\html\images\np-petcollar-green.png	6771	389A6E45F88FCDF7B368E166BE35766D0BBC66059FD12107DC25DBD1951FC959
C:\script_ver\quarantine\under-review\qb-inventory\html\images\np-petcollar-leather.png	6360	F00369FAD02337083B67860A8D1774BF9C2D4A97B1F1EBCF0484F5717BFD4556
C:\script_ver\quarantine\under-review\qb-inventory\html\images\np-petcollar-white.png	4767	766BA5100916AD52E39012C780F4381C0498174FEA51F3048B9FDC90920D5693
C:\script_ver\quarantine\under-review\qb-inventory\html\images\np-petcollar-yellow.png	6827	B8B008423DE910A2FD2EA65F1EFC710687C2133A5D1EC8835343A4EE72A91511
C:\script_ver\quarantine\under-review\qb-inventory\html\images\np-petcollar.png	6842	02424E764520C47BE77BB9A9CF7CBF91A8F81D8FD1664C86CC056266C2E20D50
C:\script_ver\quarantine\under-review\qb-inventory\html\images\nplate.png	24319	501FB51D39E133E299C93BDE39A9292479B9E692C59ED3A1C640C590BC643032
C:\script_ver\quarantine\under-review\qb-inventory\html\images\np_10ct-gold-chain.png	8653	1E7F5DF0082B227E89B0DD5605C6BBF445A7EE86843D3863D6E332CBACB9656B
C:\script_ver\quarantine\under-review\qb-inventory\html\images\np_11ct.png	8923	197FE3CA02BAFCA04E2EC582308508A341AD541F841B811401C2DA72C7874D14
C:\script_ver\quarantine\under-review\qb-inventory\html\images\np_223ammo.png	19204	E7624526458EB8ED782548F3FF3F00AD102566405DF2FCC95D372A753A31E90D
C:\script_ver\quarantine\under-review\qb-inventory\html\images\np_2ct-gold-chain.png	6125	519C1703FA4B495B60F7762A9F165DCB4450D35DBB2149015AA14711656967ED
C:\script_ver\quarantine\under-review\qb-inventory\html\images\np_420-bar.png	8613	4868A7654E8A37B3D7A0E835C02E733DB7F58F587BD992CEDC231CBC94D69958
C:\script_ver\quarantine\under-review\qb-inventory\html\images\np_5ct-gold-chain.png	8286	F71A0CE2489EA782F788A718E6A399E83C8C5A34CEA41EC042CC295E84A11784
C:\script_ver\quarantine\under-review\qb-inventory\html\images\np_69-brand-pack.png	8099	AA1FB4D297848FF6F664D80617370FEEA222F6B14F0D780E290B99AAD0BD121C
C:\script_ver\quarantine\under-review\qb-inventory\html\images\np_69-cigar-box.png	15750	8BEA784C59E34301CED26872930386ACA0789BE0F48C2458BD9143391A202CFC
C:\script_ver\quarantine\under-review\qb-inventory\html\images\np_762saltmaker.png	10913	D24445062580146395B4E8B2918C7B48DAF948AB55440D6143D8D2FDF53C81AE
C:\script_ver\quarantine\under-review\qb-inventory\html\images\np_8ct-gold-chain.png	7518	9327571E06FAA974537A09F56B812AB6A91E2A100D5E190D4E67183B97DACF83
C:\script_ver\quarantine\under-review\qb-inventory\html\images\np_absinthe.png	10858	A7215DEE14B24C2EE0BAC4D2461E954456F6EBB8ABE2AAE37BEE6D378E4E589D
C:\script_ver\quarantine\under-review\qb-inventory\html\images\np_ace-of-spades.png	5631	98BBBEC61DC1CF24E470E047516FAB91B346256E150EAA8E681B19B1CA07352E
C:\script_ver\quarantine\under-review\qb-inventory\html\images\np_action-figure.png	5467	C1A29CB49D3AC273C4AF440ED32CBDBEDD034F8461215179E7B309797575DFE1
C:\script_ver\quarantine\under-review\qb-inventory\html\images\np_adrenaline.png	10159	ABD738301D12DCE866D5F12E0D294E8394FA01C9D31239D987C43567F0E11815
C:\script_ver\quarantine\under-review\qb-inventory\html\images\np_advanced-lockpick.png	17930	CE5A9E713FC87D9FB47E6CE3228455F2F9B8F96D7AF6C9932191E8D14644C7B0
C:\script_ver\quarantine\under-review\qb-inventory\html\images\np_advanced-rifle.png	8443	A4BB132F04ABAD6EA1AEDC32B660DEAD2481FDDA8DCFF147357920D9F9EBF39B
C:\script_ver\quarantine\under-review\qb-inventory\html\images\np_airborne-wings.png	19387	38F9E89C676FA5EA3BF9F05AEED0A866A612CD88735887A544D7232859D42767
C:\script_ver\quarantine\under-review\qb-inventory\html\images\np_airsoftammo.png	18768	65E62E9C38DE9B1927E09CAF3E18716EF5A95B9242F67D722AE2BC84A28FAEB3
C:\script_ver\quarantine\under-review\qb-inventory\html\images\np_airsoftgun.png	20096	278CAE2FD7A99A7F644AC1EFA5E37C66A5C777A8B480193F759106C0D1C5DC2F
C:\script_ver\quarantine\under-review\qb-inventory\html\images\np_ak74.png	17344	267B4647B8955660D60C81AD9B6660E2723A8BDB92A79B67A500C73801C75BDF
C:\script_ver\quarantine\under-review\qb-inventory\html\images\np_aluminum-oxide.png	9568	16B3CC147BC15079C5E5D69DCB3076556BFEF717B6B8A3EB538AF7DFB2F12755
C:\script_ver\quarantine\under-review\qb-inventory\html\images\np_aluminum.png	9834	8D5154ABFD1C9B5AF82E5726B7321855AB19F3B98F8987B38EBD4DAC027EF380
C:\script_ver\quarantine\under-review\qb-inventory\html\images\np_american-gothic.png	15116	5AE088947017C4FFDB4DA702D2A961A5665F30AF402D902B5AC40A32017A3446
C:\script_ver\quarantine\under-review\qb-inventory\html\images\np_ammonium_bicarbonate.png	15222	7584CB31F8B2F0CDE8DE2DFFD382F7CD74CA12D880D8DDC3A73A724E7B2902FD
C:\script_ver\quarantine\under-review\qb-inventory\html\images\np_amulet.png	9973	C193D03799FB4CA7D5C263DB001A3899F568B39CD94263A160CB53A0E850C113
C:\script_ver\quarantine\under-review\qb-inventory\html\images\np_animalmeat.png	17121	C847110599C18027753BC3FE5E74B49FDBB60B7ED50BA022FB0AE4DBB9C4B639
C:\script_ver\quarantine\under-review\qb-inventory\html\images\np_anime-poster.png	17872	FB041EF9557FE874714E15535E83119C6DFB274938AE82F592A29080F28E154E
C:\script_ver\quarantine\under-review\qb-inventory\html\images\np_antlers.png	13312	29A93515BBD65DA066F43FD1725025D358F7B6209FF6D28A6D389EF671F14797
C:\script_ver\quarantine\under-review\qb-inventory\html\images\np_aod-cut.png	11874	1DEC8A84E30D63F496FD792DDC1086D8CCA433C7B92526AF854EA8DA4CA616A3
C:\script_ver\quarantine\under-review\qb-inventory\html\images\np_ap-pistol-clip.png	4225	1B784A5265DABD039ED1A7AC6B056E6BFF20CD14E5FB1A6B64CD943B2B46EC30
C:\script_ver\quarantine\under-review\qb-inventory\html\images\np_ap-pistol.png	7833	BBB2865D3D643A892EDB7D2BC9BD3CCD99D8D3E955279376FB638B4201F3CDDF
C:\script_ver\quarantine\under-review\qb-inventory\html\images\np_apple-iphone.png	6062	5D122173C404EEFBD67B14FE299E88BDAA3001049353C7CE04C980BDDD974C46
C:\script_ver\quarantine\under-review\qb-inventory\html\images\np_apple.png	9034	99546CF7D8399CA6D9C3B2BCCBF283E90ED6E12997B14770B60E2C6327C0DF42
C:\script_ver\quarantine\under-review\qb-inventory\html\images\np_arcadeticket.png	16971	2A5440A09D5872DCED533FE02322294276291956480EC61F2FA0B85A021FF8CA
C:\script_ver\quarantine\under-review\qb-inventory\html\images\np_arm-xray.png	4739	04D1DC04F3B0A1D93833299EF795AC60CCCA6D9694117534F88F1F33B4CD89D0
C:\script_ver\quarantine\under-review\qb-inventory\html\images\np_aspirin.png	4875	669A0B5C1EE1381D9D2EE009BD71FA97B3AB6A032B6EE81298340666988303D8
C:\script_ver\quarantine\under-review\qb-inventory\html\images\np_assault-rifle.png	12305	F77522C727CC2447758AB4836437F269E6E609340ADB907F9697207FF1E19ADC
C:\script_ver\quarantine\under-review\qb-inventory\html\images\np_assault-shotgun.png	8037	B229B46CCAE68108A98E05394A06E653E4F045E67B468145B1414B6BA3A74363
C:\script_ver\quarantine\under-review\qb-inventory\html\images\np_assault-smg.png	9680	9DE507568EECE6EEC39E15E1FE7D344004E0616964F6450D4F231708FFFC8EAE
C:\script_ver\quarantine\under-review\qb-inventory\html\images\np_atm_blackbox.png	17320	2AF78F6D0629D5FD814BC6E4EEF12254495FF1652C0DA770F0E5456962F6BB3B
C:\script_ver\quarantine\under-review\qb-inventory\html\images\np_awm.png	13490	897F755D7A66DBFA9F3114082049EAB3BB9F146DD529DBF6723D0386D4E18766
C:\script_ver\quarantine\under-review\qb-inventory\html\images\np_axle_parts_a.png	30744	DDC91A7B02810BBE0852C72454F2F5F258332FB4A6114B7442CDDA5A46C2E809
C:\script_ver\quarantine\under-review\qb-inventory\html\images\np_axle_parts_b.png	30324	B174B9C975C0D07ADDBBD933553B54EB183BE2C580BC7FBC87C076B3E59D587D
C:\script_ver\quarantine\under-review\qb-inventory\html\images\np_axle_parts_c.png	30519	E0FF50B9E0DDDAE11393228B2249DC96D15A35B50ADEF4EC0D4016F6DBEC11FD
C:\script_ver\quarantine\under-review\qb-inventory\html\images\np_axle_parts_d.png	30186	6C0BC7FA3A7E6D7B465B330D426ECCD25B5CA52A84944EB529521817EA29F4F2
C:\script_ver\quarantine\under-review\qb-inventory\html\images\np_axle_parts_m.png	29432	1E7A8C46897EA66D12E34611C8CDE70C8FCE10017DDC62BC193DEF45EC454136
C:\script_ver\quarantine\under-review\qb-inventory\html\images\np_axle_parts_s.png	31210	CDF953FEDFB6A91EBC95ECA5D02BC2FBD934C975E8420B9BF8A189F2B8AE6AAD
C:\script_ver\quarantine\under-review\qb-inventory\html\images\np_axle_parts_x.png	30852	808DC90930D952BACE0C57E9A7F8DA008D220244A42DFB907291215BA5F6D78B
C:\script_ver\quarantine\under-review\qb-inventory\html\images\np_aztecas-papers.png	15961	88C7499BDC75D7B41F550A86255F339B153E579DDC7BE28DD581A50EB954D235
C:\script_ver\quarantine\under-review\qb-inventory\html\images\np_baby_oil.png	13949	EBD5CC1A6A2E3176F1037DBA7E7917AEE9C755E43CAFBED194DA3F91A763C9C5
C:\script_ver\quarantine\under-review\qb-inventory\html\images\np_badlsdtab.png	9844	FD642AA8D92CFD5F9BBCD146C5B82C0C6AA7F8E1BAAC25885F44850434A17D5A
C:\script_ver\quarantine\under-review\qb-inventory\html\images\np_bagelcake.png	13785	955B4C04B4435BB8A9A4F2B8A23D59F6FDD7A338AA4C09A67600BB7F0EE0B6C2
C:\script_ver\quarantine\under-review\qb-inventory\html\images\np_bakingsoda.png	10988	4DCFB8A169FF7391918F1B26FA90FCDCBC1B0478704C0807536B2527878A9B6D
C:\script_ver\quarantine\under-review\qb-inventory\html\images\np_ballas-papers.png	16473	7BF1BCA55EBFE03638844C5129AEE81AF2182B74D5188BBACF20B67B26D120B7
C:\script_ver\quarantine\under-review\qb-inventory\html\images\np_balloon.png	31005	7D898695DC747E99FAB3BB36A4BD970DA89EB19798BB33451247EE4A3C00182A
C:\script_ver\quarantine\under-review\qb-inventory\html\images\np_banana.png	8691	71DFF8D2837265A5F21E16761BF3A93F083C9AEA760027B9924855C547200442
C:\script_ver\quarantine\under-review\qb-inventory\html\images\np_bandage.png	30955	DDFB12AEE05D2D86D7B9E2C928347A1BC6807053C5EABCCD924650756F242C8A
C:\script_ver\quarantine\under-review\qb-inventory\html\images\np_bankbox.png	6988	1009FC489AF0D050C0418336DB326AE4CBF2743B3AF5F6CA3A51B2BE39222995
C:\script_ver\quarantine\under-review\qb-inventory\html\images\np_bankboxkey.png	10223	89D16F30B552627F585CB56870148B245B47649AEF058DC906F7C7D12610FA5D
C:\script_ver\quarantine\under-review\qb-inventory\html\images\np_barrel-fuel.png	16463	D5644CD2BD7CDD76EBE7BDE2621C24BFE1517964E1EC3086B6F8E869BDAADB6B
C:\script_ver\quarantine\under-review\qb-inventory\html\images\np_baseball-bat.png	5797	DEB235034C8074C8DD86B63B910A820787D61ECED7A175A4FF1DB1CC0B380C0B
C:\script_ver\quarantine\under-review\qb-inventory\html\images\np_baseball.png	14619	E7379A0DFB2A53135AA090EA5EED2C33F3B66B019860F34955339842A7832F71
C:\script_ver\quarantine\under-review\qb-inventory\html\images\np_bash_necklace.png	13317	09DD70DE920302696164849FB54D489BFB9F823A978305DF9390B607DFF5B18B
C:\script_ver\quarantine\under-review\qb-inventory\html\images\np_basic_repair-kit.png	5307	9DF19E0F0AB1C8B8DE9F0B71128674D58C1B28D9E81CF2F571EE27C75E94CF94
C:\script_ver\quarantine\under-review\qb-inventory\html\images\np_battery.png	5130	F710A7D65E9C7EA910805FFF80F9B411A08EEA5269BE11BEC9AF168C6C2DD470
C:\script_ver\quarantine\under-review\qb-inventory\html\images\np_bazooka-suppressor.png	11782	D951C7CBA5AE92A1AC8521881059BD2A760CEDA64BECC3644D020BA8C48899D4
C:\script_ver\quarantine\under-review\qb-inventory\html\images\np_bclubtoken.png	18864	FAB0532AAA186A651880318B408DDC3C185F4B36E3FB6347E3934A2B0AB0FB90
C:\script_ver\quarantine\under-review\qb-inventory\html\images\np_beefdish.png	8812	0350677B48DF42BC9C216FDE4C53F9DFDF546356B8F6CE36EFAD72476B0B6913
C:\script_ver\quarantine\under-review\qb-inventory\html\images\np_beehive.png	37363	B729969F4028931FE0F6215428AA55915A50CE6E904C5A963F0035282CAC387A
C:\script_ver\quarantine\under-review\qb-inventory\html\images\np_beer.png	5061	A7E1BA242CE4763663C61D5B5164DABD9C4DC9A40D44D18C938E99B2667CC0FA
C:\script_ver\quarantine\under-review\qb-inventory\html\images\np_bees_wax.png	13897	056ABC191751A6F4D4DB51A2EF2D02B51B3E8FE031D69FDC3545CC558CA4A02C
C:\script_ver\quarantine\under-review\qb-inventory\html\images\np_bee_queen.png	11883	D91507065EAB9CACE71B6CF64A2F133802BBDFFF19017D0AF72C6267172591B2
C:\script_ver\quarantine\under-review\qb-inventory\html\images\np_benjiwatch.png	12319	3442EE6EBFC8232FF181E0022E363791F2E84ED7086920CC0A258FF13F02972A
C:\script_ver\quarantine\under-review\qb-inventory\html\images\np_bento_1.PNG	12543	D361DED19CD0CFC2B107EA5CB4B785ACDB49BB619FC6991B54F739F96F4D2D96
C:\script_ver\quarantine\under-review\qb-inventory\html\images\np_bento_2.PNG	12649	B79BAC8BDF5F8AAC53FE41A0372DEB929D59C7A41562FD022583650EFE0278A0
C:\script_ver\quarantine\under-review\qb-inventory\html\images\np_bento_3.PNG	12825	63582ABE959D28927D219F7EBCBDAA24D3516A6314AEC84E2D082D844BC89003
C:\script_ver\quarantine\under-review\qb-inventory\html\images\np_bento_4.png	12863	CE91B2DD1F1B4F57A498566C1EFC5F50F4CE7E54FC4FDDAF9F87FA94942A0FEC
C:\script_ver\quarantine\under-review\qb-inventory\html\images\np_bento_5.PNG	12821	6A70E7D74B47206F8B33FB38574904A18068D4CA3D191280F15C3E3533D84EDE
C:\script_ver\quarantine\under-review\qb-inventory\html\images\np_bento_6.PNG	12385	873789F3A1EAC19CDA5E1FA20B7A7B3A69AA7767810257921F7EC05E0D2C142C
C:\script_ver\quarantine\under-review\qb-inventory\html\images\np_bikearmor.png	17692	1818E7E3563C9841F8D05670B6238B45DD237F551E04117AF109DE175B4502AF
C:\script_ver\quarantine\under-review\qb-inventory\html\images\np_binoculars.png	8505	5C94DD931803437A15E1D50A4B3E65353DA254085EEAD4E0DC4297D30BF95D01
C:\script_ver\quarantine\under-review\qb-inventory\html\images\np_black-belt.png	6969	0578B85BC2515241EBA986796048920B43A47EE8BD8B0E0B64CEB083690341C2
C:\script_ver\quarantine\under-review\qb-inventory\html\images\np_black-chip.png	8259	43992445A1DE41B6C1BC70D6E0301D4C2907CC292083CA2D8921B7E7D474E7F1
C:\script_ver\quarantine\under-review\qb-inventory\html\images\np_blindfold.png	10752	37308EAF65531FC18A86F620B62F380B0F62715B138DA781ED716A934C9617BD
C:\script_ver\quarantine\under-review\qb-inventory\html\images\np_blood-bag.png	10937	77A9C01633E63F662B948DD0B4595A59C46AB580A0797B4DCB33DE84E2CBFB05
C:\script_ver\quarantine\under-review\qb-inventory\html\images\np_blood-tube.png	5084	8C7927CAFEB05A5A639BA75106F067A8AC531805B568B540899A3C8AD2CF0338
C:\script_ver\quarantine\under-review\qb-inventory\html\images\np_bloody-mary.png	8325	7FDBA2604A57F079958CE8E5F79429F5489E1BEB81F080F4CF1E1435B1601E9F
C:\script_ver\quarantine\under-review\qb-inventory\html\images\np_blue-bandana.png	6688	40F3E5B8264BFC8CC466FD7A97208476A80ECF5FAE253A40CA159D4361F82290
C:\script_ver\quarantine\under-review\qb-inventory\html\images\np_blue-belt.png	16739	6C45E9338E4A348CE845F3BEAB877C6BEBDE3776FB27E5629966E575C8C42B93
C:\script_ver\quarantine\under-review\qb-inventory\html\images\np_blue-chip.png	8607	83EBB6AA2C96E7B31987F46C910A27012CC26E4D0EB77B343DDC2D2B0F62FC59
C:\script_ver\quarantine\under-review\qb-inventory\html\images\np_blue-diamond.png	6289	4D7215514D04E9AE0C9B30370F8ADE6E8B135836B1A6E71F98378DB3C66B2FFC
C:\script_ver\quarantine\under-review\qb-inventory\html\images\np_blueprint.png	11679	E9EE49F2B0903684781048D61868FB803685AC7D8380800E00FDDC0C052133CA
C:\script_ver\quarantine\under-review\qb-inventory\html\images\np_bob-ross-photo.png	9526	B2E6FA0452DEF097C6FF84BDD197A8F26489EEB05A47DEF7627E3E1228090437
C:\script_ver\quarantine\under-review\qb-inventory\html\images\np_bobmulet_chapstick.png	11568	EC47BD11FB7FD6998087F50CEDA4FCF69C163D35D4282CC623974EC23EB22394
C:\script_ver\quarantine\under-review\qb-inventory\html\images\np_bobmulet_cocoabutter.png	13781	B7CB565176E15487F5E304EE914DCCF6AEC1CD504D08C7D5D32D3A6223CE491F
C:\script_ver\quarantine\under-review\qb-inventory\html\images\np_bobmulet_hairspray.png	6001	80D0F9063BE8FB81DA3C64658A2ED6FC6CDDD930C35544371FE6ABE52EA023C5
C:\script_ver\quarantine\under-review\qb-inventory\html\images\np_bobmulet_scrunchie.png	15682	A3E13B58701441AFCCE81D101BB4DDAA558911610D21AE2E99C166ABA6E1DE51
C:\script_ver\quarantine\under-review\qb-inventory\html\images\np_bobmulet_soap.png	15578	23F0A308D8DF3117A19D61822668067B8510472F176B20372622907B32E1CEF1
C:\script_ver\quarantine\under-review\qb-inventory\html\images\np_bodybag.png	14789	59ADB29287A941E47C5FD053382D6FB9A046AD2023195F3BAFDBA83F80311B99
C:\script_ver\quarantine\under-review\qb-inventory\html\images\np_bodygarbagebag.png	17071	28717F0A577EFF3789470277B02A8B349D0F0821F24D845475616FE38F035A53
C:\script_ver\quarantine\under-review\qb-inventory\html\images\np_body_panels_a.png	21278	FF2050CFF9FBD5392C5063F2CE65AE25373CEA825278FC004C664932F5460C25
C:\script_ver\quarantine\under-review\qb-inventory\html\images\np_body_panels_b.png	20810	68D34425B7B4B6AB7703790B1D3B81F62376E3DAA30D7134FF9660EE5827F02E
C:\script_ver\quarantine\under-review\qb-inventory\html\images\np_body_panels_c.png	21103	4F20D258AAC493B2A6D34AE51624E2AE5CA8D33F71B039313479A5EC7BFD6DEC
C:\script_ver\quarantine\under-review\qb-inventory\html\images\np_body_panels_d.png	20712	5AAE220E3E1B258741114001728E183AF480993905CA4FD6C4624B759B8BCDA8
C:\script_ver\quarantine\under-review\qb-inventory\html\images\np_body_panels_m.png	20130	EB0032DF77980A09EE5E1D96A6F378D3B10239C203843EFF9F3E963CB944EF71
C:\script_ver\quarantine\under-review\qb-inventory\html\images\np_body_panels_s.png	23324	48E07EF2D02C2459A7137ACD0014FDB9066EC45B5B941FE33397C780F6DB7C62
C:\script_ver\quarantine\under-review\qb-inventory\html\images\np_body_panels_x.png	21255	45E833653D3935647317FF794E85ECBB7DDD258339AC0DDDD0A41DEEC21CFAF1
C:\script_ver\quarantine\under-review\qb-inventory\html\images\np_body_repair_kit.png	16810	89876CF7B42C0C5E4022EBEB585B1EDC675836B245E769E7BE3EBDEBC09EE2B0
C:\script_ver\quarantine\under-review\qb-inventory\html\images\np_boggs_protein_bar.png	19116	54AB07F994E4C17AFD3B4066B77D74063D44219681224FE201758F7E44D01BDF
C:\script_ver\quarantine\under-review\qb-inventory\html\images\np_bombmirror.png	9160	03645DA5D9A9C6574B3E0E534342FD74663134B2F795D35E4ABA03950D9CA4DD
C:\script_ver\quarantine\under-review\qb-inventory\html\images\np_bondi-cut.png	14831	015EEFC7986FC439CD35B663D1C7F65342E4DC3CC47D8FBB95260E08644F1939
C:\script_ver\quarantine\under-review\qb-inventory\html\images\np_bonsai-tree.png	10944	93735DDDEAF4B4787239D08670486F02750113995ABB5B49F1F18ACD94AE3E9F
C:\script_ver\quarantine\under-review\qb-inventory\html\images\np_book_w.png	14764	03E81CBC1EF11C76B06D39042505D5A144CC56A9475024A0FB3D74F3FB3D8FCF
C:\script_ver\quarantine\under-review\qb-inventory\html\images\np_boombox.png	25560	F030B14DC49A86158AE5B6195B53B7D47E4677DBB7D7F67ED0F29DC5997DEE25
C:\script_ver\quarantine\under-review\qb-inventory\html\images\np_boomerphone.png	5788	01D6DAE12E747A73B3FA70E4C51838A043C8B345FC83886586295139BF404CE1
C:\script_ver\quarantine\under-review\qb-inventory\html\images\np_bowling_ball.png	11084	C281138CE378940AE0A0814CF58DCFDBE6123482A85B9E0ACDC6A94E2978374A
C:\script_ver\quarantine\under-review\qb-inventory\html\images\np_box-of-weed-12-18-oz.png	9166	F4B120CDC012B7359111B3579E202CB602EF145BA509268B01DA628A1F4E1A44
C:\script_ver\quarantine\under-review\qb-inventory\html\images\np_boxing_gloves.png	13907	F1AE9BD87FFB05BD207F40D07E15419B29C9C7C4EFB0F2B04A7D0D2729DA7B58
C:\script_ver\quarantine\under-review\qb-inventory\html\images\np_braab-tshirt.png	7676	1D667C0A8DC2DE49A81CA9480BFE43E04797C65449ED3FF7C9E2851B079212F9
C:\script_ver\quarantine\under-review\qb-inventory\html\images\np_brain-mri.png	8801	AF2A41C418EEE5F0EF5E9C3831CEDC6912DA51C5F990EC7B3BD9193946E696D6
C:\script_ver\quarantine\under-review\qb-inventory\html\images\np_brake_parts_a.png	40916	C2A7F3EB961FC18F214991943A5D9E306B9D8317F62BE88E0F3F7B96A1FB66A3
C:\script_ver\quarantine\under-review\qb-inventory\html\images\np_brake_parts_b.png	40601	076ECB8E2ABCC58A33A8CB1F89F631613700CBB2DC3C6FFE74C313BD71CE698B
C:\script_ver\quarantine\under-review\qb-inventory\html\images\np_brake_parts_c.png	40735	6AF9DD5C6D2289A7D73EF403CB10D9F006E3084EE51A2772368A79F60785BA33
C:\script_ver\quarantine\under-review\qb-inventory\html\images\np_brake_parts_d.png	40521	A7AAE4DEB160C2C14D5552C9E638EF0BB97F9DEA5B9C22B3CE77ADCBF602C1AA
C:\script_ver\quarantine\under-review\qb-inventory\html\images\np_brake_parts_m.png	39977	F72F883A1E2A1DE9E2CD5C8FD0A2201B80894AD60911A133F50981A427E4067E
C:\script_ver\quarantine\under-review\qb-inventory\html\images\np_brake_parts_s.png	42193	382B2F2C7F1953F3E51B66FF8341121EE2BC42C582DE3FF4F536897B57598BAE
C:\script_ver\quarantine\under-review\qb-inventory\html\images\np_brake_parts_x.png	40918	54BB0742C650337B1BEB489F909F964C0A5224E4EFDED1B868A29229C85F12DE
C:\script_ver\quarantine\under-review\qb-inventory\html\images\np_breadboard.png	9885	D7651DE10789332B42EAF0A53FDAEE1E1D3763DFFBD751A425C730F217554353
C:\script_ver\quarantine\under-review\qb-inventory\html\images\np_breakfast-sandwich.png	9709	4D29FE42803B1640304103BAC577117A23CCFA95909C3A04B740AACBF74DD52F
C:\script_ver\quarantine\under-review\qb-inventory\html\images\np_brick.png	15982	9C997F4FA774595D5F8BDD6EB4B294F47ED9E388F588D33A9CB8223CA2D7C6A2
C:\script_ver\quarantine\under-review\qb-inventory\html\images\np_browning.png	21008	7FDEDBCA7FC681B448A63CE73D7BF500E4D92B6A961E304809610114AF81033A
C:\script_ver\quarantine\under-review\qb-inventory\html\images\np_bscoffee.png	5963	DCA7461EBC90BC192FDED1658769C296A7056462CFD68B0B3F5295D593C1D378
C:\script_ver\quarantine\under-review\qb-inventory\html\images\np_bubblelasagna.png	14791	3E71D5B7C66A012A339568BAA1386178F2AD614CB820E9C68C255CFEAD0B78BB
C:\script_ver\quarantine\under-review\qb-inventory\html\images\np_bucket.png	5673	D6420302827DFC3DA4FECB33AB723F4A5AD45A0E649D8C415D95DA63CEA8FB68
C:\script_ver\quarantine\under-review\qb-inventory\html\images\np_buddha_blade.png	16753	1609F2AD06C65C59DE41208237C3E97D8CC7BD7FE6812EE29CBE6483E3F4987F
C:\script_ver\quarantine\under-review\qb-inventory\html\images\np_buddha_guard.png	12765	56C012E2A0757CF045805E4707E2455CCFC94AFB68C31D7B494C06638956366A
C:\script_ver\quarantine\under-review\qb-inventory\html\images\np_buddha_hilt.png	15108	C97DAAAE3BFBEFD6F5446FA8455713260C2C383DF081E75539B4CE190F714D0C
C:\script_ver\quarantine\under-review\qb-inventory\html\images\np_buddha_letter.png	30144	122CDEF6060F23F5BE88B1F980BDCAD5C4E3404D70A85FD624DB0B29AD05FA68
C:\script_ver\quarantine\under-review\qb-inventory\html\images\np_buddha_maps.png	44900	FB2F41A83E40980AE3A977D1FAE9FB27F5E76E1D560BA98D3EA5452F79656247
C:\script_ver\quarantine\under-review\qb-inventory\html\images\np_buddha_medalion.png	23519	4F38246E6B6E85E89F714A3FD6E46A9D1015CDEFD76785660F5F54D16301F8F2
C:\script_ver\quarantine\under-review\qb-inventory\html\images\np_bullpup-rifle.png	8965	E482CD23B90E694BBF4E8A5ABE811C9515580705B3BC3E4CE8EBBEE793CCAF96
C:\script_ver\quarantine\under-review\qb-inventory\html\images\np_bullpup-shotgun.png	8556	6A45930F9434992614191E3D1561ABD783A4B0808896AACE29D1208BD3BC5F7E
C:\script_ver\quarantine\under-review\qb-inventory\html\images\np_burgershot_bag.png	12218	EE30A35F4242C58387ACDF54D46A93B372AC525890E4F834143FE52A15A6013E
C:\script_ver\quarantine\under-review\qb-inventory\html\images\np_burial-mask.png	12908	C6E34DFEB8660EDA91260BB069FAC395062A6AC8FEC332643398F7CD3DA2CFC1
C:\script_ver\quarantine\under-review\qb-inventory\html\images\np_burrito.png	8212	D3CD410D6F902B24858C266C3862DE5F518CF40588D919C74E0931F3798207C3
C:\script_ver\quarantine\under-review\qb-inventory\html\images\np_c4.png	21188	50417C8AA64F6AE9817EFB307FC35F273E3B3B4B9A4460EF24A1248DFED9AE20
C:\script_ver\quarantine\under-review\qb-inventory\html\images\np_cactus.png	8224	F2C2BF06E0B2F97C0415FE233F3F1545A969860705D81031F5B17EE9023251DA
C:\script_ver\quarantine\under-review\qb-inventory\html\images\np_camera.png	8607	C57FB179836DDC554B281C75D2A8089BF615A253C01948850D10D3105398DF91
C:\script_ver\quarantine\under-review\qb-inventory\html\images\np_camille.png	15656	9CCA6BC9EB0204868B22F5B5FB718CB21806A172D15E55D7A8AFDF4F0AD7F679
C:\script_ver\quarantine\under-review\qb-inventory\html\images\np_cannabis-absinthe.png	6429	39E7452CE091C123EF7FD368A62FE4E99D0731F9AF175CBD48C0589A4677762B
C:\script_ver\quarantine\under-review\qb-inventory\html\images\np_cannabis-brownie.png	9403	A26F715FA77C4F2E447883633DBEDABD45D0EA4BC154578C0EC4D676A4E139F2
C:\script_ver\quarantine\under-review\qb-inventory\html\images\np_cannabis-gummies.png	9438	8F1BD727C4E0DA6F71E67EE494E6191A9EE4DA403008CCF84E6E0DDBBEBAEDBE
C:\script_ver\quarantine\under-review\qb-inventory\html\images\np_cannabis-lotion.png	6510	763FFED407A77B8E79239FEC2E026FCCC6CACDA50248A740A3770EF6C157B6F2
C:\script_ver\quarantine\under-review\qb-inventory\html\images\np_car-battery.png	9346	F77B0289DBA4A090CB9DCAB38B58C5C5112AC6F10F03555FEA0B9C1EBFD0E49C
C:\script_ver\quarantine\under-review\qb-inventory\html\images\np_car-hood.png	10973	6638197B53665F5DEB346FDBE73EAE40260C1E778A33E538318E356A1267644D
C:\script_ver\quarantine\under-review\qb-inventory\html\images\np_carbine-rifle.png	7759	D90D377FDE5C7204EAB687B3DEC1262D278E58B1C6310C9C3E481FD745243EEE
C:\script_ver\quarantine\under-review\qb-inventory\html\images\np_carbomb.png	21710	59F2DC34E26844760366B14AC20878C6181C1884D189E1ACA23A77E6137021CC
C:\script_ver\quarantine\under-review\qb-inventory\html\images\np_carpolish_high.png	13524	5AC5E99FC604045052ACAD32619071D7E5069E58CF4746293BD4796513C60C6D
C:\script_ver\quarantine\under-review\qb-inventory\html\images\np_carpolish_low.png	15968	9E02AC66627C301ECEE0C96D3229E65AF805DC8E8ECFE0A1C2FE0141E9EBD71B
C:\script_ver\quarantine\under-review\qb-inventory\html\images\np_carpolish_medium.png	13620	5CE7E0B9F5E662497649D7B3BE75A3BBC943707F221D8ADF9ED7C3622DEA1DF5
C:\script_ver\quarantine\under-review\qb-inventory\html\images\np_cash-roll.png	7307	C1EC9885ED999E27CE4EAB00342AE8441893F289D550E9145413ADC7386A2D8C
C:\script_ver\quarantine\under-review\qb-inventory\html\images\np_cash-stack.png	7074	B175AABA49DE8169B593C1434354A502AF129D3110C4ED9B707BE555427364C5
C:\script_ver\quarantine\under-review\qb-inventory\html\images\np_cash.png	13347	0A9410A06CA12346CEB444EC3E620BB2D910EF4C74041E0075BE108D9206FC6F
C:\script_ver\quarantine\under-review\qb-inventory\html\images\np_cash_register.png	13299	4194796CD491C2E5E096361E209AE4DFB4A3725FD298A11B14AB9A5F2A3533E6
C:\script_ver\quarantine\under-review\qb-inventory\html\images\np_casinogoldcoin.png	12596	4B1A516BAB048D7EEA11785E2AA5C08EA871639E0536458304FCC7AD14F77723
C:\script_ver\quarantine\under-review\qb-inventory\html\images\np_casino_high_roller.png	31648	F5336F08D743326C96A4BCC853BFB8E697AF2049A1CD12124705122C1B5167FD
C:\script_ver\quarantine\under-review\qb-inventory\html\images\np_casino_member.png	27261	11302CE6232B3F4724706F548B825971B014C32434E069C0133FE69AA2B0A5F5
C:\script_ver\quarantine\under-review\qb-inventory\html\images\np_casino_panther.png	10571	9FF17801F868B2B4ECC1F4A35E824FB95D27308828ACEDFA4CD65EB6BC138D25
C:\script_ver\quarantine\under-review\qb-inventory\html\images\np_casino_soap.png	21899	87C9833E0A57C0A5B2AAABC2BB4766FCE94049CF24531908985E9496E2B744A2
C:\script_ver\quarantine\under-review\qb-inventory\html\images\np_casio-watch.png	5903	BC33799505BD9F5B9B20345D54DF2FE86F030233B617BC54E76F5040EFE96466
C:\script_ver\quarantine\under-review\qb-inventory\html\images\np_cassette.png	13319	D6F3E28FF218267C794F879FD1790630E489D3EC6EFD518BAD758FFD9C3FCCA1
C:\script_ver\quarantine\under-review\qb-inventory\html\images\np_cerberus_chain.png	6438	76F332D1C2F10D5AF6B808E9BF6A81DFC40BF8F9867CCD551D7E80372EC0B71A
C:\script_ver\quarantine\under-review\qb-inventory\html\images\np_certificate.png	11851	5F35638BDF41937E915CB61A2861A112494AA9801FE7016CA4272B63478B17E4
C:\script_ver\quarantine\under-review\qb-inventory\html\images\np_cg-papers.png	17104	ADC7FF915F972AF479D53E31CC2306C1A5A22AA3F99B6E51042C9F2B96B962C9
C:\script_ver\quarantine\under-review\qb-inventory\html\images\np_cg_chain.png	17170	F5A689C6535B8B5668E25B0FDC5F8A2B2108667D8E9063EAB244A31B938C842A
C:\script_ver\quarantine\under-review\qb-inventory\html\images\np_cg_olympics_bronze.png	15243	98FCF964218EE7EB5FB6622B032B86E498F7C6363FEDCBA5A76DFB39E0D3802F
C:\script_ver\quarantine\under-review\qb-inventory\html\images\np_cg_olympics_gold.png	15413	CCF15B466A653AAAD1E66C97CF85A4A695C76DBB24E5066A46D440E9C0543AD1
C:\script_ver\quarantine\under-review\qb-inventory\html\images\np_cg_olympics_logo.png	5679	F42E4DD0343F9961978669C677BAE05A9B51E204182797C21F43E58B91C314EA
C:\script_ver\quarantine\under-review\qb-inventory\html\images\np_cg_olympics_silver.png	16107	18D2C9E7BA3D705B1A2A254835ED7AF2B8315D166FCFC206635440C243C6DF67
C:\script_ver\quarantine\under-review\qb-inventory\html\images\np_chain_dusters.png	19012	AA785B582A2C21A2F0DAD7AE117A37E022830841D9CE0070B5194B5FA5DBAA0A
C:\script_ver\quarantine\under-review\qb-inventory\html\images\np_champagne-glass.png	3747	9B651A542E236318250EF54895093374C090FEBEA355468BADF42F7B11A07D1A
C:\script_ver\quarantine\under-review\qb-inventory\html\images\np_champagne.png	6393	644F496858D1940D9BC52A2ACDC7D25DF5D622515D7A9459831619317EF0EB98
C:\script_ver\quarantine\under-review\qb-inventory\html\images\np_champion-belt.png	11620	7AFCE3108657A235C96A9045A2854121ADE50BA4C36CC186D578E335C8C5B98D
C:\script_ver\quarantine\under-review\qb-inventory\html\images\np_cherry.png	7473	B00C9CA0D81D93EF1B509054A762C43C67D6E5466351DFC7B9EAEAD7A9E59BB1
C:\script_ver\quarantine\under-review\qb-inventory\html\images\np_chest-armor.png	6632	B629EEC8817E3491B88F6F72F7BB1845BB3A842E7907E2557A27C3184D8EF2D8
C:\script_ver\quarantine\under-review\qb-inventory\html\images\np_chest-xray.png	7945	5BAE261925C9A997757610E54E33994D5460E33CDF1DBCF9473A70D9E9EAE83B
C:\script_ver\quarantine\under-review\qb-inventory\html\images\np_chicken-bucket.png	10708	47FFD028EC5F78148933870B1130FCB0D6D1E0966EC95E6156A0F18248C0152D
C:\script_ver\quarantine\under-review\qb-inventory\html\images\np_childrens-book.png	12096	C285E4ED57AB16C92C28CB514AA1DE4B8604F28B169EB0F2A66419005D51F8F4
C:\script_ver\quarantine\under-review\qb-inventory\html\images\np_chips.png	7205	DC6F710A1823E66C326B4AF4CE5E14544785A163B0992FFE0AA3DA61B2DD581A
C:\script_ver\quarantine\under-review\qb-inventory\html\images\np_chisel.png	3121	B6AD655FF79ED20195722874A0C57B85E38E12C32FE5827E287963DCFEA7905E
C:\script_ver\quarantine\under-review\qb-inventory\html\images\np_chloroform.png	6464	8CBA2CAFD3551C08F65477EA2F127A3A5D0E70584F84F5E388663F6231DD6ACB
C:\script_ver\quarantine\under-review\qb-inventory\html\images\np_chocolate-bar.png	8676	98FBD7ADAF77150E79BB7962E730DC571BC932E3F5ECF51A78155ACA022B9612
C:\script_ver\quarantine\under-review\qb-inventory\html\images\np_chop-suey.png	16722	AD6E3F2DF8658E0B4BCD0358DEE0171EBDC9ED01096EC4BB27205E0822055810
C:\script_ver\quarantine\under-review\qb-inventory\html\images\np_christmas_coal.png	16242	DEFA2C4F5FED98CA5EBFBCC0B233E687876F5385FEFC30D4E796DD062A3ABCE6
C:\script_ver\quarantine\under-review\qb-inventory\html\images\np_christmas_present.png	15497	D6843A31B181BDA4431273643B2574A0CE5A47C9FE938A00F97D6D12C75B3977
C:\script_ver\quarantine\under-review\qb-inventory\html\images\np_churro.png	15448	267594320E5BA0C78A1F94D266DD75C34AEC6A4292CAAB5CEBEA948FC355FEDB
C:\script_ver\quarantine\under-review\qb-inventory\html\images\np_cigar.png	6103	B8ABA59F1FCC0612123F796D1054865759D308518D82CFD91B6D8B31704B2CAA
C:\script_ver\quarantine\under-review\qb-inventory\html\images\np_cigarette.png	3654	EA02DB3107113617DB123C8FBCAE9CB71BEF54698F897542282C3B472DD4F022
C:\script_ver\quarantine\under-review\qb-inventory\html\images\np_ciggypack.png	24581	50F4604DD97B99420FD65AD1A78F2F347F8272DEED97BF06C07BBAC3FA662D4B
C:\script_ver\quarantine\under-review\qb-inventory\html\images\np_citizen-card.png	5545	8512905570B47B5687FE385760699D4D386784327B28FFE832FB29D9AAECCDB4
C:\script_ver\quarantine\under-review\qb-inventory\html\images\np_citricacid.png	17970	829673027C422A66BAB0C561EC702248DC788C7C09014ECFF9C73D832AB8D8EE
C:\script_ver\quarantine\under-review\qb-inventory\html\images\np_civ-trophy.png	7164	A9325F0B001774F0075C584988814091A2A262AB927A26EAD1A03B92E523C790
C:\script_ver\quarantine\under-review\qb-inventory\html\images\np_cleaning-goods.png	9176	0D36E4062C36959F737091DC224D7F53B89EF9DE18D73D20345D5D57BC91F06D
C:\script_ver\quarantine\under-review\qb-inventory\html\images\np_cleaningproduct.png	7021	9EA652992B74DA12CC3D0936E73ED02BED5DC0DA28A46600908E7B51728906CA
C:\script_ver\quarantine\under-review\qb-inventory\html\images\np_cleaningproduct2.png	6363	DF91737814133ECA0E7B401A6D454BDA8ED7693D0A495204CD63A488388B38A1
C:\script_ver\quarantine\under-review\qb-inventory\html\images\np_cloak.png	12226	6FE270D0A8C52367EA5D33098EC536CE457FE353C8F4CD750FB050F2E7A5AB1C
C:\script_ver\quarantine\under-review\qb-inventory\html\images\np_clover.png	5134	4B0BAA6C0F8CA4E946B473125ACCFB5C517369BB94F0911C99D0ABE40D512CE9
C:\script_ver\quarantine\under-review\qb-inventory\html\images\np_cluckin-balls.png	7362	EC27B3402650C7521C27D206703839BCEA67C187338F1A41DBAE8935723DC6AB
C:\script_ver\quarantine\under-review\qb-inventory\html\images\np_cluckin-drink.png	5902	625937FDFD994B6507646882CF8240C2F072ED476468C7B47A5B73DA42A425A5
C:\script_ver\quarantine\under-review\qb-inventory\html\images\np_cluckin-fries.png	7711	ADABDDD2D8ECF31842946345C4259AF569E8A36C45158964002923063122FBE8
C:\script_ver\quarantine\under-review\qb-inventory\html\images\np_cluckin-rings.png	8649	67E9CF03EDA486CF895C60228971DC230342006F76D8177776A001889712BFA8
C:\script_ver\quarantine\under-review\qb-inventory\html\images\np_clutch.png	13894	6BBAF22247FE167D938C76379342505DB1F0214B34FD836013CBC00B5FA0499F
C:\script_ver\quarantine\under-review\qb-inventory\html\images\np_clutch_parts_a.png	35182	E994F74DF9DE19885AA092364DEB1490822B56735BA13C940151343BFB9D4524
C:\script_ver\quarantine\under-review\qb-inventory\html\images\np_clutch_parts_b.png	34538	A4A38A2EE7E731B4F3F5F8D0C6CB50803D4D8D537D722814AD94A4C186EFF0DA
C:\script_ver\quarantine\under-review\qb-inventory\html\images\np_clutch_parts_c.png	34888	0EF3435839B8D22D7656518AE68CD5E195DC3ED29DB5CBAA5F1E33523945D804
C:\script_ver\quarantine\under-review\qb-inventory\html\images\np_clutch_parts_d.png	34295	77DAC13247C5282613509D6D85C65FB61D0DC3199D2808308C05A4B265CF9E27
C:\script_ver\quarantine\under-review\qb-inventory\html\images\np_clutch_parts_m.png	33821	AE2C5C3388AEFCD33034AD4BBDCA1A57E1631514E539603DA3E6383F5A10ECE3
C:\script_ver\quarantine\under-review\qb-inventory\html\images\np_clutch_parts_s.png	34048	48B942B960296E6C8052BF82277CB9C5A7706132D2FEDCE650FBF8BC74D6767F
C:\script_ver\quarantine\under-review\qb-inventory\html\images\np_clutch_parts_x.png	35120	85F4DD76ADF0A5FC3BB7AEC2F36B239C9D43B498C37D72D72A7E12A33F896B71
C:\script_ver\quarantine\under-review\qb-inventory\html\images\np_cmp-launcher.png	8233	E7EE4BB1B0ED6E93BD184EE625A2BE6E248F5EE2D8B5D69189BD5F0F311A7080
C:\script_ver\quarantine\under-review\qb-inventory\html\images\np_cmp-rifle.png	8293	C040067FCEE70B177153FB9EF37FB1341DF9384BD5BED064A7B0E9E7AB311BAB
C:\script_ver\quarantine\under-review\qb-inventory\html\images\np_coal.png	8231	93CEFC5AB6F7746F4F3C177C1A3DAD00EB13AEF2D42FDE966F3DB303EC09DB2D
C:\script_ver\quarantine\under-review\qb-inventory\html\images\np_cocaine-baggy.png	5035	0D08C0622A72BE56A0B2D03B5BC43196F791F24AB55557F4BAE2F2F6C74C35DB
C:\script_ver\quarantine\under-review\qb-inventory\html\images\np_cocaine-brick.png	11685	F1CDAE7A4DD7109E19E282A228BA81A4C0D09D054B06896CADFFE661F66EA68F
C:\script_ver\quarantine\under-review\qb-inventory\html\images\np_coconut.png	11144	219936511264548DAD6455D94E210F3ADE5FBD290131D79476C0DE1E39654826
C:\script_ver\quarantine\under-review\qb-inventory\html\images\np_coffee.png	21648	0425A8EB48B8683ACBB887134DEB76B6E0FEC0111EB7E42431F7C0D96285795D
C:\script_ver\quarantine\under-review\qb-inventory\html\images\np_coke.png	5391	DAD68349DFCD4337AB2385FE18A026A6A97EB3113AD87AD007662CC187759EBA
C:\script_ver\quarantine\under-review\qb-inventory\html\images\np_cokeline.png	9024	9E3DB4A8039ED16374011EB9EB9564AE39C81E0F42E543219902C07C1EE26C93
C:\script_ver\quarantine\under-review\qb-inventory\html\images\np_collectible_pouch.png	7168	A8AE7437222F9DEABFD1527A3C0618B3D2A41B870E23C8909C81EB2EA013E028
C:\script_ver\quarantine\under-review\qb-inventory\html\images\np_colt.png	18770	AB5E19E904F4EA8354B7707685B7DD0E414C0F49550B66B5E75317D7530F19CA
C:\script_ver\quarantine\under-review\qb-inventory\html\images\np_combat-mg.png	8333	E48868AC4811F0109AA451317344CE8BBAAE9749A4BD2A0BB875BA3CE844576F
C:\script_ver\quarantine\under-review\qb-inventory\html\images\np_combat-pdw.png	9605	25CB6142DCC1B25DADBEE4BE935030C4D2D654D9BECC2003156100591CE9E877
C:\script_ver\quarantine\under-review\qb-inventory\html\images\np_combat-pistol.png	7679	C2D74FB83DC2FFC7A8E9E2997C9E8A4AC2D07382F1F84C49CDA68466AD89E598
C:\script_ver\quarantine\under-review\qb-inventory\html\images\np_composition.png	8312	BD82759E401A94DF91F1792E8713B29DB153EAC208BEDEE9D3ED54770A710787
C:\script_ver\quarantine\under-review\qb-inventory\html\images\np_container_l.png	17388	3044CF0C39E422D30AC96321BF18B2E61FE077A2B1272DD970B03A9A5D133075
C:\script_ver\quarantine\under-review\qb-inventory\html\images\np_container_m.png	20252	8D99260051D7D34CE55595C4D6B31AC423252A09C668BD11A497187A102C3EFF
C:\script_ver\quarantine\under-review\qb-inventory\html\images\np_container_s.png	23404	446271F6001AF4BB12672F2B9F325DD3F385C8679C9D1D4C627AB1EC3D628CEF
C:\script_ver\quarantine\under-review\qb-inventory\html\images\np_cookie.png	9231	034BF6DA6BF582C68CD9ED75FAD3E6F50264663D551B809C3040C6F119F6186F
C:\script_ver\quarantine\under-review\qb-inventory\html\images\np_cooking-trophy.png	5913	40531FCA445C3060F64DC5CD1548AE3DC3E381AB77B4C342F4184B866C30CCDC
C:\script_ver\quarantine\under-review\qb-inventory\html\images\np_cooling_parts_a.png	34257	B3323A5784E6BCCC7EA4A27F7C97EDFD1DF75FEA61CF01D8EBF2520579353014
C:\script_ver\quarantine\under-review\qb-inventory\html\images\np_cooling_parts_b.png	33690	33D975D9CEEFC97E9EC2FF4B1733CE5870F934DF106F060BA45964E996F76EDB
C:\script_ver\quarantine\under-review\qb-inventory\html\images\np_cooling_parts_c.png	34297	44E929D0DFF2B9040D3D2D460F72EBE7012D1BDD0D22AD34AE70542F1110DE28
C:\script_ver\quarantine\under-review\qb-inventory\html\images\np_cooling_parts_d.png	33571	A0F01ECF8300E38D84014FBC2580E960139F627015525171FE9307145E523713
C:\script_ver\quarantine\under-review\qb-inventory\html\images\np_cooling_parts_m.png	33108	9AE59912FFE86B88615642BE3FCADFB12DE26AC2416E57F30AB30130FA09362B
C:\script_ver\quarantine\under-review\qb-inventory\html\images\np_cooling_parts_s.png	33368	568804EAD3BA9E21B683ADE741037806E53F7C01FDEBF4855BDC4BAA0C412F96
C:\script_ver\quarantine\under-review\qb-inventory\html\images\np_cooling_parts_x.png	34374	2CE5691385A06C043A10BDB77B97F126D6D75304AEF4C7D4EC6F3E4D4B6CEE69
C:\script_ver\quarantine\under-review\qb-inventory\html\images\np_copium.png	17424	3A2BE847504BA797BCC8B888443AC7BC0F16549BF2199BEDF4A1D8CA15918A38
C:\script_ver\quarantine\under-review\qb-inventory\html\images\np_copper.png	11524	0BE78DB0C19EA59789D57B6A10531A7F4800F1C44AE81DCC14BB1EC06E4B2EBB
C:\script_ver\quarantine\under-review\qb-inventory\html\images\np_cougar-pelt.png	15468	464917D232C7CF975E6B4ADF06FAFAE655FA063CDD399974FC070AA0429F865A
C:\script_ver\quarantine\under-review\qb-inventory\html\images\np_cougar-tooth.png	4176	4214E959A6B37F74A5177D0EC9588A22B9994F2AF63AAD7A6620269533165BC5
C:\script_ver\quarantine\under-review\qb-inventory\html\images\np_coupon-25.png	7765	BB5A564243A182D0B7E2E103AD40625ED547996C91CFC38E0EB866F831A7E845
C:\script_ver\quarantine\under-review\qb-inventory\html\images\np_coupon-fifteen.png	7595	5AC684B7E1D7A24BC4EA5C54FC9478E9C34312847A5BE71DCA59B464577F863D
C:\script_ver\quarantine\under-review\qb-inventory\html\images\np_coupon-ten.png	7434	C8BB01C01A3264E205EFC7E754E3899BE7F00071699054442DAE845EC36F5FFA
C:\script_ver\quarantine\under-review\qb-inventory\html\images\np_crab-cakes.png	10550	C0D855814FEF0E362BDD004BD99D55362BED838C1E01F5667B5DF28BD8674239
C:\script_ver\quarantine\under-review\qb-inventory\html\images\np_crack.png	7243	339E73770037E568C093943B75765D8B2E065279A370A1CFD57214F063E360A0
C:\script_ver\quarantine\under-review\qb-inventory\html\images\np_crackpipe.png	8818	3324CE0557FC5AAA2083AA6E3BB7B60F3FAF9940C7DB64120801FC0E82E076FD
C:\script_ver\quarantine\under-review\qb-inventory\html\images\np_crate_repair_kit.png	24842	BEA4382B120D34125ED6398917E36A207556D523BFF88A78EC96A536A1F236E8
C:\script_ver\quarantine\under-review\qb-inventory\html\images\np_creampie.png	8673	558DE12470DB6735B0958FA052A1BD9B5D3FB518168C70415FF115CE831DEECA
C:\script_ver\quarantine\under-review\qb-inventory\html\images\np_crowbar.png	4014	562823D16C016E1BA0D2957E1D1B7746663CED688580E936DC182FB6AB46BBCC
C:\script_ver\quarantine\under-review\qb-inventory\html\images\np_cryptostick.png	4707	54266A3ACD9539EE132C6063D7E92F4071DE3DAABA3CE84A581029A347CE3435
C:\script_ver\quarantine\under-review\qb-inventory\html\images\np_cult-necklace.png	8809	443B7EAB8274D16B648D951D2887CC5A225968094879B4EA993BC302972EBD21
C:\script_ver\quarantine\under-review\qb-inventory\html\images\np_cursed-katana.png	9150	B3257C9D09B00E9B17B7514DAB3140349B8F0BB21DD30F08411007ABAE40565F
C:\script_ver\quarantine\under-review\qb-inventory\html\images\np_d-certificate.png	16910	0F4D142A4400FA57DA3AFB520E2687B88696FA6B5D72F43DA1DA0432486000C1
C:\script_ver\quarantine\under-review\qb-inventory\html\images\np_dagger.png	5374	A18B9C904A63895C2549ACC46F6431BE62F48F50D10DF4C8EC9B6FEB2E68422C
C:\script_ver\quarantine\under-review\qb-inventory\html\images\np_dark_market_customers.png	11915	5762F4B1CFFC162451CD821C3151CAD4315E8C2CE227AC028287CAB00F41086F
C:\script_ver\quarantine\under-review\qb-inventory\html\images\np_dark_market_package.png	14900	8EBCA75EB788DCBC4BC7FD7223EBE2B9E687B8AF2FDD4597DB01EFE4EC6860DD
C:\script_ver\quarantine\under-review\qb-inventory\html\images\np_db-shotgun.png	6797	439585BBE5025413E0F3C3E893CB95148E67D863377CEBC7FC2D325E30364D2A
C:\script_ver\quarantine\under-review\qb-inventory\html\images\np_DB9.png	22216	E4E868B40F11D155D22D2A0C861CEFFDDBD01AE44F6B6D004C45D61D5A58FE5A
C:\script_ver\quarantine\under-review\qb-inventory\html\images\np_dcbag.png	6376	494F2C5538EFCC16292C254F77A9FFF23D953EDFD515B21C197CCE6C5BE989D4
C:\script_ver\quarantine\under-review\qb-inventory\html\images\np_decrypter-enzo.png	6571	DB25FB2D587FF7A7273E9B9498F4ADB669F6571A44AF5DBC3F77A2DFCECC3AD3
C:\script_ver\quarantine\under-review\qb-inventory\html\images\np_decrypter-fv2.png	6040	8E21632AE1D7543446A917B87314AE2962C8FA42C97245719CE444425630A6E2
C:\script_ver\quarantine\under-review\qb-inventory\html\images\np_decrypter-sess.png	5944	C96C9F5F17BDE4F256EFF65BC667A39C70CAFB941E96FD5BBAE6893A36BE7547
C:\script_ver\quarantine\under-review\qb-inventory\html\images\np_deer-hide.png	13823	798A0668E8F289ED88F13B058976AAA3AAC19F4D9344E3F80DEFBA608B60179C
C:\script_ver\quarantine\under-review\qb-inventory\html\images\np_desomorphine.png	9885	2AE5886F6F61D451870D7559EBF1DF0577BAAD6D18C29DFC8D66328CEC94D515
C:\script_ver\quarantine\under-review\qb-inventory\html\images\np_detcord.png	8965	1DDAAE51E217E5599B71E67390A809441CE078453771000EEE0AF07E066E617E
C:\script_ver\quarantine\under-review\qb-inventory\html\images\np_diamond-chessboard.png	10224	D001F3A996A7BAA8F8C869B7C7E8D705ED6AA47B4A52B55C87E71F104BC4F00E
C:\script_ver\quarantine\under-review\qb-inventory\html\images\np_diamond-record.png	10989	7F6B6BC7E725E9B78E6911E3FA9455C7501214C280D41F6B4B3CF87A47649A66
C:\script_ver\quarantine\under-review\qb-inventory\html\images\np_diamond-skull.png	10657	A0343E1D3921606ADBF3909668456B0BE355CA51010D8D3B291EFF9A7443DD55
C:\script_ver\quarantine\under-review\qb-inventory\html\images\np_dice.png	6963	B4808B6E588E8EF7A97A2EE118E722D3EC1605403C8070A9B4076C619558B815
C:\script_ver\quarantine\under-review\qb-inventory\html\images\np_digi_scanner.png	8299	222C944ADC0B891083899CDE91A7EDDD8D77F1817C609D10FF69A6E0FCE14A75
C:\script_ver\quarantine\under-review\qb-inventory\html\images\np_disabler.png	13093	E987448B8AA957631FEDCB5C30C029D33A30697C69CAC429BC6550FB9BF2DC63
C:\script_ver\quarantine\under-review\qb-inventory\html\images\np_documents.png	8102	2876707FDE0054A7D99F6B9FEA12159CB52D88F577456BD39E1AC92745A26F9E
C:\script_ver\quarantine\under-review\qb-inventory\html\images\np_dodo-spit.png	7785	79A5A5407E3C55CEE1C9675E1DDF4902BF79203640806AD1FA3D8BD331B82AA7
C:\script_ver\quarantine\under-review\qb-inventory\html\images\np_dodo-statue.png	11096	6C0772426A3918935683AD19AFC6C25D05832F2E0993C7C8A5A8EC8EF734408D
C:\script_ver\quarantine\under-review\qb-inventory\html\images\np_dodobox1.png	8690	9E4F0BA1E21A59D561D88156D8931312B8FD638BE49665A53BCF225E70C00105
C:\script_ver\quarantine\under-review\qb-inventory\html\images\np_dodobox2.png	9285	C5834BF1ECEBE3E3B5FEE363C832416CBB27EB686399D0EC1EF584A279E60375
C:\script_ver\quarantine\under-review\qb-inventory\html\images\np_dodobox3.png	7644	599C68F665BC8F1DF81B5F66E27748646A925CE21287B9B36A38A2DC8FA2ACFE
C:\script_ver\quarantine\under-review\qb-inventory\html\images\np_donut.png	8354	2A9916DF1AE524A05FFBC8CA68E0D6C0EFF091054CD021138D17A3FE8FA10408
C:\script_ver\quarantine\under-review\qb-inventory\html\images\np_dora-maar-auchat.png	16300	A3D677C12DE65511DFA8D49079A6A98E39A1874BC619D1457F3E5F6831DB10B5
C:\script_ver\quarantine\under-review\qb-inventory\html\images\np_draco.png	19084	5AA572DEDDE73C118DF0B85A1A326CD573A7EDF4064027B64D555D24D3C4A2FF
C:\script_ver\quarantine\under-review\qb-inventory\html\images\np_dragon.png	10013	A956AD75CB81271FF3DFFDB66FBA748B50D8867CABE5E5EDB4AEC1D19DD75FF5
C:\script_ver\quarantine\under-review\qb-inventory\html\images\np_dragunov.png	14201	B2186F3A915D794E3C7A65775B169036BB93B17CB805C69F181922DBF78EBFCE
C:\script_ver\quarantine\under-review\qb-inventory\html\images\np_dreamcatcher.png	11190	A640578DCEC2B090CE887476382BD02EB3A01C097E1C1556BBD1FE867AF8C049
C:\script_ver\quarantine\under-review\qb-inventory\html\images\np_drift_adjustable_coilovers.png	23577	95B371EB25DB3A03028855BB55FABA8A787149AC9368A3B175C9769FBDC451B9
C:\script_ver\quarantine\under-review\qb-inventory\html\images\np_drift_angle_kit.png	25568	08914800E5E4A225B2C3249FD432E0FC0C7B08B79D7AFED12D40FAA026D4FF23
C:\script_ver\quarantine\under-review\qb-inventory\html\images\np_drift_differential.png	43655	E62B2DF2221BDBC30FBA21052533952BA7F9FB2E939E21DA6F84A827041D99F1
C:\script_ver\quarantine\under-review\qb-inventory\html\images\np_drift_hydraulic_handbrake.png	21218	85AE31A1ED3C6C8063615C27321205EE165BCECD0169EABD8D8F875443E3DDD0
C:\script_ver\quarantine\under-review\qb-inventory\html\images\np_drift_tires.png	28804	B06C7AEF8DDC4FB53C103541F1CE81BC16A4361153865D76C168828676F3514F
C:\script_ver\quarantine\under-review\qb-inventory\html\images\np_drill-bit.png	6001	C403DC189A0FE47C977135339C6701FA71FEE294BBCCA66A8F485FE23F1FB4A2
C:\script_ver\quarantine\under-review\qb-inventory\html\images\np_drill.png	8356	4D32E3061CAD958774EDA74FE6B0A14EDFC4AA7BFCBC0D4D9B1E55F56AA92598
C:\script_ver\quarantine\under-review\qb-inventory\html\images\np_drink1.png	8877	352B542C42A9F08DB61BE09D46962C61F9AF20433009129621A3497B11089828
C:\script_ver\quarantine\under-review\qb-inventory\html\images\np_drink2.png	9359	DD0FDBA897EBCFF36ECE9BD030CE76866CD337A0E7D57F6BB8DA1D18D3D37440
C:\script_ver\quarantine\under-review\qb-inventory\html\images\np_drink3.png	12237	41DB1F8E26FFB91B22D676EC047BF8655C78E270C1FB492B7E47458CAAF2CA93
C:\script_ver\quarantine\under-review\qb-inventory\html\images\np_drink4.png	9698	DE140EB94BFBD0A6B1A203EE5B670431420BDB093015B787C0B6AF8F441654D8
C:\script_ver\quarantine\under-review\qb-inventory\html\images\np_drink5.png	7499	C24814BE881BA550D424D5C9E09F583337E09027863BBFA0C0AC69199054FCCD
C:\script_ver\quarantine\under-review\qb-inventory\html\images\np_drink6.png	8532	CEEA647B476938E20CFE99B5C04B67031D2C4AC7CBAEA5C8D3D90DAB34E3EAB7
C:\script_ver\quarantine\under-review\qb-inventory\html\images\np_driving-test.png	4800	7EFE64010BF8040D6F72DBF63778999A800351AE32EBF17FB2925AC1991184A2
C:\script_ver\quarantine\under-review\qb-inventory\html\images\np_drone.png	6147	A26F6B51EFF294C57568AAC088D4BB9C67562EAA2548D46C7A5AE735C9F7B032
C:\script_ver\quarantine\under-review\qb-inventory\html\images\np_drone_control.png	6500	0760D8AE9396CDD5928C763CDBC923DB42929AC5408CB2FD44CA1A7A2FB03E03
C:\script_ver\quarantine\under-review\qb-inventory\html\images\np_drug-x.png	4111	E08D156CF0FE428C5F828FE15567AAD33F921324413E3288A4F146A7315A66EA
C:\script_ver\quarantine\under-review\qb-inventory\html\images\np_duffel.png	24543	9422E72F998933AE37AFE1BD55D56A3707F259F2139A03A8BFEF16FB4A07FBF3
C:\script_ver\quarantine\under-review\qb-inventory\html\images\np_dusche-gold.png	5178	DB0BE907097C7C044131218BA17DD3BA98CBAEB8AB2AA492ACB97CDDC1CA7C08
C:\script_ver\quarantine\under-review\qb-inventory\html\images\np_dw_caramelapple.png	15825	CBECD967ADB8226F07DE7A6EDD700AE8C6DEBC45ADACBF9230F861A98E2F9557
C:\script_ver\quarantine\under-review\qb-inventory\html\images\np_dw_corndog.png	6926	CBEF2BB8BA58F4A39F1DDF940120C3C773A095FDC47C432184873985AF0EE3EE
C:\script_ver\quarantine\under-review\qb-inventory\html\images\np_dw_cottoncandy.png	6927	8DC267B1792DAFE452A2F13B6130CD602CF23394A1FD564BE22267C3A993CA91
C:\script_ver\quarantine\under-review\qb-inventory\html\images\np_dw_kettlecorn.png	12870	094D2CBE3A7D44890F8CC63480C605FDC939752CD9638B1D1115746E73D9F6DC
C:\script_ver\quarantine\under-review\qb-inventory\html\images\np_dw_softpretzel.png	16474	6BE5F87590FECB37E8487BD34936B6262C588FBC7506B62D830E156E65275A9E
C:\script_ver\quarantine\under-review\qb-inventory\html\images\np_dye.png	8570	28A3E13F10200444C87C838A125E28F8C2D1F8618FAA76158DA6A6F80D9CC90B
C:\script_ver\quarantine\under-review\qb-inventory\html\images\np_eggs-and-bacon.png	9846	17B49E4EA58577183ABD5B4506BC47033D9F5B95B45E56B5BA2ED5F009F8AE91
C:\script_ver\quarantine\under-review\qb-inventory\html\images\np_electronic-kit.png	8189	8CA5202C54AAFB50493825B418A852F3D1AA527675BAD22D160E96813A8A911B
C:\script_ver\quarantine\under-review\qb-inventory\html\images\np_electronics.png	10026	425E2C287AEB576CCB2AC635E5296DFDA973CA872E23864AF9EEFB4AA4E1B81E
C:\script_ver\quarantine\under-review\qb-inventory\html\images\np_electronic_parts_a.png	28962	858FC5C60AB1837FF76FE5BDECDB9D26BCA3D33C854E0AC23AB51FA68BD1A921
C:\script_ver\quarantine\under-review\qb-inventory\html\images\np_electronic_parts_b.png	28537	98026896CE7273AA97693C368550504118E5D4B3BF26897A7B6176370FF6910B
C:\script_ver\quarantine\under-review\qb-inventory\html\images\np_electronic_parts_c.png	28866	B3D1B0E64D74AC008AF237D2D9BFFBBD4FF4C875694F2083A5CC94F70B3C1A6B
C:\script_ver\quarantine\under-review\qb-inventory\html\images\np_electronic_parts_d.png	28232	19C73516524241B2556D711997372B5545E1AA76207A888B94CBD70DBDB2ED8F
C:\script_ver\quarantine\under-review\qb-inventory\html\images\np_electronic_parts_m.png	27977	ADC16941B261035AAE2E6953D33F3754ABF77FBD80C301AAAEA1347549B558EA
C:\script_ver\quarantine\under-review\qb-inventory\html\images\np_electronic_parts_s.png	28222	B003C8A651A3DA69FEE71E48B5912844F06803B9B3EF27D1A4A34148DDAB21A7
C:\script_ver\quarantine\under-review\qb-inventory\html\images\np_electronic_parts_x.png	28917	F21266D243D2796E818AF4DD0A8C19C56F61DF15D3C70EA72C1229D22EC2985C
C:\script_ver\quarantine\under-review\qb-inventory\html\images\np_elevator_hacking_device.png	13429	D3650238C99B3053D242D555033A82BA2D71316BEA2589E84CF71EA1F2BEBB3A
C:\script_ver\quarantine\under-review\qb-inventory\html\images\np_empgun.png	12053	5F606512B27AA7ECBE9D45C52C540385EE0A1CA79F156C473C111146E27D1F7C
C:\script_ver\quarantine\under-review\qb-inventory\html\images\np_emptyballoon.png	16541	9F09D7F8F81154897816E7AFA859F28A421425E78166B44C42C43180FD1C195B
C:\script_ver\quarantine\under-review\qb-inventory\html\images\np_emptybottle.png	5062	A12B2E59F4C1DE17B6FF9A1243731D8F96EF688BB19EF488E9B7663FADEC6697
C:\script_ver\quarantine\under-review\qb-inventory\html\images\np_empty_syringe.png	11797	2EC11C28A1B246913550A3C14504E0F14BAF80D1F7243CAF86847A105C1B8478
C:\script_ver\quarantine\under-review\qb-inventory\html\images\np_emp_ammo.png	15630	244E46641A115E5D06E6B36E7D7C31551D098B1CFC067F83AF6A603DA18F5D89
C:\script_ver\quarantine\under-review\qb-inventory\html\images\np_emp_grenade.png	6663	B87792D9559C0E25900482C95A426B2BDAF0257F4A4B4CB09DA4647E8DBE3686
C:\script_ver\quarantine\under-review\qb-inventory\html\images\np_enchiladas.png	9017	9E6865CA4D67ABF7A896C2DA0D8799B3B11DEBA817A6A19D25FCF70BE5AA735F
C:\script_ver\quarantine\under-review\qb-inventory\html\images\np_energy-bar.png	8113	E38F373A431A700E22980E78F3EF02D9AABB7A15E89FB08C884441E6E43D915C
C:\script_ver\quarantine\under-review\qb-inventory\html\images\np_engagement-ring.png	5188	68AB239C291FBF2D813CD31457DF13A3730164016E1C1297317B6E9970DEF8DC
C:\script_ver\quarantine\under-review\qb-inventory\html\images\np_engine_parts_a.png	27605	D20ED49165D74DB700C7F09F7F20829943C7CCB43E42FB86180C96F6AECDB8EE
C:\script_ver\quarantine\under-review\qb-inventory\html\images\np_engine_parts_b.png	27306	6FCA404C6062E917CDCEAE39F54E7FF9BC8AE358E6BAED4993A98281CAF45839
C:\script_ver\quarantine\under-review\qb-inventory\html\images\np_engine_parts_c.png	27497	AD6B760DAD086B4A903F4B69531BAF36B4E187CDAE74F042BAA873B0BDAF0A29
C:\script_ver\quarantine\under-review\qb-inventory\html\images\np_engine_parts_d.png	27258	F2CD4B552AD9F4339C96E5572A749FF9869FD2091001639441944BE702BFEBA1
C:\script_ver\quarantine\under-review\qb-inventory\html\images\np_engine_parts_m.png	26798	4F3A4EB19F7D49643EEFC179F75FA28020181B99C272DB0F41D630AA386FD714
C:\script_ver\quarantine\under-review\qb-inventory\html\images\np_engine_parts_s.png	39173	F8CB2150C2E96CE57156B59389C4688FFFEB1594B3003D235C9C4D56BDCE2F0B
C:\script_ver\quarantine\under-review\qb-inventory\html\images\np_engine_parts_x.png	27655	81E9723A643B8FF1C75450B38DDE5FACCDC8BBD4A4644EDB8517A5D6937835E5
C:\script_ver\quarantine\under-review\qb-inventory\html\images\np_esm_chain.png	7714	0C4E26E3B705456308669C8959A0B777A6E05EF6E7C731B503C6431BA6B5F3A3
C:\script_ver\quarantine\under-review\qb-inventory\html\images\np_evidence-bag.png	9994	1D92FCA3D25D3DD3448A9C0B1FB110C1019C8F08955A9DE9D696922916DFD71C
C:\script_ver\quarantine\under-review\qb-inventory\html\images\np_evidence.png	4944	1ACB681934992293BDF2CDD4C31626F4E5B2C6E57D846192203BCA5EC410CF2B
C:\script_ver\quarantine\under-review\qb-inventory\html\images\np_evidence_bag.png	42444	7C3B39ED298FA031E5C59C9D3AFA7E1AD37928763A7A8CA2B329CFE3D7A5788B
C:\script_ver\quarantine\under-review\qb-inventory\html\images\np_evidence_marker_blue.png	4130	F2B3CCA85F808E240BC3BA78E6344596025E09456E55F34ADD761C3BB387B4F7
C:\script_ver\quarantine\under-review\qb-inventory\html\images\np_evidence_marker_green.png	4109	83857E2C003E4BD55E63FA9534A5E7D9BE2F44915D86ADCC14474E8291CD26ED
C:\script_ver\quarantine\under-review\qb-inventory\html\images\np_evidence_marker_light_blue.png	4063	1A8428CF4647F1F9E51E448E244D7569FC460CCC1EBAC8F04A25753394292C80
C:\script_ver\quarantine\under-review\qb-inventory\html\images\np_evidence_marker_light_green.png	4232	BE289D1E1FB5F331BE727CCD65C0F8ACF3E61C2B26D5BA1EA3CE5DC0596EAF30
C:\script_ver\quarantine\under-review\qb-inventory\html\images\np_evidence_marker_orange.png	4259	FA4FAB212FFFF823C9CF485A97217E04CEEF7160F4F68CAB6D267BC38B2F8C02
C:\script_ver\quarantine\under-review\qb-inventory\html\images\np_evidence_marker_pink.png	4124	81B1DD821B4365C1A65414D7792D0ACADAF8719E8971CC0DA21E479C55FE7C36
C:\script_ver\quarantine\under-review\qb-inventory\html\images\np_evidence_marker_purple.png	4190	EDEFEC518276FFC51A0476DD499DD0B681056DE66ADA2269B3F2C26AC0AA7F47
C:\script_ver\quarantine\under-review\qb-inventory\html\images\np_evidence_marker_red.png	4084	D82BA59A14FA5B92548D6F43CFF5630490FD198E47DD91B365108148E44EF5E1
C:\script_ver\quarantine\under-review\qb-inventory\html\images\np_evidence_marker_white.png	4279	F5C41C31CCE05EBBA6B3AF41E84705818B2B37249887143372190C07267CAEAA
C:\script_ver\quarantine\under-review\qb-inventory\html\images\np_evidence_marker_yellow.png	4554	E585E0F7715E80277884CB2B6335FB966618A005FB91022A0F5712D09221B18E
C:\script_ver\quarantine\under-review\qb-inventory\html\images\np_exec_card.png	11938	7AF2B6D30DE57ED7C8012A45D36E351C2926C0853D9607C7A525200A5C7254BF
C:\script_ver\quarantine\under-review\qb-inventory\html\images\np_faberge-egg.png	10707	1EC2E20CA5D24A39070EE0219BE2BA7EDB16E1EC1D50E47F8C2D294C4C14C969
C:\script_ver\quarantine\under-review\qb-inventory\html\images\np_failed-test.png	9315	06AB79B484A2D097E1B98876AB0F4671D5DE7B1C5EAF242A18AC079EE6E2089D
C:\script_ver\quarantine\under-review\qb-inventory\html\images\np_fake-snow-vhs.png	10565	E82B33D81181D63624057B71804851B95D80C461EC5CD3038BE8FA4EA287416B
C:\script_ver\quarantine\under-review\qb-inventory\html\images\np_farmers-surprise.png	9690	B26CD722883823D709549BFDD9EC2A95E9F75957047EC6E5D107143F347CFF47
C:\script_ver\quarantine\under-review\qb-inventory\html\images\np_feathers.png	6962	DD56ABC1709783E0944F34B7F0147B5286825EFE5EA51EB1A88672526FDB6632
C:\script_ver\quarantine\under-review\qb-inventory\html\images\np_fertilizer.png	13658	9DA9DC9D1ED7524C52FD6888B52CA134179AC2B45B7F4DF6710140A2A29BBD09
C:\script_ver\quarantine\under-review\qb-inventory\html\images\np_fightnight_belt.png	10135	79B84D9C57E34CA195F163914FF9C03F344579F8356F775DB1F7BFC456C7CD54
C:\script_ver\quarantine\under-review\qb-inventory\html\images\np_fig_glimpse_of_hope.png	7721	DF13F2CE3D21098769523B8D612ABE2803CFF4A6A8550C07AD0E3DF28662BFAC
C:\script_ver\quarantine\under-review\qb-inventory\html\images\np_fig_impotent_rage.png	9939	AC90CCFB5EF168DEC906CE52BA865B95408DC63A890716EEA7BD214354D78A2D
C:\script_ver\quarantine\under-review\qb-inventory\html\images\np_fig_rearing_bronco.png	9417	63CDF3F84E20AD39BC68351BE8B3D2F8926F678218B6952E98E14FD3B7C0CF5E
C:\script_ver\quarantine\under-review\qb-inventory\html\images\np_filet-mignon.png	10451	7970AA656C6C949155E1EB51F458BFD059EACD914CE29357F11E6A36557ABFBC
C:\script_ver\quarantine\under-review\qb-inventory\html\images\np_fire-extinguisher.png	8285	DBD9087F3B9BDD1C96AAF1AA9308A838790D3E9DE7D5DE20E3BA90EA1CD3908E
C:\script_ver\quarantine\under-review\qb-inventory\html\images\np_firework-launcher.png	9844	DAA754BF233695F671C24C7CC4ABB926B7F5A159F07C7F4F64B2AFCBD3EA0BAB
C:\script_ver\quarantine\under-review\qb-inventory\html\images\np_fishing-alligator-snapping-turtle.png	19026	6CC3FCE7F58E8F3108A95E75F4CF3BC29925C7C8995968281D3D089EBE54924D
C:\script_ver\quarantine\under-review\qb-inventory\html\images\np_fishing-bass.png	16442	5C61F3DDEDAC4112150F60E35DCF4E09AEF4FBF38EA3FE9BAD16F06E14DE7C2E
C:\script_ver\quarantine\under-review\qb-inventory\html\images\np_fishing-bluefish.png	11925	D33F7C4D2960D18575E7C4C3C524309E331B2789EB50DE1D18FF8FF65BFC58FE
C:\script_ver\quarantine\under-review\qb-inventory\html\images\np_fishing-carp.png	15242	E32B029806FBB455C61EF6A5E3A2B7C858958FFB358ADC6846C6D09116686F4D
C:\script_ver\quarantine\under-review\qb-inventory\html\images\np_fishing-cat.png	15176	60A0031C77757AA3301E94B84E14EFDFA5319A708FB4B21474BD584AE72209CE
C:\script_ver\quarantine\under-review\qb-inventory\html\images\np_fishing-cod.png	12382	AD3FABA0050241EC6244AF1F008ABB4831758032EB7835BDECF0630B853E182B
C:\script_ver\quarantine\under-review\qb-inventory\html\images\np_fishing-dolphin.png	14651	55329FE49316186727A55FE57583E8405F3711D8DB3D408DD1F4EDF46BBDA2DE
C:\script_ver\quarantine\under-review\qb-inventory\html\images\np_fishing-flounder.png	14906	C48879698D38CF1B6AB465C5D2067FA68978C9EDDB5DD7107A945D68BC4F19AC
C:\script_ver\quarantine\under-review\qb-inventory\html\images\np_fishing-mackerel.png	10542	81F4BD8FCCE604A17CDAB3FE254663CC4F6B209DA9A8CBBD14A27ADB15B37132
C:\script_ver\quarantine\under-review\qb-inventory\html\images\np_fishing-rod.png	6208	12750613A40ACA8B820E974DCF4535C0B2C2AAB201F6BD2859DEBEB6CB1475FC
C:\script_ver\quarantine\under-review\qb-inventory\html\images\np_fishing-shark.png	16848	32A17B33919392CCCCFC32F0DE6A6751E71A65661B14567753C3E92F972A20CF
C:\script_ver\quarantine\under-review\qb-inventory\html\images\np_fishing-sockeye-salmon.png	15097	384717EA832FB6694540D44CE01836FEC9EDB8399ACC1A6EFB8EE28F9C4104C7
C:\script_ver\quarantine\under-review\qb-inventory\html\images\np_fishing-sturgeon.png	15063	9A797592BB81663B3542826DAEF1678EBFCCA23C101798AE457B624C543EC770
C:\script_ver\quarantine\under-review\qb-inventory\html\images\np_fishing-whale.png	9124	8F128BE08141D971CA96063886267A830C4500640B829E69FB9E08324F41F387
C:\script_ver\quarantine\under-review\qb-inventory\html\images\np_fishing-yellowperch.png	13483	FC94F7D52FB9DB0B2FB3CFD1D8B3E6DC245A44091ED0E98E5B80958AC090CF29
C:\script_ver\quarantine\under-review\qb-inventory\html\images\np_fishingboot.png	16387	D422F929F792DB124C46129BB9F5B427970A2B5A7E4E88108DD8EF714FC04227
C:\script_ver\quarantine\under-review\qb-inventory\html\images\np_fishingchest.png	14241	3944AF197CDAEDC78DCE8EBA9F4381EAA6CAE086A961FD563C4D87A6C9678A85
C:\script_ver\quarantine\under-review\qb-inventory\html\images\np_fishinglockbox.png	12176	D063EE89ADBB006CF94C3AB07F6FF890AC7ECD5FFE7E6F1726FE4DBA5E62E4A7
C:\script_ver\quarantine\under-review\qb-inventory\html\images\np_fishinglog.png	18812	4469CABEC401CED2ED607CCAEBC1134572548043F248D2681D155B0F58686DA3
C:\script_ver\quarantine\under-review\qb-inventory\html\images\np_fishingtacklebox.png	15296	081DCC4749230F3ABE99BC8218969AE389ECAFEDB9360B23C1BDA36B7E0D1F6E
C:\script_ver\quarantine\under-review\qb-inventory\html\images\np_fishingtin.png	12600	29FD19367AFA80CA880E6E8C13C2D53AAFC86E4086AF1C4562B5CF2346A7A960
C:\script_ver\quarantine\under-review\qb-inventory\html\images\np_fishnet.png	26098	51BC4CE33293E75E09BF97A50C7635555AE89BFD43E2A86076E4FE769FDE7200
C:\script_ver\quarantine\under-review\qb-inventory\html\images\np_fishoil.png	14989	CCEA58DAACB9C9591A57BACE59FAE2664CD952EDA7F8030AF9FEA458DCE52062
C:\script_ver\quarantine\under-review\qb-inventory\html\images\np_fishtaco.png	20699	9665B709D6125760D2A9CC550429F892FB1E4B27232ED0806F06B7B82A95E633
C:\script_ver\quarantine\under-review\qb-inventory\html\images\np_flamethrower.png	14591	0E55FA21372B0DFFAE3AAD45488A10B76A997C0EA33BAC2E5D15A56AA3A7F145
C:\script_ver\quarantine\under-review\qb-inventory\html\images\np_flamethrower_ammo.png	12889	786D71FB45AAAE6153F963E03B8097ACD14184EA754DB6B64E7634E7B2453220
C:\script_ver\quarantine\under-review\qb-inventory\html\images\np_flamethrower_part.png	9695	26C0A5443AE03044B4BAD6FC10B505B5C5E5626EA0760CD2D7B97C03CB4ACA22
C:\script_ver\quarantine\under-review\qb-inventory\html\images\np_flamethrower_part1.png	10793	101DE0692864F10B9A4A46D7E5508118A0477883D8CE641881D101120BDF1F64
C:\script_ver\quarantine\under-review\qb-inventory\html\images\np_flamethrower_part2.png	9695	26C0A5443AE03044B4BAD6FC10B505B5C5E5626EA0760CD2D7B97C03CB4ACA22
C:\script_ver\quarantine\under-review\qb-inventory\html\images\np_flamethrower_part3.png	15865	C1426EC87299024D72E9C250B1DF7492261D24ECD2A3C6439F3A7859BD6077BA
C:\script_ver\quarantine\under-review\qb-inventory\html\images\np_flamethrower_part4.png	14056	7ED9906914421213C688F4326C7AA9CEA35F4E118EB2847D48F77C868A137DDA
C:\script_ver\quarantine\under-review\qb-inventory\html\images\np_flamethrower_part5.png	15474	553377FDA4F77C5B9F9DAD05347401076F25CB32DB2CB8DE7EE286E762D1C4D5
C:\script_ver\quarantine\under-review\qb-inventory\html\images\np_flamethrower_part6.png	12599	00A6D023A72FAB11D8F24E753D52D63D0CC048BDB1B99EE2FD18D2DD7F14935B
C:\script_ver\quarantine\under-review\qb-inventory\html\images\np_flare.png	11679	6D644DC52661BB2AF540C26253D66A35D0CA8331E159F32CC86B72F68A483FCA
C:\script_ver\quarantine\under-review\qb-inventory\html\images\np_flaregun.png	13037	60DDC867060C15A8BC507FB34BF368D8C91C190AD1F07E1520B4F20B1EE54903
C:\script_ver\quarantine\under-review\qb-inventory\html\images\np_flashbang.png	7277	607BD8261F465398BAF2EFFA903D6A4EDEE5095158398ADED6ED3E0853C4C764
C:\script_ver\quarantine\under-review\qb-inventory\html\images\np_flashlight.png	5154	42BAB17FD77635717787506900DC22F9F947B167A0E1021B964A5735E144AF71
C:\script_ver\quarantine\under-review\qb-inventory\html\images\np_flowers.png	31939	6425C965E5709FA2B962A8879D7347AB5866B99FDD437AB69CCF4029D9DA3F33
C:\script_ver\quarantine\under-review\qb-inventory\html\images\np_flux_powder_a.png	10213	C27A4111C4FB05A449C7CB2952E65A92E4E0BEA5D81E6F736FCBC5E3DB729EDB
C:\script_ver\quarantine\under-review\qb-inventory\html\images\np_flux_powder_b.png	10672	AA4FCB252786D64CB3CF10C226E4887D5777FE92D056D67E956286F703019DFA
C:\script_ver\quarantine\under-review\qb-inventory\html\images\np_flux_powder_c.png	9532	86489EA6AC96A8A94D91230E38E84A94CCA69F2A9FC73E68F61B402401CCA34B
C:\script_ver\quarantine\under-review\qb-inventory\html\images\np_flux_powder_d.png	10911	78DED0B720517FB98D8DA79CB06B099FEAA19C079557246D57ACFD5F589D1708
C:\script_ver\quarantine\under-review\qb-inventory\html\images\np_flyer.png	10159	4D0B587F6E882FAB2FC28AEFADFF10F243E26481498676BB5975EE560CBDC3BC
C:\script_ver\quarantine\under-review\qb-inventory\html\images\np_fn57.png	14310	33B979D85642ADFFD3F2E848D2BFE7EACB30D1BFE4706E95DB1F8D3154E4D770
C:\script_ver\quarantine\under-review\qb-inventory\html\images\np_food-goods.png	12459	DF249059FBF23659FAFC363CE5DB8F9CDA2EC7E2F4D3FE13F7236B3FFEFDD0C6
C:\script_ver\quarantine\under-review\qb-inventory\html\images\np_food_bag.png	12507	2077C43764EC766CD5E5417711EF14BD0BB997835BE2C0192433D369AEF77AF1
C:\script_ver\quarantine\under-review\qb-inventory\html\images\np_fowl-burger.png	10889	6C556ADB40F4C180855C7513C715E23696F1AF68CBC8648C9EE41CBE88663E3F
C:\script_ver\quarantine\under-review\qb-inventory\html\images\np_franksflute.png	2014	FA7621523AA880B4E5A86B060ECFCC7A35DC23EE6CCDF0EA2D55A14348CD8F04
C:\script_ver\quarantine\under-review\qb-inventory\html\images\np_frankster.png	4595	9BF65F630DB0B310EFA344B36B746F6772EE969331D9BA36B153C2E21CC0A956
C:\script_ver\quarantine\under-review\qb-inventory\html\images\np_frappuccino.png	8676	1596CA50C4DFAC8429EF1E2F09C1DA06175E78DF01BC69D7AD132830A7741CEB
C:\script_ver\quarantine\under-review\qb-inventory\html\images\np_french-toast.png	10258	32F9D2000D20F9DB660B76864C47E9718BEC49897FEAC2AFBEC24FB806091506
C:\script_ver\quarantine\under-review\qb-inventory\html\images\np_fridge.png	11172	870504433B00EE6444717F3109A61F65FF2C975D80561180B2099DB5FD740537
C:\script_ver\quarantine\under-review\qb-inventory\html\images\np_fries.png	8777	4AFADA26FF6B677214AC0DA5F0544C24A2FDA935186A0B7E1482E170C930B98F
C:\script_ver\quarantine\under-review\qb-inventory\html\images\np_frisbee.png	6615	F97F5507813091610010F26ED893C950E5F0B791280DD6608B69303DB521A2D7
C:\script_ver\quarantine\under-review\qb-inventory\html\images\np_front-bumper.png	11028	46170983FABCFBC5A12B4FF4F146816FE69F1904E8AFD9E7ABBDE1E7223B46FA
C:\script_ver\quarantine\under-review\qb-inventory\html\images\np_fruit-tartlet.png	9130	DE2EFCDE0604D07102CC53B8E27F2FE6C7FF9DFC32593BF55302823E2A9D5B85
C:\script_ver\quarantine\under-review\qb-inventory\html\images\np_fruit_slushy.png	8639	0F059A00F6A99C090B445EF9A796791414B097735C75091527E78E6B42F6F74C
C:\script_ver\quarantine\under-review\qb-inventory\html\images\np_fuel_injectors_a.png	30953	892236CCD7A9CB6D760BCD11F21DD6E7D1437E2556AEA3CFC3328C28E245D91F
C:\script_ver\quarantine\under-review\qb-inventory\html\images\np_fuel_injectors_b.png	30576	9551B762E98215F15AC8036296AAB3FDAAC1FCCCDC62A50DD858177813E3010F
C:\script_ver\quarantine\under-review\qb-inventory\html\images\np_fuel_injectors_c.png	30753	9A29538FE4323117670DAA33C6CD72766A84B2E6D4CE7DDF7B512C9CB28D6876
C:\script_ver\quarantine\under-review\qb-inventory\html\images\np_fuel_injectors_d.png	30479	7FFD2699FCE69016508E3D7038B82B118E7D37B936D4A66BF167DB5C7F921915
C:\script_ver\quarantine\under-review\qb-inventory\html\images\np_fuel_injectors_m.png	29947	2FBF46F23EF25C8AD9245F9BC3A002A7A52C21BF79AA90C3B3D38D1FD86FECC9
C:\script_ver\quarantine\under-review\qb-inventory\html\images\np_fuel_injectors_s.png	31724	50B48E80B98D86EA349E29722F52C36CF6A9DFC99C75948026D2C588118FC160
C:\script_ver\quarantine\under-review\qb-inventory\html\images\np_fuel_injectors_x.png	30986	2BFF7CBE74AF3EE82F9BBA53A344359B0DD697BCB0424BE4EC47639F924E41BD
C:\script_ver\quarantine\under-review\qb-inventory\html\images\np_fukang-meteorite.png	11146	181F6A9E9C05494980B8F417EA08CA46F544EF939DA1A9330851BD7012FBD720
C:\script_ver\quarantine\under-review\qb-inventory\html\images\np_fuse.png	6640	AC5D336ED4817982EA68634C74995CD486765FC01BA074E22FE6D213F931CFA4
C:\script_ver\quarantine\under-review\qb-inventory\html\images\np_gallery_1star.png	12975	569CDCE75555376348B641633B248D9CCAC9B7A1674E183BF26335DE577BB42E
C:\script_ver\quarantine\under-review\qb-inventory\html\images\np_gallery_2star.png	13315	C0B726D9450795C86AD2C192C7B3C0286BAFDF2D8846BD941E3871BE2C77DE1B
C:\script_ver\quarantine\under-review\qb-inventory\html\images\np_gallery_3star.png	13539	A314AAFF102FAC98315C1E31B117E3F53A8102831F62016DD1EC3755168D6446
C:\script_ver\quarantine\under-review\qb-inventory\html\images\np_gallery_4star.png	13669	16A91595E3984B5B52EA860DFCA9FA1B7F1DA2D6E82FB9CA89C2A0FBE2DD2CCD
C:\script_ver\quarantine\under-review\qb-inventory\html\images\np_gallery_5star.png	13986	3F541BC38D88C7C43B4866B251D88BCED95C9ED7EA908A1F9504D0567B077B81
C:\script_ver\quarantine\under-review\qb-inventory\html\images\np_gallery_aquamarine-ring.png	16349	75BE0887E86A43FA9FE351F58DD31EDA76E0DC4500904D1ED4F5E17832643F96
C:\script_ver\quarantine\under-review\qb-inventory\html\images\np_gallery_citrine-ring.png	19723	785E88E782291765E00A1C895F70EB88AEE73CE194BA8D385027AF5FD7E080B5
C:\script_ver\quarantine\under-review\qb-inventory\html\images\np_gallery_diamond-ring.png	25052	D0A8E990BC985DC29A8C233A305503F8C480BDC6365BFDAE87CAE9275DDB808B
C:\script_ver\quarantine\under-review\qb-inventory\html\images\np_gallery_diamond.png	11558	A0106012BF3E9B1A30AA46E50E46E7E560017801EF480F7DA03566A868BB86A1
C:\script_ver\quarantine\under-review\qb-inventory\html\images\np_gallery_jade-ring.png	17427	3EB21E58D1A719AE405C74F52EF63069017A7F4BCD9D93F8E3DD5A2B07AD8DE3
C:\script_ver\quarantine\under-review\qb-inventory\html\images\np_gallery_onyx-ring.png	25334	622752C2179306A76007BFF23BDFA5F70091FC882D4DB5CBD5C3698EEB56A669
C:\script_ver\quarantine\under-review\qb-inventory\html\images\np_gallery_premium.png	7397	EFCF908117214D806266EB4F7AA6A4B0A380EC2C59061D22FAD2F45042BD9E28
C:\script_ver\quarantine\under-review\qb-inventory\html\images\np_gallery_regular.png	7762	CEAB2DA72F19AE60A514C8D3D547E19C46ADEA5AE64C0EECC66EBDB1B7BD8183
C:\script_ver\quarantine\under-review\qb-inventory\html\images\np_gallery_ruby-ring.png	16633	84BF555E26DE58E83DEB8D2A0748F9F9A68F20535C6DF8981E75AF9F91E688DC
C:\script_ver\quarantine\under-review\qb-inventory\html\images\np_gallery_sapphire-ring.png	18883	2303A561687AB33EB7F47BCBEA7740AF9E3CFE60CB80FBA332FA564A2CA20B63
C:\script_ver\quarantine\under-review\qb-inventory\html\images\np_gallery_tanzanite-ring.png	16172	EB34BC4C8099E1D99FCFA8E3241D33C79AAADC1FC1206CCA4C6BA2E0E4470428
C:\script_ver\quarantine\under-review\qb-inventory\html\images\np_gallery_vip.png	6893	39AEFDBA8787A962F57B5CB99C70F3D6D787F97392B4FC9C6DBDB5FB2EDD30CD
C:\script_ver\quarantine\under-review\qb-inventory\html\images\np_gameboy.png	8209	E2826D35006CE32059C3D2B2972E315BA272EC4C158D99E242BFAAFF1313DCB3
C:\script_ver\quarantine\under-review\qb-inventory\html\images\np_gangflag.png	9407	4255BFE1530DEF05991354ACCA4CFCDB2E6AB44A2C009B1B55E31BF7D5D1E21F
C:\script_ver\quarantine\under-review\qb-inventory\html\images\np_gause.png	6528	763E958F23C9DFA5F5B2148EB192F08CD5771350163C0FE6A29575E62CD2A3C0
C:\script_ver\quarantine\under-review\qb-inventory\html\images\np_gavel.png	17698	9FD5065234E85260AAAFC77D4ECFC388C7DC58FB0A68A2ABE18939761332B67F
C:\script_ver\quarantine\under-review\qb-inventory\html\images\np_gemanji_antidote.png	10459	F9B6D5205E1800A3B0C55C1CD7E163EC63C6D7D7FA3BBB9930F1E1FC00ABF2CD
C:\script_ver\quarantine\under-review\qb-inventory\html\images\np_gemanji_antidote1.png	11932	CA72B356F8CC010CE5C290E70CCC93A6FFA1364BAF28A54657AEE513C9C9A026
C:\script_ver\quarantine\under-review\qb-inventory\html\images\np_gemanji_antidote2.png	7923	ADC21CC30DF066D8BEFC4B00587409ED69A590E978B3DC22A53BCB84B0AEEBFB
C:\script_ver\quarantine\under-review\qb-inventory\html\images\np_gemanji_compass.png	12050	A695EDCD2FDEA35C5D853F374D242D9F8135A8DE2DBE870757C95657CDA47021
C:\script_ver\quarantine\under-review\qb-inventory\html\images\np_gemanji_gembag.png	7745	8F1867530163F9BCFC0C3783D4987CCEA8F6E1A5942AF27C3D12282AF7A3FF70
C:\script_ver\quarantine\under-review\qb-inventory\html\images\np_generic_electronic.png	34975	A401A0A28D1CB0B2EF8C5D5ECCC1146E753C6AA9C726E25C76D11C78F605B15B
C:\script_ver\quarantine\under-review\qb-inventory\html\images\np_generic_mechanical_A.png	28945	8D689CDA19AEF8715969BA9EDC44E3614EE553DE7B1343CEA53F959C291AF4E5
C:\script_ver\quarantine\under-review\qb-inventory\html\images\np_generic_mechanical_B.png	28485	BFD5984C2620CA7FD3493624DBC1C84A02904154947811C900A004F6711CBCE5
C:\script_ver\quarantine\under-review\qb-inventory\html\images\np_generic_mechanical_C.png	28770	7828963B9B3C6AA11C778A8EE3D043808D4C9F934C779787719CDD65541FDA50
C:\script_ver\quarantine\under-review\qb-inventory\html\images\np_generic_mechanical_D.png	28304	63F2301DEBB5E5D331D6D1D07EFF67AE1D054AC559A0C5C928A39B199E0107F9
C:\script_ver\quarantine\under-review\qb-inventory\html\images\np_generic_mechanical_M.png	27863	9E93157039DFACAF26C5B2B9C66311F940106E5043BF0075A2F67EB3C678E358
C:\script_ver\quarantine\under-review\qb-inventory\html\images\np_generic_mechanical_S.png	28839	E7B60F4C95A20EEDB7B041B007956B6B9F85D1249BC2E98AB5D08D107820169B
C:\script_ver\quarantine\under-review\qb-inventory\html\images\np_generic_mechanical_X.png	29031	7CF92B787A78B3B05A7B4B91A6A503C2B9BBB0DD13E9E1457BAA8CF6579DFF2A
C:\script_ver\quarantine\under-review\qb-inventory\html\images\np_gepard.png	18473	F87F322F46892E5B739FF8EDF9217233C45475AB58F0C7D8FEDAABFDF1F69481
C:\script_ver\quarantine\under-review\qb-inventory\html\images\np_glass-bottle.png	6451	07F3933BC0135FA382A0F1C77C22A4B6AC81BC2B5645492C904595033607B47B
C:\script_ver\quarantine\under-review\qb-inventory\html\images\np_glass-of-beer.png	5807	ED28DAF70E8E7DD450C7EB0105289F1066FDCA9F7CF623D450443ABF601658AA
C:\script_ver\quarantine\under-review\qb-inventory\html\images\np_glass-of-whiskey.png	6021	137F9C15E431C18395D822106B3AFFC6CC0BEED767CBDF1470DA596151FF3324
C:\script_ver\quarantine\under-review\qb-inventory\html\images\np_glass-wine.png	4036	B4EA36669F1CFB94929245B7EC53D630F66EFC696BEA5551B257B1FDDC565403
C:\script_ver\quarantine\under-review\qb-inventory\html\images\np_glass.png	8562	D488FA8E4F2125E87D2E15CCC307E5DF411D26917EB59FDEFF0DC357D5BA58D0
C:\script_ver\quarantine\under-review\qb-inventory\html\images\np_glock.png	8576	F19DE9253CB4307CC96F02804B7D0C56FDB10A095DDB72D0446714969D44AECA
C:\script_ver\quarantine\under-review\qb-inventory\html\images\np_glock18c.png	18944	B0666C91980EEC0E3270404F8E8AAA49E3C29DD6E93B06950D8E8F2778926220
C:\script_ver\quarantine\under-review\qb-inventory\html\images\np_glowing-substance.png	6334	4A73DC20A554E423C1452B0ED7B8FE9407BFBE05CA3E67A055C1B60917CA4E08
C:\script_ver\quarantine\under-review\qb-inventory\html\images\np_glucose.png	26293	4BEC3A968517219414EDF8A439165C2871172C00DE3A98F14722ADBE90E90133
C:\script_ver\quarantine\under-review\qb-inventory\html\images\np_gold-bar.png	7544	56A6E71EA50ABD52179A9B6A0C316100A54EF7F94B1584BE56D38B4F8F4E11AD
C:\script_ver\quarantine\under-review\qb-inventory\html\images\np_gold-chip.png	9097	747C444821B10B4B8742984E966EBAE93F0995F51BEEE8051F26E99FF8DC09AA
C:\script_ver\quarantine\under-review\qb-inventory\html\images\np_gold-coin.png	10196	8EAAE7646885EA3BEB8AE950182C10E367B33A5961B53B94590846AC8665DD2B
C:\script_ver\quarantine\under-review\qb-inventory\html\images\np_gold-record.png	9196	2171F93E8E1BF8ECFC54019758D16FE07D01E61A5B1AA711DDB0228F7BE6CEE2
C:\script_ver\quarantine\under-review\qb-inventory\html\images\np_golden-ticket.png	13879	C391A2E1E3151A43B99F460153971647E505E5F96DF83AB19A3068526B2165ED
C:\script_ver\quarantine\under-review\qb-inventory\html\images\np_golfclub.png	4337	20B2D3D5F9545FB8AAB935F8031BC83081155FE304E97F67C22573DF4FBE9D87
C:\script_ver\quarantine\under-review\qb-inventory\html\images\np_golf_ball_orange.png	13717	A96109F0601E588A9A85FE726C826EB0AD97053F03D547A4FCE2EF61E7CC234C
C:\script_ver\quarantine\under-review\qb-inventory\html\images\np_golf_ball_pack.png	15068	A9B88376DF755963AE0A126A42D0B9E9CA8393C0E2CCB5EE5D68815AFA548C19
C:\script_ver\quarantine\under-review\qb-inventory\html\images\np_golf_ball_pack_o.png	14829	AFB058B0F2334335C0ABF287CBDD8D2DE2B619ABFAC6E8E454D0AA3D15D5F817
C:\script_ver\quarantine\under-review\qb-inventory\html\images\np_golf_ball_pack_p.png	14863	3E168452C65C3862221E6DBFA406CFBE959DB69D13ACA3A42AF39765DEFBB1A6
C:\script_ver\quarantine\under-review\qb-inventory\html\images\np_golf_ball_pack_y.png	14887	0D48BB818E3117BE2FF679CA623603B1375C55AAF27CD6EAA85FFA0C8D3A6695
C:\script_ver\quarantine\under-review\qb-inventory\html\images\np_golf_ball_pink.png	13658	761759E56EC98B1353D982056B7823C7E258523D3D82DB878D2AC319732FE3B3
C:\script_ver\quarantine\under-review\qb-inventory\html\images\np_golf_ball_white.png	13630	418F61AF7DC1E45B9321C703C4C36B6C39441F67862CD82B07A57EF5D9286C93
C:\script_ver\quarantine\under-review\qb-inventory\html\images\np_golf_ball_yellow.png	13575	78FA2E6F0F78F2A0C478944433AE24FC385798A21F2B08B86731C923CEF8047B
C:\script_ver\quarantine\under-review\qb-inventory\html\images\np_golf_driver.png	19821	47F7D8403AC28F32261C0327556B430C9C8BD4869909D62ED4F01E1E0202B0BA
C:\script_ver\quarantine\under-review\qb-inventory\html\images\np_golf_iron.png	21827	03FAF780A63872A9D7A318FB445C0403B59F5D6C2AFEA1334439D82E8FE983B2
C:\script_ver\quarantine\under-review\qb-inventory\html\images\np_golf_pitcher.png	21385	C22E9CEEEA8668C11D21E0CD8D0BE805B2D94A192577CEB854B279A1CD8CC0CB
C:\script_ver\quarantine\under-review\qb-inventory\html\images\np_golf_putter.png	19939	9924136816FE067151F8707BAE4ED8EA6612F81AAC69F61C199C2ACD7E3400FD
C:\script_ver\quarantine\under-review\qb-inventory\html\images\np_golf_tee.png	8933	7060E247E09143D1AE45CAE59052E28738CFE9BDFFF330F4F8F4BE795E4CB06D
C:\script_ver\quarantine\under-review\qb-inventory\html\images\np_golf_wood.png	10934	F6A3B2D853A188CCF39211DAA95C1C13BCC53DD4C1C58D27563015A18761E68F
C:\script_ver\quarantine\under-review\qb-inventory\html\images\np_gps_locator.png	11682	2F9456E3CD8AA81C731E661830B161C8D88E575C5DE46140C43F2E226355FA15
C:\script_ver\quarantine\under-review\qb-inventory\html\images\np_gps_tracker.png	9067	2FC825A0873DAD85A23654E12F4004A6F799633B443A9369E19BCB1DD7D12A49
C:\script_ver\quarantine\under-review\qb-inventory\html\images\np_gpu.png	11152	64BB3C110B3EB578F39955FC1931CA9E9EBB98B516F8E9CCF68FE0B67782D62A
C:\script_ver\quarantine\under-review\qb-inventory\html\images\np_grain.png	14912	AA9993CF30B8C7A72AEF41F5CC054ACC7D6F5B0E276AACBB1B40CEF72C2764A3
C:\script_ver\quarantine\under-review\qb-inventory\html\images\np_grand-tete-mince.png	8661	ECF49F23CE2497281CAD6C49DCDC59DC6538DB65891E26734329E08130B79BDF
C:\script_ver\quarantine\under-review\qb-inventory\html\images\np_grapes.png	8753	C5CD46558CA2AD1B60B1CD45E49FC4F879B376F2CA7F8E8E0BB67F585785CDC6
C:\script_ver\quarantine\under-review\qb-inventory\html\images\np_grape_barrel.png	11643	E43300B7D03C442D45456CD895963D20C2B7675D8855D271D0A4231AB34BBEA4
C:\script_ver\quarantine\under-review\qb-inventory\html\images\np_grapple.png	2473	4C5F36C4C563E59021DE2C1C30026F2B56CF9C3BFF8C7C9F279FB155C00A12AE
C:\script_ver\quarantine\under-review\qb-inventory\html\images\np_greek-bust.png	8075	3B1B49413DB932CCA0BE837C524D10E4E9BF9A6C732437CF0525D2670EAD73B9
C:\script_ver\quarantine\under-review\qb-inventory\html\images\np_green-bandana.png	6785	249AFB760D587F1EA3095BECBA1DB8A385A5DE1743B3B74088099167CB96E8E6
C:\script_ver\quarantine\under-review\qb-inventory\html\images\np_green-belt.png	6341	68DB8874EA39D38300D4A013A5A7227D2231D9F4DB24D8E5419422B67208246E
C:\script_ver\quarantine\under-review\qb-inventory\html\images\np_green-chip.png	8651	22928F214EB8023C109627604D5F8169F19B2B150D9EB62C673F505FB9AA0168
C:\script_ver\quarantine\under-review\qb-inventory\html\images\np_green-cow.png	5491	0ECD09240AD8080BB231333BF494FD07C8F4AD314A6671AA3C5BFF07A5AEF27B
C:\script_ver\quarantine\under-review\qb-inventory\html\images\np_grenade-launcher.png	8835	DB531F5E27DED3F8442A71F07B148A29ABFE5B130371ACECD1C1A174491E0CAD
C:\script_ver\quarantine\under-review\qb-inventory\html\images\np_grenade.png	15272	D194FC2BAD83E24EEA842340038591C19D2A1AC0423AF4A32D2EDAB2843FD4D8
C:\script_ver\quarantine\under-review\qb-inventory\html\images\np_groza.png	17570	DD4B7A0A25DCFF5541829212F686551932F89C7B201D4E6D04D3E1928BD29DA8
C:\script_ver\quarantine\under-review\qb-inventory\html\images\np_gsf-papers.png	16957	3047DEFAF1362751B1B39673086FE97C02E9C71A12C12B5CC636A46DAD644117
C:\script_ver\quarantine\under-review\qb-inventory\html\images\np_gsf_chain.png	12202	37CB01654E5C0B1D52F4A2EE3DE7035E1AB4D69AA6443D96C14CB6FFB5DDB6D6
C:\script_ver\quarantine\under-review\qb-inventory\html\images\np_guard.png	5393	BE8C29CB509705D8EC89348D90959EC1A19A895F5467C1175A3A114164CDAE12
C:\script_ver\quarantine\under-review\qb-inventory\html\images\np_gum.png	6568	36899EA8F1E9C42E2BE86CB10CD4F763705CFEB953A7546C9BF41395B3B09066
C:\script_ver\quarantine\under-review\qb-inventory\html\images\np_gusenberg.png	7951	E3123E9965436A83D54B31652EBE8DDC7CB4F8EFB5B0B52EAE695798E2EC2003
C:\script_ver\quarantine\under-review\qb-inventory\html\images\np_hacking_device.png	22976	FDDC1BC84BEC21B7006C217BE39B0A8E1580CFF1B49FA954BB151ACCCCAFB73E
C:\script_ver\quarantine\under-review\qb-inventory\html\images\np_hair-tonic.png	8115	5146E7A8137D6ACCC059A496DA7DA5296A395997AC5CD083EE4FE70A899ED75E
C:\script_ver\quarantine\under-review\qb-inventory\html\images\np_hairspray.png	14218	6F0F43EA64D39DDEA88B67A72B39DA9DDBB11A07ADC53360B38518BB68141920
C:\script_ver\quarantine\under-review\qb-inventory\html\images\np_hairtie.png	9143	99DDB4048D20B485ACCDA5E870CCB66F4FE033F77801117DA6A22E4A15CD9F1D
C:\script_ver\quarantine\under-review\qb-inventory\html\images\np_hamburger.png	8437	7A4A1EEBE1DAECB4714A6294591B93B0DC8408023E414A415AD7A2EF5CC677DE
C:\script_ver\quarantine\under-review\qb-inventory\html\images\np_hammer.png	4845	286B4375240050173ADD83EE688AEF75CBEEDDC017CB35F3D88C8F7ED6910C08
C:\script_ver\quarantine\under-review\qb-inventory\html\images\np_hand-cuffs.png	8258	E585F36FBB6737B0BA8F90B29F8BA095671DB800F348C318170400465AF75652
C:\script_ver\quarantine\under-review\qb-inventory\html\images\np_hand-lotion.png	5753	360B2B3FB088798F8B645DFDF1D8FC3EF2F5851864A0FB29324383BF47C26829
C:\script_ver\quarantine\under-review\qb-inventory\html\images\np_harness.png	15681	CBA3E5C09B9ED27EA8B2E28026440FDDFE6E8EC8CFA044FAAF9B78A308F701AB
C:\script_ver\quarantine\under-review\qb-inventory\html\images\np_hat.png	5495	8009797595A047BF05B20E2F2E1AD8B2F9D91503AC1608FA95F008AC2F527016
C:\script_ver\quarantine\under-review\qb-inventory\html\images\np_hatchet.png	6318	980AA80790CE3D5AF747016A5691C197F98B5A5BCD9C24DA4DDA79F629F08781
C:\script_ver\quarantine\under-review\qb-inventory\html\images\np_headlights.png	12198	79A82AB73A3F8633EE4BD8F1EB3F8E63C7638476C29C29FA9AB5E7A425251FF3
C:\script_ver\quarantine\under-review\qb-inventory\html\images\np_headphones.png	9706	5BD2DD5A0337E41DCCABE2851DCDFE9F3E27A9C71AB004049AC425B0ECCB4145
C:\script_ver\quarantine\under-review\qb-inventory\html\images\np_headset3.png	13286	9A70C95D0C751572FE662BC2784B4F7CF3091F3A9FB20CBE0F71907D6F4B292A
C:\script_ver\quarantine\under-review\qb-inventory\html\images\np_heavy-cutters.png	8555	ED3215DC8EA58C3AEE6B921394BB879CC571721651ECD569CD8C94244D8E35D6
C:\script_ver\quarantine\under-review\qb-inventory\html\images\np_heavy-duty-drill.png	10948	F5927EE955A442922F503BA2F1914E076CEB8B02F458931B9D9DFB0CD645F7CE
C:\script_ver\quarantine\under-review\qb-inventory\html\images\np_heavy-pistol.png	15012	8C9560572E1728CAC5E4811767CDCE675EB73F4A062B58E72D9EABBC47CC1BD0
C:\script_ver\quarantine\under-review\qb-inventory\html\images\np_heavy-revolver.png	8341	2BE046AE1C67267E30C8CF76603B38AC74647597D72B7D6503BAE3A02769B6A2
C:\script_ver\quarantine\under-review\qb-inventory\html\images\np_heavy-shotgun.png	6812	C5359763AA77666997414BEA9B4AA65F010D656880A8514D543F30C3DEC439F0
C:\script_ver\quarantine\under-review\qb-inventory\html\images\np_heavy-sniper.png	10130	64368ABB5F25849D510CB469C4EB01BCF4FCED2DC5F565540B9FAF33CE57BE43
C:\script_ver\quarantine\under-review\qb-inventory\html\images\np_heirloom.png	15738	DE3CFD6636465749A37084AFF69C982D03E917699B8355575C5B6F517C494BC5
C:\script_ver\quarantine\under-review\qb-inventory\html\images\np_heist_pad_blue.png	8514	1A205855BB66CA59ED7E46ACA810B0E9AFD4332F504685607FCCCA43557D1EF1
C:\script_ver\quarantine\under-review\qb-inventory\html\images\np_heist_usb_black.png	9099	37BED0DEECC4884D0724A52A4B720EE1B664EA978F53949A52C86E02BA1D8D59
C:\script_ver\quarantine\under-review\qb-inventory\html\images\np_heist_usb_blue.png	13974	5D4B1A6916E4D97FD33DF00FF242E0E276FDD3F2669E893EC9BC8C99216C5FF4
C:\script_ver\quarantine\under-review\qb-inventory\html\images\np_heist_usb_gold.png	14104	D3E49412E4227E780DD96DA23E0F678B1E65C4D547AF5E74C9E5B7353282F52B
C:\script_ver\quarantine\under-review\qb-inventory\html\images\np_heist_usb_green.png	13981	ECBAE99D0F89501AD1CE7A66D4AF3274962FE04D8C6E615953F713AEE52CB5E6
C:\script_ver\quarantine\under-review\qb-inventory\html\images\np_heist_usb_pink.png	14038	E286E322D1CCDDE4C05348571A24080910CE0EA4D75B7B8EF84B13A010BF078A
C:\script_ver\quarantine\under-review\qb-inventory\html\images\np_heist_usb_red.png	14142	E4DB13058F77DF542B91B98FD81B9505A6622DECD46533DEAE94ECD18638D776
C:\script_ver\quarantine\under-review\qb-inventory\html\images\np_helicopter_repair_kit.png	18054	6D387760B681C6AA70E342F69C0801F140273EFD0234931C5BFA16C5B0062D9F
C:\script_ver\quarantine\under-review\qb-inventory\html\images\np_heroinbrick.png	11091	964D2B79BEAAC6783C817D6A61F55BC0332C2EACC4C3BF78E25E386ADCAD639D
C:\script_ver\quarantine\under-review\qb-inventory\html\images\np_heroin_syringe.png	12948	06C6CC61B3F3EDAAB10803D5043DE33EF8DB47D6DE68BF7B57873DD5C0174000
C:\script_ver\quarantine\under-review\qb-inventory\html\images\np_hf_certificate.png	18015	A90268E22F50A36F9E2DA4C03671FF3A444BB5B1C8D0E792D0A83074788C4434
C:\script_ver\quarantine\under-review\qb-inventory\html\images\np_high-quality-scales.png	7915	5A0C8D4F2DF7EA6DF5EB82C28D93294C409A807AEF488C86FB78BBD2A31E0A7E
C:\script_ver\quarantine\under-review\qb-inventory\html\images\np_hoa_cap.png	15778	ACB5A74E3BB85478C3AA064F729A9A4215A56890E4CA96B5AAB81F3E9E52AA7B
C:\script_ver\quarantine\under-review\qb-inventory\html\images\np_hobonickel1.png	17272	8BF8D4DC9004BDC50109B85B0108CF8F9C5F9234BE012689B56A58D1FD1999F7
C:\script_ver\quarantine\under-review\qb-inventory\html\images\np_hobonickel2.png	17879	6D29A9D4AB5A3BCE01A537B4CAA92664266BECA56F6C0B37812DF05254914CF4
C:\script_ver\quarantine\under-review\qb-inventory\html\images\np_hobonickel3.png	17988	BB74ECC381CBB4D37FF78D3FA6273C81D0E1CD2205DA780613420FA205511EDD
C:\script_ver\quarantine\under-review\qb-inventory\html\images\np_hoe.png	5110	9B367545098950C088ADF781940D7898C87B6A7D82118F3F24BC451A08C1377B
C:\script_ver\quarantine\under-review\qb-inventory\html\images\np_holy-book.png	9885	08F430229C2A7B52767171DA063371E54A475EC0EB03458652CE408D0B3F5A94
C:\script_ver\quarantine\under-review\qb-inventory\html\images\np_holy-hummus.png	15781	F837DB0D4029BA7038A94F1FDC5F3431D552CC66558797C7E3D294C2B6263192
C:\script_ver\quarantine\under-review\qb-inventory\html\images\np_homemade.png	27330	1B647B9FA64FE672826033DC2C8B01B939DBD163DCC2818D1C21C8BC4A26290E
C:\script_ver\quarantine\under-review\qb-inventory\html\images\np_homemadelockpick.png	4437	412565A0F07A8EE8A7A52DEB15CA645059C27E03AC866A396AE02CD3E64B214B
C:\script_ver\quarantine\under-review\qb-inventory\html\images\np_homing-launcher.png	8497	2160A1AB4DB5754C8E2E16CC237B47AA744A38904B26A0DCB7074A0BFBC2B08F
C:\script_ver\quarantine\under-review\qb-inventory\html\images\np_honest_wine.png	20824	B9175024C998BE293C708F1FB778CBC2445C58FCB6D4BA998952143BD70910E0
C:\script_ver\quarantine\under-review\qb-inventory\html\images\np_honest_wine_box.png	16457	53483E28DC7170C0744B345B20C2B3ABC21A2D769A851A37AB9ED5A1D0CB48F3
C:\script_ver\quarantine\under-review\qb-inventory\html\images\np_honey.png	11196	C33FA1E60C98AE6FEAE8557B15572861FF832EBACDA5ACD8851E0841D326F88D
C:\script_ver\quarantine\under-review\qb-inventory\html\images\np_horchata.png	6706	98CB4911257B89824A4D152AA6AF16AB5DD01A613A37888236EEC690B601B418
C:\script_ver\quarantine\under-review\qb-inventory\html\images\np_hotdog.png	9314	E8C9332B66FB0D8AD152A2688FEB1DC5187FFCD5B416CCF5412F7922075922CC
C:\script_ver\quarantine\under-review\qb-inventory\html\images\np_housesafe.png	10739	62662EEADA4D5FEB92389DD520C8C409A21C2D47DA57802EB0CB594FDED19E48
C:\script_ver\quarantine\under-review\qb-inventory\html\images\np_hqparts.png	8436	5FC3CB5F6FBCDA7D230484D3A1D6D5099F9379CA578938C1F3DC35BC65185A5F
C:\script_ver\quarantine\under-review\qb-inventory\html\images\np_humanarm.png	13577	8B4766847DCC41C9B7A964CB5CECEA611260D2494559E90626720985C43C02CF
C:\script_ver\quarantine\under-review\qb-inventory\html\images\np_humanbody.png	17164	4D1CBBB29C00605D5637104289C23236A3B456750D806A8570844D9D7FA4E79A
C:\script_ver\quarantine\under-review\qb-inventory\html\images\np_humanbone.png	13882	7AB30AC28BDC6A788227A774F313F034D162E5DBD6559AC806E5C7DFEC677F40
C:\script_ver\quarantine\under-review\qb-inventory\html\images\np_humanbones.png	15238	607336F3072F33199E0EAFFBAFFFD27D8F6AAFCDEE8066B8E6B964FA092BC8A9
C:\script_ver\quarantine\under-review\qb-inventory\html\images\np_humanbrain.png	16342	C59F7E3FC9DA8406026C8D61F4A986A8D64FB58647BB35F11FFD2939B10E1A4D
C:\script_ver\quarantine\under-review\qb-inventory\html\images\np_humanear.png	10540	6D4457EAEE6B70E3DA42DE2AEEF06E6EDD36784C6AA7878BA0BE2E4E3FA514DB
C:\script_ver\quarantine\under-review\qb-inventory\html\images\np_humaneye.png	13741	28C3712274BFE81EE48F4E0EFCA693A01073E9FD2303309A2CEFA4215C7EE56D
C:\script_ver\quarantine\under-review\qb-inventory\html\images\np_humanfinger.png	14989	BBE7BE33314359DF81352589C455448B24A1F60C73CB8FF407AB6A205F1A6938
C:\script_ver\quarantine\under-review\qb-inventory\html\images\np_humanhand.png	15532	D67567577B03EA709A30F70634F1448FA4F92C345B16566BEE074C75F4DC298A
C:\script_ver\quarantine\under-review\qb-inventory\html\images\np_humanhead.png	15275	F9024DC124D18EACFAFC96574D369E10090B45F6B4CED4A59B74BBC8FCB4D7BC
C:\script_ver\quarantine\under-review\qb-inventory\html\images\np_humanheart.png	11548	26F48815C2CBE306A5EF1AB532161294D367C9BFCEA2E675834CFD6E140A370F
C:\script_ver\quarantine\under-review\qb-inventory\html\images\np_humanintestines.png	18018	BDB1AB5DA2718DDDE0D208DC2B9A415A186190538233C86C04EDC77700447141
C:\script_ver\quarantine\under-review\qb-inventory\html\images\np_humankidney.png	15532	6EBFCC8A4A915C03BA9E9D570C27743327BC7348346131C7FFB2DEB76DBC01D9
C:\script_ver\quarantine\under-review\qb-inventory\html\images\np_humanleg.png	13213	6DD3D0556279F248D3786B9CF0064EE6BC8CEDC634A379BEE67EF920FD611E96
C:\script_ver\quarantine\under-review\qb-inventory\html\images\np_humanliver.png	15395	B0D6CAAA090C7AA97D347A4D7B7DB6E03F143B3831D6870A294E52C58AF177B5
C:\script_ver\quarantine\under-review\qb-inventory\html\images\np_humanlungs.png	14960	EAB073E048AB0A53F852390C9AED1358CF4E92CDFFE22165AC6E0761E8670BBB
C:\script_ver\quarantine\under-review\qb-inventory\html\images\np_humannail.png	11514	C07C052A5576BB197717AA4A9CF75E7F0D5FEF9371BB0632985F67E032824221
C:\script_ver\quarantine\under-review\qb-inventory\html\images\np_humanpancreas.png	12682	BAC69A5A7F2BD830DF663ABB1B15EA6DFCFD8DC1B3554DBEBE0F8119F2E3D2C1
C:\script_ver\quarantine\under-review\qb-inventory\html\images\np_humanskull.png	15567	7AF424DCDAE5390AADC6EB1626795457B0FBEF6F10BFC8C4008C2C11A47394F7
C:\script_ver\quarantine\under-review\qb-inventory\html\images\np_humantongue.png	12084	E3107E89C5788D55CE1AA7310D7FBCB925E7F6257D119C95BF2EAD3093783A77
C:\script_ver\quarantine\under-review\qb-inventory\html\images\np_humantooth.png	12306	61D1336DCD2CA4064DDB849C0E7BEBF402ACD306EC37FF44CF8987D5220A7003
C:\script_ver\quarantine\under-review\qb-inventory\html\images\np_humantorso.png	15778	4601FA13D71257A05B8F8BB8A0ECFB02F781F90528A61ECE6C33A45C8D30D81D
C:\script_ver\quarantine\under-review\qb-inventory\html\images\np_huntingbait.png	21003	2644DF27B6FEC889D35F0C8981A29375A07AD6FCC2526D066317237BD9DDD74B
C:\script_ver\quarantine\under-review\qb-inventory\html\images\np_huntingcarcass1.png	13595	F36FE9545A5592D813D558BCF81243D8376EA1A920687EF995B8EFBBF2D1EA0F
C:\script_ver\quarantine\under-review\qb-inventory\html\images\np_huntingcarcass2.png	13565	0D1491987E7B56CD0C22BF32B3F671EFE72F0ABD23AD32AAEDEA1664A8858770
C:\script_ver\quarantine\under-review\qb-inventory\html\images\np_huntingcarcass3.png	13039	4AAC718CBE9A60AC0FF91C0D8AA7F23A2CC50658BC5FFFFD407B23FDE197D9E8
C:\script_ver\quarantine\under-review\qb-inventory\html\images\np_huntingcarcass4.png	12838	2399F0A56EDE6C114A1E9C387306597641FB3EED135FF322C47C17A5546F8963
C:\script_ver\quarantine\under-review\qb-inventory\html\images\np_huntingknife.png	9021	49D9BD5EB776B8C03DE5214D9759D42209535382A31FB549DF2AD09CF49C2781
C:\script_ver\quarantine\under-review\qb-inventory\html\images\np_huntingpelt.png	11283	42BBD0B6242C777AA9775F893D60A63DE1CB50F5B10E67209A7DE465A8EF4C41
C:\script_ver\quarantine\under-review\qb-inventory\html\images\np_huntingrifle.png	8857	F1553E84C464414C3F39C1889A8F7462320CF3225E5397CB8B4B43F898150496
C:\script_ver\quarantine\under-review\qb-inventory\html\images\np_ibuprofen.png	5860	4E0F84E2D16C78164008976ABF1CF4D71E6FC690830928DB6A17A628ADDCDBC1
C:\script_ver\quarantine\under-review\qb-inventory\html\images\np_icecream.png	20259	2328A7383D1557DF660FCC01374572C692A0665BAE81A1A74DF291AB49299BCE
C:\script_ver\quarantine\under-review\qb-inventory\html\images\np_illegal_hook.png	11072	71F64388A2A9A5B9A2D9AD0209DF9392780F36BD05160D3E76EB202B61CEF664
C:\script_ver\quarantine\under-review\qb-inventory\html\images\np_ingredients.png	22292	8CB72B43B2513AF46E52A52AAB8AFAFD58EAF5D2A721B28F2146E5780F8CDA54
C:\script_ver\quarantine\under-review\qb-inventory\html\images\np_ingredients_buns.png	11572	8B42B75E1808B33F1BBD5722E24AE62D6388A220127FC9A44F650E7FB4BD310D
C:\script_ver\quarantine\under-review\qb-inventory\html\images\np_ingredients_cabbage.png	11382	97551D77338231418111D9F4F20631311E4AB3B95FD9B7C4413C4B7942976621
C:\script_ver\quarantine\under-review\qb-inventory\html\images\np_ingredients_carrot.png	18242	BC093B6E3F58467B557CB6C279669571C1C58613A3925C0E828D33379C9A0214
C:\script_ver\quarantine\under-review\qb-inventory\html\images\np_ingredients_cheese.png	9572	E1A2CD496BB78C401879F78BE3E282C6AAC7584F2F9966CD0BA759E418B5365B
C:\script_ver\quarantine\under-review\qb-inventory\html\images\np_ingredients_chives.png	16296	1B78FE79068E06A43A279C06D5FAFD21D1675953C410F5A40B225025D8B7683D
C:\script_ver\quarantine\under-review\qb-inventory\html\images\np_ingredients_coffeebeans.png	14469	4FC15B7837E8F378D4ACB0B46A9ED748CB8371067FF219727E1C18692C5870AB
C:\script_ver\quarantine\under-review\qb-inventory\html\images\np_ingredients_cucumber.png	4374	B3390BF8A8BCD64831590C5A8FF7DB0AE8D8734C0A9F6529FBEFD713F219B60B
C:\script_ver\quarantine\under-review\qb-inventory\html\images\np_ingredients_garlic.png	15229	1C23E0EC46B54AD3F48F6A486419927311601B462469E3D15FAA6743C9FABCCC
C:\script_ver\quarantine\under-review\qb-inventory\html\images\np_ingredients_hfcs.png	10315	4312E1491605DBEF7953822F2D6EC453A93FD28A821400D6890D7A79A9DE8C4F
C:\script_ver\quarantine\under-review\qb-inventory\html\images\np_ingredients_icecream.png	9384	AF808AA9EB6DC292533DBD5BDB61BBB9D076C776E80FE1DC054D8908AFB8296B
C:\script_ver\quarantine\under-review\qb-inventory\html\images\np_ingredients_lettuce.png	13302	3C1EB3166F0F640E0ADF15D8052ABA7669268468288AFB7B3C07F7FF4B0A842A
C:\script_ver\quarantine\under-review\qb-inventory\html\images\np_ingredients_milk.png	9633	73A5E17618A53C952E15799947A9B225F36C982F6800A233D7D91B6050CD3448
C:\script_ver\quarantine\under-review\qb-inventory\html\images\np_ingredients_mushrooms.png	17719	635238F75711E357BAF65DD7BD04125D8D2E80595184EAE9B963C1F11DF07A55
C:\script_ver\quarantine\under-review\qb-inventory\html\images\np_ingredients_oregano.png	17065	2ECF91B3A2EC1F5065CF0581DA0942F69416CAD9E7189B8126E28E49755492AA
C:\script_ver\quarantine\under-review\qb-inventory\html\images\np_ingredients_patty.png	10341	9CC48200773CABCA9D7677027FCCE997052F68F450CF90BEBBFD560414450813
C:\script_ver\quarantine\under-review\qb-inventory\html\images\np_ingredients_patty_raw.png	10134	F3A12088BAFA0F1563C536B5B2007929265FC46E88F82B2A6AB93F9A4AB70E06
C:\script_ver\quarantine\under-review\qb-inventory\html\images\np_ingredients_potato.png	5117	AC791CE4B365E0E2FB3C9B8BB2CE21A4EFEE78B586E4122BB40EE309B31D73B3
C:\script_ver\quarantine\under-review\qb-inventory\html\images\np_ingredients_pumpkin.png	19112	E319A962B205BB4144FFF87FEC559B1D637D2B9712656744DDA95966803A9628
C:\script_ver\quarantine\under-review\qb-inventory\html\images\np_ingredients_tomato.png	15539	C2F166D7ECCEFDFFC0140C122378DEDB4489ACBEE99BF6811286994CC9F3F014
C:\script_ver\quarantine\under-review\qb-inventory\html\images\np_inked-money-bag.png	16631	C0B84C3547EAB5EE27B9D4F184507744CC7B3020F24DD8B7B6AD52E318B2431A
C:\script_ver\quarantine\under-review\qb-inventory\html\images\np_intercontinental-belt.png	10825	A20DF6096136EC57D207C5BEE4B5BA45F0E67DEDE603158CF9C5DA19F71CD45B
C:\script_ver\quarantine\under-review\qb-inventory\html\images\np_iron-oxide.png	9714	11F427228ACD7687592424305BA18594D57DE6CA4ADA3D5E6E97DF9B762AD3F1
C:\script_ver\quarantine\under-review\qb-inventory\html\images\np_izh81.png	16533	A727DD78138FB97082E2B4039A8D6C9A6DDE36E134DAD4BB6254316C2CEDD05D
C:\script_ver\quarantine\under-review\qb-inventory\html\images\np_jadeite-stone.png	4766	F533FDA239F436E581BD95B592A8AB0C24418A9F003607CB1D790FE89D94309B
C:\script_ver\quarantine\under-review\qb-inventory\html\images\np_jaildrink.png	6867	584B820165E63BD1D577E51FCA5422ABC4666CB05571D065694A43A9A64A4E19
C:\script_ver\quarantine\under-review\qb-inventory\html\images\np_jailfood.png	25050	B61A850E5C0D8C4972CDC8D10CB57A2D6665559D1BE33ABEFB31D0A56D5198B5
C:\script_ver\quarantine\under-review\qb-inventory\html\images\np_jar-of-moonshine.png	7551	9A4DB0B3472144E24F4B05C69DA452448609849ACD388279688E2982EA17F95C
C:\script_ver\quarantine\under-review\qb-inventory\html\images\np_jewelry_part.png	6599	5BB93DB71748F2034D8C15D4418E9E036E08B084E37E1E638076AE27360059E3
C:\script_ver\quarantine\under-review\qb-inventory\html\images\np_joint.png	21570	0FF259B12483795FD1E49B6A8CEEF1375F6688AF2C320557A4AE83C7DA7E11FA
C:\script_ver\quarantine\under-review\qb-inventory\html\images\np_joker.png	7140	95D70ABC249AFB5A098E1E90AC1303440463FEDC3CA320DDCACF89B1665AD2F5
C:\script_ver\quarantine\under-review\qb-inventory\html\images\np_karambit.png	11659	F80C970AEC7050BB8E2C4C976E117BB60B0698E67D2B1B313CA40548B4E3634D
C:\script_ver\quarantine\under-review\qb-inventory\html\images\np_karambit_case.png	14872	D2A126740046F343B054813A577DBCE0B82CC5AD41DDC82491D7E6324260BCEC
C:\script_ver\quarantine\under-review\qb-inventory\html\images\np_katana.png	9588	57911A47BEFEF95219384B7A150BBDE69D6E0D086FA0FB9F63F8D86424204BD4
C:\script_ver\quarantine\under-review\qb-inventory\html\images\np_ketamine_baggie.png	6637	558F6652D353166DE6F1BEE879516D765B639D75FD473769BA004301531220E0
C:\script_ver\quarantine\under-review\qb-inventory\html\images\np_ketamine_baggie_u.png	6301	A5E43FBD162F140EDFE476A9C0B3CAEFABE0490473DA98A7D8C0317D51426F4D
C:\script_ver\quarantine\under-review\qb-inventory\html\images\np_ketamine_powder.png	6341	3B38CE4F1A675E50AFC9C4FD3C82A69E707B24ECA7C78510091D56FC73DD5C6C
C:\script_ver\quarantine\under-review\qb-inventory\html\images\np_key1.png	6837	DE66D86068417B1DAD4FD913BEB4C278AD25521B8076A878DE63D80246F84256
C:\script_ver\quarantine\under-review\qb-inventory\html\images\np_key2.png	6812	3C23378C644272EE4F184DFE96F043D91107CBDBB8322DFE7866C209C4A8A67D
C:\script_ver\quarantine\under-review\qb-inventory\html\images\np_key3.png	6853	199103498E2B0312F58303BB20870528F9D8CA0067FA1BCDA413B8D09B579373
C:\script_ver\quarantine\under-review\qb-inventory\html\images\np_keya.png	6846	66D4AD76CF3900834EBEBA7C7D7EB7C44E3D1059872F0D67C69A18F0030D1165
C:\script_ver\quarantine\under-review\qb-inventory\html\images\np_keyb.png	7026	61575EBF5BC93752E588EFEA36921ABDC90DF0E90A3C1B75495A0DA2015E7D26
C:\script_ver\quarantine\under-review\qb-inventory\html\images\np_keyboard.png	17945	15C0FE3D65B979AAF691789FF8721D4E5BE62A6487EFA96253D8726D821479E9
C:\script_ver\quarantine\under-review\qb-inventory\html\images\np_keyc.png	7279	8C36FB287333234222851DA6CE06EE20423664DB6D870567AE05B92E72172EE2
C:\script_ver\quarantine\under-review\qb-inventory\html\images\np_keyfob.png	9221	6AD568A56A0CBB1825BA4F18DB9A73C43BE305118B2C47DB264908ABAF1542F8
C:\script_ver\quarantine\under-review\qb-inventory\html\images\np_kiwi.png	11950	B057573EBED9D116058FEE0EED61E0D02E20AF7028A5CBC4B31C6AA5120B9BB1
C:\script_ver\quarantine\under-review\qb-inventory\html\images\np_knife.png	4413	0646E1736A4C5DCD17C98CEEE2D683EDA86CD0647E925F54F75449B84220C9B2
C:\script_ver\quarantine\under-review\qb-inventory\html\images\np_knuckle-dusters.png	5900	2FB98A2CF3503DF02371B55CF7344E495155729C45038689849CA7DB8E2DC3C9
C:\script_ver\quarantine\under-review\qb-inventory\html\images\np_lambocube.png	16116	B123BB79217393BB6BAE45D5D1DD01BE9581A70DD04432C13A2D843F9F23F280
C:\script_ver\quarantine\under-review\qb-inventory\html\images\np_laptop01.png	8648	8F42669A91EF07E22AEF9FE7B0EBB76EE75497C76604313F3819F7BC365C7EBD
C:\script_ver\quarantine\under-review\qb-inventory\html\images\np_laptop02.png	9029	D90C31CA57386FE34D369149857DEB15E0551DAB06E6623F7C38A8A7ECB326BA
C:\script_ver\quarantine\under-review\qb-inventory\html\images\np_laptop03.png	9016	0D35E6658B1AB48DB978EA7608CD0FDC0F11CD6AACD0D043B37BC05846EE50E9
C:\script_ver\quarantine\under-review\qb-inventory\html\images\np_laptop04.png	9001	B959372D14813CB3312B73F322D1F94F51B7B5968795C01A509B2B08A59D11C8
C:\script_ver\quarantine\under-review\qb-inventory\html\images\np_laptop_prac.png	7965	79AE7C2C4DCAB91F357017DDE61FF00BAE045C9A51A7B260FB38BDA523B595F0
C:\script_ver\quarantine\under-review\qb-inventory\html\images\np_lard.png	40656	BDC87285294B26BEC62248E80C4BD8CB580C203E64D3D3F2475F632F159C4530
C:\script_ver\quarantine\under-review\qb-inventory\html\images\np_latte.png	6523	AB964E6587900F6016CFE098E9D83FE0A2BF5728D3A7D296613BE3A034B3A25E
C:\script_ver\quarantine\under-review\qb-inventory\html\images\np_laxative.png	13590	3308DA24B3ECC257331D536555FBEABCD3C489F9A06FB7B77C35FEF600DEC048
C:\script_ver\quarantine\under-review\qb-inventory\html\images\np_lb-papers.png	16819	491DBE308EBA1081160491310D93CC914672BF3A73580C6927605749C45C0988
C:\script_ver\quarantine\under-review\qb-inventory\html\images\np_lemon.png	8962	4F5E2C5FAC65D7DE6EE97160B608FBBB163C6EC4FEF4AE0C3352A5DEC2BE61EA
C:\script_ver\quarantine\under-review\qb-inventory\html\images\np_les-femmes-dalger.png	16774	6F6891D6492D29BEDA398DCCF4199F40C77597E95AF0F00ADB6F0D39B9C4F908
C:\script_ver\quarantine\under-review\qb-inventory\html\images\np_lessthanlethal.png	20284	D0C6A72336BAAB6AEEC7B1E5A4BF629C0E10BF34C94A34CE4AF3B8C94B8E82BD
C:\script_ver\quarantine\under-review\qb-inventory\html\images\np_letterbox.png	12454	8505FA6CD53163838BD314DCA2876F25EF21CBB4B7CB47AF3B0033212D52E010
C:\script_ver\quarantine\under-review\qb-inventory\html\images\np_lhomme-qui-marche.png	5512	E178D4A6790A208240A267E0A0AF846938E4BF8A45E4825B7B44530CC9A1C632
C:\script_ver\quarantine\under-review\qb-inventory\html\images\np_lighter.png	5980	1139539A88259577285C7362067D0215672DE0346F66A5295F2AF8DD2CE523A4
C:\script_ver\quarantine\under-review\qb-inventory\html\images\np_lime.png	8790	49C9460DD87D54750CB166EF9909B19E68901F9D94D8EDA8D257DAED566ABE00
C:\script_ver\quarantine\under-review\qb-inventory\html\images\np_little-clucker.png	8149	BE4ACA4C4DF89D7FCE188FD9A2C675DEB72A1ACACEEC477300A78F290E97DFAE
C:\script_ver\quarantine\under-review\qb-inventory\html\images\np_lmg-ammo.png	12630	1414FB70543D3FE85C3441F238CC477959A2C95CFB961A47ADFC6AEEE6174191
C:\script_ver\quarantine\under-review\qb-inventory\html\images\np_loadeddice.png	10464	70752B8C0B163CC3A93ADCAC99A9E5EF3C0C01DB462C57D0E198F8A5C1EBC73D
C:\script_ver\quarantine\under-review\qb-inventory\html\images\np_lockpick-set.png	8533	E2132D5E00CA93B09B88C460B2DE2C0E9BDEEF066B3C8911A3F462583D84E00B
C:\script_ver\quarantine\under-review\qb-inventory\html\images\np_logger-beer.png	5567	7877CBAE065023A6C9E088CEC657686E92C7DCAD393CBB4CC227CB08C97E5776
C:\script_ver\quarantine\under-review\qb-inventory\html\images\np_lost-cut.png	8898	95014E3D8A8B5D74C91CC277640C5C413C24E2544830E136A633D5497C5705A0
C:\script_ver\quarantine\under-review\qb-inventory\html\images\np_lost-papers.png	12895	D8ED5D7044C74F17EBC089D33242D27B6A7AE29E7F14F9462A7849AB54322570
C:\script_ver\quarantine\under-review\qb-inventory\html\images\np_ls-papers.png	15022	1F85AF520B91DBF867A37955D3B29BEB426451F24F1ED3B36D80B4E79ADA4489
C:\script_ver\quarantine\under-review\qb-inventory\html\images\np_lscope.png	20215	21CE832697CAA6301B29E66B9CCABA5D1B47F6EFE29EDC6640700CFD2FD33499
C:\script_ver\quarantine\under-review\qb-inventory\html\images\np_lsdtab.png	15496	4ACE3850492DADF3E6E1502A7EF485C4C0CB27236431609768372FED5EB692B3
C:\script_ver\quarantine\under-review\qb-inventory\html\images\np_lsilencer.png	6477	62555F5474C9CDFF6D94D18CB2BAF3971C71D479FA9DE5942739B894067B2E00
C:\script_ver\quarantine\under-review\qb-inventory\html\images\np_m24.png	13420	989CDD0E61C84B18673BA103F87560321B42AD640FA5007DC41ADF1B6578DA3B
C:\script_ver\quarantine\under-review\qb-inventory\html\images\np_m4.png	11441	092B99E002CD97CE0A323F3501BA42B72689C49F92CB2187A95451AD9E1D3C67
C:\script_ver\quarantine\under-review\qb-inventory\html\images\np_m70.png	11447	1C7CBA29285532BDB4B1F50D1BCDE67889687E825BB4E48E144814020D6D2A8E
C:\script_ver\quarantine\under-review\qb-inventory\html\images\np_machete.png	6176	E9CEC79130797FC663E7ED36C155D0A5B98FF4F129FDFF6C1FBCA13A69ED6D31
C:\script_ver\quarantine\under-review\qb-inventory\html\images\np_machine-pistol.png	8483	31C34CF6C31665EF40DB1B49E7BB4279A8F8D7805FB93E9DEB1D9FDC42E3AC97
C:\script_ver\quarantine\under-review\qb-inventory\html\images\np_macn-cheese.png	8507	2E28FEFB12F71366DBB50EB01FDDF3DAEFB2063467E3E57B56694A5288D0EAAD
C:\script_ver\quarantine\under-review\qb-inventory\html\images\np_madame-lr.png	7554	6E861A0DACF434E85690D026B9F0B8C3F7E4A348FFA3A7027C70E404995E3295
C:\script_ver\quarantine\under-review\qb-inventory\html\images\np_magnet_hp.png	5948	1CA99417A5C5E9E29C92F44A23165AA173594FE0C59C237B1C81DD2B9164E8FD
C:\script_ver\quarantine\under-review\qb-inventory\html\images\np_maltese-falcon.png	8782	3100F29F15D73C8D064C2F3BD2F123AFEE07D7F6CB560EB8036BFD9E632E40D1
C:\script_ver\quarantine\under-review\qb-inventory\html\images\np_mana.png	5073	96D31B18FD7538DF37EB98BF15526B6E4FECBC5E8D31522577B1D9CA60487001
C:\script_ver\quarantine\under-review\qb-inventory\html\images\np_maneki-neko.png	9635	B37DCE40608BDE44B6F4939E870F8FB8DE4C2C5B9E0994AF2162F376A6352FD4
C:\script_ver\quarantine\under-review\qb-inventory\html\images\np_marble.png	10798	D056164C43B2FB8083B50BE2445731AD35D19CDB80D5BC4431347934442D8338
C:\script_ver\quarantine\under-review\qb-inventory\html\images\np_marilyn-diptych.png	18252	F95F854503932196F7F1BC2812224AD0073C32D717D752B0E2CEAEE8197062CC
C:\script_ver\quarantine\under-review\qb-inventory\html\images\np_marksman-rifle.png	10609	98DE533C5201C075CDE0486E64D0F6107ABB46666D56C3E16CBEC8F4C23226D2
C:\script_ver\quarantine\under-review\qb-inventory\html\images\np_marston-revolver.png	11106	26D11DE3B7E8C039AB96739AB98FFF9C84C9017942BA6E96AC6DA00C1E0C1865
C:\script_ver\quarantine\under-review\qb-inventory\html\images\np_martini.png	7979	92433C78534AA4DBED7D899D70DABF7F75953286870B1CE92F229B1E20A2A0E3
C:\script_ver\quarantine\under-review\qb-inventory\html\images\np_mask.png	6568	C54039D421A478C402544B9A0572E3FD18EB9E22E4F4574D28AD5F6FF19EDFBF
C:\script_ver\quarantine\under-review\qb-inventory\html\images\np_matrix_bluepill.png	7166	03313E1BA59C9CF8B7D38796E8A98B639A7F736D1275656D0D7D9575AC07018A
C:\script_ver\quarantine\under-review\qb-inventory\html\images\np_matrix_redpill.png	6101	F8F1135389F03926531C684DD639BFC5552EB7A5F963CA54ADFBFE75FDDECF9E
C:\script_ver\quarantine\under-review\qb-inventory\html\images\np_matryoshka-doll.png	9274	9AF4EAE3138FA8BF7DE53A07C6C2EE96FF4FC8D713C57AD56378DF4FCF116B36
C:\script_ver\quarantine\under-review\qb-inventory\html\images\np_mdm_chain.png	13595	05DA4DC64D5BDE856D8377F095AFB2162CDF2DB8068C1F3FAAD0D1BD99F8F929
C:\script_ver\quarantine\under-review\qb-inventory\html\images\np_mead_apple.png	15791	CD0DD54C87E2AE8C47C38564AB6446736FD962092E63D0C1A4260C7E09662963
C:\script_ver\quarantine\under-review\qb-inventory\html\images\np_mead_banana.png	12755	2A51AB8781E8A3BDA5B84E7715ED26DF8C4BD21C02FCEF41002551930CD1FA0C
C:\script_ver\quarantine\under-review\qb-inventory\html\images\np_mead_cherry.png	13242	2AD61EB2E9FA16A4F1B3D646CC3EC5DE63BDFA8D5DEB6010C464D52FF4E17857
C:\script_ver\quarantine\under-review\qb-inventory\html\images\np_mead_coconut.png	12271	AC70BF8E732968CCD3C1FBF156A2E92B211BBCA6DE6FA4FE1E5ACF2241F31DB2
C:\script_ver\quarantine\under-review\qb-inventory\html\images\np_mead_grape.png	12037	1640434FB2CC9F61621C3C4FA0387886DFA72C83F458B43B746848F5D2DFC852
C:\script_ver\quarantine\under-review\qb-inventory\html\images\np_mead_kiwi.png	14332	099547AE59C8DCAC3CAF4B29C8C13A023E28125D342E3BA3D8A521525D474587
C:\script_ver\quarantine\under-review\qb-inventory\html\images\np_mead_lemon.png	13184	A0F10B821A4D025027E737905E79256BEACAE787FECC5BA7C35DE3B7A409BE41
C:\script_ver\quarantine\under-review\qb-inventory\html\images\np_mead_lime.png	12418	425D8D7E4F0FA40998C0E864522432A3EFB518732519E02F0A0806A51F907A25
C:\script_ver\quarantine\under-review\qb-inventory\html\images\np_mead_orange.png	14448	93C86EFFC28248B3A275F5D618314FE617A0F12009CF78ECDDD85AEFE1E72E3F
C:\script_ver\quarantine\under-review\qb-inventory\html\images\np_mead_peach.png	16556	E81093472A512E1B0E3AC46AACC5E5477299ADCC392EAE01DAF912BE974F40DC
C:\script_ver\quarantine\under-review\qb-inventory\html\images\np_mead_potato.png	14866	ECE980B61D73C1AB3D8138D3A5639EB99316790FC16AF740B71ACE4E41820612
C:\script_ver\quarantine\under-review\qb-inventory\html\images\np_mead_strawberry.png	15076	2BCA39F5C8069F0511408688901961814D9DC7A294960C98665959705F30CD07
C:\script_ver\quarantine\under-review\qb-inventory\html\images\np_mead_watermelon.png	13264	140BD5419D7C7D08109E239BCFDA9FF9D105745AFBB03DD8348FEF81414FBCAF
C:\script_ver\quarantine\under-review\qb-inventory\html\images\np_meat-free.png	8854	396B52B9BDDDD04620A64C21149F93CB4826407B05E135355DD17A1FF2AAD349
C:\script_ver\quarantine\under-review\qb-inventory\html\images\np_medbag.png	27183	8FE17640CFDE16F014B89A3CA48A2FF6CD4B7F825AB23FEB1D8615B2D92DAAF5
C:\script_ver\quarantine\under-review\qb-inventory\html\images\np_merchandise.png	19025	C79B453AB39EB39D61F22BC8F55D2CCBE58259892E38D7FEDF238161D501018E
C:\script_ver\quarantine\under-review\qb-inventory\html\images\np_metaldetector.png	13755	5F9C31B468F2749580A7D7740E504C827E6702A5FB8040F2F27BF1709886851F
C:\script_ver\quarantine\under-review\qb-inventory\html\images\np_metaldetector2.png	3673	7F322DB5D9A6033E5C9B2B5C6B33FA0282E56342122EAF4D8667166FFF36469A
C:\script_ver\quarantine\under-review\qb-inventory\html\images\np_meth-baggy.png	19705	3949AF08B3EABE22C3EB4C79095A34B91210E46D24E362532A400D153F82EB89
C:\script_ver\quarantine\under-review\qb-inventory\html\images\np_methpipe.png	7712	6767B1623E97EBA80CA140124A3B6D7C12831D7EFDE4BF960F7F8644BC50FF79
C:\script_ver\quarantine\under-review\qb-inventory\html\images\np_methtable.png	18627	B802FF089FFE924BF49CFD09F02EF8D9BE4A52C16B9F55386AA30D82D7B6759D
C:\script_ver\quarantine\under-review\qb-inventory\html\images\np_meth_bag.png	15820	C081F82288915F5C5958B7C36E810A99F60D73C51672B028327568C8900D57B0
C:\script_ver\quarantine\under-review\qb-inventory\html\images\np_meth_batch.png	14598	5C08C912371FE5048F4026F83F8E900E2CDAB8910A6C2A0F4FEAE04DE2F2331B
C:\script_ver\quarantine\under-review\qb-inventory\html\images\np_meth_brick.png	13628	63A97AF15F64131B416CDB01D54BEB976AC3C2B70484859122B8966B085204B8
C:\script_ver\quarantine\under-review\qb-inventory\html\images\np_meth_cured.png	10839	88FD4C7A2DC8284BB7C28136A34136E4C946BB1E73AFA9E310829AA7907CEE8D
C:\script_ver\quarantine\under-review\qb-inventory\html\images\np_meth_empty_baggy.png	7851	1BF6B31590E6417AE8BAB5D329ECEE0E353307446A797838711D00A540FBCA02
C:\script_ver\quarantine\under-review\qb-inventory\html\images\np_meth_key.png	10056	05E0F285218337D023A0D1CA8A87521593E5CB928EA4C553F4821BA187A2A3DE
C:\script_ver\quarantine\under-review\qb-inventory\html\images\np_mg.png	8867	0E97D973768E23346F173D31AE625067982BF0EB67FED6C52B122287D625B85D
C:\script_ver\quarantine\under-review\qb-inventory\html\images\np_mic-trophy.png	7995	73E41D21297054DF98CB9370FE646FB05589D767DF1EB98CC7F26E317EB5CB8B
C:\script_ver\quarantine\under-review\qb-inventory\html\images\np_micro-smg-clip.png	5517	BF0BD2A8D3A4367EBEC50FA11BE52865B9F75C8286ECCFF6AEB5BF83B80682DB
C:\script_ver\quarantine\under-review\qb-inventory\html\images\np_micro-smg.png	9596	5EC5BE4F8553E77EB810AF82723B927BC6B84622EC8F94A798A64C857C086C98
C:\script_ver\quarantine\under-review\qb-inventory\html\images\np_micro-smg2.png	9069	6EE29FF9945F71D6E99320A8F571D919AFDEFF61826C8C882A3BC1EE5B869D24
C:\script_ver\quarantine\under-review\qb-inventory\html\images\np_microchip-controller.png	10923	226A441C029409200C706455237B8D03467BF9F12BE437C415B229224DFC8DFC
C:\script_ver\quarantine\under-review\qb-inventory\html\images\np_microchip-implant.png	10408	93E8A1B54B322AC15C1D82A3C676B98D9F6E1F956A171B6D2FCC546AFBFD1ABF
C:\script_ver\quarantine\under-review\qb-inventory\html\images\np_microchipped_envelope.png	4120	790258189445E91B38235A63DF3BF30E84D2139F95C6F63CDAF39868BEE8A9CD
C:\script_ver\quarantine\under-review\qb-inventory\html\images\np_milkshake.png	7801	8D4DAC2A77AE21A6AA9559504B1085ACDAF1E9D1DC3FFA224269C1C36BF25BBB
C:\script_ver\quarantine\under-review\qb-inventory\html\images\np_mini-smg.png	9017	7998987C7330BE549C03F76F1A1A710068A8F6366A70B93D5E3C3D961EE6BC58
C:\script_ver\quarantine\under-review\qb-inventory\html\images\np_minigun.png	21456	D676EA0D77604D4AA648EED24A7E51EF8A8E0A90D85F5FD0DFAF0134034FD7B7
C:\script_ver\quarantine\under-review\qb-inventory\html\images\np_miscscrap.png	16749	6E02473A422A9B8445FE7A02140E1ABC1202386148F5D234FA84CE43DEC4F821
C:\script_ver\quarantine\under-review\qb-inventory\html\images\np_mixtape.png	10190	18C939DB32A157E8A2FFECB66506ADAE3439360B463704C007985F9CF21255A5
C:\script_ver\quarantine\under-review\qb-inventory\html\images\np_mk14.png	8122	B714E4DD29F5CA93AB074C0A4AE33C6B8E3470DF275A27D3C00B1C2C6135361D
C:\script_ver\quarantine\under-review\qb-inventory\html\images\np_mkii-usb-device.png	9556	2394D8AAD7387D6EC17954D0F3D2CC8B432EB47EE31CE692604EEC351F56FC7E
C:\script_ver\quarantine\under-review\qb-inventory\html\images\np_mobile-phone.png	6530	0EB658AAF3098FC6AD1D61B3561398227640D05692B001ED9B2878FBEF483690
C:\script_ver\quarantine\under-review\qb-inventory\html\images\np_mobilecratekey.png	16355	9B363BDA07DD4641E005B969E86E152460E50414A3B00835AF56AE2E5078AA01
C:\script_ver\quarantine\under-review\qb-inventory\html\images\np_mobilecratekeylock.png	17844	C326E8D24605B0C90C721A1337FF667E0625473D0A171D3FB34A184C9759144D
C:\script_ver\quarantine\under-review\qb-inventory\html\images\np_molotov.png	6321	C3120EEC4C4A0A120C18C5DA7E09FD7961D12ED0744F5A79AA224F25D420348C
C:\script_ver\quarantine\under-review\qb-inventory\html\images\np_mona-lisa.png	17490	C4E9F0BEEB2AFDE2E06C9A1BB8933E10BD84436170EA1BF3813252E16C4CDAE1
C:\script_ver\quarantine\under-review\qb-inventory\html\images\np_money-ink-crate.png	11871	1A25EACDAC43288EB039451DE06D5E5543220D06D3EDBC20D64CE6E1BB82D611
C:\script_ver\quarantine\under-review\qb-inventory\html\images\np_money-ink-set.png	8805	3B118C35E2FC8BEA57F84ADF8156FD6026ACF54FE69B621D3C50AE2B38B03CDA
C:\script_ver\quarantine\under-review\qb-inventory\html\images\np_money-shot.png	9834	382B003621BBBE96F955834E5CDF39D75B2E7C2B4911ADFBE839F3EAB65D6917
C:\script_ver\quarantine\under-review\qb-inventory\html\images\np_moneycase.png	6476	1D5C3F9C8ED72C0B0FF05E52FD7B72B371C39DB28B0DFE6AEFCF3CA01A60A3A1
C:\script_ver\quarantine\under-review\qb-inventory\html\images\np_moonshine-jug.png	12680	50039DD731802DBAECB67C86BF3D2277F53F2FB4091D878F2339B09FA661BC7E
C:\script_ver\quarantine\under-review\qb-inventory\html\images\np_moonshine_box.png	15329	065967961F9E0C8BAE24D54A52C8A8B204F9EB27D08F4B29B57E562FC4BEBBED
C:\script_ver\quarantine\under-review\qb-inventory\html\images\np_mp5.png	18350	0105D6CBE0E8F04E9441F791F76F4768365F55ED054511D9E2392FE668CABD04
C:\script_ver\quarantine\under-review\qb-inventory\html\images\np_mp7.png	19080	803633AEF23366198B4C6C8C1D3B8397DD8BB1B5496CD33817F168E31EA7423D
C:\script_ver\quarantine\under-review\qb-inventory\html\images\np_mpx.png	17556	BD8C876A7549203AFBF03A1FF00397FE830A1E7C4DB3F48B5BF688F7F31C2438
C:\script_ver\quarantine\under-review\qb-inventory\html\images\np_muffin.png	9975	70EFEED7156B3AB5F414C445DFB41BDC95374B53C638044D2B0080691B773827
C:\script_ver\quarantine\under-review\qb-inventory\html\images\np_mug-of-beer.png	7628	DF5AE4D836B0A7BBCBA2C7493165EB990243F586D9357BD7F4913F10F3597042
C:\script_ver\quarantine\under-review\qb-inventory\html\images\np_mugoftea.png	2978	F4832412D5A47C42745592853A36CE9FF3D06D8B6C8E98A7D230BAE6B495772A
C:\script_ver\quarantine\under-review\qb-inventory\html\images\np_murder_meal.png	9894	E02DC89DB0D017AFE576BA3F47CFAD6EC3F8B9E3C4E18548D2B72470FBC90002
C:\script_ver\quarantine\under-review\qb-inventory\html\images\np_musket.png	7366	DB0512B2302467E151F69A5FCEE971C56DF85D466CD90D177DA732DB1FC6B647
C:\script_ver\quarantine\under-review\qb-inventory\html\images\np_mysterious-vial.png	2665	1E3C2473920F98D366E640CFAAF3016248500C1DCCD16051EDBF7F043C1C2339
C:\script_ver\quarantine\under-review\qb-inventory\html\images\np_nachos.png	11892	6E0275F722BE3861D40B0BD0B10AD185A10B0CD596C5190A7DB31AECF867C2A2
C:\script_ver\quarantine\under-review\qb-inventory\html\images\np_nailgun.png	10397	EF647768C4DF08301D8F4F034B09FB621560CE290E02A9839A39D8271E999630
C:\script_ver\quarantine\under-review\qb-inventory\html\images\np_nails.png	18169	7EA4A4C0DE3DB27C1DFDACE4EFF7078EE8C07C5E62491D967843E78C393ED214
C:\script_ver\quarantine\under-review\qb-inventory\html\images\np_nanakaze-menu.png	9826	2DDA2612CB44A2EB51B4D923CFA446808A005A47168D388C1FF821A9A04A142C
C:\script_ver\quarantine\under-review\qb-inventory\html\images\np_napoleonic-egg.png	11412	6E80729BB059C57972AF6124660603792A95C16A298420932823213BCFEAEC50
C:\script_ver\quarantine\under-review\qb-inventory\html\images\np_news_boom.png	3900	BD7CCD142E11677A90475D481B4808A6A184664AAA5883F287B666FD87F59164
C:\script_ver\quarantine\under-review\qb-inventory\html\images\np_news_camera.png	6854	4CF8D089EBA5B254E04211B3E29DF7B23886D1D2C9116C69ADC4B080E340A5F7
C:\script_ver\quarantine\under-review\qb-inventory\html\images\np_news_light.png	3719	8877EAE21B1D18629FE9E9DF3F5C845BD1E2347C74B425146D80E7170034D486
C:\script_ver\quarantine\under-review\qb-inventory\html\images\np_news_mic.png	4019	43F67046506D16D3930592423873B83086488D5801A4C75D5E1305D7C1B3B607
C:\script_ver\quarantine\under-review\qb-inventory\html\images\np_news_tape.png	5761	B74E8C999449D22D177BDF768FF86F2C940BD07C4119518BEDBD5B84FDBF80BF
C:\script_ver\quarantine\under-review\qb-inventory\html\images\np_news_tape_copy.png	6213	F10EE736F798806D7AA838CAE4A6CF98F5FC25A678E24E6526D227B40B1BD57F
C:\script_ver\quarantine\under-review\qb-inventory\html\images\np_news_tape_final.png	6216	D878599AF85E1437D8AA2136605986854D8231862538F21E1BC8928F02215583
C:\script_ver\quarantine\under-review\qb-inventory\html\images\np_news_usb.png	8632	9622D4D0E90AD1885273CF3D29306901C789E5FBB463C40FD3A36E82A6D0F4ED
C:\script_ver\quarantine\under-review\qb-inventory\html\images\np_nightstick.png	5346	A63FA65FDC3398ED12255135DBDDDAF58C201B90C28E777205D42B50F2D589F5
C:\script_ver\quarantine\under-review\qb-inventory\html\images\np_nitrous-oxide.png	5128	852452771C313C84EC487F0C6463F87DC3761A7E0E8E5087E875FD5A0CFEA7A5
C:\script_ver\quarantine\under-review\qb-inventory\html\images\np_no10.png	9083	1132A5259B09D8E291FF81E0B3E03B6DCA53CDDECE37BB5E1D4A304C876DFB23
C:\script_ver\quarantine\under-review\qb-inventory\html\images\np_no5.png	19037	43F7301F40A5D003F8374E34952EB4813049AC9745019F2E89A260B36602DD95
C:\script_ver\quarantine\under-review\qb-inventory\html\images\np_nokia-phone.png	6593	356F3E8DE5523B44040F7E4EC0E346F3B2C513537EE87A474DDAA28097EC9171
C:\script_ver\quarantine\under-review\qb-inventory\html\images\np_notepad.png	11113	359AF49BB0ADFE80E36C2FE00D0618F863B6F499B106A08321D78374F9164541
C:\script_ver\quarantine\under-review\qb-inventory\html\images\np_notepad_page.png	11670	5EAF2B1C30128E13E49DCC8572520B583AC9F4516348196D77BDC4307BAF872F
C:\script_ver\quarantine\under-review\qb-inventory\html\images\np_npolaroid.png	15455	C60E2BE1984DBBA75F4C24ED0448572E5FDD71DC7B26CDB4942C9E958F7FF761
C:\script_ver\quarantine\under-review\qb-inventory\html\images\np_npolaroid_battery.png	10657	8EFA3B35E1E0C0CD149F66134CB15A35C88E42E23CF3924D7B192EB182647461
C:\script_ver\quarantine\under-review\qb-inventory\html\images\np_npolaroid_paper.png	19236	2F498E25C388AFC01273A0B7813AFAC5997DED6E436FF269D853BD6D4ED5C068
C:\script_ver\quarantine\under-review\qb-inventory\html\images\np_npolaroid_photo.png	18382	BC1358EBE280A4A7DDFAF9760E017A21A6EEEEED8FD2326BA1B51F3301791D0D
C:\script_ver\quarantine\under-review\qb-inventory\html\images\np_npolaroid_photobook.png	15660	2DF2A048028325F321E4F199AFC154418839B6CC4550567038886F786407C117
C:\script_ver\quarantine\under-review\qb-inventory\html\images\np_nv.png	9201	3C92B15AAB6ED08D75B84F38AB76AFEF9835D95EFDBD3D192906F067DB239E6B
C:\script_ver\quarantine\under-review\qb-inventory\html\images\np_oakley-sunglasses.png	4939	E6AC359109B17EC7E87DB50369BDE18177E9D22C4F4DD02E1FC15AA2068372B8
C:\script_ver\quarantine\under-review\qb-inventory\html\images\np_octo_coin.png	11167	1D478707A25A5FDD4E3035D8432691528139E15D9085DD1DC6669F831DD81958
C:\script_ver\quarantine\under-review\qb-inventory\html\images\np_oil.png	5842	37EA38DA1925B7BE88ED519F38D5501291BE6FB99A7746DD8E4676BD15D2D366
C:\script_ver\quarantine\under-review\qb-inventory\html\images\np_oil_can_supp.png	16706	9B16CDCB87B06D14E1A2AD6C3EA9A16FEA4551B5D306489D49D8540B1973FA15
C:\script_ver\quarantine\under-review\qb-inventory\html\images\np_onigiri.png	9818	103546C8D78BA0AB085EF17FFA18309CDE50419E1886764BD88D603007F03AFE
C:\script_ver\quarantine\under-review\qb-inventory\html\images\np_onion.png	7936	6B7B7D8B0598880B1BB44DF56454922FEBD1994C6E70AC93BB1A78B732B99446
C:\script_ver\quarantine\under-review\qb-inventory\html\images\np_onyx_dust.png	5216	B1384956E5C2586892D45B34FE2CCA7F57CA412751996C198D03A439E9B4D946
C:\script_ver\quarantine\under-review\qb-inventory\html\images\np_onyx_gem.png	8093	99A8B454C4B5CEEDE35304038297D061336CE52B9075895F91B1F0C03D9CE6F2
C:\script_ver\quarantine\under-review\qb-inventory\html\images\np_onyx_portal.png	5392	9147B00F5B94796621C80814ECCA187640539FD1E70510ECB77AF34075E9AEB8
C:\script_ver\quarantine\under-review\qb-inventory\html\images\np_onyx_shard.png	8384	8C0CB344AFB4C3FEE229FADDC122061E100C7B80A7F39C81A73F8EFE6C8462BE
C:\script_ver\quarantine\under-review\qb-inventory\html\images\np_orange.png	9140	D263F512344EDEF00C5EEE5C17E220081DC3BBC0DA203827E17644EAAD18925B
C:\script_ver\quarantine\under-review\qb-inventory\html\images\np_organcooler.png	14288	0533677876A51CBF620637C18848E443F58E0300D891FBCB75FB82A62373F0C2
C:\script_ver\quarantine\under-review\qb-inventory\html\images\np_origami-crane.png	5639	3FF1000B5E5490FA7D0454CC76F4B6B568BE786D1E621122761674DD896AE317
C:\script_ver\quarantine\under-review\qb-inventory\html\images\np_Oxy.png	6676	BF080C144F3A44021472F575E0AE1409475DA3CE0475CA890BDA7E13AE5E71CD
C:\script_ver\quarantine\under-review\qb-inventory\html\images\np_oxygen-tank.png	7870	70493A6BEF9BE2C4F53F3176BB57E6D159CCDDD270A803338E2000B760295501
C:\script_ver\quarantine\under-review\qb-inventory\html\images\np_pack-of-empty-baggies.png	10293	CCBE78E358CE7808E6F122F71C029F2B7192C85B357DE3DDDBF118CFE9A402E2
C:\script_ver\quarantine\under-review\qb-inventory\html\images\np_padlock.png	15809	99ECC9D37FE2DBA565535DE3EA728372E2AA725AA64424FD13F6F5ECDA095B35
C:\script_ver\quarantine\under-review\qb-inventory\html\images\np_paintballgun.png	26867	26FA596E0F60F398AC181F8B905184EB855AF29C10964F188195C5FAB2319416
C:\script_ver\quarantine\under-review\qb-inventory\html\images\np_paintball_ammo.png	39369	81A15C2C0B706D8DBC5C7641296A716C35E72145D869EB68F49BEAFF09660545
C:\script_ver\quarantine\under-review\qb-inventory\html\images\np_paintball_gun.png	26867	26FA596E0F60F398AC181F8B905184EB855AF29C10964F188195C5FAB2319416
C:\script_ver\quarantine\under-review\qb-inventory\html\images\np_paint_stripper.png	14949	6F985E696F4554E2F3699E6C3CEF2CCDEA9957DEC6DE0AEF716034609837E4D3
C:\script_ver\quarantine\under-review\qb-inventory\html\images\np_paint_thinner.png	15351	EF5ECB5B3392AE870231EF5F1B60A6B6829034ECC01A1FF8401DCB0F7705D071
C:\script_ver\quarantine\under-review\qb-inventory\html\images\np_pallet-of-boxes.png	13526	DE720CBE0323FF9F2CC557349E56D3488EC41B342FBEDAB6C9FEAD286FD47FE8
C:\script_ver\quarantine\under-review\qb-inventory\html\images\np_pancakes.png	9847	F00AA7713901048F70D9C5BCAC0AEA0DABD86D95D4C9ED61E360C6B294AAB0DE
C:\script_ver\quarantine\under-review\qb-inventory\html\images\np_panini-sandwich.png	11020	A255B96D77CA196388EB7B2FF87851A52FA7E9081DAF3DA5350AA0FE3B1FEC96
C:\script_ver\quarantine\under-review\qb-inventory\html\images\np_paperbag.png	10489	EA8214F47D064F533E12E13266E13C56542C39A6E5FF926E1DF1EB5F36E022BD
C:\script_ver\quarantine\under-review\qb-inventory\html\images\np_parachute.png	13056	56FB9E2B6F9126F52071327A941880A4035D8E1980D840AE71D189B6F67E4B23
C:\script_ver\quarantine\under-review\qb-inventory\html\images\np_passed-test.png	9532	A125DC8F38EEA6398E3C19F75F1142D02810B984F94B4AFE99DDDB3121F6C9CB
C:\script_ver\quarantine\under-review\qb-inventory\html\images\np_payne-portrait.png	16060	A436B073F114BF3EBE68B2F70DCE61AB938288B739B95A8A5236C967C788EAA0
C:\script_ver\quarantine\under-review\qb-inventory\html\images\np_pd_badge.png	38451	2BF42BDF6554C4D55019F4B14FD065348B6C79E87E280818B3B4116D57DAE4FD
C:\script_ver\quarantine\under-review\qb-inventory\html\images\np_peach.png	8635	659E906BC2A292D24DE3E5C649732E36697703043783C2433055BED238B94053
C:\script_ver\quarantine\under-review\qb-inventory\html\images\np_pearl-necklace.png	10177	6F96FCC2CC1558C5E72A20AC895A362482B205B8060E483698C2A57D97E4F379
C:\script_ver\quarantine\under-review\qb-inventory\html\images\np_peecup_empty.png	16176	5E185FFAC0472C2EAD6D12CDCE8771C989EEA73700990AF4E7A6FEB99F7DBC0C
C:\script_ver\quarantine\under-review\qb-inventory\html\images\np_peecup_full.png	15427	0C86CCB093E876E0D89C30128B192B8BEB3D42285909E8B9D8F3A8E7517E5AFC
C:\script_ver\quarantine\under-review\qb-inventory\html\images\np_pet-chicken.png	10776	F640C7286017732B4D067B4E6ED3B9CC71F20428D06A70761B75791CB347A62E
C:\script_ver\quarantine\under-review\qb-inventory\html\images\np_pet-elephant.png	11856	1ECA2A5971CCC18507F11E609770951510179D0887F7C1403893BC4D82934276
C:\script_ver\quarantine\under-review\qb-inventory\html\images\np_pet-fish.png	15049	0F0CE9CCFBE5ED3E2E54CD86384A9F5B80000F6BFBFF38080A514A022F09E1CD
C:\script_ver\quarantine\under-review\qb-inventory\html\images\np_pet-rock.png	6718	9E84EF0064F5A3EF72D66ABEA528DFAA5829F8AD057E1FF700A4E5817DCE83D8
C:\script_ver\quarantine\under-review\qb-inventory\html\images\np_pet-turtle.png	6436	283820C2FA62F2872B48F7BF98058D0D4404EACD5FB46297823F0C6C8403984F
C:\script_ver\quarantine\under-review\qb-inventory\html\images\np_petrol-can.png	8759	C9099BE4379A5C65B24EA5AD98D72B9CD26BC5525C706CA45C28B3166732C198
C:\script_ver\quarantine\under-review\qb-inventory\html\images\np_phone_bomb.png	9640	8D3C7C0A55EF0BEABBCD051B1A3B4357BCA168E75520C787B6E50494A07CDEB1
C:\script_ver\quarantine\under-review\qb-inventory\html\images\np_pickaxe.png	14582	1B9EE67226010E1D0B1039EAB8DD2A9EAD109ABCC36DB6DE9E3B719FBC89DE4D
C:\script_ver\quarantine\under-review\qb-inventory\html\images\np_pillbox.png	16228	53D224EB0819044804C0A3F0DD66B2F038D1F75FFFBF5CAFCD7557A34C17130F
C:\script_ver\quarantine\under-review\qb-inventory\html\images\np_pimp-cane.png	7708	E4EABA2D6AC5B9398CA74B322A75CCD54C87FBE7014D1154373E5AB57A0562E3
C:\script_ver\quarantine\under-review\qb-inventory\html\images\np_pimp-chalice.png	15274	A931E4656A061B4288B1C9557426B1C11B9F8CE33E458B0C464916DB89678B47
C:\script_ver\quarantine\under-review\qb-inventory\html\images\np_pina-colada.png	7932	511AEA6CC0393DC294DB6C5A6DA4A9BDA5CB30D1CCB7309A0A873624226341F8
C:\script_ver\quarantine\under-review\qb-inventory\html\images\np_pink-faberge-egg.png	8350	9224BD19E8A04B7BC25AF781038F5FB88B68BF3BAB4DDB47BFD5BB1EF87FDB9D
C:\script_ver\quarantine\under-review\qb-inventory\html\images\np_pipe-bomb.png	5955	CF17E120210382504F42B6CD1B94E7FB0E74C5D1BA4139E7D27A72B566519488
C:\script_ver\quarantine\under-review\qb-inventory\html\images\np_pistol-50.png	8243	B21D5F42524D03407EEB295A2AFC25B6F389A58A5FFAC6C65572D35203B530DD
C:\script_ver\quarantine\under-review\qb-inventory\html\images\np_pistol-ammo.png	23215	E34515A702094377F6E576B8531AB28F19DD1F859515772FFF4496E3B6C5DFB4
C:\script_ver\quarantine\under-review\qb-inventory\html\images\np_pistol.png	8499	8B3B20AAE5FEE2CF961499F63D0161AC5FA325F4E5F3FE426D81DB2D55DBBCAD
C:\script_ver\quarantine\under-review\qb-inventory\html\images\np_pistol2.png	8334	1F030D6FC24D96D83800A4FBCF0D54699A3AAF86D271B421DEFFF0D518BF5119
C:\script_ver\quarantine\under-review\qb-inventory\html\images\np_pitchfork.png	5408	BB1BB97470A154648C96244E22C852170F36D89F3E992258AAEBCA7CAAB57DA9
C:\script_ver\quarantine\under-review\qb-inventory\html\images\np_pixel-2-phone.png	5908	62324042E3F5D314618B567AEF742C37E67DEE710697C30C0FEF6E5AB4E88882
C:\script_ver\quarantine\under-review\qb-inventory\html\images\np_pixellaptop.png	5048	5B81F78A5637D3BCE791EA0D33E5AADB71F2386AB1169ED3160B150097034C57
C:\script_ver\quarantine\under-review\qb-inventory\html\images\np_pizza-slice.png	9879	D0BC6175C8C5EB6E0B8E93A990057B0A8F811B7510127C9A13FD1DC1459F84B4
C:\script_ver\quarantine\under-review\qb-inventory\html\images\np_pizza_box.png	8942	FA2D04454167C971349E54A33B234F300DEA8C06B08BBD6B48E8ED93790D57BD
C:\script_ver\quarantine\under-review\qb-inventory\html\images\np_pkm.png	17210	A0FF0B90022C53A57026C17D39F5719564DEC1C4CE946E15BDDAA7B26F54F628
C:\script_ver\quarantine\under-review\qb-inventory\html\images\np_placeholder.png	8460	A9C3CF5CBC19629CAB8CCCA0BD12F0665CD57EAC776DDA3CF1EB637D5F12C4EF
C:\script_ver\quarantine\under-review\qb-inventory\html\images\np_plastic.png	8730	574087F4103265BB960A665E65AB3FB776E05E536ABEB37FC6D4E24474AD1C22
C:\script_ver\quarantine\under-review\qb-inventory\html\images\np_plate.png	12759	321BEC436B0CA17299C6971893F97BCE1694732F9C38F60B1BFDCB893CDECABD
C:\script_ver\quarantine\under-review\qb-inventory\html\images\np_platinum-record.png	10242	D3511EE81E413C38C1451DF14F9D49112A1FF5412D215BAF4B185679FC2747DA
C:\script_ver\quarantine\under-review\qb-inventory\html\images\np_polarbear.png	8244	6230BE87B4C75DC75F231009BBCFE023E105EA7448C071B21E0ACA609E6855D7
C:\script_ver\quarantine\under-review\qb-inventory\html\images\np_polishedrod.png	9830	086B20FF64752D5DF6F03E773EBBEB490AE02975EF85A37B8A3E0209607D5E4E
C:\script_ver\quarantine\under-review\qb-inventory\html\images\np_pool-cue.png	4723	E48A3EDE6504B64BED6C9A3645D812890C5E5354568E8E1EA61C5AC886C3FAF8
C:\script_ver\quarantine\under-review\qb-inventory\html\images\np_poolcue.png	19701	60EADF399310A95F96D47B49959E3C64B6AA18003734F53F5DA9FE54F86D7B11
C:\script_ver\quarantine\under-review\qb-inventory\html\images\np_poophone.png	19604	4E2826E014AEDEBE758DEA385132F88040BFBD1A8BD3BC329FC68A0786D9C2C5
C:\script_ver\quarantine\under-review\qb-inventory\html\images\np_popcorn.png	8700	F9449B8C2FAFF913F0102189424257F341A70F88549407DDFA4CD8935900F670
C:\script_ver\quarantine\under-review\qb-inventory\html\images\np_popsicle.png	6489	7B27DB6738CB1D575B03299386AEA29F9CF6F115C11FD9F345B68666B2354661
C:\script_ver\quarantine\under-review\qb-inventory\html\images\np_portal.png	20422	C7D48860333ECF80C3179D6C486328C13FBF3A92BD1740A204E06A4FD2D8B0A7
C:\script_ver\quarantine\under-review\qb-inventory\html\images\np_portrait-of-drgachet.png	18283	55B40258F58FBBF0848FC65E8747C35F9577E1F0ADB83E0AA7D41096FF732407
C:\script_ver\quarantine\under-review\qb-inventory\html\images\np_potato.png	16172	BBE36FF9B13192B403113B967B9D3C83C408A98022484F15B6340D3835B0879B
C:\script_ver\quarantine\under-review\qb-inventory\html\images\np_potatolauncher.png	16973	E9EBE81336D053AE351C890EE901E8A2A99FF4EEC915E5B49CD9A9541356909D
C:\script_ver\quarantine\under-review\qb-inventory\html\images\np_prison-papers.png	21552	10E0A1A57242B4031DCA7F58D7EFF0F1C1B052A893B49952E061036F9C73B375
C:\script_ver\quarantine\under-review\qb-inventory\html\images\np_prisoner.png	8242	6FFD6C714A10F9A41C21C5FCE6F453491E0AB6708D6CB6AFDAECA7AF1D097E46
C:\script_ver\quarantine\under-review\qb-inventory\html\images\np_props_lawnchair.png	12271	625D6E349B7449177E91DEA08709ED097B493AF37A9309564F783510A396018D
C:\script_ver\quarantine\under-review\qb-inventory\html\images\np_props_lawnchair2.png	11705	A4E42A04710F67E7A4AA9D8F02D860272954B2FED1BAA74E099BE6D763DD6B2D
C:\script_ver\quarantine\under-review\qb-inventory\html\images\np_props_metalbench.png	10810	42B56ECC0CB32F42935837AB74E5C251AA3B45EB2E47D4F53CC351E68447CBAB
C:\script_ver\quarantine\under-review\qb-inventory\html\images\np_props_pail_shovel.png	9238	6EA43E154DB91394713E070DFF985C51008407D40E48FBD38EBEFFFADF053D8E
C:\script_ver\quarantine\under-review\qb-inventory\html\images\np_props_snowbench.png	9818	59A41FFFFB2047CA29B4C593C7384917BB33740149356E0B3FB68A9A6D6716AE
C:\script_ver\quarantine\under-review\qb-inventory\html\images\np_props_stonebench.png	6115	A199EA3E4E39F36A5684284F0F209993002249C440682632B666EE2C85EDFFC7
C:\script_ver\quarantine\under-review\qb-inventory\html\images\np_props_stonebench_2.png	5082	B5A5532B499C133D1EB8C2B47DC55B7D8CEABFEEFB43CF6B4C8924CF46EADB66
C:\script_ver\quarantine\under-review\qb-inventory\html\images\np_props_stop_sign.png	6103	1229C984C88D2987289010B1C097E99918767B2D6E1218941793F6EC01FBF553
C:\script_ver\quarantine\under-review\qb-inventory\html\images\np_props_woodbench.png	9992	CF4E4A6CF7EA49F84DFA4812C293F010C70682D069A658BCCB874A85648224F9
C:\script_ver\quarantine\under-review\qb-inventory\html\images\np_props_woodbench_2.png	10315	6A8052B8C8D53D6FBD5BF70E3F989B3C9266B9DC66B124D8BBE28A7AB6E80A00
C:\script_ver\quarantine\under-review\qb-inventory\html\images\np_proximity-mine.png	6700	5EBEAF2191A3AE35E2BD175DE4A16ABFB914FCCB0F6B2CC315FCF6A34429C0AE
C:\script_ver\quarantine\under-review\qb-inventory\html\images\np_psp.png	5496	4C09BE18E25B8985549CF7E7AB4E3D276176DEEEC5D1B5E72CF35A442DE14A7E
C:\script_ver\quarantine\under-review\qb-inventory\html\images\np_pump-shotgun.png	6231	4601D01880F8FECB870488A8E50A452D860AEA638CF922A1E5FC3CB279D1A916
C:\script_ver\quarantine\under-review\qb-inventory\html\images\np_pump-shotgun2.png	21912	DE47D3A5DBBACF056A83E3CA73641048765CFA484F6FAA50CC3F8E3B8D6C1CDD
C:\script_ver\quarantine\under-review\qb-inventory\html\images\np_pumpbelt.png	9074	DC8E83244B7723182207C4BED5FACFA97866493BEC3E22C7213EEABFDC287E02
C:\script_ver\quarantine\under-review\qb-inventory\html\images\np_pumpclutch.png	12367	3F2D3B97288B8E0908308249BC7E338A2BBC334177552CCE70701807BC429745
C:\script_ver\quarantine\under-review\qb-inventory\html\images\np_pupusas.png	11761	8C13B8763316D7ED7A5EB46E1198592A207DB52063E6363841ABF4671B42492C
C:\script_ver\quarantine\under-review\qb-inventory\html\images\np_pure.png	9818	D412D907D9D021D260DD53EC3BD4B8AD6E4FEC926ABB0F99B864C3ADFB8A2115
C:\script_ver\quarantine\under-review\qb-inventory\html\images\np_purple-bandana.png	7627	D1312B7E295B94EB8F2DB7DC3DE0D11F18A8CA7243C96D80178861F7EA1E38D6
C:\script_ver\quarantine\under-review\qb-inventory\html\images\np_pvc_joint.png	14545	8863220265F9C60F7FC03B5A4B6A1AB6C645DD3E5FAB7BB54CEFD6E4EF0758D4
C:\script_ver\quarantine\under-review\qb-inventory\html\images\np_pvc_pipe.png	18887	DDB0C444C30EEE88F64B0FD6F9964453FDFBF89EEBA86E71637BC46A40A5A784
C:\script_ver\quarantine\under-review\qb-inventory\html\images\np_pvc_valve.png	13672	3C29D106D7975ABDC8466187FB505D2C27D1D2F8A2334CE092812F3318783560
C:\script_ver\quarantine\under-review\qb-inventory\html\images\np_p_panther.png	7596	1A62066D67395E15819391A3F1AB50FFEF6555D41AD2BB2E09507A65B0D149CF
C:\script_ver\quarantine\under-review\qb-inventory\html\images\np_p_rott.png	9677	F921388F8DE54E972AEF74C0D41791F7629F83ADDA2A9B1309E192E13B69C834
C:\script_ver\quarantine\under-review\qb-inventory\html\images\np_p_shep.png	11328	488B2360CEC1089510C7DD516D91FB34A47E4FCAD37641A05549D8893679AEE0
C:\script_ver\quarantine\under-review\qb-inventory\html\images\np_queen-of-hearts.png	6678	E4DA128E39217693458CBF1DE2C695DFD711B04E9180B436F676746BD7375CE2
C:\script_ver\quarantine\under-review\qb-inventory\html\images\np_q_meat.png	10422	428AB085B355D5CB0995949E615041656DA3B4069C64C97AC9BD4E192EF4A685
C:\script_ver\quarantine\under-review\qb-inventory\html\images\np_rabbit-pelt.png	10576	46D5BF8233B01212CFFD990FAA2B08363D3427C57F179AC936236D88060B0734
C:\script_ver\quarantine\under-review\qb-inventory\html\images\np_racing-rims.png	13066	81A1C000A8769DCB3BB5D82D303EAA66158A3E5629AF7E2137D1D65B753ABDB2
C:\script_ver\quarantine\under-review\qb-inventory\html\images\np_racing-trophy.png	8418	BAC877CF9101FA2B99A0019187B3BC67F0521AD66402D12BFE765FFEEF9A137D
C:\script_ver\quarantine\under-review\qb-inventory\html\images\np_racing_usb_blue.png	11545	BDCC3E3D4D7FA7FBAF9BE13361AC5CCABD660575C7B26BE7F6B1DE5A3FE018C2
C:\script_ver\quarantine\under-review\qb-inventory\html\images\np_radio-scanner.png	6819	0089418E29902A36B0D54783E9818590F2EE319A0C73E34A4A08E417A13511B2
C:\script_ver\quarantine\under-review\qb-inventory\html\images\np_radio.png	4257	2B9CC9C053417ADBBEE3EDB835BC153B1CB9406E75F367D1A02BAD587E03AF56
C:\script_ver\quarantine\under-review\qb-inventory\html\images\np_raffleticket.png	12906	5CA4C19FCC4C6AB7B2499B35A5FB3629E1ECDC2921C95CC9703476FBA81CB1B3
C:\script_ver\quarantine\under-review\qb-inventory\html\images\np_raid_receipt.png	14411	0BE970B90776B97077C6D68E513B76E858CEA3C700B087AF5D21F4F7F8DD2E86
C:\script_ver\quarantine\under-review\qb-inventory\html\images\np_ramen.png	10319	C8F04A878BAAEB2A67137908AC267D76552ED63F18A692070F59CFB2F4A6EE7E
C:\script_ver\quarantine\under-review\qb-inventory\html\images\np_ramp.png	4001	4C445A38AE2CAE972C5B22A6537F6EF58A1CF0AF727D9735A083529F8BEBD93A
C:\script_ver\quarantine\under-review\qb-inventory\html\images\np_rawmeat.png	10720	244DE2C0A8B95766116BC94DB05D9E9588A4CD4653E101456F740C7F67B5742D
C:\script_ver\quarantine\under-review\qb-inventory\html\images\np_raybans.png	23719	659852425C652E0FE864B71294E0CDD49A7167B2F64774A9255257FE62DB4C2E
C:\script_ver\quarantine\under-review\qb-inventory\html\images\np_rayminigun.png	19502	76A070F000615D93A75616514AFCE97961CB6DF2EB53B4F865841E727E637AFB
C:\script_ver\quarantine\under-review\qb-inventory\html\images\np_rc_car.png	9055	C2973BF8AFE22D0FDD947DD8BFD3A5A615F9347E18D8522B0BFC73F637C8DD96
C:\script_ver\quarantine\under-review\qb-inventory\html\images\np_rear-bumper.png	10196	0D88A7C068D0CD1964BE1A24690895DEA76F3095E4E2D9092557454CA11168B5
C:\script_ver\quarantine\under-review\qb-inventory\html\images\np_receipt.png	7477	297DD3D3FB5FE7F230DB411AE4D076A8B3FD5726B20FA42054F60FF3216B866C
C:\script_ver\quarantine\under-review\qb-inventory\html\images\np_recoupon10.png	9125	1E385F03996DA9421860B625B38C09E19E5A946A9648DFD016FB149C4DFB1C35
C:\script_ver\quarantine\under-review\qb-inventory\html\images\np_recoupon15.png	9703	BF493C93F841A10FB16F01FB7D6AFD786D56BD9FE61FD988B827AB675ACD6ED2
C:\script_ver\quarantine\under-review\qb-inventory\html\images\np_recoupon20.png	9691	C53023C3D1C231F162846DD876B699A11912C92CE06452DC99B0B211D8B0DC17
C:\script_ver\quarantine\under-review\qb-inventory\html\images\np_recoupon5.png	9552	8714E1531B9871233AC2768A35D041EE74F8AD83DC38ABA62987F758BCF65599
C:\script_ver\quarantine\under-review\qb-inventory\html\images\np_recyclable-material.png	8489	EB6EA4E22E2ECB57EB4C323D74F1C882DAA3F97A60A27C968BD2805EADC87D80
C:\script_ver\quarantine\under-review\qb-inventory\html\images\np_red-bandana.png	7678	FB471044CD03C740387DC596CEBDB61E9FE2D39AF34279791CCD91AA0426AF51
C:\script_ver\quarantine\under-review\qb-inventory\html\images\np_red-belt.png	6369	2D4A8D08F8F8DABE2319100904922861094E7F7976E50EFB16DF389CEF2034EA
C:\script_ver\quarantine\under-review\qb-inventory\html\images\np_red-chip.png	8977	E0C3124FF3928295AEA9457F6F10540051E2BF54CAEF84330F09242B37E5D973
C:\script_ver\quarantine\under-review\qb-inventory\html\images\np_red-wine-bottle.png	4269	788665D93615ADBE143D4C3681350728E8E971B73E85B90C7A2402AE89DD1ADF
C:\script_ver\quarantine\under-review\qb-inventory\html\images\np_reddeath.png	15136	805F7DAE135E5189DA60F0A682E0A4410F5F1C37D3EEA822FDF9F23880A0765F
C:\script_ver\quarantine\under-review\qb-inventory\html\images\np_redwood-pack.png	8257	BFCEA9B86DA7BC2E6C289E0C6DBFFD80663D3C687B6905773FD795AE8FF0410E
C:\script_ver\quarantine\under-review\qb-inventory\html\images\np_refined_aluminium.png	10608	27BCF125038F5B89092A54885F420805B8983F4433F7AE5FA8B6300D05748C76
C:\script_ver\quarantine\under-review\qb-inventory\html\images\np_refined_copper.png	13774	36FEF87D49061E392E38CF36EBBBD5F382E8E74C5F889C822E54DCEA5E0DDC0E
C:\script_ver\quarantine\under-review\qb-inventory\html\images\np_refined_glass.png	13489	785539613725B9BD1BE0D516731F74DB3993E0FA445FC1E3AB474FFA779F969C
C:\script_ver\quarantine\under-review\qb-inventory\html\images\np_refined_plastic.png	12941	823D3B6A5888594AD931C92C58DDC338250DCE56DE8981CEBF8CCD558AA693BA
C:\script_ver\quarantine\under-review\qb-inventory\html\images\np_refined_rubber.png	7938	482774145E95438DA1AA9E16D2F975232A00AB8A6B1838CCABBBB78D03D8E6CE
C:\script_ver\quarantine\under-review\qb-inventory\html\images\np_refined_scrap.png	13210	12914FB8EC66A1C097DD977C6D547D30B071BC81021E7F635249DFC059BA5586
C:\script_ver\quarantine\under-review\qb-inventory\html\images\np_refined_steel.png	12451	C7C7B1E442DFD2508F24B243DD8F5B4BCB4B21A251FBBFCF180DA15227C015DA
C:\script_ver\quarantine\under-review\qb-inventory\html\images\np_relic.png	12061	3BC94AB07986700527DAA48FBA4B5B2F1102F4AEF9A85AE32A8834CAA67EDEE2
C:\script_ver\quarantine\under-review\qb-inventory\html\images\np_remington.png	17273	FA9266DB2C34D390A38AF7163FBCB77AF04C264EB1A817754F494A0564EA1820
C:\script_ver\quarantine\under-review\qb-inventory\html\images\np_repair-toolkit.png	12363	F7F612395A833475C9DDFC441E6BD0D9906115D2835C52E4240D280D04BBA66E
C:\script_ver\quarantine\under-review\qb-inventory\html\images\np_repo_order.png	14428	F8B7712C40C5A077D68ABD780CAB62084B80525D1455B61D50C53974CCE2E36B
C:\script_ver\quarantine\under-review\qb-inventory\html\images\np_research_01.png	15759	CE2F8563C6FD818DF50B8EFBD556C497F9BCDF341A3E44ECADE571BEB3A2A7F2
C:\script_ver\quarantine\under-review\qb-inventory\html\images\np_research_02.png	16291	A77E58C8F4CED4E253CC7B21A3768606CDC0AAC1E54232FE5AD7AA7879113B04
C:\script_ver\quarantine\under-review\qb-inventory\html\images\np_research_03.png	16115	B9B33A5906CC4B72D501A522F51FE3E6D04E80D9FD335527CA27541FEBAC7F22
C:\script_ver\quarantine\under-review\qb-inventory\html\images\np_research_04.png	13631	18653DEDA24CDB715C6E30505A8C36D4DB27317876F0ED1EE5DFBC091721C7D8
C:\script_ver\quarantine\under-review\qb-inventory\html\images\np_research_05.png	14177	401B05674B5DFFA244DC812B4033804BB93A98BA6C09624E48A56B3D5EC3A3E1
C:\script_ver\quarantine\under-review\qb-inventory\html\images\np_research_06.png	17332	56B62E041F665BC1C08A9A58FBE6A35F8E926F768267CE0DDA98AEBE976CD6CF
C:\script_ver\quarantine\under-review\qb-inventory\html\images\np_research_07.png	17359	42DFC87FBB74D477A22F857350BDE3606389505795CECB788DD75D9DCA323348
C:\script_ver\quarantine\under-review\qb-inventory\html\images\np_research_08.png	14713	2C7020F02CC6423AE90BC922264F87D2373C8E77492EAD36F4DB59B7C68C0F64
C:\script_ver\quarantine\under-review\qb-inventory\html\images\np_research_09.png	17006	D4C9274C79B755C0B6FA6A3350EEDCFAB8E220BB08E24FF354A67BA70BDF8102
C:\script_ver\quarantine\under-review\qb-inventory\html\images\np_revolver.png	12763	4F29F57F9E8C789E7A4EAE656790B93AB7036D5FA071A5E61B1A6787F82C49D8
C:\script_ver\quarantine\under-review\qb-inventory\html\images\np_revolvermk2.png	25257	A9AA048C7D4BDBB0AD4161B97A76686FEB140DA1F0CE5CB112A61B31BBABD4FC
C:\script_ver\quarantine\under-review\qb-inventory\html\images\np_rewardbox.png	11613	B9ABBA49F3069B5A1095B52FA9D15E09B73786CC0205928F2589B83CF75DD42F
C:\script_ver\quarantine\under-review\qb-inventory\html\images\np_rf_scanner.png	10574	B237319BFB0AAD8EA648FE81E9637D962A476AF3554B33B9A8B906B72C8B2060
C:\script_ver\quarantine\under-review\qb-inventory\html\images\np_rifle-ammo.png	21150	F06016EB88984A762820C5CFFB57D47E38A049943FB73959EAF0235170A15111
C:\script_ver\quarantine\under-review\qb-inventory\html\images\np_rifle-body.png	5969	BF9685BE6AE348A3D70980E4CA888E38E9BAA09347EE81BDAC6423E51AFDB13F
C:\script_ver\quarantine\under-review\qb-inventory\html\images\np_rifle-box.png	9193	55D2BD581ED2FC1C0083F3AD7EF6BF4127B7D82D867C48FE326B55B4BD005B73
C:\script_ver\quarantine\under-review\qb-inventory\html\images\np_ring.png	8589	BA665B6E61E42BCFB811C3103832957FDB8F7F6AC191FBF11F4D62E6D0F759DF
C:\script_ver\quarantine\under-review\qb-inventory\html\images\np_rocketlauncher.png	4643	D34B61992945D6BDDCF176602A41A88F22E31D7571E6F478BD8B48A4F6C8E1BD
C:\script_ver\quarantine\under-review\qb-inventory\html\images\np_rolex-watch.png	7552	2A2499886770874BB35F4E1DF0D8ACFD28306A526A3F7271094FE0F17A618FA4
C:\script_ver\quarantine\under-review\qb-inventory\html\images\np_rolling-paper.png	9006	0C8C05136510D76B8E1E514B7D7166C2D0C6FEFEE62547E2AAAB3E938849EFBC
C:\script_ver\quarantine\under-review\qb-inventory\html\images\np_romance-novel.png	10610	7BE83B94EA18A3021155E83A070D913CE06BDBE4550A19F38F4DE757E84E9801
C:\script_ver\quarantine\under-review\qb-inventory\html\images\np_rooster-pin.png	11919	C7ECA65D33E0BCDBA9FB2F0CBDAAA53D5941C6F16ACD1381D7D8B4F55A3C5534
C:\script_ver\quarantine\under-review\qb-inventory\html\images\np_roosterrest_bag.png	8492	8201B569D5E29E632252B528B1CF9F2F7B4FC70E8EE50DC86679CF7007145B57
C:\script_ver\quarantine\under-review\qb-inventory\html\images\np_roostertea.png	6586	15D594EEB9B780AD1593D55FD1AA6803DFC470D2AA108DC48A0F893FDFCAC410
C:\script_ver\quarantine\under-review\qb-inventory\html\images\np_rose.png	6247	B4D8C311BEBA6C47D47F55F924634028634AAA678FBAE6417C91E15C258E08F6
C:\script_ver\quarantine\under-review\qb-inventory\html\images\np_routemap.png	11832	4F75E8BA3D4267BA88EC5B6A7DBD19D050DCA71CD7FCAD06929C8397232DF494
C:\script_ver\quarantine\under-review\qb-inventory\html\images\np_rpg.png	7738	52EE3B62FE35C24C93A193A02A3EDD67DA518BF37584079A18DE2528070D2BAF
C:\script_ver\quarantine\under-review\qb-inventory\html\images\np_rpgammo.png	5213	5DDC3779037DE464B45E76810EB63C32124464EEFEC9234BAFAA9C9D2CD569BC
C:\script_ver\quarantine\under-review\qb-inventory\html\images\np_rr_cock_box.png	16884	6568B62A55D2929D224B3369E754E9663B5B0ACA4483BE2648382D7588A9313C
C:\script_ver\quarantine\under-review\qb-inventory\html\images\np_rr_cock_egg.png	13384	EA79DFB199059EB716B2692F53ACD9C97429BA0361D40866A2BD597887468539
C:\script_ver\quarantine\under-review\qb-inventory\html\images\np_rr_egg.png	13384	EA79DFB199059EB716B2692F53ACD9C97429BA0361D40866A2BD597887468539
C:\script_ver\quarantine\under-review\qb-inventory\html\images\np_rubber.png	6918	20BE8AA537471E1402F5127B59BB70255F4491E9CA5F6D251AC6662E3D8D7701
C:\script_ver\quarantine\under-review\qb-inventory\html\images\np_rubberslugs.png	31432	27F9EA20785CCF70DAB94E7FDF8CA4E13367F09C1F08967E3A485C4E54ADA512
C:\script_ver\quarantine\under-review\qb-inventory\html\images\np_ruby.png	4985	E2962E7CA210876FB2C985CC51C756035EA08CDCFD25C3FC5FC1593ED569CC0B
C:\script_ver\quarantine\under-review\qb-inventory\html\images\np_rum.png	7078	99657A48808CE0F8B4B841DBDEF15C497C8102CF2C559F95A5253126E4D3D0DC
C:\script_ver\quarantine\under-review\qb-inventory\html\images\np_rumcoke.png	11561	FB786BADAE24565053E8E6157033C114D87ACF7F8B19D6BF0543493EAE346566
C:\script_ver\quarantine\under-review\qb-inventory\html\images\np_safecrackingkit.png	6777	6F34F7B02EC244199422C0984077EAC37D60B67749692E950A7916C20A077A2E
C:\script_ver\quarantine\under-review\qb-inventory\html\images\np_sake.png	5163	714085A8CA5FD593259E83CC4C92A997FB546083A2CBC58935F7627A74DD93B1
C:\script_ver\quarantine\under-review\qb-inventory\html\images\np_salvator-mundi.png	10671	F53A35AD4C9ACEB59E7657DA27A4241CFD9FC93AB93AE79C222118CA0B5351E1
C:\script_ver\quarantine\under-review\qb-inventory\html\images\np_samsung-s8.png	5647	9F906AF677AF81E4CF47110350D4C5ECFF0649D3C367EF4B35EFB14FC79DBF03
C:\script_ver\quarantine\under-review\qb-inventory\html\images\np_sandwich.png	8695	EED2FC872DE3CC744EAD1E10D1214B6020923304CAACE7140A857218A38917F0
C:\script_ver\quarantine\under-review\qb-inventory\html\images\np_saw.png	8045	0910CC4FE09DF79E597328819403A7F49DCAC334EF6045B42C96F50B6E0F87EF
C:\script_ver\quarantine\under-review\qb-inventory\html\images\np_sawnoff-shotgun.png	6589	E9446E9A13850EDEC7DF4FCB3696E4A68394306CBEBE5AF68D8BA0005A19C67C
C:\script_ver\quarantine\under-review\qb-inventory\html\images\np_saying-grace.png	13429	7B2662CA06433A5F7251CE386B4065B08ED4F79F50AF053E6D6E49EBCF725A7B
C:\script_ver\quarantine\under-review\qb-inventory\html\images\np_sbs-xray.png	6333	F4723622A9D11911E381B3F5A6599E3AEF426B7489E1D6BA3E746B00109F1F0E
C:\script_ver\quarantine\under-review\qb-inventory\html\images\np_scar.png	18091	6802174DC5B2A031445DAD19BE365B590BB73B460F05C76373A143BEFA4AA909
C:\script_ver\quarantine\under-review\qb-inventory\html\images\np_scissors.png	6546	BA6515A5BB6862262979059C876A75AD59D5F164FC1F9F2C36FC098F4F6D947C
C:\script_ver\quarantine\under-review\qb-inventory\html\images\np_scrap-metal.png	12623	D77B797A3C91510B320A6A9EC4A681D7585A2691051F19033BEDF550FDBB9DA3
C:\script_ver\quarantine\under-review\qb-inventory\html\images\np_scrapbox.png	15823	801739218C4536A0925BC5847064D5201F6353ADF07BC2AB6EECD48FD330BCA5
C:\script_ver\quarantine\under-review\qb-inventory\html\images\np_screen.png	7390	2801821D12AE37E6797BC5158DD3A25A2B1FC9C4C32B9E308451EF3D55632208
C:\script_ver\quarantine\under-review\qb-inventory\html\images\np_screwdriver.png	6927	397BC70CA0042DDBCE51C26FC1C38127DD1281FFA7C3C16A0CF1BA0DBC61877B
C:\script_ver\quarantine\under-review\qb-inventory\html\images\np_script.png	8773	CF8CDED00BA9FB1BE4C4344E5FC747641BFAE1C7953030A263BFFFB0358747D3
C:\script_ver\quarantine\under-review\qb-inventory\html\images\np_sealed-bucket.png	5728	FC823EC35A7FB700538F4190BB0A9716F6CA3F4618022CCEFB56AF8662BD32EA
C:\script_ver\quarantine\under-review\qb-inventory\html\images\np_sealed-evidence-bag.png	12772	5F306D6B03EE8C992C20F15369F720079253D23A0A9CF8EFA7FFB4BED33452F9
C:\script_ver\quarantine\under-review\qb-inventory\html\images\np_seat.png	10334	ABC598F2320D291FCD3FC670C9A0007027E9EC2671FAF1427AD49A31A72D2DCA
C:\script_ver\quarantine\under-review\qb-inventory\html\images\np_secret-coin.png	11864	F2454B9BDAC1A1EBC18BABEF1C2C8481E5064190B3C9990D0C843DFB54157CFD
C:\script_ver\quarantine\under-review\qb-inventory\html\images\np_secret-file.png	6484	6BF9928C10EAE02D556AAC996651643800D2B2AEB3175F9BF7108D89A07BB44C
C:\script_ver\quarantine\under-review\qb-inventory\html\images\np_securebriefcase.png	11871	236F91B409047882D6E2DF068B9CB9FE78F60455ADBFBC89A9EC5CC3A798C564
C:\script_ver\quarantine\under-review\qb-inventory\html\images\np_securitycase.png	28547	0E26916D1F66F726E88696E97E6F0E540CB94CB49F947401E73F8F430A366F1A
C:\script_ver\quarantine\under-review\qb-inventory\html\images\np_securitykey.png	9590	831A077D8C47D0A15CF6AD1C488978A2A18C47BB9D8648189F7BA1A9BDF230C5
C:\script_ver\quarantine\under-review\qb-inventory\html\images\np_seed.png	25674	482840024653F22C8079D3368EBA12735D7844BC54146181427DF0D9C6FEE485
C:\script_ver\quarantine\under-review\qb-inventory\html\images\np_seed_analyzer.png	11883	F624A55A6F90388A0E5A5D7AC363CFF86C020926830EE23ED225C3082D50D156
C:\script_ver\quarantine\under-review\qb-inventory\html\images\np_sensor.png	5928	D65B375AA58FA1492804297E6A21E657FEE1414F2B736DF4C16820D974194161
C:\script_ver\quarantine\under-review\qb-inventory\html\images\np_severed-finger.png	10718	051BBC7F214F8F75CDAEFD85318743D3B300B4A77D41BE6B3E50C8170B44BA12
C:\script_ver\quarantine\under-review\qb-inventory\html\images\np_sg_invite.png	11135	05862F31359A1C0D63E6ABDEE2E73971EADCBB77A33DFF3CA7ED407C8D2472D6
C:\script_ver\quarantine\under-review\qb-inventory\html\images\np_shampoo.png	5869	ECF8C02F71A3F4D273F5E636B9FD9FFE8DDBC13745056C6D653136F686CAA10D
C:\script_ver\quarantine\under-review\qb-inventory\html\images\np_shaper.png	8572	1C747676962FAE23C81A9F188EB17E0A0D8A626F3786DCF19A651E6ACC0B92AF
C:\script_ver\quarantine\under-review\qb-inventory\html\images\np_shark-tooth.png	4548	B2DECF1999ED1BBAA3DFD365F949274B26630B9F0BEDDEE79C2ABCC4363271ED
C:\script_ver\quarantine\under-review\qb-inventory\html\images\np_shears-of-justice.png	8361	42FF1F8A8D3189309C0D1E7EEA6DF754AE6AB48401A7A2FEA6CD7DDED0523D34
C:\script_ver\quarantine\under-review\qb-inventory\html\images\np_shipping-box.png	6981	B9FA87F828A5B44498A0BB02E6029B63B2DCB663E1610AED221D06C610E63774
C:\script_ver\quarantine\under-review\qb-inventory\html\images\np_shipping-crate.png	12137	99E602E645DF2B6E459902DA5625886E54E8F1DC9B035FE69F2BE5753C3013A8
C:\script_ver\quarantine\under-review\qb-inventory\html\images\np_shitlockpick.png	19259	892A4E255B1147CE1E7F2DB6A0E518513B0BBB260DCC6D40140135449728557B
C:\script_ver\quarantine\under-review\qb-inventory\html\images\np_shiv.png	17915	EDD733627CE85FBBE6D56463A5F93B3D79A8256794F6C37B6B82EB6AFDBDB1C1
C:\script_ver\quarantine\under-review\qb-inventory\html\images\np_shop_supply_boxes.png	11226	A9984F2B24A1C9652B1B38FED92994CA7D098B57015891EFFAC367A51FD68421
C:\script_ver\quarantine\under-review\qb-inventory\html\images\np_shop_tray.png	4880	2006C7415A4280E98199395E5A6DB51E90540A21FEE4A6FA6E86DDD72703C1E6
C:\script_ver\quarantine\under-review\qb-inventory\html\images\np_shot1.png	6706	1E17943EAB312FC353ADA70A462FF73DDCB854BB08191D4AA1CADC990072C810
C:\script_ver\quarantine\under-review\qb-inventory\html\images\np_shot10.png	6458	6F2508FD05732DE9AFB33C483A9559E191CEA8BE1366755B877F1B98606EB3DF
C:\script_ver\quarantine\under-review\qb-inventory\html\images\np_shot2.png	6174	7227F12A93FD6A85E5597677867AF7847CC48ED630012D8E995F5698A0690AD5
C:\script_ver\quarantine\under-review\qb-inventory\html\images\np_shot3.png	5924	48F0A473E2CBCDB67DE7BA9D6BAC0844B604D2684C569E1483B7B1224D339392
C:\script_ver\quarantine\under-review\qb-inventory\html\images\np_shot4.png	5507	39E5ED22145B4A53054410F3FA72BD1674ECB731A8D6DCB1B054A1FF7363219A
C:\script_ver\quarantine\under-review\qb-inventory\html\images\np_shot5.png	6304	905320A3221DD73DF69C065690997B2E77D9F4450FD5C8642D4F6553E6EC7D71
C:\script_ver\quarantine\under-review\qb-inventory\html\images\np_shot6.png	5409	D0F7DBEB11CFF018221299A236CA1442319FA1974BDCF3FF96CA136607B3A301
C:\script_ver\quarantine\under-review\qb-inventory\html\images\np_shot7.png	6706	1BD7592F741F8DD6E9921E6D7DF4AF8F1FA87297F57B12AD11A4265415DBF310
C:\script_ver\quarantine\under-review\qb-inventory\html\images\np_shot8.png	6402	A78D0504DEBDC21803BECD284663C8D10AF8853D6DE6DE17024F1277D197142F
C:\script_ver\quarantine\under-review\qb-inventory\html\images\np_shot9.png	6965	A73083E06920A5BCB2295F8E8B8A4A7A7CE59F0AC162CB38CF5933CF39025589
C:\script_ver\quarantine\under-review\qb-inventory\html\images\np_shotgun-ammo.png	21455	A38BFBE61F7567287DD3B9B0B2A2E49514DADFBF9E52C459D4CD26E0879AA484
C:\script_ver\quarantine\under-review\qb-inventory\html\images\np_side-mirror.png	6459	D1AC06FB798DA4BFDDFCE0A2A461F8F86443A0DAA87EAC77E23E4A19DFAD1C2F
C:\script_ver\quarantine\under-review\qb-inventory\html\images\np_side-skirts.png	7976	C63B4AB0BC40021F0A0CE6ED79E43CB9DA7DCD28BECE9302144013B83B837C71
C:\script_ver\quarantine\under-review\qb-inventory\html\images\np_silencerbig.png	5221	0604FE71AD7F2E9E24C1C27EDEB812AB1DFDD74ACD1C626C2569B4E8DEF8E25E
C:\script_ver\quarantine\under-review\qb-inventory\html\images\np_silver-coin.png	9009	7BF23BCAE1EE39231A144A151F91FC99FFD2FC2944A723A439F4DC7E646C15DD
C:\script_ver\quarantine\under-review\qb-inventory\html\images\np_sim_card.png	7320	8ACE07B8EE99A6182B106B1FB7CC783E0908D86450569C43696CEDB2AEBAE9E8
C:\script_ver\quarantine\under-review\qb-inventory\html\images\np_skorpion.png	21510	ECF92A15403145AB7B852E8BBEE9F614EC4B678F7E1B3007BD802F551ECA7AFB
C:\script_ver\quarantine\under-review\qb-inventory\html\images\np_sledgehammer.png	8070	E69ADB879C6007A7D6673719F3769390D0D494AB60755AEB38A859E089EFAD16
C:\script_ver\quarantine\under-review\qb-inventory\html\images\np_sloth_chain.png	9160	FFB5888A702E451A47ECD047841AEE854A8714C146AAE8D61515742077BBFEAF
C:\script_ver\quarantine\under-review\qb-inventory\html\images\np_slushy.png	19472	F5F7730649ACE23005F7BF464AE292E6E02D3601F575D4810E6C8837CD241B5E
C:\script_ver\quarantine\under-review\qb-inventory\html\images\np_small-scale.png	6251	8317760BA4BB790C6549992495D7069E5A433E353621CF2F4D31B3356B915B6C
C:\script_ver\quarantine\under-review\qb-inventory\html\images\np_smallarmscrate.png	16523	988B2E9D32D7AF77974A7D204660ECF6083B4F3F622DE9A56392B7E0E6083E82
C:\script_ver\quarantine\under-review\qb-inventory\html\images\np_smg.png	9419	CA938886020595C0AF140E56A4C44C8DF76179416DB0FB63FBC620D8EA78A972
C:\script_ver\quarantine\under-review\qb-inventory\html\images\np_snakeskin.png	12768	AC209732D57EEA4482DD5198B121F910520A250E5CA456F3E24F9359B16AB6A9
C:\script_ver\quarantine\under-review\qb-inventory\html\images\np_sniper-ammo.png	21791	2EC5D326D018C95A767247189BA8D7885655EF2982B0DBEA5247EEA4A031373B
C:\script_ver\quarantine\under-review\qb-inventory\html\images\np_sniper-rifle.png	8252	97B9FEE2CE3011A358CACD91AE2A395E880EA4DC6B49FC39743E54811978585D
C:\script_ver\quarantine\under-review\qb-inventory\html\images\np_snow-photo.png	10431	82F765996E1E364A4CD6D6256CBF4361EF9521498FF75F3D8C92C737BF27246A
C:\script_ver\quarantine\under-review\qb-inventory\html\images\np_snow-vhs.png	9198	30BBF7A62C1F1EDD562026D78FD66B5E010ED9E6170E2E6EAD33E086B8F9B6FE
C:\script_ver\quarantine\under-review\qb-inventory\html\images\np_snowball.png	7157	9EC1A8E8F106B890CDA91D0A955AD5FF248129EE4CAD52BBEC1589AD5CA6225A
C:\script_ver\quarantine\under-review\qb-inventory\html\images\np_sns-pistol-clip.png	3799	051292B76A9F958315433BD1707A9323008372F64FEE811F96D395894F026F84
C:\script_ver\quarantine\under-review\qb-inventory\html\images\np_sns-pistol.png	5406	AB4ABFF41EE33EE301C9CA15640B1CF5013A8569E5B135EDD2BA1193BECF96DF
C:\script_ver\quarantine\under-review\qb-inventory\html\images\np_sock.png	9234	3A98037488956AC7180E75D15FE79E2CD9CBAC69EFDFC43E48C04AFC5FCAD85C
C:\script_ver\quarantine\under-review\qb-inventory\html\images\np_softdrink.png	7177	CE5ED116CD0230FAB696DA83331630D80B8F6B61AA4BBD66E1D2D4A9B2D5E711
C:\script_ver\quarantine\under-review\qb-inventory\html\images\np_sound-system.png	11290	DDF2A88C748C62F8402B01C296198F69E9EE272528A9F9DE4416A0BCB9E321E7
C:\script_ver\quarantine\under-review\qb-inventory\html\images\np_soze-photo.png	16360	3186D95731049B1E97B75928F06883D534FBBFB4D16A89CC3AC1312C70939885
C:\script_ver\quarantine\under-review\qb-inventory\html\images\np_spaghetti-can.png	19869	C3491F2044B1472FFB5B78C500D79F2118CDD0CEA36BD2796A4E04CC0D9FB316
C:\script_ver\quarantine\under-review\qb-inventory\html\images\np_spaghetti.png	9790	BB90761C6C3FFCE8A3A9A8070F0133367987FCCE1EE0AF9199A3A3C7C029FBA2
C:\script_ver\quarantine\under-review\qb-inventory\html\images\np_special-carbine.png	9029	426BF05A25DC228EE0C826618D0A65F0B8FA348AB4670AEC1EE538ED9125ABD1
C:\script_ver\quarantine\under-review\qb-inventory\html\images\np_spellblue.png	8552	2AE15E7773A66D7863277CA04189E1F5DB61E2258731C664C677EFCEBF2C06F0
C:\script_ver\quarantine\under-review\qb-inventory\html\images\np_spellnormal.png	8449	52D287DCB9E84678FEA3494805FDCC74286CDEE03624C6AA9589385555DC13C4
C:\script_ver\quarantine\under-review\qb-inventory\html\images\np_spellnormal.psd	79628	A9D5C911BC6335F0E1BA17C1132E546801F459EA2DFF21CCE0CF8993855780FD
C:\script_ver\quarantine\under-review\qb-inventory\html\images\np_spellred.png	6734	5F39A13A94616B4DCD716DEA10B22D08D4EE18EDA56C70110A7AB382096142B4
C:\script_ver\quarantine\under-review\qb-inventory\html\images\np_spikes.png	15445	0AA52ED74F725748A2E1CFF3FD2A41FE252A1B613A86206907D4E43AFB978299
C:\script_ver\quarantine\under-review\qb-inventory\html\images\np_spoiler.png	6607	47CF73B5E766BAA6178F6BBF8930489C39813A33EFC10F737F200236EA0DF9CD
C:\script_ver\quarantine\under-review\qb-inventory\html\images\np_sprinkler.png	7252	F1113BC79EA21E97D439FF55FA82E6F4C8683333C213D7F06469DE3FBB3869D7
C:\script_ver\quarantine\under-review\qb-inventory\html\images\np_sprunk.png	5665	6FA285D82A8672F8605D997E649856622704E70F1BA17743002916081AD45680
C:\script_ver\quarantine\under-review\qb-inventory\html\images\np_srubbingcloth.png	8515	80E9E1881427AD9DA75E724977401C3F33C43F756931AF39ACBC7A6CFC26D807
C:\script_ver\quarantine\under-review\qb-inventory\html\images\np_sscope.png	18977	31281A791F842F2CB786E884D9184323706497089C9992221E0ECDA9E4348513
C:\script_ver\quarantine\under-review\qb-inventory\html\images\np_ssilencer.png	4258	7451C8B44A5FF704D1AECB74333A74989CA33665E9D3B4DEEE700B99AA8C14B1
C:\script_ver\quarantine\under-review\qb-inventory\html\images\np_staff01.png	12725	2AF62B85873D521EC3211EB736DC212D10C941942AB8FBE0EB57F4CB7CA16E26
C:\script_ver\quarantine\under-review\qb-inventory\html\images\np_starry-night.png	16208	3A77B5CD8A54814144E9C2B301A7197E26E828F0537E6AFFC0902016C9BD4FAC
C:\script_ver\quarantine\under-review\qb-inventory\html\images\np_steak_blue_rare.png	8016	8FBDDD36BA23DC36989DBCE3F728B6E4E7297FC3C16C9D15E091294AEBDA6221
C:\script_ver\quarantine\under-review\qb-inventory\html\images\np_steak_medium.png	8129	B7E0CF0EFE449179989CBF46786F8758BB3B7D76D2C8C1B1AA67A346205C878E
C:\script_ver\quarantine\under-review\qb-inventory\html\images\np_steak_medium_rare.png	8259	62D7D2AC5257CBA11050655E0A6318090FC846AF3DBC77575662145F73AE8453
C:\script_ver\quarantine\under-review\qb-inventory\html\images\np_steak_medium_well.png	8359	A0AE16EB6244B0561AD039384799ECB96845C03F0D8ECFEF60369CDEC951297E
C:\script_ver\quarantine\under-review\qb-inventory\html\images\np_steak_rare.png	8219	14F28DD6F2D08412BDF6EFDB191EC35D2447430D39378D4926108DDDE4D73B0A
C:\script_ver\quarantine\under-review\qb-inventory\html\images\np_steak_raw.png	11257	51FC814154CA50354F59A8DF8F6CFF2A3D428B6B75DC5188BAD58A8682A8773F
C:\script_ver\quarantine\under-review\qb-inventory\html\images\np_steak_well_done.png	8173	69C66D338F78091B892367E77AEDC4B3CB3CBF8C686502568B20075EBB380E46
C:\script_ver\quarantine\under-review\qb-inventory\html\images\np_steel.png	9199	FB9A27F58B2044E4A561CE3186BAEA15804F67034F37320A55D7CDBF05476F3C
C:\script_ver\quarantine\under-review\qb-inventory\html\images\np_sticky-bomb.png	6886	0F065F0F23B89A048441C958AED1154E7192BEC4222CA3E4EC8E577C1E043FBD
C:\script_ver\quarantine\under-review\qb-inventory\html\images\np_stolenart.png	19377	510296C05E8BD5ADA666F4F008A2B1AD41C23088971AED58886931796C003513
C:\script_ver\quarantine\under-review\qb-inventory\html\images\np_stolenBrokenGoods.png	20832	F60974E2CA199530F1C3583B27A3C5AE648638F5EAD4727DA4EC3265E6B36B0C
C:\script_ver\quarantine\under-review\qb-inventory\html\images\np_stolencoffee.png	17099	D1B18D945DA6606F26CA2E0D4F6009833EE595944CCD1AE954CBD4CDA866D203
C:\script_ver\quarantine\under-review\qb-inventory\html\images\np_stolencomputer.png	6336	77FB8F0AEEAD311F8BF99B096B781566FF42C0004151640A57B4EEB4DB95E9D1
C:\script_ver\quarantine\under-review\qb-inventory\html\images\np_stolenmicrowave.png	6467	8E5DB53A8F4E090CB5F59705BC8B6435CE1C1CD0BB79F1E3499BE1F6DC5B9688
C:\script_ver\quarantine\under-review\qb-inventory\html\images\np_stolenmusic.png	7759	13F25EAD8E1256D985140A94EDB2B6B913A72FDDFC2436D15F1950ED613E268C
C:\script_ver\quarantine\under-review\qb-inventory\html\images\np_stolenshoes.png	14137	2B3F479E7CF2EEB505C07A6ECB35F6F1DC8327C408F9670EFFCDA6A6DCA68A85
C:\script_ver\quarantine\under-review\qb-inventory\html\images\np_stolentv.png	5913	7219A99DB1910C03AF3885FE2C53231552B1CBF0BF19B2B2F607478D21E4F37C
C:\script_ver\quarantine\under-review\qb-inventory\html\images\np_stolen_vehicle_rim.png	12953	24913859E66767F2B5DCFC29847BF4FE089F19D85D2DE6E6E0C187E628B79567
C:\script_ver\quarantine\under-review\qb-inventory\html\images\np_storesign.png	13747	1148624F2F2FD3B992F12A5954162F5F2E151A351DDDB962A9CEC60852453A0B
C:\script_ver\quarantine\under-review\qb-inventory\html\images\np_straightvodka.png	8102	1A91736F09F398DB8D39BC5E30C0B6B12E4A6A815C0D42DBE0DA6B5043074EF9
C:\script_ver\quarantine\under-review\qb-inventory\html\images\np_strawberry.png	8819	88974CBECEF9966431B05719AFC5C644717D704A5C5D45F335787FE800AE5BFF
C:\script_ver\quarantine\under-review\qb-inventory\html\images\np_stun-gun.png	7032	9ABD20B4F7516A63ACDC79794C465031E0C42808F82D4D332B311B72C5747471
C:\script_ver\quarantine\under-review\qb-inventory\html\images\np_stungrenade.png	10498	C8964F4499E08E70CEC338F1888DF3F69C183E16D960797A6A5E3F6CC4CCDD79
C:\script_ver\quarantine\under-review\qb-inventory\html\images\np_sub-ammo.png	23658	0736EDF7DCB2F76D84C6EA517A41C1875ADE7199035ED427A2ACA43ED4EDD0C3
C:\script_ver\quarantine\under-review\qb-inventory\html\images\np_suitcase.png	24865	715BCD56FD15496A3015803D4D51FDB644417A0C9D97CDEF3D14DF87F6D3665C
C:\script_ver\quarantine\under-review\qb-inventory\html\images\np_sunflower.png	7627	13F9937A57A32817EEACED5437766E26C7707468A484AFA3BA9192AB867E5542
C:\script_ver\quarantine\under-review\qb-inventory\html\images\np_supplies_electronic.png	19092	F0A1F6068A2AD24760A37A2A17502FDB7E1987EC2B13EC17C56AC0F57BDDC987
C:\script_ver\quarantine\under-review\qb-inventory\html\images\np_supplies_food.png	17550	C7976E6F64FDF8BFDD5DD9A02F1000A29D87155F45C6606C9234D01C38971AD9
C:\script_ver\quarantine\under-review\qb-inventory\html\images\np_supplies_import.png	19127	1ADD111C921A5493A632F716B9046F6C3D5983C1D7507870AE092E7A76C38CF8
C:\script_ver\quarantine\under-review\qb-inventory\html\images\np_supplies_metal.png	17261	BF015F88723EF1AF54B8E7E49BB89AD809B16F70F47613E53CD54295E82D711F
C:\script_ver\quarantine\under-review\qb-inventory\html\images\np_supplies_paper.png	17152	6956EE76EB10D030C3897341A4A13F434EA87C437541DEEBAE5B0C5AEE68ED71
C:\script_ver\quarantine\under-review\qb-inventory\html\images\np_supplies_textile.png	18089	C2CD1F50A30CD9A792C680992CAAD82A118AD93025663B537269DA8DCFD25FE3
C:\script_ver\quarantine\under-review\qb-inventory\html\images\np_supplycrate_large.png	12568	EF173D384A87D65816458383837F12D4B552211B857BF92A3BFB37FB4E9BF171
C:\script_ver\quarantine\under-review\qb-inventory\html\images\np_supplycrate_medium.png	9005	19600EC4BE3E443EC5CC191BA5480D5B8A981AB262374CBDE4524B8227DEAD3D
C:\script_ver\quarantine\under-review\qb-inventory\html\images\np_supplycrate_small.png	24450	554D69ED1164711FFDC23CE7872C75AFE40D39AC4A177131220DC2F8A062F67B
C:\script_ver\quarantine\under-review\qb-inventory\html\images\np_sushi-plate.png	9878	0EB0939D797B5FF8E8EAFD2CAA34EDEDE2692E437A4142F27548D31D36C0F0A3
C:\script_ver\quarantine\under-review\qb-inventory\html\images\np_sushi-rolls.png	8440	B7F46FF261D132B71FC2FBFBF74CB17BCD842A1C428A1D8736E64D9E15206C37
C:\script_ver\quarantine\under-review\qb-inventory\html\images\np_sweeper-shotgun.png	9651	F818EF360498BFDEC4B5F6D798C8E19AF9FB21C2B4347BC5ADFB1AF729EBFB7D
C:\script_ver\quarantine\under-review\qb-inventory\html\images\np_switchblade.png	18345	567F0F82D7B959A7B055F0A3B3CA1CF0ED74D2899E5225B5E7A36B6403B71795
C:\script_ver\quarantine\under-review\qb-inventory\html\images\np_taco.png	8009	ED43E8FF71D91476E1DD1933866B41A143D9B5955E1C463C1856CEB97623BA95
C:\script_ver\quarantine\under-review\qb-inventory\html\images\np_tacos-de-asada.png	13639	8A542F93EF1859B15DF74E18021C00F85B145D58609A9EE759680393D2EA11F9
C:\script_ver\quarantine\under-review\qb-inventory\html\images\np_tag-team-belt.png	12513	C1A18B688EFBF960B6F4A28F96D4C2E353E8F29CBB390F1470C2B0B5703097F1
C:\script_ver\quarantine\under-review\qb-inventory\html\images\np_talonsword.png	8459	3EF6340FFDBF78BB017EFF91900B5DE48259789CA66F4383F3D8AF082EB3C8C7
C:\script_ver\quarantine\under-review\qb-inventory\html\images\np_taserammo.png	9508	CECB53E5AD5880744E29D339D1A571247672BC40D32C1F9C05FC66E9452732D0
C:\script_ver\quarantine\under-review\qb-inventory\html\images\np_tcganniversarybooster.png	5020	2B0DEBFFA1186C4B5EF75770799C8AE82A06F736EEC7BD83AE8CF19C6B4650E4
C:\script_ver\quarantine\under-review\qb-inventory\html\images\np_tcgbinder.png	34258	C95018C46A21A0AB86A3847ECF2CD6468D90C53F9DA65C81DDC9F3570647DEC3
C:\script_ver\quarantine\under-review\qb-inventory\html\images\np_tcgboosterbox.png	25286	4A8C8CD26FF5645BE8C96D19FCB9C32FCEC3D240CCA98AAC841458DAF4A612C0
C:\script_ver\quarantine\under-review\qb-inventory\html\images\np_tcgcard.png	10190	A6315A190B1885D0A9D200F3B06AC48C7F30594AFEBA3E73BD291044B103F4DE
C:\script_ver\quarantine\under-review\qb-inventory\html\images\np_tcgcivsbooster.png	11272	4D315FADBD0A3C1805ABCCAC3C20086813FD504611C18679FB661C6E1CF66245
C:\script_ver\quarantine\under-review\qb-inventory\html\images\np_tcgcrewsbooster.png	10166	F3A1D5C80C6308380D83711D08C6666F085C70DB98AA7A1BC5F12CFB2F02FB34
C:\script_ver\quarantine\under-review\qb-inventory\html\images\np_tcggovernmentbooster.png	11054	2CB2C6061F632C31D20584E5D9A15F6962D8A4AD1DC63ACAEEE5DE3DBCD9671F
C:\script_ver\quarantine\under-review\qb-inventory\html\images\np_tcghardcase.png	6857	736F786231A60F3EAEC217D56454E1395E2320D300011F4E8804153238375DF9
C:\script_ver\quarantine\under-review\qb-inventory\html\images\np_tcgpromobooster.png	16686	079A5F2C281748105E8E514EBB7F6057640879D719B93C83CCC8C7DD67AB8B19
C:\script_ver\quarantine\under-review\qb-inventory\html\images\np_tcgpromopacks.png	5878	5BA8D2CE63DB8A1E9A4FE465146CFFBE39BE259AED391BCA9645A08A576B02D6
C:\script_ver\quarantine\under-review\qb-inventory\html\images\np_teal-bandana.png	7643	1AB2C971FFDD8EBF216A6D4342C36F97509DE247B17D93014E7C61195212251C
C:\script_ver\quarantine\under-review\qb-inventory\html\images\np_tealeaves.png	4689	8F50136EE66CD0374281EDAB443B7CD4FC68CC1E075B1F90C1125EAA47D084DB
C:\script_ver\quarantine\under-review\qb-inventory\html\images\np_teddy-bear.png	11178	6A9A07EEB87A1A71AA8B5C50A2BDFC389F387468425DEC389D4186CAE744E64F
C:\script_ver\quarantine\under-review\qb-inventory\html\images\np_temp.png	8460	A9C3CF5CBC19629CAB8CCCA0BD12F0665CD57EAC776DDA3CF1EB637D5F12C4EF
C:\script_ver\quarantine\under-review\qb-inventory\html\images\np_tent.png	7900	17EABBF512E7CC28D33B01C4B8B7EC7EB1CC3FF585C48799DEDEED5A92B0CD73
C:\script_ver\quarantine\under-review\qb-inventory\html\images\np_tequila-shot.png	4840	213F9615A2C14A716A35023BE6895EF586900249D39B4D0498B926DBCA7D5E86
C:\script_ver\quarantine\under-review\qb-inventory\html\images\np_tequila.png	7518	6D074716E67E64971A3377E93E525338B9BBF11C8750C24D1DED441BC458B8F6
C:\script_ver\quarantine\under-review\qb-inventory\html\images\np_textbook-a.png	8015	AE3BE13D62A41CD194462960BFE47D15397F535F28BC3D9F5FDA81FC06CCA1AC
C:\script_ver\quarantine\under-review\qb-inventory\html\images\np_the-bleeder.png	7359	27AFE76ABA7CE7C3C48983701542493EA2F28C0386D744C4017C2B1D2C7CA5B2
C:\script_ver\quarantine\under-review\qb-inventory\html\images\np_the-heart-stopper.png	16369	8E84C577D4D08480F17661E07AFDCE541B39506278C625AB1D6C189560F414FE
C:\script_ver\quarantine\under-review\qb-inventory\html\images\np_the-scream.png	16193	301FC9CACAEC82F125E5400132F8AF7A3E045A5972F75E04A254FCB816DF0AE6
C:\script_ver\quarantine\under-review\qb-inventory\html\images\np_thermite.png	7371	8354CCAB70C98DFEBF2507C86DE4EB9F7174346B79F8B22C6525BE6131CC6A11
C:\script_ver\quarantine\under-review\qb-inventory\html\images\np_thermite_charge.png	18941	0B87764C0420D6E330CDAF4A667D13A2B00659CDB085A32DAA84E1694A0C7A1B
C:\script_ver\quarantine\under-review\qb-inventory\html\images\np_ticket.png	8254	82681ABED9250B5C412610168DC6308D80D920C0AA45F8F9F53FCA9B29DD249B
C:\script_ver\quarantine\under-review\qb-inventory\html\images\np_tire.png	9767	14396697D34A0954510A41B0E54251FCB66441A604C93DE458B3A27EAD71265B
C:\script_ver\quarantine\under-review\qb-inventory\html\images\np_tire_kit_a.png	43177	A434BAB7050727B4AD804FDCD34B4D2F69C5046D26CA9E199497D01B99AD60B7
C:\script_ver\quarantine\under-review\qb-inventory\html\images\np_tire_kit_b.png	42660	7838FC49C37A053469E6E4C0A6396F21735987485307E1251CE4D934076D9A73
C:\script_ver\quarantine\under-review\qb-inventory\html\images\np_tire_kit_c.png	43090	2C132648DE9303D0538B3C1F43ACEC8791925E21989EEC68829D27D946186B17
C:\script_ver\quarantine\under-review\qb-inventory\html\images\np_tire_kit_d.png	42472	ECFDE2CCAD965CEC7A609DD1D1DCC521AA9EA5E7D92C0CAE57F315CCEBD89636
C:\script_ver\quarantine\under-review\qb-inventory\html\images\np_tire_kit_m.png	41808	F8CC33D13FEE53293C184C3EDEB856DE8C40AA5A595CBAB7818AC5C6D88EC038
C:\script_ver\quarantine\under-review\qb-inventory\html\images\np_tire_kit_s.png	43331	B6F23F4366E5D3DB1BDB803A043CF0C32BE366AB29C27B5AF7CFC56573CF9B7D
C:\script_ver\quarantine\under-review\qb-inventory\html\images\np_tire_kit_x.png	43676	C6C05844510B652E4D763697CE32CA9B25BA4F07DA093DFBD99A7E013FA56DA9
C:\script_ver\quarantine\under-review\qb-inventory\html\images\np_tire_repair-kit.png	33475	08C16E061ECCC03593551333C90175357FD8784B3F3D55DBB552B23BD0E4E988
C:\script_ver\quarantine\under-review\qb-inventory\html\images\np_tissue-box.png	7903	CF7041DEE58A6F82B45F90492FDD2C2ED1A0AB76E65C84F3F515D5D550DAD1F3
C:\script_ver\quarantine\under-review\qb-inventory\html\images\np_tl_meteorite.png	24204	46218B624000A6CC94EE4F404FC5D1D6733127844B9D291DF3CB0805E7A6C89B
C:\script_ver\quarantine\under-review\qb-inventory\html\images\np_tl_nanitesupressor.png	12073	870C84D6670479D71688DAE92447D2DC72A0D9F025D4EAEDA9C26D2AD22FF172
C:\script_ver\quarantine\under-review\qb-inventory\html\images\np_tl_outbreak_tester.png	19081	C42A60896C817852FEFCC2D99739CE39C44E135EA5292A4D520016911390169C
C:\script_ver\quarantine\under-review\qb-inventory\html\images\np_tl_portaldisruptor.png	19425	E7F347DBC28FCD9450FC6C4DBF75535A038C7FC8BCE3E7D61A95400D1A79DA29
C:\script_ver\quarantine\under-review\qb-inventory\html\images\np_tl_portalopener.png	10930	765BC367E5E2351F27C9E4FFE23DC5B8D92A3AF653AC94A8A547881FF552147B
C:\script_ver\quarantine\under-review\qb-inventory\html\images\np_tobacco.png	12413	CF0CA72DBC320021750E820B75F815C902CF6254ADA58F834F6468C3BF713C77
C:\script_ver\quarantine\under-review\qb-inventory\html\images\np_toolbox.png	25392	3250ADBD152909F88C7E6CDC583C2987B8C02E7802A72B1542AC4B7A14776794
C:\script_ver\quarantine\under-review\qb-inventory\html\images\np_tooth-necklace.png	6834	F0466CA7324411F587BD4DEBAB8CCF549FC0CE6D8DA4FF3C2658F1FB3E397CA8
C:\script_ver\quarantine\under-review\qb-inventory\html\images\np_torpedo.png	9102	05D36FEF268A65361491D2BD08CF71A591FF0603E8A9024309A76B152DD8FEBE
C:\script_ver\quarantine\under-review\qb-inventory\html\images\np_torta.png	9909	3500B3BED8D5E5B6F7E35A381466DA11DD5255E64A449F8C5208A741B3FB711F
C:\script_ver\quarantine\under-review\qb-inventory\html\images\np_tow_rope.png	15778	B50A87745AF106DDCCDAD1ED3512C367D31497F2289C87FE306AB64715DA2860
C:\script_ver\quarantine\under-review\qb-inventory\html\images\np_toy.png	12876	5F800B7FE5291A3309FB8A91C2E8B28A059CABDC78A7344AC91D439579749AB3
C:\script_ver\quarantine\under-review\qb-inventory\html\images\np_toys_ken.png	11121	C172FF9CAF50AF263D36B5BA772D840DA1C8F37D152BC7DB4567901DEEC1ED85
C:\script_ver\quarantine\under-review\qb-inventory\html\images\np_toys_kevin.png	10735	796A528EC2DA6B18E66FC7DAAB5F673E7866135E943F8B96F436353ADCD319CA
C:\script_ver\quarantine\under-review\qb-inventory\html\images\np_toys_rob.png	13645	F38514FC07C4E4A78FBC225FD12023096955F6EA07A12AD8FBDF3DB6236ABEF4
C:\script_ver\quarantine\under-review\qb-inventory\html\images\np_toys_rr_bjorn.png	15842	B2BE1192A9FD63150D636CE91E206665761A5745A822CBD9180C7C4311D80932
C:\script_ver\quarantine\under-review\qb-inventory\html\images\np_toys_rr_buddha.png	13824	6FB5033699C78F0C6D6370D0BF7637665B0C6ADCC17C132EFCCEF45115EC2135
C:\script_ver\quarantine\under-review\qb-inventory\html\images\np_toys_rr_clayvon.png	15883	F85CAFF226746CC3B612569562182520A077011C1E0BBA80ACCEB31A59149B00
C:\script_ver\quarantine\under-review\qb-inventory\html\images\np_toys_rr_donnie.png	18924	52587A04DE1F205C7706257ACC095E276F33069BB0B827DCECEBF6DA5550A805
C:\script_ver\quarantine\under-review\qb-inventory\html\images\np_toys_rr_gloryon.png	13857	56D4F8D1A0B63E5A05D95D2ADFAB7DFA27C8FAED56C268D3F0668A9F758163D5
C:\script_ver\quarantine\under-review\qb-inventory\html\images\np_toys_rr_lando.png	13383	1C1E9AB6FD4B09EA13096664FF6E130BBBBB63CF5309A3DBAB7ED7B0444671E9
C:\script_ver\quarantine\under-review\qb-inventory\html\images\np_toys_rr_leyla.png	13366	8C9A2B73CFC64899C448BB1D7205FF94B04FA5D1FE1BE39CBA37BA22760F2EA4
C:\script_ver\quarantine\under-review\qb-inventory\html\images\np_toys_rr_meowfurryon.png	14837	111AE9DE8B77619F089547CFBFC072769386D9777BE2F8CD526B10B4A42B0B55
C:\script_ver\quarantine\under-review\qb-inventory\html\images\np_toys_rr_stagdancer.png	14127	250A11FA12E3487FF2094F9294F5AF5D6C4B586BFE636EA0BA12D54E942546A4
C:\script_ver\quarantine\under-review\qb-inventory\html\images\np_toys_rr_sven.png	15560	BB6CB8A6C775148B75344205A6BD3D4F4A0D43BAC9A1CABAF482E921C24B9922
C:\script_ver\quarantine\under-review\qb-inventory\html\images\np_toys_rr_yeager.png	13817	463BA14A1A7B222726F6CD395B962A6804B98077123734539613CA0C361210A2
C:\script_ver\quarantine\under-review\qb-inventory\html\images\np_toys_sheldon.png	10721	F5D7BF30C5068466C74F495F2E3A31B36EA2D1A9BE6F03AC65B9DE99AA5C9F45
C:\script_ver\quarantine\under-review\qb-inventory\html\images\np_toys_shelly.png	12282	CC631A58C2246CEB099CC6B12D05479BCDBDB5B3BD02AB2F90D2F94257A50B78
C:\script_ver\quarantine\under-review\qb-inventory\html\images\np_tranq.png	19341	00291A98E66E8F84314F5A220DC874197EB2FCE1A7883065E00E99DD324C9C2A
C:\script_ver\quarantine\under-review\qb-inventory\html\images\np_transmission_parts_a.png	25171	26EC63B1B0EBFDEE75A3AA2B1C537D79D00EAE2F7628268AC2FF7209E406177E
C:\script_ver\quarantine\under-review\qb-inventory\html\images\np_transmission_parts_b.png	24766	9D4CDF72BB780F01CA5297CFA5FE1DB358CC190D9A5D1EC4C56AD81EA5232F50
C:\script_ver\quarantine\under-review\qb-inventory\html\images\np_transmission_parts_c.png	25137	D32203FD2BDF23C3B5D968AB3CDAD520EB95130B320913D2B6CD82D3973EE89B
C:\script_ver\quarantine\under-review\qb-inventory\html\images\np_transmission_parts_d.png	24584	5712115A65348ED9C3C0CE351BAB2D679F667C61775A9880CAB9C82B3278E9C1
C:\script_ver\quarantine\under-review\qb-inventory\html\images\np_transmission_parts_m.png	24460	6FFA2CDDAACB4D0A15467EB3345895CDE1D3857F928B54C01777A4DD6E46C086
C:\script_ver\quarantine\under-review\qb-inventory\html\images\np_transmission_parts_s.png	24908	F09F6BD3F1EF35E231C3EE47D1B7B05E91A5593877AB426CE025A98A2C450F6A
C:\script_ver\quarantine\under-review\qb-inventory\html\images\np_transmission_parts_x.png	25156	A32DA5780C2C5EA7340EDD622462D459CC377C13B332819DF5070C51C8B529E0
C:\script_ver\quarantine\under-review\qb-inventory\html\images\np_transport-bag.png	12750	AB56EB04DF041D556BBC3054B305E7E938963C971D719E61455908688F61403A
C:\script_ver\quarantine\under-review\qb-inventory\html\images\np_treat.png	12180	3E2C7F603B2D0A9BABD89DF73DBF93DA0AB9732780233DA991717456DD0BE867
C:\script_ver\quarantine\under-review\qb-inventory\html\images\np_triple-elvis.png	14059	79B8749D456C4F42BA1D41F8B0511251923771375E15B547D917C7E87A2B94A9
C:\script_ver\quarantine\under-review\qb-inventory\html\images\np_trophy.png	7691	87F679536E36BEE8DE669DFB671C5589B0DE642CA2D4F750937DD209C1D4D1E9
C:\script_ver\quarantine\under-review\qb-inventory\html\images\np_trowel.png	3902	DFA0BE45B876329EF4B9FBFEA021CD70C74FB56DD0D8D8C263E48D64CA91A63A
C:\script_ver\quarantine\under-review\qb-inventory\html\images\np_truthserum.png	5875	20A2361885CBA16FFCDF8B1865940756F51AEFF3B762BCEA4DC1BD1527DF3A5D
C:\script_ver\quarantine\under-review\qb-inventory\html\images\np_tscope.png	19057	4B99D5C7F3E6BA2D2BDAAB8885EF23C6531063DFDE0724E3F6B46F22015FEBDB
C:\script_ver\quarantine\under-review\qb-inventory\html\images\np_tuner.png	11393	B6C38A383DCC98316CA3B177600538456A6DFAC95EE81BD7EEA9E141550996D8
C:\script_ver\quarantine\under-review\qb-inventory\html\images\np_umbrella.png	6120	77E10B229F3CA655043687FF80917866D03B060D38546F822D88DEF58936FB97
C:\script_ver\quarantine\under-review\qb-inventory\html\images\np_unknown-metal.png	13231	FD66E7B122903F8B587C94EA4BD94A05E471193E3855593D27341AA3BCE2F4E5
C:\script_ver\quarantine\under-review\qb-inventory\html\images\np_unknown-usb-device.png	10114	F2BB0020ECEBDB58D7F1287044D16AB95C47050F58B35F7B86F3845EC7154E8A
C:\script_ver\quarantine\under-review\qb-inventory\html\images\np_uranium_rod.png	14665	AA6C0C5AA56DAB5305B5B8E9E064CB38B4C2DBD9D7F77786659CB8A864DCD965
C:\script_ver\quarantine\under-review\qb-inventory\html\images\np_uru_metal.png	16690	03F62A50F2B1AFA4DE1FBFAAD67FD4F6C83CA888D2972835EA5714CB02D1F1BC
C:\script_ver\quarantine\under-review\qb-inventory\html\images\np_used_battery.png	8582	EC62B41F6E937F98E21228140C57CBFB17015AAF8130B0A6BE5D4AFAFD424231
C:\script_ver\quarantine\under-review\qb-inventory\html\images\np_uzi_extended.png	16275	9D590FC1597D8F6646640934882ADAD87EF8F37E3473814667F9E3160E455F82
C:\script_ver\quarantine\under-review\qb-inventory\html\images\np_uzi_fold_stock.png	14250	D39813295A2FC0782B441A64F5F2324A2CA3A5D2BD1B61AD6BB87FE05EAB156B
C:\script_ver\quarantine\under-review\qb-inventory\html\images\np_uzi_wooden_stock.png	14384	BB09BB5FC63F8832C52F002FC70BBFF3CAE3C4C3DACF93EC2BE1118AB4587B2A
C:\script_ver\quarantine\under-review\qb-inventory\html\images\np_vaccine.png	16944	426E03F7242E2AD8050A5540316C7746BB910E83216C0D32929836C3460471A5
C:\script_ver\quarantine\under-review\qb-inventory\html\images\np_vagos-papers.png	17259	D85B1DFD8917B4F2531E0C6D04EE7A86462BC8485946142C6E16565A9FE44830
C:\script_ver\quarantine\under-review\qb-inventory\html\images\np_vagos_chain.png	13529	2DB5EFA8C83A76051B0585EA0712D6F1CDF252000A0E536EC6D2B06705370570
C:\script_ver\quarantine\under-review\qb-inventory\html\images\np_valuable-goods.png	10127	B159ED43DD0627C5F541804EC55566B66DB17FF78E41FA2CD89E2E5F4594F827
C:\script_ver\quarantine\under-review\qb-inventory\html\images\np_var_headset.png	7707	87ACA4A3D93FC4E9F901A5F5A607CAEB6FFCE01AA04BD93B2B39C2C05E7ED6A2
C:\script_ver\quarantine\under-review\qb-inventory\html\images\np_vector.png	18394	391F257ABE8C06051F38B9B7901EAA83E8D83E6A6F321771D710C7E79A2E7330
C:\script_ver\quarantine\under-review\qb-inventory\html\images\np_veggy-salad.png	8556	42271AF16679785D8885778D68BB793849279BA6838FBDC4412A8BBBEB705FDE
C:\script_ver\quarantine\under-review\qb-inventory\html\images\np_vehicle_part.png	20148	5183611E7A490A2F7BDBB155BB6C43FEF893E263481011EFEC98FD91FE5610E9
C:\script_ver\quarantine\under-review\qb-inventory\html\images\np_vending_atm.png	14772	74E9008738A3C999C392FFB4EB2B5013503236F66E54F77546521556007CC52A
C:\script_ver\quarantine\under-review\qb-inventory\html\images\np_vending_snack.png	18164	562A6C41F852C07EFCDB12CFCEAFE8BC66489E1D30EEA8B27398E2EFF0FCE7EE
C:\script_ver\quarantine\under-review\qb-inventory\html\images\np_vending_soda_01.png	19994	D2E0E1A0E7CBE8D9E4850C5B2AD8B75461C1A1C8D09DBBA8F579E44D52639E36
C:\script_ver\quarantine\under-review\qb-inventory\html\images\np_viagra.png	4251	87668E5A0B3D0900EA28356BBDF6A42F118E6F5D66DD83D9F09DFB00B04F3E27
C:\script_ver\quarantine\under-review\qb-inventory\html\images\np_vineyard_spray.png	6367	B38C16931BC3018E53BBBCC2679EC48BF89FCDB2CB5357007040F22617AA284B
C:\script_ver\quarantine\under-review\qb-inventory\html\images\np_vintage-pistol.png	6751	D4B313419E7D067BF671670F27B3F7DD355F726601E42426069BF70BF9653F46
C:\script_ver\quarantine\under-review\qb-inventory\html\images\np_vip_mask.png	21903	74AE0383EFF5E7F8CD22642D86592DF875CDE684080A00AC307254E2B8E537C1
C:\script_ver\quarantine\under-review\qb-inventory\html\images\np_vodka.png	3935	7F7BFB292B36FA3B1A12CF28D99B113777616A6FE9419902E20D602595D3E25B
C:\script_ver\quarantine\under-review\qb-inventory\html\images\np_voodoo-doll.png	8873	04A64EC4185E15C59634873E484A1B030E817EAEC0A0DE8A533CF808D7B6BA36
C:\script_ver\quarantine\under-review\qb-inventory\html\images\np_voted_sticker.png	8294	44DC6BD6B8225D4FBE5A8C235675B0A434CD1E465EF207695508776473955D09
C:\script_ver\quarantine\under-review\qb-inventory\html\images\np_vpn-xj.png	6654	3AE297BB170014C637BC295364DD357659D5C9D8969B8882E6638C532D9C04B0
C:\script_ver\quarantine\under-review\qb-inventory\html\images\np_vulture-statue.png	15284	F677B967BFFE4869FCF6603A9ED19401B309256987403C6C3802FC5F427C0ECC
C:\script_ver\quarantine\under-review\qb-inventory\html\images\np_vu_towel_green.png	6438	42FE0E4CCB1E9CDA303F7689257A390E7C0A1105DF7688F1C4E1638BBD1E3738
C:\script_ver\quarantine\under-review\qb-inventory\html\images\np_vu_towel_purple.png	6368	2FF6ABACE1561023FA4C15D4868DCD7C492416FE6621D1056BCC25E1EB29CC24
C:\script_ver\quarantine\under-review\qb-inventory\html\images\np_vu_towel_yellow.png	6368	DACF5FD352DD4B701AC2D8A84103FE233E48DD289B71094A02228DD379A99CD0
C:\script_ver\quarantine\under-review\qb-inventory\html\images\np_walkman.png	16628	8EA8685CBC2EA9DD39542509A1782F1187C1306724A885B09E98163663F28F17
C:\script_ver\quarantine\under-review\qb-inventory\html\images\np_wallet.png	8503	A9CBD4DD690D22A1262E4BDE2992CAB9F7F77D090F9551D1EBEBF307E62AC48A
C:\script_ver\quarantine\under-review\qb-inventory\html\images\np_watch.png	10057	D5DF17F142A056C538B893E2B6F119A22C3A21C312641894C829083C792097BD
C:\script_ver\quarantine\under-review\qb-inventory\html\images\np_water-lilies.png	19229	FA513624BC511FC617D8F4CB173EDC6CBEC9D1D4310DF504AEB5509C2139D860
C:\script_ver\quarantine\under-review\qb-inventory\html\images\np_water.png	3263	627F69154304138A5E9DDBB248C4B745C8773E5A1A773F072B0ACD75FFE415FF
C:\script_ver\quarantine\under-review\qb-inventory\html\images\np_watermelon.png	9751	EEA5A395C69F3AEF14A37D9E198D90DCBED6979529634838F32E722329BECCB1
C:\script_ver\quarantine\under-review\qb-inventory\html\images\np_wedding-ring.png	4911	5DCBA26D799906B9067B262760FC63D1FFB53F3F7601B8C263D4A1346BA1C32D
C:\script_ver\quarantine\under-review\qb-inventory\html\images\np_weed-4-Oz.png	8684	C1774BE25877270FF9494FD7F1346DF4FC73DF02E9071733CE2D5508A0390002
C:\script_ver\quarantine\under-review\qb-inventory\html\images\np_weed-brick-40-Oz.png	10984	BDDB62BCBD42387A05CCD64C2266A5565FFCD843E78D3CED76799E257EC0E6B8
C:\script_ver\quarantine\under-review\qb-inventory\html\images\np_weed-Oz.png	8670	C54469C278AF3117AF7AF8AB1760A07E4D5BC55C6F7605E81B42877BCEF1AC22
C:\script_ver\quarantine\under-review\qb-inventory\html\images\np_weed-seed.png	8744	907DEAAE04D09DE6D81FB5F83B4088CE5D1DCA9EB7C5338EE7530D3442BA2725
C:\script_ver\quarantine\under-review\qb-inventory\html\images\np_weeping-woman.png	13377	F4328F476379CBC23F641F9E13753199699373610D3CF264104EDF7D3F0B7AB8
C:\script_ver\quarantine\under-review\qb-inventory\html\images\np_wheelchair.png	18729	279AFE38E57AD2D24776253FF7CB149DDC1A23F95675AB343FB30015B97AC9A8
C:\script_ver\quarantine\under-review\qb-inventory\html\images\np_whiskey.png	5434	2C3449D48C97467292E50CC2AFC22B99601FDFD16004716BF76C697212E9EDA8
C:\script_ver\quarantine\under-review\qb-inventory\html\images\np_white-belt.png	7673	E66B79B7FCEBEE8341F1E124AC53DD4516368D93FE269618F344DFFE735C7C54
C:\script_ver\quarantine\under-review\qb-inventory\html\images\np_white-chip.png	8139	38D4861DDC7FF2832A3DB9074990C8CD61FEBC8FC81C21E3D55CF1C4BBB83DFB
C:\script_ver\quarantine\under-review\qb-inventory\html\images\np_white-pearl.png	3476	741C809550CCCBE23ED85E9FC2CA0A4D32C2D0A68BB4821B3B345258BF118490
C:\script_ver\quarantine\under-review\qb-inventory\html\images\np_white-wine-bottle.png	4861	E0F52A36D7490274F016903D08B0C73B7C0C4A7ADEFDF828E1ED68816CF29250
C:\script_ver\quarantine\under-review\qb-inventory\html\images\np_whitepaw.png	9818	4F9EA0279D2A4F16C254587B8E3D3DAE55F7BB1520B9A11F3F174945D4820C0C
C:\script_ver\quarantine\under-review\qb-inventory\html\images\np_wig-glue.png	9569	90BB6F177A22F024A18C99CB08846418162B2EA5B859B5AFFB3A401AD2A0ECC6
C:\script_ver\quarantine\under-review\qb-inventory\html\images\np_winebottles_empty.png	6998	88053203B21BBF6F062E3208ACB5688093F5595B8FD0FF6E46DAD0BCC4D3C606
C:\script_ver\quarantine\under-review\qb-inventory\html\images\np_wineglass_empty.png	7207	ACF49EE81D7954B476A556CC4C79A7BB506F042229D967FBC5497ED32F7A5284
C:\script_ver\quarantine\under-review\qb-inventory\html\images\np_wineglass_full.png	7626	353CC24960B170DD9D4711ACAEBE2EC6C54F0A24E7C4722A61AB827A90DD0210
C:\script_ver\quarantine\under-review\qb-inventory\html\images\np_wings.png	10409	92A488E827F4FDC34AA5B88419587B0F797C05872F06D40EBB27312E27BA0BA2
C:\script_ver\quarantine\under-review\qb-inventory\html\images\np_wingsuit.png	14293	51C46E15055BCE41A32F23F274CA67F8F468A101AACDFFCE713CEBE4AAD05ECD
C:\script_ver\quarantine\under-review\qb-inventory\html\images\np_wood.png	7775	BE7BC3EC309A759BD9FD33CFBE3E0821442D114595A26181C1218503A9B4BE00
C:\script_ver\quarantine\under-review\qb-inventory\html\images\np_wrappedgift.png	8775	D7DEB495C4FE054DAF2B085DFAADAA59A14C075C972AB38E7B663EF2097B1E41
C:\script_ver\quarantine\under-review\qb-inventory\html\images\np_wrench.png	6963	EC64FC2867ACBCA95E806E722C233A04EDAF7F4F250A68C2E15A4E3637D735E7
C:\script_ver\quarantine\under-review\qb-inventory\html\images\np_xqc_grenade.png	6068	8297775F2F61209C53FB9EB8C16F07D9E621A10B4FED38EAB160956ADFF40FDC
C:\script_ver\quarantine\under-review\qb-inventory\html\images\np_xs-condom.png	6671	5944C27EE38B4786CAC180EA24D1B9B49B7E359E7669768B2209191FFB58C350
C:\script_ver\quarantine\under-review\qb-inventory\html\images\np_yellow-bandana.png	7927	DBF6D3F66A01B477969172AFE664591A148BF1FC15A255EEC4A1E334042DD3CC
C:\script_ver\quarantine\under-review\qb-inventory\html\images\np_yellow-diamond.png	5650	DAA083A5D9AA2F11F9114F1FE933151E49ACE495F9FE3DB7C0C7C9A45B628941
C:\script_ver\quarantine\under-review\qb-inventory\html\images\np_zebra.png	11104	BE50A2B348ECCA93F7FE8CDDF17F21DDC0F708063A40FA279AFE5981F52E3813
C:\script_ver\quarantine\under-review\qb-inventory\html\images\np_zombie_horde.png	29468	625C7F7ABC50F920AE83CFDBEA9E058F86AE89402F48E7621294E80B803B7787
C:\script_ver\quarantine\under-review\qb-inventory\html\images\np_zombie_jump.png	29782	86C62DAD48A17480EF326086141A68B8C8333F45734997129AAB7AA4DFF16C7C
C:\script_ver\quarantine\under-review\qb-inventory\html\images\np_zombie_portal.png	30315	061ED129CF340A6A215B3D8A342E2DA824F19EBC0F6F3D5B9EE11E860FB935B2
C:\script_ver\quarantine\under-review\qb-inventory\html\images\np_zombie_vision.png	28205	8D1B0A7CB547D5C986915BC5D2F64CBFF5274A46BE9AD044988EFCD3113EB2F8
C:\script_ver\quarantine\under-review\qb-inventory\html\images\oddish.png	37916	3D576DFC534B51986E2E07109802B7DAE4BD78428580C69E80BE0914361569EB
C:\script_ver\quarantine\under-review\qb-inventory\html\images\oddish.webp	1906	B52F7014D438C747536B186A29CA1795F19B1CE7A177C58B2623B7519ABB7130
C:\script_ver\quarantine\under-review\qb-inventory\html\images\og-kush.png	19586	A8A72BCE9C20FB90AC8CC8C8286A7BD4AFBE8430FC6B1C2C9B1A6F929E0FD5E5
C:\script_ver\quarantine\under-review\qb-inventory\html\images\ogi.png	33075	DDC0BEF3CC8D208C89DD87C44ED7CD270126A09EED24395ECC8711091DD74CBA
C:\script_ver\quarantine\under-review\qb-inventory\html\images\ogkush.png	8931	38997EC4868AA0EB5C78AF2BEC097185028EE600C9FAA6A52117A9DE1A021E4F
C:\script_ver\quarantine\under-review\qb-inventory\html\images\old_tv.png	5271	0CF581E2CA47EA667203299D757850DD5415CEF9E9276F3CEE1732628F2811A9
C:\script_ver\quarantine\under-review\qb-inventory\html\images\olives.png	16923	B728F0A3E80B03111573CAFD0CF6BC405744599AD65B3C92B47AB0573E551C6B
C:\script_ver\quarantine\under-review\qb-inventory\html\images\omanyte.jpg	18690	DB0B41B586400D291BC3C77B3153FBCF0EC7DAB6DFD890CAAE2A27819E65906B
C:\script_ver\quarantine\under-review\qb-inventory\html\images\omanyte.png	104119	B53F2886ED4CBD8200D8B1D8B8D5902C1CDAD778BD3A2A1EAFE9567E03E6CACD
C:\script_ver\quarantine\under-review\qb-inventory\html\images\omastar.jpg	18834	211D0CB010EE8CC6C49EA2432B005767085ECC3B9D35A1BBE1F9BFB7BE3A0ADD
C:\script_ver\quarantine\under-review\qb-inventory\html\images\omastar.png	104165	C990A28CAECF9464411B08F398E8BE116992D2AB64E3C7F9D95861C68709B42A
C:\script_ver\quarantine\under-review\qb-inventory\html\images\onionrings.png	8649	67E9CF03EDA486CF895C60228971DC230342006F76D8177776A001889712BFA8
C:\script_ver\quarantine\under-review\qb-inventory\html\images\onionseeds.png	3196	4A062A94D5DD3235891FEAC5473DB6C2B8CC54B40404C9E2D1A96324E9506962
C:\script_ver\quarantine\under-review\qb-inventory\html\images\onix.png	14411	A1C1D154FEA0433AC926A4B0B1E45125C51D7F0191FEF6F6ADF6C454B41487C6
C:\script_ver\quarantine\under-review\qb-inventory\html\images\orange-slushy.png	5018	89D85577C7DCCC3330FC780DCAFBA2B5C0611E588AD6A8990A7CA35D6EFC46E3
C:\script_ver\quarantine\under-review\qb-inventory\html\images\orange.png	21251	2D415CD3A31EE24A9713462AB757050A733AF022ABA6938601701AA1F751512E
C:\script_ver\quarantine\under-review\qb-inventory\html\images\orangehulk.png	9039	068C40AA316C402A9734ECFD421246B802DF41204E152B342A76D7DA808D6CD7
C:\script_ver\quarantine\under-review\qb-inventory\html\images\orangejuice.png	7801	E302592348AC67D347FF555B0644CBFDA3D0FDB967E44FEE0C240A649F6B1423
C:\script_ver\quarantine\under-review\qb-inventory\html\images\oreodonut.png	7790	A29B0A7B4266F5E577D68C794128B84CD26AB203C082F06877674721EF17FEBE
C:\script_ver\quarantine\under-review\qb-inventory\html\images\oscar.png	12353	AA7B1794C8B8EBAFBC86A6D2A69794D4236134BF9A3F1A4EB173E3DDB9C35438
C:\script_ver\quarantine\under-review\qb-inventory\html\images\oscar1.png	7589	0AC3427953762B5294CB86BD8A0ACBE6EF8FA303856D5516DD8EAAE31F4F0B99
C:\script_ver\quarantine\under-review\qb-inventory\html\images\outfitbag.png	1437188	8C35F21391202965D799D5A5FDDC20FBA08336C88B5990CA4A067C4E05013160
C:\script_ver\quarantine\under-review\qb-inventory\html\images\oxy-box.png	9714	0F4848DE335FE9B66EB010957F1FAFF0108A28F228DC3DAB0B4A323C2BC18D26
C:\script_ver\quarantine\under-review\qb-inventory\html\images\oxy.png	6676	BF080C144F3A44021472F575E0AE1409475DA3CE0475CA890BDA7E13AE5E71CD
C:\script_ver\quarantine\under-review\qb-inventory\html\images\oxygen-tank.png	7870	70493A6BEF9BE2C4F53F3176BB57E6D159CCDDD270A803338E2000B760295501
C:\script_ver\quarantine\under-review\qb-inventory\html\images\oyster.png	16764	0D8722DB3AE9683EC7ED7904FEC8F14CFC873D9026018049730908937CB812B6
C:\script_ver\quarantine\under-review\qb-inventory\html\images\pack-of-empty-baggies.png	10293	CCBE78E358CE7808E6F122F71C029F2B7192C85B357DE3DDDBF118CFE9A402E2
C:\script_ver\quarantine\under-review\qb-inventory\html\images\package.png	23272	DEF44EE2B88261FDF74FC58BD6DEEE70CA7E2EBF1358231DC26122C59EF1421A
C:\script_ver\quarantine\under-review\qb-inventory\html\images\packagedchicken.png	8622	EE9CD5BAC441EA358D3947780F8A96B5EFA877A90A63638F6EF90CDC0CDD83F5
C:\script_ver\quarantine\under-review\qb-inventory\html\images\packaged_weed.png	8684	C1774BE25877270FF9494FD7F1346DF4FC73DF02E9071733CE2D5508A0390002
C:\script_ver\quarantine\under-review\qb-inventory\html\images\paige_pop.png	10298	126795C048EB2F7F7D04D93C90F12197507874A388D5EDA7EB3A871112695B4F
C:\script_ver\quarantine\under-review\qb-inventory\html\images\painkillers.png	4875	669A0B5C1EE1381D9D2EE009BD71FA97B3AB6A032B6EE81298340666988303D8
C:\script_ver\quarantine\under-review\qb-inventory\html\images\paintballgun.png	26867	26FA596E0F60F398AC181F8B905184EB855AF29C10964F188195C5FAB2319416
C:\script_ver\quarantine\under-review\qb-inventory\html\images\painting.png	17519	D39BB7D9AC7ABFADD1215BA0F2F61DB4CDC3102CD551557B3966C673AE6C7B54
C:\script_ver\quarantine\under-review\qb-inventory\html\images\paintinge.png	8312	BD82759E401A94DF91F1792E8713B29DB153EAC208BEDEE9D3ED54770A710787
C:\script_ver\quarantine\under-review\qb-inventory\html\images\paintingf.png	16193	301FC9CACAEC82F125E5400132F8AF7A3E045A5972F75E04A254FCB816DF0AE6
C:\script_ver\quarantine\under-review\qb-inventory\html\images\paintingg.png	16300	A3D677C12DE65511DFA8D49079A6A98E39A1874BC619D1457F3E5F6831DB10B5
C:\script_ver\quarantine\under-review\qb-inventory\html\images\paintingh.png	13377	F4328F476379CBC23F641F9E13753199699373610D3CF264104EDF7D3F0B7AB8
C:\script_ver\quarantine\under-review\qb-inventory\html\images\paintingi.png	13429	7B2662CA06433A5F7251CE386B4065B08ED4F79F50AF053E6D6E49EBCF725A7B
C:\script_ver\quarantine\under-review\qb-inventory\html\images\paintingj.png	19229	FA513624BC511FC617D8F4CB173EDC6CBEC9D1D4310DF504AEB5509C2139D860
C:\script_ver\quarantine\under-review\qb-inventory\html\images\pam.png	8673	5041F465A8FCC190539835DF202D791E08BDB11C95D80A66D0D228FB038AE375
C:\script_ver\quarantine\under-review\qb-inventory\html\images\pam1.png	6689	D83C14CE4FFB8CA58825688D41E9466309004A7BA73FE0858BCA444CA032DD7F
C:\script_ver\quarantine\under-review\qb-inventory\html\images\pangash_bhat.png	1999336	E70DB19BAFB7844ECE533CC610F084C07C764DE3427B1B29DB00A758635C943C
C:\script_ver\quarantine\under-review\qb-inventory\html\images\pantfish.png	274277	98930471A3BC896E181B6C694229ED96486BF99C10DB244DA0EDA42EA0313851
C:\script_ver\quarantine\under-review\qb-inventory\html\images\panther.png	13408	2A532DBCE16E91B8DD0C18BFFC98295C0B647EC89BA24AD4FEFB0585C104027B
C:\script_ver\quarantine\under-review\qb-inventory\html\images\pants.png	13623	3764F3F33D0BA717A70520C3E37545C4B54A63D8FD9BBB701330E618FA36CDC8
C:\script_ver\quarantine\under-review\qb-inventory\html\images\paper.png	4611	A52EE0D5A808E2022E4F73765CC85ED01E866AC16E0FA2A71710F5A4B8638359
C:\script_ver\quarantine\under-review\qb-inventory\html\images\papera.png	1451	528C426CD661E86F5BA2BCDDF0AAC978C728EE933FBE4316FC7B64495911E92C
C:\script_ver\quarantine\under-review\qb-inventory\html\images\papokytoy.png	15560	BB6CB8A6C775148B75344205A6BD3D4F4A0D43BAC9A1CABAF482E921C24B9922
C:\script_ver\quarantine\under-review\qb-inventory\html\images\paracetamol.png	17795	4CAE103CF7CBB2343E4F99A5F457DF020BF1CB292BA92A9883B848555435774E
C:\script_ver\quarantine\under-review\qb-inventory\html\images\parachute.png	13056	56FB9E2B6F9126F52071327A941880A4035D8E1980D840AE71D189B6F67E4B23
C:\script_ver\quarantine\under-review\qb-inventory\html\images\paramedicbag.png	30269	EBBA5E7756802B88D1DD1551E91D43A839ECE77B8DAF93AD01CD4707C84FD6DE
C:\script_ver\quarantine\under-review\qb-inventory\html\images\paras.png	42764	7131EEEEB0B28D0194D4B0B8ADDE1C5F93AC8A26B37AEE32531DE6797ABB9C34
C:\script_ver\quarantine\under-review\qb-inventory\html\images\paras.webp	2312	1F1C239D7D43493F450711FC1357D9003C540A323A7E7D0B0DE5FA1BE7532F34
C:\script_ver\quarantine\under-review\qb-inventory\html\images\parasect.jpg	18268	CBBDEFA17FC7174D6B13B52B654F9BE1AAA2B8A6E0AB724CC04F745F22BA3001
C:\script_ver\quarantine\under-review\qb-inventory\html\images\parasect.png	93412	C56C6A791DFA581EBEFF0749E6F8BFAAB5F45DA5FCAF103D2928398F95638C41
C:\script_ver\quarantine\under-review\qb-inventory\html\images\parsytoy.png	14837	111AE9DE8B77619F089547CFBFC072769386D9777BE2F8CD526B10B4A42B0B55
C:\script_ver\quarantine\under-review\qb-inventory\html\images\pasta.png	22079	84A0EE4603E1C891BE28EC2A02EA8C3621188AD4B32B0E421ACBD770C9089876
C:\script_ver\quarantine\under-review\qb-inventory\html\images\paul.png	12435	CA8AED3F216775E72537A4826FEB15AD8213B4F0B0EB0E885133253DCBC7DF4B
C:\script_ver\quarantine\under-review\qb-inventory\html\images\pawcakes.png	30375	B8E941ED5BE4177FA2CE6DF142358E6574B12627D9A9B923555A65FEEA41D2E3
C:\script_ver\quarantine\under-review\qb-inventory\html\images\payne-portrait.png	7212	1AA180047FA7405730DB7F031D8947FAD77472EF3BF8742E0474888AFBAB7E60
C:\script_ver\quarantine\under-review\qb-inventory\html\images\pcard.png	8424	E66617FDD7D3F90B1683A3ABDA43E91C8FDEB998AB1AEBEFAE7D1478EF91E4DC
C:\script_ver\quarantine\under-review\qb-inventory\html\images\pdbadge.png	10271	925296084C8EF804ADB9169EE64CE9B8584572283D68DC15BBDBBBC988F1CB56
C:\script_ver\quarantine\under-review\qb-inventory\html\images\pd_badge.png	38451	2BF42BDF6554C4D55019F4B14FD065348B6C79E87E280818B3B4116D57DAE4FD
C:\script_ver\quarantine\under-review\qb-inventory\html\images\peach.png	33355	94E47F5CE386416ADFBCAEA7EE7CF3059319B309CA248EFFD6083F79BCD65BCE
C:\script_ver\quarantine\under-review\qb-inventory\html\images\peachjuice.png	9191	52E5BBA8406BF50B04F4B200C3E0417D360CB22EE7C81B4BB876C6D0E3F841DC
C:\script_ver\quarantine\under-review\qb-inventory\html\images\pear.png	10472	0BD33D8EF50AF6E3FFC34E4C0F6AE1167E299422A7B0B028DB30FBAA302BCD93
C:\script_ver\quarantine\under-review\qb-inventory\html\images\pearjuice.png	9616	BF03B086870EE5E022B81A01B2A8A6873DE03E091F54D2AD85CED7E159F0A15B
C:\script_ver\quarantine\under-review\qb-inventory\html\images\pearlscard.png	7741	1C7033E916D4C14595E6F9CCC623E58A72C271EC943CCD5071BDC2D618C15E02
C:\script_ver\quarantine\under-review\qb-inventory\html\images\pennywiseballoon_pop.png	12296	71FEEF66D1656F81F1C1F0B03F90712E0CB8A7721A8EDDD972A0F8257574A511
C:\script_ver\quarantine\under-review\qb-inventory\html\images\pennywise_pop.png	13838	4508883DE457D7F02137DC4C12E3C7D1A480ADC00C4CBBB3D29D0F0B5FE2D787
C:\script_ver\quarantine\under-review\qb-inventory\html\images\pepa.png	7849	B052F1CD73F43D72D07C790D07CAF9662A4CC6761750BC4F3E9B723AFAF23C6C
C:\script_ver\quarantine\under-review\qb-inventory\html\images\pepedonut.png	6477	5C4DD503A6040CC4EA9721DFDFB233D1765761BD1F82C9A2B88CACEB3DFD1950
C:\script_ver\quarantine\under-review\qb-inventory\html\images\pepemfakfak.png	12331	A5DBE057713315EBA6BC3F0B858245A58D0B30193C9DA8187F078D34E45DFE01
C:\script_ver\quarantine\under-review\qb-inventory\html\images\pepetoy.png	13518	6E12CD98AB4C44F836D177F11843EBA96FCD47501FB2AB1774993EC59658AA8A
C:\script_ver\quarantine\under-review\qb-inventory\html\images\perch.png	11622	1EABBDB0674026104F2FD5FC5F45825C46DC0CE74E9B5139AAFF60E2C47E62FF
C:\script_ver\quarantine\under-review\qb-inventory\html\images\persian.jpg	18478	0BACEC0EA16807183B858A7D9B7D9866403B8A29A0CB682E5097EB24462514A1
C:\script_ver\quarantine\under-review\qb-inventory\html\images\persian.png	93410	EB6A51DFF3C6DC1C2B53C61E959D48F84ED331AB01F6C61E6D9ACF99E8404AC3
C:\script_ver\quarantine\under-review\qb-inventory\html\images\pescatore.png	25371	CB13A6C785DD71C6C6979B8BE1AB0C54513FCD45B03B204D1944C68C36AC8061
C:\script_ver\quarantine\under-review\qb-inventory\html\images\pet.png	6718	9E84EF0064F5A3EF72D66ABEA528DFAA5829F8AD057E1FF700A4E5817DCE83D8
C:\script_ver\quarantine\under-review\qb-inventory\html\images\petball.png	185500	9E81B444D9991568AB64BAE43756E9F7ADF8A775855AC2AF36605016DDC57209
C:\script_ver\quarantine\under-review\qb-inventory\html\images\petfood.png	7186	BFF46A331575875DF8AF13E1A9221F062F9AC64E89DE427E41D34676CD6E41F1
C:\script_ver\quarantine\under-review\qb-inventory\html\images\pethealth.png	9417	06A20AC6CB58BCEE3DEE187E641DC97DAB7DD0614382A3FC09D91C00E40BE99F
C:\script_ver\quarantine\under-review\qb-inventory\html\images\petrol-can.png	8759	C9099BE4379A5C65B24EA5AD98D72B9CD26BC5525C706CA45C28B3166732C198
C:\script_ver\quarantine\under-review\qb-inventory\html\images\petrolcan.png	8759	C9099BE4379A5C65B24EA5AD98D72B9CD26BC5525C706CA45C28B3166732C198
C:\script_ver\quarantine\under-review\qb-inventory\html\images\petrope.png	260038	23C0F61A6E15362799D1A0A7919EFA8C7B3B60576DAE7E5DF4F10EB81CCA1B5A
C:\script_ver\quarantine\under-review\qb-inventory\html\images\petthirst.png	13731	23F7EADAD6D52C93B6C241F7B0E9CDC5EAC73BEC635E24E445FF2336929DA67A
C:\script_ver\quarantine\under-review\qb-inventory\html\images\philcollen.png	7969	9D5ADCFB93DC85C46EFB23E5589B29B7B93F980DFC88F8A0E842486A8D677F8E
C:\script_ver\quarantine\under-review\qb-inventory\html\images\phone.png	62127	E4D5A33AEF4DD83A87B991833238F8E228F72F4FD421C0BA881214B9E7374A25
C:\script_ver\quarantine\under-review\qb-inventory\html\images\phone_hack.png	7538	B774724E4F222E0808E8A230FA71EB3E5D0B3B007FF452E1E92AB69B7D68475B
C:\script_ver\quarantine\under-review\qb-inventory\html\images\phone_module.png	14260	2C6BA5EA63ED0A7FFAA35701584D634488D002FBBCFFC1B95B4341336847C26C
C:\script_ver\quarantine\under-review\qb-inventory\html\images\photdog.png	10644	72779B9330A6D7E6BF1F3BE1B3D88D6AEC6EB6949737B5F1BE6A8C455778CF2B
C:\script_ver\quarantine\under-review\qb-inventory\html\images\phyllis.png	11606	D33609BD1F4C3D2514F1A56B84C6BC554C3ECC7E8F783D54A2779BEDF15A18B2
C:\script_ver\quarantine\under-review\qb-inventory\html\images\phyllis1.png	11686	2ED5D2B647C97B5F322A0BDCD5CFA6C0B80EBC569FD2B6989BFE9AA46FDB2262
C:\script_ver\quarantine\under-review\qb-inventory\html\images\piano.png	175478	3139327E271FEF5B66D0D9BEC3C15ED568D5E761AB81750981D7F3EC9488CB46
C:\script_ver\quarantine\under-review\qb-inventory\html\images\pickaxe.png	12134	88F565B72730EA210E5E3BAC5E04DE4D3AF184ADB1B55D00C57E5F6F296C708E
C:\script_ver\quarantine\under-review\qb-inventory\html\images\pidgeot.png	17824	3160AD4967F34E1C061F0D55B8FA0DC47089030CCD813080407114C1F13A6C30
C:\script_ver\quarantine\under-review\qb-inventory\html\images\pidgeotto.png	15311	B354273E4B241AECE8A76977AA7012E739CE3BF9D2457F5397ED323EA7C46692
C:\script_ver\quarantine\under-review\qb-inventory\html\images\pidgey.png	13802	7EF06E1F862EC8EE12C763ABD846B10E9B32C282B78E24078D0AA8C657D932DD
C:\script_ver\quarantine\under-review\qb-inventory\html\images\pigpelt.png	17900	2B5605C3B8B372E1F76D52C1D2FE530E660BF7374DAF1C95286D2FCD63C40D72
C:\script_ver\quarantine\under-review\qb-inventory\html\images\pikachu.png	15044	AC39314F20EA22AAD3E834119A4941EFF2CBA8AAAA1829C103E09781DC52AD8F
C:\script_ver\quarantine\under-review\qb-inventory\html\images\pikachuv.jpg	7622	A861203EC6BC9BA236CBEC05A4EE37416009B569FDC14A6541C0CE9485BE38FE
C:\script_ver\quarantine\under-review\qb-inventory\html\images\pikachuv.png	486666	C1E242FAD17F0606535AFA0EB37668A2EA91780A20334D28EAD53FE52514D6CF
C:\script_ver\quarantine\under-review\qb-inventory\html\images\pill.png	186359	34F2DB9E7F5930233995438668F4DACF559EA3B5F2A4A2E005BC88AA64AD80F9
C:\script_ver\quarantine\under-review\qb-inventory\html\images\pillboxcoffee.png	9461	FD7C418659FFBBBD61513251C86EEE92A6DE342BE03D3BDD7FD92FBE59DC522A
C:\script_ver\quarantine\under-review\qb-inventory\html\images\pillboxsandwich.png	19276	DB12B737F1188B0657569976AA313DE00FC2A3CA11F609B65A9BC4AA0BD34766
C:\script_ver\quarantine\under-review\qb-inventory\html\images\pinacolada.png	18789	03C6C3F44506A12EC33511E3FBEB4E01A89B68194B201C65BEC5C3038B9334CF
C:\script_ver\quarantine\under-review\qb-inventory\html\images\pineapple.png	8346	C987FE1DC68BCF5428054CEA8DB11ACB7722523A9248C90AC4EFF3A0EB02789F
C:\script_ver\quarantine\under-review\qb-inventory\html\images\pineapplejuice.png	7473	1CA7A695C8C0E30404644EEC2A89575775FA1DA2DA7B42D628C557DB635F5027
C:\script_ver\quarantine\under-review\qb-inventory\html\images\pinejuice.png	20455	586C5AECC1BE7083A4E21F381EC4243C306AE10FC806DF240611B468E0DAF2CF
C:\script_ver\quarantine\under-review\qb-inventory\html\images\pinger.png	12551	38B7DB8168857079A30D4EF203D8502A57E8B6CBFB551951EAE351C39C6BFA7D
C:\script_ver\quarantine\under-review\qb-inventory\html\images\pinhead_pop.png	12862	2E945AB150AABE680B6C4AC45977FBF6E0215BB46C6F37DDDE597AD4E9EDCAB8
C:\script_ver\quarantine\under-review\qb-inventory\html\images\pink-sake.png	5924	2DF1F3872F760209E62FD5629854D916575673F694BD4AEAE1C47135B0EA8A41
C:\script_ver\quarantine\under-review\qb-inventory\html\images\pink_diamond.png	6977	53725E155649BF2C877A7D5415BA0ED4D2AC853E64C89BFAFFF3B7E18DAD1519
C:\script_ver\quarantine\under-review\qb-inventory\html\images\pink_phone.png	7462	DB0BBF6C6348D4B6AB64B54B383FAD133E64A3E7191EC9B0151FCBA4DDEE7D77
C:\script_ver\quarantine\under-review\qb-inventory\html\images\pinsir.png	41010	376E6511EBD8128109FF131730AF6F4A79419D5E451DFA99D06DAA76903A391D
C:\script_ver\quarantine\under-review\qb-inventory\html\images\pinsir.webp	2160	991B52E9BAB7FA4F3F817152F7FE79976A162956B589F7541337849D4272DEA5
C:\script_ver\quarantine\under-review\qb-inventory\html\images\pintglass.png	29712	81A1C8CAE6EF822AD93A0E116839E308C7B1D382E38598053978F007F50DCDFA
C:\script_ver\quarantine\under-review\qb-inventory\html\images\pint_ambeer.png	47270	AE05268245B5F774C427BCE383196B24ADE738DB47D3DA64BB80A0146F4BB26E
C:\script_ver\quarantine\under-review\qb-inventory\html\images\pint_dusche.png	46094	266F7E30276B00C92D863FFA029C33842F5718D01F677A6912F4583592744B15
C:\script_ver\quarantine\under-review\qb-inventory\html\images\pint_logger.png	46326	1EA6598FCDC5474E5E21B9DCC517C4CF34B3D23ED4E78A7B3FE011A971493D8A
C:\script_ver\quarantine\under-review\qb-inventory\html\images\pint_piswasser.png	44988	936B300E0DB51B9237843B929CF5929F0D185FF740BF88F0370DE3CAA4C79681
C:\script_ver\quarantine\under-review\qb-inventory\html\images\pipebomb.png	5955	CF17E120210382504F42B6CD1B94E7FB0E74C5D1BA4139E7D27A72B566519488
C:\script_ver\quarantine\under-review\qb-inventory\html\images\pisswaser1.png	16315	11B7FDA80B1DE404595E41BD1BC22FB7F49435AA4D574A6BE707F784371C0064
C:\script_ver\quarantine\under-review\qb-inventory\html\images\pisswaser2.png	16467	0441B048559D80482251271C228B2C40AD883537579EA89FF2103301E441A7A6
C:\script_ver\quarantine\under-review\qb-inventory\html\images\pisswaser3.png	14635	6248B9324A12EFF4BAAC99CC52B52799E01B792A73A56B4647210EEB032BBC49
C:\script_ver\quarantine\under-review\qb-inventory\html\images\pistol-50.png	8243	B21D5F42524D03407EEB295A2AFC25B6F389A58A5FFAC6C65572D35203B530DD
C:\script_ver\quarantine\under-review\qb-inventory\html\images\pistol-ammo.png	23215	E34515A702094377F6E576B8531AB28F19DD1F859515772FFF4496E3B6C5DFB4
C:\script_ver\quarantine\under-review\qb-inventory\html\images\pistol.png	8499	8B3B20AAE5FEE2CF961499F63D0161AC5FA325F4E5F3FE426D81DB2D55DBBCAD
C:\script_ver\quarantine\under-review\qb-inventory\html\images\pistol2.png	8334	1F030D6FC24D96D83800A4FBCF0D54699A3AAF86D271B421DEFFF0D518BF5119
C:\script_ver\quarantine\under-review\qb-inventory\html\images\pistol50.png	6520	2493FE835EE6C752F21DAF1C1B58347B8B9A00F8770F5F31F69FDD29925D4AB5
C:\script_ver\quarantine\under-review\qb-inventory\html\images\pistolmk2.png	8334	1F030D6FC24D96D83800A4FBCF0D54699A3AAF86D271B421DEFFF0D518BF5119
C:\script_ver\quarantine\under-review\qb-inventory\html\images\pistol_ammo.png	23215	E34515A702094377F6E576B8531AB28F19DD1F859515772FFF4496E3B6C5DFB4
C:\script_ver\quarantine\under-review\qb-inventory\html\images\pistol_extendedclip.png	8860	73FFD7EF0A6AAF04A10A839699288522894CD61A9D9D02050D549E2385A46DE6
C:\script_ver\quarantine\under-review\qb-inventory\html\images\pistol_flashlight.png	9858	E78432713C24143BD10540EE254A9D6FD8C5256CCBA62EB0BEBDC6C2463BCABD
C:\script_ver\quarantine\under-review\qb-inventory\html\images\pistol_suppressor.png	6620	7399364E627E980C42A4CBE182144752EF3F9B8FC3011F3960DAA491A3FE06E9
C:\script_ver\quarantine\under-review\qb-inventory\html\images\pixellaptop.png	3759	E2C728415D967539684A4335A438D4966E0E9DFAAC3777ED90014793B42870BF
C:\script_ver\quarantine\under-review\qb-inventory\html\images\pizza-box.png	76999	98AA2DB0E39B68F8F69FDFCDA68A1366EB61A535E6A42A09EE151ED98D0DF248
C:\script_ver\quarantine\under-review\qb-inventory\html\images\pizza-slice.png	9879	D0BC6175C8C5EB6E0B8E93A990057B0A8F811B7510127C9A13FD1DC1459F84B4
C:\script_ver\quarantine\under-review\qb-inventory\html\images\pizza.png	9879	D0BC6175C8C5EB6E0B8E93A990057B0A8F811B7510127C9A13FD1DC1459F84B4
C:\script_ver\quarantine\under-review\qb-inventory\html\images\pizzabox.png	28097	BD991EDB8C78C8687654DC624399A5E9B741EA6DD20B0C44B90A778B7CC46D50
C:\script_ver\quarantine\under-review\qb-inventory\html\images\pizzadough.png	18674	F945D7F4268B39EECAA3F950C87C275AB2E4C6C360122028D70F3FB84B257933
C:\script_ver\quarantine\under-review\qb-inventory\html\images\pizza_box.png	8942	FA2D04454167C971349E54A33B234F300DEA8C06B08BBD6B48E8ED93790D57BD
C:\script_ver\quarantine\under-review\qb-inventory\html\images\pkm.png	17210	A0FF0B90022C53A57026C17D39F5719564DEC1C4CE946E15BDDAA7B26F54F628
C:\script_ver\quarantine\under-review\qb-inventory\html\images\placeholder.png	455167	E060B35B90FB3E4AD8ADD3AC1BACE64E281F2825F60D832B8E9916BA12380C82
C:\script_ver\quarantine\under-review\qb-inventory\html\images\pladlawnchair.png	12271	625D6E349B7449177E91DEA08709ED097B493AF37A9309564F783510A396018D
C:\script_ver\quarantine\under-review\qb-inventory\html\images\plant_pot.png	7603	B8DB68FC88E50FB8190FB96D0A94C7E6F398A623D540EB8D158F25E3F38E9A08
C:\script_ver\quarantine\under-review\qb-inventory\html\images\plasma_cutter.png	9383	2C0904BD58419EE1D29CBD063729575D8F9732097AB1807BAE7C77201BDED0E2
C:\script_ver\quarantine\under-review\qb-inventory\html\images\plastic.png	8730	574087F4103265BB960A665E65AB3FB776E05E536ABEB37FC6D4E24474AD1C22
C:\script_ver\quarantine\under-review\qb-inventory\html\images\plate.png	12759	321BEC436B0CA17299C6971893F97BCE1694732F9C38F60B1BFDCB893CDECABD
C:\script_ver\quarantine\under-review\qb-inventory\html\images\platinum-record.png	10242	D3511EE81E413C38C1451DF14F9D49112A1FF5412D215BAF4B185679FC2747DA
C:\script_ver\quarantine\under-review\qb-inventory\html\images\plum-sake.png	6294	DEA477E83750F244F92BC187048C2866D8CDBCF90CD463131198DCDC6DA049D7
C:\script_ver\quarantine\under-review\qb-inventory\html\images\pmushroom.png	11899	39DA541CD09A05F97A19F747CF8BDAD60F136F1C30857926C0E3B22A63BD7AA5
C:\script_ver\quarantine\under-review\qb-inventory\html\images\pocketwatch.png	18462	8545E0E4C445968C3DB8567697B2AEFB4178347E88EAA1059FC15BCBD5567667
C:\script_ver\quarantine\under-review\qb-inventory\html\images\pokebox.png	8573	9D1E94DFBA12B3B656CD2A64B1DF62781F9ACE77E4926283F859710F8F8C6B39
C:\script_ver\quarantine\under-review\qb-inventory\html\images\polarbear.png	8244	6230BE87B4C75DC75F231009BBCFE023E105EA7448C071B21E0ACA609E6855D7
C:\script_ver\quarantine\under-review\qb-inventory\html\images\policebadge.png	38451	2BF42BDF6554C4D55019F4B14FD065348B6C79E87E280818B3B4116D57DAE4FD
C:\script_ver\quarantine\under-review\qb-inventory\html\images\policepouches.png	29808	C03BB309E47E3BC176412F5AF9847108AB2A33B79C257036D447211F57D16D66
C:\script_ver\quarantine\under-review\qb-inventory\html\images\policepouches1.png	27363	54D06CB5A31061A7EB9ABFF2F3E51A51380FF48D6FA32A645EBDDEE87ADF1C52
C:\script_ver\quarantine\under-review\qb-inventory\html\images\policespikes.png	55538	F2BD932F9904036EC190BB6A304F2328D8CAB9669F6DA99C0DC65597642D7527
C:\script_ver\quarantine\under-review\qb-inventory\html\images\police_stormram.png	9354	4C28535DB055F904D68893BA72F05FF173541D42D3E56CB118F311D145A0653F
C:\script_ver\quarantine\under-review\qb-inventory\html\images\poliwag.png	15830	9340458E35ED3C285E8296392DCDEC764595742FF6444695678BD3F86DBAA0D7
C:\script_ver\quarantine\under-review\qb-inventory\html\images\poliwhirl.png	16404	BBF02825069AAF855A96B67347C8C50614A54559224387A92744241B18CD681E
C:\script_ver\quarantine\under-review\qb-inventory\html\images\poliwrath.png	15750	A5ADF72AE0E0E8ECA5C531B60A4B9BC430CB81862CB1473B4E4344490399FD0E
C:\script_ver\quarantine\under-review\qb-inventory\html\images\ponyta.png	13668	B58E8BBB86159D56E7D9318FAD3D76C518597347C0EDAACDAB90464F75582375
C:\script_ver\quarantine\under-review\qb-inventory\html\images\poolcue.png	4584	F853C36AD66FAD29FEF9F1E7435CF50A8EACC02160B9B91FDFC4DF8F056456A5
C:\script_ver\quarantine\under-review\qb-inventory\html\images\poopie_tee_plushie.png	19763	E7A1C213F1F7EE1B7E9A4DFBE52E5FDE7B36D496F488795E4B64A2A023D9A834
C:\script_ver\quarantine\under-review\qb-inventory\html\images\popbox.png	9492	F230B8F04758DEE5B70FDB7ECD0665622B5CE2EFF17541920E756BBE5F60C081
C:\script_ver\quarantine\under-review\qb-inventory\html\images\popdonut.png	27547	9AF484E7E6E4280EE5F79A284B8428D698C82ACC0A7C0600DF0B5163C3049735
C:\script_ver\quarantine\under-review\qb-inventory\html\images\popicecream.png	20017	89219C01E78ED2D1FD97A87EBF2E62919EF00DA739C1741DF9961AE14EF1842F
C:\script_ver\quarantine\under-review\qb-inventory\html\images\portrait-of-drgachet.png	7928	CF749EDB6B80D2C19F4E6BC733CF3401AE98657E452549C5F5C3028C7ED1DCE1
C:\script_ver\quarantine\under-review\qb-inventory\html\images\porygon.png	13567	044BC9F0B509F59D9452EA0526403A9ED8ECCED5C7A9F022656662C86542E8D2
C:\script_ver\quarantine\under-review\qb-inventory\html\images\postmalone.png	10088	3EBB01E61035D3963E6AB0CFD473D1B9B70B8A8042ECD22E5C4A8B59375ECFCB
C:\script_ver\quarantine\under-review\qb-inventory\html\images\potato.png	16172	BBE36FF9B13192B403113B967B9D3C83C408A98022484F15B6340D3835B0879B
C:\script_ver\quarantine\under-review\qb-inventory\html\images\potatochips.png	7711	ADABDDD2D8ECF31842946345C4259AF569E8A36C45158964002923063122FBE8
C:\script_ver\quarantine\under-review\qb-inventory\html\images\potatoes.png	27057	8D66DA23A9429C680D715477B507D4AAF7CC9BC1018836F4CEE2838961FC31C7
C:\script_ver\quarantine\under-review\qb-inventory\html\images\potatoseeds.png	4991	9463C176297223323C78ABA321F8B55CCCF2AD16B2CC0B4A7A869469FDC83EB4
C:\script_ver\quarantine\under-review\qb-inventory\html\images\powdercoke.png	12656	4B664393D0B7AA201474EA5C0D211B6B349B4205874BC8152C46DEB44F59B5D9
C:\script_ver\quarantine\under-review\qb-inventory\html\images\powerbank.png	11630	031C95D0EC5E6F375E7EE20E50F47011CA746B48B4F18AF5EF4F46AA5099BEAD
C:\script_ver\quarantine\under-review\qb-inventory\html\images\primeape.png	47944	2D69618566D8EA3FAB0F2E7A3957F14B020FA45B4A62E11580AD3A8CD7074B81
C:\script_ver\quarantine\under-review\qb-inventory\html\images\primeape.webp	2382	B30C6A0C2FD60F3388C48972D04378C65F3B8D18AF4CB5F17D717E6AF3865A63
C:\script_ver\quarantine\under-review\qb-inventory\html\images\princess_tee_plushie.png	22489	8D3748115E287E400DDE1BD4A69D6DECC3FDEFA629602C9CA4EDA8A8F4D2CA59
C:\script_ver\quarantine\under-review\qb-inventory\html\images\printer.png	9091	ECA81AA18812E22F8622EDCC845B5CA75B49A7D6E01F0BEB8B3463AFB2CEDE13
C:\script_ver\quarantine\under-review\qb-inventory\html\images\printerdocument.png	8773	CF8CDED00BA9FB1BE4C4344E5FC747641BFAE1C7953030A263BFFFB0358747D3
C:\script_ver\quarantine\under-review\qb-inventory\html\images\prisoner.png	7174	2F6662F66C391080796BF5381773A4A0B4AEAEE0512055B4F98702F96DC5DF39
C:\script_ver\quarantine\under-review\qb-inventory\html\images\prisonmike.png	10826	968D4D1169574E389F2D7E3B42C1A98F2EF2DDC5D78E5F39BD86260DF983BACA
C:\script_ver\quarantine\under-review\qb-inventory\html\images\producebasket.png	11619	9819A261629B099818F81D88C9CEF15EAD0B6C9385873074989D675D2E3F055E
C:\script_ver\quarantine\under-review\qb-inventory\html\images\profitoy.png	18924	52587A04DE1F205C7706257ACC095E276F33069BB0B827DCECEBF6DA5550A805
C:\script_ver\quarantine\under-review\qb-inventory\html\images\props_stop_sign.png	3629	193890D5B30AD3FD9040AA945CD8F6B5DC097F1EE0D8DE9025D1009F8233BBD8
C:\script_ver\quarantine\under-review\qb-inventory\html\images\proscuttio.png	27894	C637AB5828573C1B0E9B2044CB659A844159BA1901AE943826EC62CF68D6BDAA
C:\script_ver\quarantine\under-review\qb-inventory\html\images\prosecco.png	17195	0211F894171F38CC68714E407857EEBECAD73B64F6EF534A1CB1C6D0B7AB2301
C:\script_ver\quarantine\under-review\qb-inventory\html\images\proxmine.png	6700	5EBEAF2191A3AE35E2BD175DE4A16ABFB914FCCB0F6B2CC315FCF6A34429C0AE
C:\script_ver\quarantine\under-review\qb-inventory\html\images\pseudoephedrine.png	12172	BF959FCA24D0C4D6035CBCA52465B15203998379ABFC2B6C15A91D4E99DD8C6E
C:\script_ver\quarantine\under-review\qb-inventory\html\images\psyduck.jpg	18282	223AA22DE8C2B360D473CDDE3F308A4E77B626B194487CCBC5DEFA9702AFE006
C:\script_ver\quarantine\under-review\qb-inventory\html\images\psyduck.png	94040	DF65E4A6ED546B43794C69E6504FA89DC2CE1A21E8B2FAF1A1391D20DFF55276
C:\script_ver\quarantine\under-review\qb-inventory\html\images\pumpkinseed.png	8703	C0AC0EB484341C3AF46EC95119CA4BE516025DB6C2C19F311A5E836F15FD7C26
C:\script_ver\quarantine\under-review\qb-inventory\html\images\pumpshotgun.png	4847	281C339D97C6E6C058C943F2A829219E082250B42C67A3F648CF6375FC31D75B
C:\script_ver\quarantine\under-review\qb-inventory\html\images\purple-haze.png	19823	B815574D9C112C748CEC88C9545CC42AC370FB7C2169AD823411B11E1BB06543
C:\script_ver\quarantine\under-review\qb-inventory\html\images\purplehaze.png	13609	6C8A5A531C49E5A0B72F4B63541C71941EE9CB37FDA93EC96DE3A00E33C4814C
C:\script_ver\quarantine\under-review\qb-inventory\html\images\purplehulk.png	12631	101379490472B3E5439185C6F82A60A189CA7400268937C2B0B345FEA955D06F
C:\script_ver\quarantine\under-review\qb-inventory\html\images\purple_keycard.png	8835	327F9E27008676430A08B326877B2DF5EA54E8C0B589311B6A0C0464DF2EBA3E
C:\script_ver\quarantine\under-review\qb-inventory\html\images\purrito.png	23860	070B74C554D4BD4B7272CF1B6AEC8F94FDEB5F6715FBA62C67D3129F3602C45E
C:\script_ver\quarantine\under-review\qb-inventory\html\images\qualityscales.png	7915	5A0C8D4F2DF7EA6DF5EB82C28D93294C409A807AEF488C86FB78BBD2A31E0A7E
C:\script_ver\quarantine\under-review\qb-inventory\html\images\quantum_cpu.png	25888	2204E1394959ED7DF164B2F2F4484B341A98DDC1A6714A413D4E6EE1C91783B0
C:\script_ver\quarantine\under-review\qb-inventory\html\images\quesadilla.png	8947	E9071B3662EABC89361CF79B15FD08BDA25857198CED0CE4BE7F285E73A8A624
C:\script_ver\quarantine\under-review\qb-inventory\html\images\quinoa.png	15456	8A86798F2BE0EA16118AD010534ADAC1A556BD7CBFE1E3C651E9625FE8B8EB58
C:\script_ver\quarantine\under-review\qb-inventory\html\images\rabbitfur.png	22156	773DD8E8DA16191E6B21EA5651895091EE26E72D3B7B178CDAED67BB240EE639
C:\script_ver\quarantine\under-review\qb-inventory\html\images\rabsinthebottle.png	15791	CD0DD54C87E2AE8C47C38564AB6446736FD962092E63D0C1A4260C7E09662963
C:\script_ver\quarantine\under-review\qb-inventory\html\images\rabsintheglass.png	233866	4EEBE55540AD53ECAD867D4320D9671B96E16BD5501E259AA274168E929FA778
C:\script_ver\quarantine\under-review\qb-inventory\html\images\race_suspension.png	13515	CE04BFB5BDA0A76599791D891A7B2BC5503C70FAC5A843A8DAE1D3785BB4A692
C:\script_ver\quarantine\under-review\qb-inventory\html\images\racing-trophy.png	7999	11F45AA37C68FEA654BB6B28DDC4B62FC56FBCD31077A4EC67E43D204DFB1D40
C:\script_ver\quarantine\under-review\qb-inventory\html\images\radio.png	4257	2B9CC9C053417ADBBEE3EDB835BC153B1CB9406E75F367D1A02BAD587E03AF56
C:\script_ver\quarantine\under-review\qb-inventory\html\images\radioscanner.png	6819	0089418E29902A36B0D54783E9818590F2EE319A0C73E34A4A08E417A13511B2
C:\script_ver\quarantine\under-review\qb-inventory\html\images\radish.png	5529	3504239D6DAC335504E89C5584787723E3149FDE3CA1C008BD50B0937EAEF968
C:\script_ver\quarantine\under-review\qb-inventory\html\images\radishseeds.png	6045	EFC1B4799C7AC9446F7F163FD587DF0A045CBBDEAE0F45A2285C6833FBD2CED2
C:\script_ver\quarantine\under-review\qb-inventory\html\images\rag.png	15009	6D645D2071C8E752AF08AE78993B41A9BBFD30E96C7F702E47F4D202CC583A94
C:\script_ver\quarantine\under-review\qb-inventory\html\images\raichu.png	14774	80B2F266F351BCED3D95FA7FF5428DBE9EC3C75A03761595F25288056AE50638
C:\script_ver\quarantine\under-review\qb-inventory\html\images\railgun.png	6182	89F9A2A7F1354F265CEC9F2D7697FE9993CF00901BFAC909518E7ABF5B269C5E
C:\script_ver\quarantine\under-review\qb-inventory\html\images\rainbowBadge.png	8415	390D972F2078523696565632A6A91D1C68C689AFD22B7AE7173CB9F8257CDD55
C:\script_ver\quarantine\under-review\qb-inventory\html\images\rainbowmewtwogx.jpg	6668	CB677EC2B2B0E22DB7F0BB1DD05EC9B4212A15E3B6BAECE7728522C895BD540C
C:\script_ver\quarantine\under-review\qb-inventory\html\images\rainbowmewtwogx.png	250062	966AEF1F2F8137E472D4E352397AA2F4B8FB258DDAB2B9CC448F24BD0D0B8DD6
C:\script_ver\quarantine\under-review\qb-inventory\html\images\rainbowvmaxcharizard.jpg	7766	25515803E65A144FDC462A39C3FB7FFA640156DD57A5E7D58541D4016F13D8CC
C:\script_ver\quarantine\under-review\qb-inventory\html\images\rainbowvmaxcharizard.png	85268	F668B5294FA3412CC1D60CCADECDCF0147C78C1606E8E6FE8CCA0DE34F1D0481
C:\script_ver\quarantine\under-review\qb-inventory\html\images\rainbowvmaxpikachu.jpg	6732	C4BC017FA250E058AB6A0A85564BA667B507A4044BDB3A12A9EBF25A13A2458A
C:\script_ver\quarantine\under-review\qb-inventory\html\images\rainbowvmaxpikachu.png	22801	648D5E9E5CE7D0D3F3CFA84489C734C28879E25693939881E32A91BCA7BFFFFB
C:\script_ver\quarantine\under-review\qb-inventory\html\images\raker.png	10799	8B5C57118B59C825411AC19DD36744934FE441377638962554C5FDFB84C6BF7D
C:\script_ver\quarantine\under-review\qb-inventory\html\images\ramen.png	24866	E0E7FECD1E2C11C16A32AB7B0C2B391C13A625994C7950BE4A12049CE9506916
C:\script_ver\quarantine\under-review\qb-inventory\html\images\ramenbowl.png	41830	E455940469966E08129F7031E96D6478C3C8513F4B2CC70DA8955D0A40CA1015
C:\script_ver\quarantine\under-review\qb-inventory\html\images\ramennoodles.png	39932	8913F898F616037E5ADB4A44756B37F0E377D977E9858F7FCE900E3A0B88BC88
C:\script_ver\quarantine\under-review\qb-inventory\html\images\ramune.png	97161	0F2E76296710ACEA6C22D678D5DAF524EA81755671DCAA64ECF545236B48F347
C:\script_ver\quarantine\under-review\qb-inventory\html\images\ramuneblueberry.png	63412	DCC644CBD1E9CD7BE24152DA6CD3CDBF1782A877B057A8460DAD2386DFE66AEC
C:\script_ver\quarantine\under-review\qb-inventory\html\images\ramunemelon.png	85284	F347C1A9A8910EFCDA084686C8893D2FEFC6035A4D7146B3E5A54284BC1D2AD4
C:\script_ver\quarantine\under-review\qb-inventory\html\images\ramuneorange.png	55188	5D0B84934A01370555FE0E1ECDB963EE69358B07701769115DA76B1F23B92F69
C:\script_ver\quarantine\under-review\qb-inventory\html\images\ramunestrawberry.png	73150	0CEF15C97FBA612D93A5200CBA18DFCD0898EFB8BF53E00970B56A06896B63A9
C:\script_ver\quarantine\under-review\qb-inventory\html\images\ranchwrap.png	21295	CF8B947767044EFC6E0EAE73E958BD72F6019DE22261D414D6F76201A0D1408E
C:\script_ver\quarantine\under-review\qb-inventory\html\images\randyorton_pop.png	8644	2E4CAEB0242E1975430D44A0EE016357889120057F1E881F1836B4C16503906F
C:\script_ver\quarantine\under-review\qb-inventory\html\images\raphael.png	13747	3D1A7A0E0C7DB5123BC480ABB450403574D5A8B1E953126441C1393367ACCA39
C:\script_ver\quarantine\under-review\qb-inventory\html\images\raphael1.png	10797	8A3C38CE82560B78D579DC0305CE60287565B129FB323EADF6B4F6D865D9E035
C:\script_ver\quarantine\under-review\qb-inventory\html\images\rapidash.jpg	18022	2B0D0B820C8F6B26689B1D7E8136B906776BA7152FAE2FC7D8D406368FF33C65
C:\script_ver\quarantine\under-review\qb-inventory\html\images\rapidash.png	89974	9036DE1727F847EA05C3AF46D534C52668FAA0FE7F26CA27E471EFCF54A57090
C:\script_ver\quarantine\under-review\qb-inventory\html\images\rapunzel.png	11916	F455D3862C1E9E21282627BC708E9DF65A8F82FDB66988307C152F7D92706011
C:\script_ver\quarantine\under-review\qb-inventory\html\images\rare_coins.png	4688	2882FDAA9E4E36253E89AB65E4933AF7243355A2ACFC262C627745AAA5429598
C:\script_ver\quarantine\under-review\qb-inventory\html\images\rare_tequila.png	7861	296ED4D1B26614C16E4532D150F4B957CEF3BA4DC8CFF283FCB3B344B5908227
C:\script_ver\quarantine\under-review\qb-inventory\html\images\raticate.png	14541	BB358EFA65A4547779361517B53EF0BFDA7531BBAE221778AFA3313F587FF6B7
C:\script_ver\quarantine\under-review\qb-inventory\html\images\rattata.png	14109	031E8349970546ED38FF1B279C1212133D41F2BC86CDEEE77D0EECE4DF57FE86
C:\script_ver\quarantine\under-review\qb-inventory\html\images\rawcoke.png	12153	9829E3B9CDB955528B34FD8363ACFA2A11F4BD8210D54367B84F0B5D84AE6E9F
C:\script_ver\quarantine\under-review\qb-inventory\html\images\rawmeth.png	14598	5C08C912371FE5048F4026F83F8E900E2CDAB8910A6C2A0F4FEAE04DE2F2331B
C:\script_ver\quarantine\under-review\qb-inventory\html\images\rawnoodles.png	361948	D6AB8A4D95D55CA88080248265287FF5DD52AB33AF336F58EEF4C18117ECD311
C:\script_ver\quarantine\under-review\qb-inventory\html\images\rawsugar.png	32248	1514B666B5B7791B9D4BCD032EACA07D73ABD52BDC67E127AFF8FB197C1BCABF
C:\script_ver\quarantine\under-review\qb-inventory\html\images\rbeerbottle.png	5061	A7E1BA242CE4763663C61D5B5164DABD9C4DC9A40D44D18C938E99B2667CC0FA
C:\script_ver\quarantine\under-review\qb-inventory\html\images\rbeerglass.png	37038	3A8469C53FEFE8446213ACF18B9C448C63738F3BB98DA568D61991BBA6C805A4
C:\script_ver\quarantine\under-review\qb-inventory\html\images\rbottlewine.png	5747	9577184533D88E08CCF9D29CBB46BDAC2037DEBAA0A00E09356036A4F512AD1E
C:\script_ver\quarantine\under-review\qb-inventory\html\images\rcocktailglass.png	58565	C14B806F52B78B5E678602B2AEB0AE673941243E220C118A3668397F9EC6025F
C:\script_ver\quarantine\under-review\qb-inventory\html\images\receipt.png	7477	297DD3D3FB5FE7F230DB411AE4D076A8B3FD5726B20FA42054F60FF3216B866C
C:\script_ver\quarantine\under-review\qb-inventory\html\images\record1.png	14087	1852319724CCCC941427B544E18AA7EB454EF9A3751F17701AE061EEB49A73CA
C:\script_ver\quarantine\under-review\qb-inventory\html\images\record2.png	13690	8FE6EEA26F16FFB887DA108376C308C3F5C904FD1F233DE6A810624D557C3376
C:\script_ver\quarantine\under-review\qb-inventory\html\images\record3.png	12826	741EEC82FF4A10C4B0F6CBF2413426FF6D049F3062B4768F9A2AEF0537E17437
C:\script_ver\quarantine\under-review\qb-inventory\html\images\record4.png	13053	0169EC02E9CAB68EF2E7646E33F645BC7A3A7745FB9C2324AE17A75F3AEC3D26
C:\script_ver\quarantine\under-review\qb-inventory\html\images\record5.png	14063	048B7F81FDAB7DC398BEEE61BE0EF3A769A6A8A502A93FA8CE9CA0B62BEE6353
C:\script_ver\quarantine\under-review\qb-inventory\html\images\record6.png	13087	512F35178EB27922AE378BE24A25475C354D83A00D4919E10B5BD272C76813C2
C:\script_ver\quarantine\under-review\qb-inventory\html\images\recyclable-material.png	8489	EB6EA4E22E2ECB57EB4C323D74F1C882DAA3F97A60A27C968BD2805EADC87D80
C:\script_ver\quarantine\under-review\qb-inventory\html\images\recyclablematerial.png	8489	EB6EA4E22E2ECB57EB4C323D74F1C882DAA3F97A60A27C968BD2805EADC87D80
C:\script_ver\quarantine\under-review\qb-inventory\html\images\red-chip.png	8977	E0C3124FF3928295AEA9457F6F10540051E2BF54CAEF84330F09242B37E5D973
C:\script_ver\quarantine\under-review\qb-inventory\html\images\redchip.png	6571	DB25FB2D587FF7A7273E9B9498F4ADB669F6571A44AF5DBC3F77A2DFCECC3AD3
C:\script_ver\quarantine\under-review\qb-inventory\html\images\reddiamondring.png	16633	84BF555E26DE58E83DEB8D2A0748F9F9A68F20535C6DF8981E75AF9F91E688DC
C:\script_ver\quarantine\under-review\qb-inventory\html\images\reddongle.png	6928	22CB35D6DBCA3F70DCA43FCD917FB825183D92CE63E3C6B33D7B46918E69EE84
C:\script_ver\quarantine\under-review\qb-inventory\html\images\redhulk.png	10414	E90E7B86C5CF684488C2EA6E43C3A917B2F8B34853506091F394923583B6615C
C:\script_ver\quarantine\under-review\qb-inventory\html\images\redpearl.png	4113	FB4DE432C597D8B0AD0E61D670C7AB322ED9BF83C0EA28999401931E32112A32
C:\script_ver\quarantine\under-review\qb-inventory\html\images\redphone.png	202890	0AF753A5FB48A28F89B98A8C1C86C9CC5E47C29FD5DC937AB6E00A6DB9D77142
C:\script_ver\quarantine\under-review\qb-inventory\html\images\redusb.png	12249	FF153FF12F20F1FAB3517D2AAF9900B3C11E15EF0BBA48CAD3471A61D99EADE1
C:\script_ver\quarantine\under-review\qb-inventory\html\images\redwhite2hat.png	15116	EA13BC725901B30C212497CCADFE4EFD7584192D2CC695F5C3EA8CB01D6C8342
C:\script_ver\quarantine\under-review\qb-inventory\html\images\redwhitehat.png	14249	3508AAABF1D884FF0FD2F4341D538BE1A600DB83B389A59B36F95260452225A8
C:\script_ver\quarantine\under-review\qb-inventory\html\images\redwhitehatv2.png	14068	320F369168204F764DCD044F8972682D33EE65D0C24574F79F2090893D795E73
C:\script_ver\quarantine\under-review\qb-inventory\html\images\redwoodcigs.png	8257	BFCEA9B86DA7BC2E6C289E0C6DBFFD80663D3C687B6905773FD795AE8FF0410E
C:\script_ver\quarantine\under-review\qb-inventory\html\images\red_phone.png	8739	5B4BC8E52C29CF2716049573F0AD328136C464215A96334D597EC54E0881401F
C:\script_ver\quarantine\under-review\qb-inventory\html\images\red_usb.png	14142	E4DB13058F77DF542B91B98FD81B9505A6622DECD46533DEAE94ECD18638D776
C:\script_ver\quarantine\under-review\qb-inventory\html\images\regularblackhat.png	7179	1F02B61121CF3A3AAFA9DE9F7A2CCC6CF695A7C095C0E0F99DCF0F0A98D7F9F6
C:\script_ver\quarantine\under-review\qb-inventory\html\images\regularnoodles.png	74658	62F65FF30E07500FECF08C3CD2788F24C7E5C53535054486820E9A25C3127B20
C:\script_ver\quarantine\under-review\qb-inventory\html\images\regularsushi.png	57033	D4114069974EC57D6D5374CF1BD4E179613ACC70FFF15684706C2AD2233CA2C9
C:\script_ver\quarantine\under-review\qb-inventory\html\images\remington.png	17273	FA9266DB2C34D390A38AF7163FBCB77AF04C264EB1A817754F494A0564EA1820
C:\script_ver\quarantine\under-review\qb-inventory\html\images\rentalpapers.png	7477	297DD3D3FB5FE7F230DB411AE4D076A8B3FD5726B20FA42054F60FF3216B866C
C:\script_ver\quarantine\under-review\qb-inventory\html\images\repairkit.png	5307	9DF19E0F0AB1C8B8DE9F0B71128674D58C1B28D9E81CF2F571EE27C75E94CF94
C:\script_ver\quarantine\under-review\qb-inventory\html\images\revolver.png	6507	FEBC6A2D18D7E887F130C7D3B871F07777BF2E4F205BA25DE7854BBF1F77D501
C:\script_ver\quarantine\under-review\qb-inventory\html\images\revolvermk2.png	25257	A9AA048C7D4BDBB0AD4161B97A76686FEB140DA1F0CE5CB112A61B31BBABD4FC
C:\script_ver\quarantine\under-review\qb-inventory\html\images\reymysterio_pop.png	14083	AA1F82C78FF19470E1BB90D8576E78A96AC3EF9AB4B557F5C2F77FD9D11353C4
C:\script_ver\quarantine\under-review\qb-inventory\html\images\rgbcontroller.png	43963	DA9E199D1CD2A90040A642A132B6617BDAFF74A816A6CC0F89F51AB70CBACE2D
C:\script_ver\quarantine\under-review\qb-inventory\html\images\rglass.png	52268	4206BF13AAA53B16B1504D2EB8A9465B3BD6F8B9B3CF2449E865D10D938338E8
C:\script_ver\quarantine\under-review\qb-inventory\html\images\rglasskiwi.png	9128	411C3C5BAEE346040AA2576F265171A47AF58B2A9E73EE944E82B6317241DF3D
C:\script_ver\quarantine\under-review\qb-inventory\html\images\rglasslemon.png	6177	DDC8D049390F18A5490233998D4ABA82F4D389F39C49E36BF7F855166F4CBC04
C:\script_ver\quarantine\under-review\qb-inventory\html\images\rglasslime.png	12740	5F2C3333680AB9266C4AADC6896202604071B1E77522921EF088A13BE5B33DCE
C:\script_ver\quarantine\under-review\qb-inventory\html\images\rglassorange.png	7801	E302592348AC67D347FF555B0644CBFDA3D0FDB967E44FEE0C240A649F6B1423
C:\script_ver\quarantine\under-review\qb-inventory\html\images\rglasspineapple.png	7473	1CA7A695C8C0E30404644EEC2A89575775FA1DA2DA7B42D628C557DB635F5027
C:\script_ver\quarantine\under-review\qb-inventory\html\images\rglasstype2.png	50956	7B964844C2504ADA54BA878D253D9B6E84B6C6C4674A4E3482E1081722F14B98
C:\script_ver\quarantine\under-review\qb-inventory\html\images\rglasswine.png	54154	70C4E936D2016321CD29313F62CDA9D2F34E828386106DD97F20B5CDB27D8D2E
C:\script_ver\quarantine\under-review\qb-inventory\html\images\rgoldglass.png	132825	BAB4794507260DE57095F4296ACD5F6F5FC7CC1B590B9D948ADCEEE5F6FBDA75
C:\script_ver\quarantine\under-review\qb-inventory\html\images\rgoldsake.png	7734	0484DDACE853445B4D7589BC1C379865AE71839E69C3F39642E7FA42E1720969
C:\script_ver\quarantine\under-review\qb-inventory\html\images\rhinohorn.png	19301	FE87F9118E18874B593C413244B08E1B72F9B153FB028BADA68E8990543AA69B
C:\script_ver\quarantine\under-review\qb-inventory\html\images\rhydon.jpg	18364	79EB0158BD8092B9742FA6EA1E5743A11656CF13A544A9C8B1B1BC7735C4BF83
C:\script_ver\quarantine\under-review\qb-inventory\html\images\rhydon.png	94616	F1C1B0E4415739DAB04D0434214697D68C10B2FC27E277A0E0AB2B88077FC39C
C:\script_ver\quarantine\under-review\qb-inventory\html\images\rhyhorn.png	42648	414759F92FC3389BF0043ABA923E93E1999FCF70E062EBDAABB8A118B1CBF3AA
C:\script_ver\quarantine\under-review\qb-inventory\html\images\rhyhorn.webp	2096	30CBD51E04909447DFC59D14ED6C52128B9D555116413D9B99B8D5F02C6D14E9
C:\script_ver\quarantine\under-review\qb-inventory\html\images\rice.png	22967	6C7D70C8C9109B162581A2DABB18BE708B5742D847FD40213F77A48ACCE6148E
C:\script_ver\quarantine\under-review\qb-inventory\html\images\rickallen.png	9085	5FBE2C0325234AE416B7D16A82022EBC01C2F705817E7F5540484D84B80DF7FF
C:\script_ver\quarantine\under-review\qb-inventory\html\images\ricksavage.png	10472	0357DCBB7F89E83A619DBDB22D6141157DD177AD4C09A330B471791479CA91C9
C:\script_ver\quarantine\under-review\qb-inventory\html\images\ricksship.png	8879	7C370B54B5564BA556278C8EBA53233B4B12B5F5540BCBEBDC80D583F048CED6
C:\script_ver\quarantine\under-review\qb-inventory\html\images\rifle-ammo.png	21150	F06016EB88984A762820C5CFFB57D47E38A049943FB73959EAF0235170A15111
C:\script_ver\quarantine\under-review\qb-inventory\html\images\rifle_ammo.png	19204	E7624526458EB8ED782548F3FF3F00AD102566405DF2FCC95D372A753A31E90D
C:\script_ver\quarantine\under-review\qb-inventory\html\images\rifle_drummag.png	13841	10BCFB3ACBE10CE45F4A8077E2E436E41239D10C5039095DF2A03E069D559786
C:\script_ver\quarantine\under-review\qb-inventory\html\images\rifle_extendedclip.png	10488	D09B491801BA4306B9C705B7BD6154277EDA382AE8FFCE49C03327D09112E647
C:\script_ver\quarantine\under-review\qb-inventory\html\images\rifle_suppressor.png	9600	C2AD500D7B889A5EC930F4EE12035DA828D06D32039F17DBE293A8A4A25AA6E4
C:\script_ver\quarantine\under-review\qb-inventory\html\images\rims.png	13066	81A1C000A8769DCB3BB5D82D303EAA66158A3E5629AF7E2137D1D65B753ABDB2
C:\script_ver\quarantine\under-review\qb-inventory\html\images\ringo.png	13349	6221E47BDBA633687A44AE11A2668B26691DB432EF03F748441F2DA864ABF3F6
C:\script_ver\quarantine\under-review\qb-inventory\html\images\rkiwi.png	11950	B057573EBED9D116058FEE0EED61E0D02E20AF7028A5CBC4B31C6AA5120B9BB1
C:\script_ver\quarantine\under-review\qb-inventory\html\images\rlemon.png	8962	4F5E2C5FAC65D7DE6EE97160B608FBBB163C6EC4FEF4AE0C3352A5DEC2BE61EA
C:\script_ver\quarantine\under-review\qb-inventory\html\images\rlime.png	8790	49C9460DD87D54750CB166EF9909B19E68901F9D94D8EDA8D257DAED566ABE00
C:\script_ver\quarantine\under-review\qb-inventory\html\images\roberttrujillo.png	12572	3F4E3B74C73F02B3B2E84F45B991C668D5AFFD2C4CC2CF21CEA32482BA05D821
C:\script_ver\quarantine\under-review\qb-inventory\html\images\robtools.png	16810	89876CF7B42C0C5E4022EBEB585B1EDC675836B245E769E7BE3EBDEBC09EE2B0
C:\script_ver\quarantine\under-review\qb-inventory\html\images\rock.png	6718	9E84EF0064F5A3EF72D66ABEA528DFAA5829F8AD057E1FF700A4E5817DCE83D8
C:\script_ver\quarantine\under-review\qb-inventory\html\images\rocksteady.png	10548	3AFE34247C7F526075A02F495EF1AE42CE27D7025588D13A15FBA515CB334B95
C:\script_ver\quarantine\under-review\qb-inventory\html\images\rolex-watch.png	8992	35512C94F8F06C352D6FEDA86C1305726BAB8B295BEB08CB796595EF21B70CE0
C:\script_ver\quarantine\under-review\qb-inventory\html\images\rolex.png	17491	ED7E89AD92694859601069EA42F455959F19005719609A644B79E4845C2665CD
C:\script_ver\quarantine\under-review\qb-inventory\html\images\rolexcarter.png	8054	E44E39EA42C811584336D4F355A9CF828B7D90535374936C77D3EC300258E748
C:\script_ver\quarantine\under-review\qb-inventory\html\images\rolex_watch.png	7552	2A2499886770874BB35F4E1DF0D8ACFD28306A526A3F7271094FE0F17A618FA4
C:\script_ver\quarantine\under-review\qb-inventory\html\images\rollcage.png	23113	214B31528511C007D36C684C1D31BED051CF1A3918AC48A4418F5F7B52140A0E
C:\script_ver\quarantine\under-review\qb-inventory\html\images\rollingpaper.png	9006	0C8C05136510D76B8E1E514B7D7166C2D0C6FEFEE62547E2AAAB3E938849EFBC
C:\script_ver\quarantine\under-review\qb-inventory\html\images\rolling_paper.png	12059	83643E1D9709FA8EF454444582775FEA35D2C9263556BA884F2B4EFD1EB739A9
C:\script_ver\quarantine\under-review\qb-inventory\html\images\rolling_paper_ballas.png	7483	091A973EE492DC4AB2C1E2928FD1ED915CB2F4D0787D14354B00A96C121C7316
C:\script_ver\quarantine\under-review\qb-inventory\html\images\rolling_paper_gsf.png	16957	3047DEFAF1362751B1B39673086FE97C02E9C71A12C12B5CC636A46DAD644117
C:\script_ver\quarantine\under-review\qb-inventory\html\images\rolling_paper_vagos.png	7984	971ABD633C60EC1D831BE1BA94EBBC7B703B93A198FDE7467D6FC32DE569AA43
C:\script_ver\quarantine\under-review\qb-inventory\html\images\rondarousey_pop.png	9632	D0BE82C0210670D5D04F66642E3FAB74E78DECA580C5BC5519D8EFCB5B717D4A
C:\script_ver\quarantine\under-review\qb-inventory\html\images\roof.png	19738	E40CC8E8C21D60B3AF4DAB12ECBEC07C4EEEF09D847343F3DE33CB0F1BCA4DF4
C:\script_ver\quarantine\under-review\qb-inventory\html\images\rorange.png	21251	2D415CD3A31EE24A9713462AB757050A733AF022ABA6938601701AA1F751512E
C:\script_ver\quarantine\under-review\qb-inventory\html\images\rose-flavoring.png	2156	1B9034C33A60A958C183DAD528DD45A0FA0CACF8C76528DBAAD48DEC652887C2
C:\script_ver\quarantine\under-review\qb-inventory\html\images\rose.png	6247	B4D8C311BEBA6C47D47F55F924634028634AAA678FBAE6417C91E15C258E08F6
C:\script_ver\quarantine\under-review\qb-inventory\html\images\roshomalai.png	1990691	8F8B3EE47ECB4B6E2A579635522FF7F1F0DD6E6C3B28357186E3FC81A8D55DD7
C:\script_ver\quarantine\under-review\qb-inventory\html\images\rosso.png	13413	4070498D23DB1F00E104BB4E93C00995A57E3759C1CFEAC51719E302C16AC4F6
C:\script_ver\quarantine\under-review\qb-inventory\html\images\rpg.png	6657	AA36CF6B50869819618CB70368C9BCA671411DDE95C3A6E4085439A31BC0D408
C:\script_ver\quarantine\under-review\qb-inventory\html\images\rpineapple.png	8346	C987FE1DC68BCF5428054CEA8DB11ACB7722523A9248C90AC4EFF3A0EB02789F
C:\script_ver\quarantine\under-review\qb-inventory\html\images\rpinkglass.png	53206	C6AB3E2D3A4381731D309BDAC0D56FD34595D567AC3DCFAAD996ACCC8A518B6E
C:\script_ver\quarantine\under-review\qb-inventory\html\images\rpinksake.png	5924	2DF1F3872F760209E62FD5629854D916575673F694BD4AEAE1C47135B0EA8A41
C:\script_ver\quarantine\under-review\qb-inventory\html\images\rsake.png	15072	EA5727838A865FD430C82DA72D2FDA7DBBE79DE31FDF067977D35E61372F1A10
C:\script_ver\quarantine\under-review\qb-inventory\html\images\rsakeglass.png	112598	9663BF5BEDF66DCE08AEE01A08A661A8D32D13ECFB227DBCD2F4884D8D6D7E9C
C:\script_ver\quarantine\under-review\qb-inventory\html\images\rsamuraiglass.png	27826	26712A51A8CCE16805EEFC77FE8F9CBEEAD385040EC18A555FCB6D584E449518
C:\script_ver\quarantine\under-review\qb-inventory\html\images\rsamuraisake.png	6372	BC28280BF51617BA3E527AFEEA9B79647D32AA64546AADD1FAEABB647D27A0BF
C:\script_ver\quarantine\under-review\qb-inventory\html\images\rsmallglass.png	16879	FE26A64898AAB8D63D8AF76F7F1B668EE0D22311B3D26AC712A5CB1E179B0D44
C:\script_ver\quarantine\under-review\qb-inventory\html\images\rubber.png	6918	20BE8AA537471E1402F5127B59BB70255F4491E9CA5F6D251AC6662E3D8D7701
C:\script_ver\quarantine\under-review\qb-inventory\html\images\rubberslugs.png	31432	27F9EA20785CCF70DAB94E7FDF8CA4E13367F09C1F08967E3A485C4E54ADA512
C:\script_ver\quarantine\under-review\qb-inventory\html\images\ruby.png	16519	35D4B46107D5AE88562FC3882AF6E6A2D33F1FBA7754306FCF34AB2DAA7ABB8F
C:\script_ver\quarantine\under-review\qb-inventory\html\images\ruby_earring.png	17136	921FA8739285BC34A3C86ACBECC96D494935500C601BD4D35D20FF463C9C0290
C:\script_ver\quarantine\under-review\qb-inventory\html\images\ruby_earring_silver.png	17858	A08F849B6A5CCCC445FF35BC25AEA37683FE8EB51F1692456DF07261672CADCD
C:\script_ver\quarantine\under-review\qb-inventory\html\images\ruby_necklace.png	14496	E1ABFBAE28136CEAE0DD0C6616A8E801C3F08301D41A3CFEE994CC0803E92B35
C:\script_ver\quarantine\under-review\qb-inventory\html\images\ruby_necklace_silver.png	14633	2D08F94881D63811730B3729D0432F685810236B913D0CD90BE77E1AAB9F65C6
C:\script_ver\quarantine\under-review\qb-inventory\html\images\ruby_ring.png	19488	154DEE59D8AAEB4E5692C99927D1B1699666E72376F57C74A2E4ADCB0A978C63
C:\script_ver\quarantine\under-review\qb-inventory\html\images\ruby_ring_silver.png	18342	ACF03B1E13BF99012B763DFDF0F6CECC92639AE7150AEAF909D5A6A3712AE378
C:\script_ver\quarantine\under-review\qb-inventory\html\images\rum.png	15310	139E7A7D335E61199A39E475DED1D44D2F799280C2FDA2040F1CD8EB70F38BD4
C:\script_ver\quarantine\under-review\qb-inventory\html\images\rumcoke.png	11561	FB786BADAE24565053E8E6157033C114D87ACF7F8B19D6BF0543493EAE346566
C:\script_ver\quarantine\under-review\qb-inventory\html\images\run.png	7274	DA91AE3F0B19C07179CA4402CEDB46E982605CBBCE601A407B76FA0976656988
C:\script_ver\quarantine\under-review\qb-inventory\html\images\rust_chain.png	7058	C25F0A044C46404C6225600489C232547651C9095BF137A2E9ECBA29F223CCFB
C:\script_ver\quarantine\under-review\qb-inventory\html\images\rwhiskey.png	154789	ACCEE431F5A2DBAEBDB8A8B2A3E2E65ED3DDF368E9A0350B309A61F0F6C377F7
C:\script_ver\quarantine\under-review\qb-inventory\html\images\rwhiskeybottle.png	14866	ECE980B61D73C1AB3D8138D3A5639EB99316790FC16AF740B71ACE4E41820612
C:\script_ver\quarantine\under-review\qb-inventory\html\images\rwhiteglass.png	45342	1A7E56699AD3CE109C915E0E2778B71B7A78153BE824CD7907A5EFE4D41A8D26
C:\script_ver\quarantine\under-review\qb-inventory\html\images\rwhitesake.png	6343	ED586840DB9E0F0CF2A4AC7FAD6578258A3E924F489FC95823F2EF6DE549C0E0
C:\script_ver\quarantine\under-review\qb-inventory\html\images\rwhitewine.png	4861	E0F52A36D7490274F016903D08B0C73B7C0C4A7ADEFDF828E1ED68816CF29250
C:\script_ver\quarantine\under-review\qb-inventory\html\images\rwhitewineglass.png	72680	FB295714AC24183656276F3F85699F1175C8A79DA2FFEBC667BC4D446ECF0F10
C:\script_ver\quarantine\under-review\qb-inventory\html\images\rwine.png	4036	B4EA36669F1CFB94929245B7EC53D630F66EFC696BEA5551B257B1FDDC565403
C:\script_ver\quarantine\under-review\qb-inventory\html\images\ryan.png	6900	011E9CF3B8C8D3A2FABE8974D77E46E21EA94AD17B07C69321A50E339774ED58
C:\script_ver\quarantine\under-review\qb-inventory\html\images\sag.png	15773	9BD1FB89F5BAD0C639274C20DB0ED995B4AD726F0C41642CB09F7C7DA64E167F
C:\script_ver\quarantine\under-review\qb-inventory\html\images\sake.png	15072	EA5727838A865FD430C82DA72D2FDA7DBBE79DE31FDF067977D35E61372F1A10
C:\script_ver\quarantine\under-review\qb-inventory\html\images\saki_tee_plushie.png	19543	BB778FE7922B89733E5B47B9BACB181FABCA3039C8EA1A974FC48602748C700B
C:\script_ver\quarantine\under-review\qb-inventory\html\images\salad.png	8556	42271AF16679785D8885778D68BB793849279BA6838FBDC4412A8BBBEB705FDE
C:\script_ver\quarantine\under-review\qb-inventory\html\images\salami.png	22849	179F77217295BFDCBBBB4FFC47A605065439FC1AEED1D7BFC97B671328567609
C:\script_ver\quarantine\under-review\qb-inventory\html\images\salmonfish.png	72355	80BB2C6E8BA821692AC743C7DCEEFB814CF0988308A31C43955036DDC8BA7631
C:\script_ver\quarantine\under-review\qb-inventory\html\images\salt.png	10199	42C928FC9443C304067823E3B001C2882968D8318A87A5D1D9C53AA1D2A0CC96
C:\script_ver\quarantine\under-review\qb-inventory\html\images\salt1.png	10759	D8B61FB70A16DFF47860A191B0A95BA51C289ADE6219866CCFA19BFA97A8FA7C
C:\script_ver\quarantine\under-review\qb-inventory\html\images\samsungphone.png	5647	9F906AF677AF81E4CF47110350D4C5ECFF0649D3C367EF4B35EFB14FC79DBF03
C:\script_ver\quarantine\under-review\qb-inventory\html\images\samueltoy.png	12282	CC631A58C2246CEB099CC6B12D05479BCDBDB5B3BD02AB2F90D2F94257A50B78
C:\script_ver\quarantine\under-review\qb-inventory\html\images\Samurai-Sake.png	6372	BC28280BF51617BA3E527AFEEA9B79647D32AA64546AADD1FAEABB647D27A0BF
C:\script_ver\quarantine\under-review\qb-inventory\html\images\sandshrew.png	14839	5646AA2BB8584F627812EEC60D30C2B513306320E8BC8C26B2FF8E067E72C72E
C:\script_ver\quarantine\under-review\qb-inventory\html\images\sandslash.jpg	6032	D736F8ADDEEC4F4683D7C69B502391E6E61EF6129D6898DF681D4F06569B406D
C:\script_ver\quarantine\under-review\qb-inventory\html\images\sandslash.png	35036	6A7CE7993D617118B6EC6ED7C035B12A293DC24A970934E7A5A3337FCE549003
C:\script_ver\quarantine\under-review\qb-inventory\html\images\sandwich.gif	30475	214F111E622184B9DB04A318379CB7CEDFEC493E1FDBDD5F9AD795DA562B9D23
C:\script_ver\quarantine\under-review\qb-inventory\html\images\sandwich.png	8695	EED2FC872DE3CC744EAD1E10D1214B6020923304CAACE7140A857218A38917F0
C:\script_ver\quarantine\under-review\qb-inventory\html\images\sandwichsushi.png	381516	A58BCEB944FB32ECC5A1237736C324616FBB7EC3FF939D6B63A71AA0E5B2088C
C:\script_ver\quarantine\under-review\qb-inventory\html\images\sangria.png	24111	E5FD40D6AF83B0F634BE0E116C9BEE511346D9174821A130D9963A3B3B9E8B20
C:\script_ver\quarantine\under-review\qb-inventory\html\images\sapphire.png	18555	EB3DDE2129DA83FC4FBEBCD1C391644EB0714DB369809771994912C1468AA7AC
C:\script_ver\quarantine\under-review\qb-inventory\html\images\sapphire_earring.png	21289	D7C923F5CDF9FAEA662604D2CF86CEBFAFAEE55D20D197B9BD7FBA277C31B24C
C:\script_ver\quarantine\under-review\qb-inventory\html\images\sapphire_earring_silver.png	21419	1DC9173D2F6337A5EBF6DE6FDD36F81F15C11486CFDB89DFF5F85F433475670D
C:\script_ver\quarantine\under-review\qb-inventory\html\images\sapphire_necklace.png	14297	2E17214C94732EBCDF28B1A7CD49BDA9387793BE98EFA9084E5695B3360BC220
C:\script_ver\quarantine\under-review\qb-inventory\html\images\sapphire_necklace_silver.png	14622	B8AF8FB8D7645140A2D6C056442E170D9AEB66EC38A9A5373C9F4E5F53F520ED
C:\script_ver\quarantine\under-review\qb-inventory\html\images\sapphire_ring.png	23600	018A3F7391FACBC2F280FD7D99C6B330B74C1A9108DAD51C8DFDDAAD48276249
C:\script_ver\quarantine\under-review\qb-inventory\html\images\sapphire_ring_silver.png	23300	20CE746F909A791B198AE72FD1AB85442D497199E8DB180B0F1F7C4EB8003FB6
C:\script_ver\quarantine\under-review\qb-inventory\html\images\sashabanks_pop.png	12229	8D111437688A107D539109E373E12923551AA21BA13A1987BDD63A92C127CC78
C:\script_ver\quarantine\under-review\qb-inventory\html\images\sauce.png	24101	C2E87FD55D103CF0187B64ABFBD8414E6FEAE91FF86F7AC165813A8A489D7B45
C:\script_ver\quarantine\under-review\qb-inventory\html\images\sausage.png	7773	4E6FC11B0ABAA6AEEDA209928CFB35A7964EDE95A0E59BA31F2330288E17B2D5
C:\script_ver\quarantine\under-review\qb-inventory\html\images\sausageeggs.png	22232	A61DA5BE8525CB0B54175BFCE966FEDE72DEF964DB49030FCE445B0A2B082C10
C:\script_ver\quarantine\under-review\qb-inventory\html\images\savesta.png	6186	BA8D4451F413502CBFEB977E8A8098914E1E17425E370F2817F12E605703D65C
C:\script_ver\quarantine\under-review\qb-inventory\html\images\sawnoff-shotgun.png	6589	E9446E9A13850EDEC7DF4FCB3696E4A68394306CBEBE5AF68D8BA0005A19C67C
C:\script_ver\quarantine\under-review\qb-inventory\html\images\sawoffshotgun.png	7136	E73EBA58D05AD06127AF5B9639FA8B631A99102919F0743DD1F232919435E01B
C:\script_ver\quarantine\under-review\qb-inventory\html\images\sbullet.png	15645	79A0315E57F411D7BF375DDEFB5F77FF503965665C6AC765E66CBA5C21B7A9E4
C:\script_ver\quarantine\under-review\qb-inventory\html\images\scale.png	6251	8317760BA4BB790C6549992495D7069E5A433E353621CF2F4D31B3356B915B6C
C:\script_ver\quarantine\under-review\qb-inventory\html\images\scales.png	12334	86ECB75A3F80A0205D0BA8D8EEE9A5BD5A5E62BD75553A557DE1AA66330545C8
C:\script_ver\quarantine\under-review\qb-inventory\html\images\scalpel.png	24637	E555D368FB42FD636BB969B44F095D75CE790771FF5C081CC4DE8DA66318F8BB
C:\script_ver\quarantine\under-review\qb-inventory\html\images\scar.png	18091	6802174DC5B2A031445DAD19BE365B590BB73B460F05C76373A143BEFA4AA909
C:\script_ver\quarantine\under-review\qb-inventory\html\images\scarface.png	9786	F729AEE467D5F278E5E2942B335892A85E9DB1F0E08D490940A62C9172AEB82D
C:\script_ver\quarantine\under-review\qb-inventory\html\images\scarl.png	18091	6802174DC5B2A031445DAD19BE365B590BB73B460F05C76373A143BEFA4AA909
C:\script_ver\quarantine\under-review\qb-inventory\html\images\schnapps.png	14107	EDA2771851DD9B397C1ED032457B7C79EFA68C6F644E1586C10C91232C1C8325
C:\script_ver\quarantine\under-review\qb-inventory\html\images\scope.png	20215	21CE832697CAA6301B29E66B9CCABA5D1B47F6EFE29EDC6640700CFD2FD33499
C:\script_ver\quarantine\under-review\qb-inventory\html\images\scotch.png	14403	2A4FFF8DCA1BFA32FA949B0531AA5F5A214415CC66229E2F2D4C8A602DBB0F7A
C:\script_ver\quarantine\under-review\qb-inventory\html\images\scott_logo.png	11010	8B20A791916AEAB18F3C7C0EAEB76CFFF362A88CB66C79B7753F4DC825168CA4
C:\script_ver\quarantine\under-review\qb-inventory\html\images\scratchcard.png	24280	0BC04FFC3EB139FD3455766179D9B949DC3CD67D4233181F706CF069E63AAEB0
C:\script_ver\quarantine\under-review\qb-inventory\html\images\screwdriver.png	22252	9DBDC3D36A02A5DF429ED01323E195283230730F35EBF178241BBC267AC315EF
C:\script_ver\quarantine\under-review\qb-inventory\html\images\screwdriverset.png	34325	7CFA31D81136FC851A18D57AF2F6FF4B653ACF12E54959DD967743E3904254E9
C:\script_ver\quarantine\under-review\qb-inventory\html\images\scyther.jpg	18470	49BE6C070AC4BF3DBAD136B6E80A33E31B1ED5939610C8E20E1F10DD03B7E9BA
C:\script_ver\quarantine\under-review\qb-inventory\html\images\scyther.png	91605	ECBFD430BC535206B0C826A7441ED9B5A4CE6D6114E910EF50598DCCD7F2C10C
C:\script_ver\quarantine\under-review\qb-inventory\html\images\seadra.jpg	18522	18FF74022E876335A8AF492106A6F10DC625D6781011EF4D6D6884750B5DF417
C:\script_ver\quarantine\under-review\qb-inventory\html\images\seadra.png	101375	7D9886E6670B6975D76A523F93D6C7C29B31ACC094C786998516D763BB01F8FF
C:\script_ver\quarantine\under-review\qb-inventory\html\images\seaking.jpg	18738	825964E6693A016D0BAAB0FEE2ECF614A81A25ADEE94A5C0411C3E560BC1392B
C:\script_ver\quarantine\under-review\qb-inventory\html\images\seaking.png	103660	4ECB69EB30DD298AA47C4DF74671C345A7CAA10EA9EF3C164DB5284FB4FF8041
C:\script_ver\quarantine\under-review\qb-inventory\html\images\searedporkbento.png	91515	541C6FF6D31371917CC0AEF85C8F2B3E48D07993EBB8890EB81B352690A591DC
C:\script_ver\quarantine\under-review\qb-inventory\html\images\seat.png	10334	ABC598F2320D291FCD3FC670C9A0007027E9EC2671FAF1427AD49A31A72D2DCA
C:\script_ver\quarantine\under-review\qb-inventory\html\images\seaweed.png	45823	64102F8649AA91A110F9B1893852F22A1A61F1208CA26FB84157FC4D0889932D
C:\script_ver\quarantine\under-review\qb-inventory\html\images\securitycase.png	28547	0E26916D1F66F726E88696E97E6F0E540CB94CB49F947401E73F8F430A366F1A
C:\script_ver\quarantine\under-review\qb-inventory\html\images\security_card_01.png	7023	03B4CF291C772EE97F30E490D87C485723254FEFD5630946F403AE5F50678E8F
C:\script_ver\quarantine\under-review\qb-inventory\html\images\security_card_02.png	6968	249156D53C04986E6F2000CA859F345797ECAB58C40067889C6DE40085B8689D
C:\script_ver\quarantine\under-review\qb-inventory\html\images\security_card_03.png	7040	93E045F127EBC6BC2BAE8A606306B788FD3519A6DBC99BF01AD6D36E912624DA
C:\script_ver\quarantine\under-review\qb-inventory\html\images\security_card_04.png	7046	70DF5E334E70D865E4DF0BC8CC0FE037F84F6AA8C0B7307EB11C8077F4FC1FB2
C:\script_ver\quarantine\under-review\qb-inventory\html\images\security_card_05.png	7043	DC95D261716427359ED6073AE4D30178F8813D6354AA69AD88A33D3CF3031067
C:\script_ver\quarantine\under-review\qb-inventory\html\images\security_card_06.png	18469	3BCDA0C445C3D619F0D2E9542106CD7E0A0AA49659213F8AB9D763748BAC6198
C:\script_ver\quarantine\under-review\qb-inventory\html\images\seedbag.png	7496	FCB51300E63DFB58BE84E810B0228FD13E02AC0B2204ADB741241F2A0DF97A23
C:\script_ver\quarantine\under-review\qb-inventory\html\images\seel.png	14658	AEE9D75CE99FA97B2D3992D18A395DE79B67847837F2DEA5C26FC87CF1BBBF1F
C:\script_ver\quarantine\under-review\qb-inventory\html\images\sg_invite.png	11135	05862F31359A1C0D63E6ABDEE2E73971EADCBB77A33DFF3CA7ED407C8D2472D6
C:\script_ver\quarantine\under-review\qb-inventory\html\images\sharkfish.png	14993	5DE413368B64E592348688FAEFB0502A1A219C0E5A886A6B717C1474C337F103
C:\script_ver\quarantine\under-review\qb-inventory\html\images\sharkhammer.png	4645	DB3A453F609C5FF76A6D752FB4CC774C9A10DF722EF468C8397565221EEC8F51
C:\script_ver\quarantine\under-review\qb-inventory\html\images\sharktailsushi.png	35333	A58B8937B1D77D9AD6679DCB6AC38AF692F7ECA0001CBAC967B699A94D47C058
C:\script_ver\quarantine\under-review\qb-inventory\html\images\sharktiger.png	15326	5A3E9EB33E59FB9F283BC2E172217462816BBE54ADB250C0F4B20081011E9B14
C:\script_ver\quarantine\under-review\qb-inventory\html\images\shellder.jpg	18282	F54B24B7B04598846F0B8CB6D2A5EB5BCC15226FD071192E77E6DF71435AED5B
C:\script_ver\quarantine\under-review\qb-inventory\html\images\shellder.png	88829	71AE71168898AB7A048AF936DB5AFA954001D94642CFB18BECCAA5CAF08B7CE0
C:\script_ver\quarantine\under-review\qb-inventory\html\images\shield.png	143516	7F247B92299773B36E82C7D19D6705F7BA35595B9FF621161B1979FCCFB67117
C:\script_ver\quarantine\under-review\qb-inventory\html\images\shippingbox.png	6981	B9FA87F828A5B44498A0BB02E6029B63B2DCB663E1610AED221D06C610E63774
C:\script_ver\quarantine\under-review\qb-inventory\html\images\shirt.png	5509	8E4DD118943B17FEDC091987C926605BAD0BFC833313CC170E74B888F03A18FA
C:\script_ver\quarantine\under-review\qb-inventory\html\images\shitgpu.png	7214	7203E696A8D742CB757842B427C77344C2A1996D9296769C1410F15EBB49A8B2
C:\script_ver\quarantine\under-review\qb-inventory\html\images\shitlockpick.png	19259	892A4E255B1147CE1E7F2DB6A0E518513B0BBB260DCC6D40140135449728557B
C:\script_ver\quarantine\under-review\qb-inventory\html\images\shiv.png	17915	EDD733627CE85FBBE6D56463A5F93B3D79A8256794F6C37B6B82EB6AFDBDB1C1
C:\script_ver\quarantine\under-review\qb-inventory\html\images\shlomiring.png	4644	2DF845C2AA2F8F96386F2F34DA94D2537DAF71AF153EC0811B74DF6DC1DB173E
C:\script_ver\quarantine\under-review\qb-inventory\html\images\shoe.png	14137	2B3F479E7CF2EEB505C07A6ECB35F6F1DC8327C408F9670EFFCDA6A6DCA68A85
C:\script_ver\quarantine\under-review\qb-inventory\html\images\shoes.png	40577	C00C55D3AD325E5092EDDE3E6F0C91792CDDC91C1F89615135070B3599BC854F
C:\script_ver\quarantine\under-review\qb-inventory\html\images\shonen.png	34973	5A1A006538B37C7474E3129AB4CDEE5E9CACC75F448B338E0E8BDB6BBFA17505
C:\script_ver\quarantine\under-review\qb-inventory\html\images\shot1.png	6706	1E17943EAB312FC353ADA70A462FF73DDCB854BB08191D4AA1CADC990072C810
C:\script_ver\quarantine\under-review\qb-inventory\html\images\shot10.png	6458	6F2508FD05732DE9AFB33C483A9559E191CEA8BE1366755B877F1B98606EB3DF
C:\script_ver\quarantine\under-review\qb-inventory\html\images\shot2.png	6174	7227F12A93FD6A85E5597677867AF7847CC48ED630012D8E995F5698A0690AD5
C:\script_ver\quarantine\under-review\qb-inventory\html\images\shot3.png	5924	48F0A473E2CBCDB67DE7BA9D6BAC0844B604D2684C569E1483B7B1224D339392
C:\script_ver\quarantine\under-review\qb-inventory\html\images\shot4.png	5507	39E5ED22145B4A53054410F3FA72BD1674ECB731A8D6DCB1B054A1FF7363219A
C:\script_ver\quarantine\under-review\qb-inventory\html\images\shot5.png	6304	905320A3221DD73DF69C065690997B2E77D9F4450FD5C8642D4F6553E6EC7D71
C:\script_ver\quarantine\under-review\qb-inventory\html\images\shot6.png	5409	D0F7DBEB11CFF018221299A236CA1442319FA1974BDCF3FF96CA136607B3A301
C:\script_ver\quarantine\under-review\qb-inventory\html\images\shot7.png	6706	1BD7592F741F8DD6E9921E6D7DF4AF8F1FA87297F57B12AD11A4265415DBF310
C:\script_ver\quarantine\under-review\qb-inventory\html\images\shot8.png	6402	A78D0504DEBDC21803BECD284663C8D10AF8853D6DE6DE17024F1277D197142F
C:\script_ver\quarantine\under-review\qb-inventory\html\images\shot9.png	6965	A73083E06920A5BCB2295F8E8B8A4A7A7CE59F0AC162CB38CF5933CF39025589
C:\script_ver\quarantine\under-review\qb-inventory\html\images\shotgun-ammo.png	21455	A38BFBE61F7567287DD3B9B0B2A2E49514DADFBF9E52C459D4CD26E0879AA484
C:\script_ver\quarantine\under-review\qb-inventory\html\images\shotgun_ammo.png	21455	A38BFBE61F7567287DD3B9B0B2A2E49514DADFBF9E52C459D4CD26E0879AA484
C:\script_ver\quarantine\under-review\qb-inventory\html\images\shovel.png	18969	B83D788D970479070D19BAD420D9AE20EEA43090E1951CEAE1C90DFA58ED305B
C:\script_ver\quarantine\under-review\qb-inventory\html\images\shredder.png	14178	ED5906EB6110EAB8558EE06BADA8C10F5F90ACD67392F91B07A60CC8E9C67164
C:\script_ver\quarantine\under-review\qb-inventory\html\images\sidwilson.png	9409	E352C12CF143768DC88CF5FA99830D181C853092DBB1E505DC5D3499FE1794FC
C:\script_ver\quarantine\under-review\qb-inventory\html\images\signalradar.png	6928	58C411E7CDD233800ECFA18299F775B9EB58E00BE6FFCB5BBB60E12477CEC34A
C:\script_ver\quarantine\under-review\qb-inventory\html\images\silencer.png	4258	7451C8B44A5FF704D1AECB74333A74989CA33665E9D3B4DEEE700B99AA8C14B1
C:\script_ver\quarantine\under-review\qb-inventory\html\images\silverchain.png	19906	05D8503B5C02C58612529B996A27D03DF3A4AB1715FC4C9F74D431E296E883AF
C:\script_ver\quarantine\under-review\qb-inventory\html\images\silverearring.png	15393	0CB7C0AFDD73FA10480C0B7A0CE230E4FA788A7C35010D786F7EC39CFAB0E836
C:\script_ver\quarantine\under-review\qb-inventory\html\images\silveringot.png	13409	49AA0EEB3959DB366A3404967E1BADD0C81054B0977DAEBE800626790EF93FEB
C:\script_ver\quarantine\under-review\qb-inventory\html\images\silverore.png	17657	1FE5D44AF2A01C73DB28EBE3A2B69D3BC64A5B43C6F69EBD03351F2261EBE386
C:\script_ver\quarantine\under-review\qb-inventory\html\images\silver_earring.png	15393	0CB7C0AFDD73FA10480C0B7A0CE230E4FA788A7C35010D786F7EC39CFAB0E836
C:\script_ver\quarantine\under-review\qb-inventory\html\images\silver_ring.png	15100	569C0F2632817A5ACB51FA48D22228F6CB3B51B92529FD6A33DACD124F8398BE
C:\script_ver\quarantine\under-review\qb-inventory\html\images\skateboard.png	18771	60411626CCDF2FC4564BCBA8EA6553A8329EA9BC9DDC7C6652219311D3A2981A
C:\script_ver\quarantine\under-review\qb-inventory\html\images\skirts.png	7976	C63B4AB0BC40021F0A0CE6ED79E43CB9DA7DCD28BECE9302144013B83B837C71
C:\script_ver\quarantine\under-review\qb-inventory\html\images\skorpion.png	21510	ECF92A15403145AB7B852E8BBEE9F614EC4B678F7E1B3007BD802F551ECA7AFB
C:\script_ver\quarantine\under-review\qb-inventory\html\images\skunk.png	20604	6A4D8398CC29963B2C58B12D543F22846B97B5483E998F4BF4BECB2F777DDF0C
C:\script_ver\quarantine\under-review\qb-inventory\html\images\slaptable.png	78616	BACCCCE144377ACAAAD973A3CC7EF9AA768C3CC23C0B863F641FB0DBE82070DE
C:\script_ver\quarantine\under-review\qb-inventory\html\images\slash.png	8619	183BBC17DB828553FEAAC3874DC50159D0A3EFD1D14B288C88F6C2483DED6C9E
C:\script_ver\quarantine\under-review\qb-inventory\html\images\slaughteredchicken.png	5542	DDD7A0E95E6F0404102C0A97744B4F259F2B2AC6009183FEA8E51619B388D09E
C:\script_ver\quarantine\under-review\qb-inventory\html\images\slaughteredpig.png	61667	D17E842DFA8EE2A2F4A4D94E2F66D8D06BD1B241AA2E894981A6544A2D7864C0
C:\script_ver\quarantine\under-review\qb-inventory\html\images\sledgehammer.png	8070	E69ADB879C6007A7D6673719F3769390D0D494AB60755AEB38A859E089EFAD16
C:\script_ver\quarantine\under-review\qb-inventory\html\images\sliders.png	26732	913B12BE6323DA43FCFF8AFB35045DD44C49C044C4E72F0A9A39C30F02DAC8E8
C:\script_ver\quarantine\under-review\qb-inventory\html\images\slowbro.jpg	18178	510C62382D503B6AFFD239479A5F137A6F10984632C3537C0CD0D5DC631C7E2B
C:\script_ver\quarantine\under-review\qb-inventory\html\images\slowbro.png	86648	0AB87D5E79764AAE872710CBA24B661C77D0B20168B9C53F943524F0F0F215EB
C:\script_ver\quarantine\under-review\qb-inventory\html\images\slowpoke.jpg	17458	C52E7DCA1CAE0B0CC8A11DFD340FF370BF0B2A61AD765C860E481E48BEA28B29
C:\script_ver\quarantine\under-review\qb-inventory\html\images\slowpoke.png	68677	3935173CE07AC3F17C71E1E57CFE9C9989E8D811AA94EFE0DC4F927DC5B8A3CC
C:\script_ver\quarantine\under-review\qb-inventory\html\images\slushy.png	19472	F5F7730649ACE23005F7BF464AE292E6E02D3601F575D4810E6C8837CD241B5E
C:\script_ver\quarantine\under-review\qb-inventory\html\images\slush_puppy_pop.png	10559	05E984B6EFF81EB3E71074C00455CC20C0D34AC375BFE5CB8DB31AC6A9B5C982
C:\script_ver\quarantine\under-review\qb-inventory\html\images\smallbluefish.png	25796	20EAE0576617CD9686F020BC0FD6650E0A7D6FEA2293A2E414C069B75C43E3FA
C:\script_ver\quarantine\under-review\qb-inventory\html\images\smallbud.png	14549	AAF3E94966E813847CE002B49EAC33532C09F4A0335CF1DB3FCED1D0FFC2891D
C:\script_ver\quarantine\under-review\qb-inventory\html\images\smallglass.png	35009	C9071033656486E6C3EB93A2F6872B62BC5A6B813DD2ADFE9C9FB0D9F20E10AD
C:\script_ver\quarantine\under-review\qb-inventory\html\images\smallglasscup.png	57055	AA3508597AFE19FE68BF5F91C6AA1F76103F7AE4F0F7DA171B46B75DDB303A20
C:\script_ver\quarantine\under-review\qb-inventory\html\images\smallscales.png	6251	8317760BA4BB790C6549992495D7069E5A433E353621CF2F4D31B3356B915B6C
C:\script_ver\quarantine\under-review\qb-inventory\html\images\small_drill.png	92829	007657085ED8EFED374EF24751B7CE19FA48731660D2F49E839FC8522BAEAB7B
C:\script_ver\quarantine\under-review\qb-inventory\html\images\smg.png	7579	EC61162914A42310A1EF4CE60181F6D5957B2654802CA00F2B3BCC8CE471E3E5
C:\script_ver\quarantine\under-review\qb-inventory\html\images\smg_ammo.png	23658	0736EDF7DCB2F76D84C6EA517A41C1875ADE7199035ED427A2ACA43ED4EDD0C3
C:\script_ver\quarantine\under-review\qb-inventory\html\images\smg_extendedclip.png	8107	6910E767927A79ED140F8B8F25B948AB956ABB4E237FE8EEE29556DA33CE81EA
C:\script_ver\quarantine\under-review\qb-inventory\html\images\smg_flashlight.png	9858	E78432713C24143BD10540EE254A9D6FD8C5256CCBA62EB0BEBDC6C2463BCABD
C:\script_ver\quarantine\under-review\qb-inventory\html\images\smg_scope.png	18977	31281A791F842F2CB786E884D9184323706497089C9992221E0ECDA9E4348513
C:\script_ver\quarantine\under-review\qb-inventory\html\images\smg_suppressor.png	8053	C1ECE347D90CF8C0F30541DD4C860B9F692CBB5A83C9FFB03F30EA783A05AE98
C:\script_ver\quarantine\under-review\qb-inventory\html\images\smokegrenade.png	3662	F2BFAD3ED00253EFE412ADA470883B1BFBCEF6135EB041C8923B75690D2DAD76
C:\script_ver\quarantine\under-review\qb-inventory\html\images\smoker_tee_plushie.png	19110	4BDD0887451C5CF050BCA5DDBF7062EB49694668B7A0776C3B0C85285623054D
C:\script_ver\quarantine\under-review\qb-inventory\html\images\smoketrailred.png	14536	BDC385CFFE041A313515E14075D173576A8321AD1E9A0D2AB19BEAE48EFC1710
C:\script_ver\quarantine\under-review\qb-inventory\html\images\snikkel_candy.png	11646	81470FB741BC4C364696FCB8413129835DEC51FB3C26B563EF54549698F9D0B4
C:\script_ver\quarantine\under-review\qb-inventory\html\images\sniper-ammo.png	21791	2EC5D326D018C95A767247189BA8D7885655EF2982B0DBEA5247EEA4A031373B
C:\script_ver\quarantine\under-review\qb-inventory\html\images\sniper-rifle.png	8252	97B9FEE2CE3011A358CACD91AE2A395E880EA4DC6B49FC39743E54811978585D
C:\script_ver\quarantine\under-review\qb-inventory\html\images\sniperrifle.png	8252	97B9FEE2CE3011A358CACD91AE2A395E880EA4DC6B49FC39743E54811978585D
C:\script_ver\quarantine\under-review\qb-inventory\html\images\snorlax.jpg	21414	2BCFADD9224143D36DC5DCD86B0AEF90716BA68BAD380F125536793D69AE6FF4
C:\script_ver\quarantine\under-review\qb-inventory\html\images\snorlax.png	234053	A898D62956863794051FD148890A133008F6FB6DB9763E827E32D07567248C1A
C:\script_ver\quarantine\under-review\qb-inventory\html\images\snorlaxv.png	18118	1ACB91C09D643DD4A0C1E20CD2368434626561BF7BF36882B5F9F2549BAE40AE
C:\script_ver\quarantine\under-review\qb-inventory\html\images\snorlaxvmax.png	20557	A7F7EB32F56B5AF408F9FDD8802F43EC5E9499AB7DA9D788AAACD9C4C9326327
C:\script_ver\quarantine\under-review\qb-inventory\html\images\snorlaxvmaxrainbow.png	18986	96A974AE905D07B5E4A854EE438546792F87FA253714976C59AB3CC4ED7694DE
C:\script_ver\quarantine\under-review\qb-inventory\html\images\snowball.png	4130	A0E84EE103E1C0BC81A630BFF52791B36B6B0311690F07942ECD9960C30B4E5A
C:\script_ver\quarantine\under-review\qb-inventory\html\images\sns-pistol-clip.png	3799	051292B76A9F958315433BD1707A9323008372F64FEE811F96D395894F026F84
C:\script_ver\quarantine\under-review\qb-inventory\html\images\sns-pistol.png	5406	AB4ABFF41EE33EE301C9CA15640B1CF5013A8569E5B135EDD2BA1193BECF96DF
C:\script_ver\quarantine\under-review\qb-inventory\html\images\snspistol_extendedclip.png	8860	73FFD7EF0A6AAF04A10A839699288522894CD61A9D9D02050D549E2385A46DE6
C:\script_ver\quarantine\under-review\qb-inventory\html\images\snspistol_part_1.png	9391	9024D25C02E9D8BA0E86D73336010BD1D96B6375FC0E191887AD7A91F1860F70
C:\script_ver\quarantine\under-review\qb-inventory\html\images\snspistol_part_2.png	7537	164DECDE0836DC1338B0AA4F4E752DB054C20A35436DF483A7DFBDEEB752C29D
C:\script_ver\quarantine\under-review\qb-inventory\html\images\snspistol_part_3.png	8013	A66971BFC2B5D1EF131DE68ED4E3E952EDD10438C05AB9CA2358786FC0452104
C:\script_ver\quarantine\under-review\qb-inventory\html\images\snspistol_stage_1.png	10455	D4AD065C62C3DE7A5B0867B14000760D6AD02E38B8BCF8A71D089011C2234CB0
C:\script_ver\quarantine\under-review\qb-inventory\html\images\soccer.png	104105	6E7022FAF18EB623636A0950E5885EFAB6022532980F6EB894F04D87D10262DD
C:\script_ver\quarantine\under-review\qb-inventory\html\images\sodiumbicarbonate.png	61860	066AF1ABCE4315EC69935D01AF24326CD94521319C20A4C72D0A66DAD2D87853
C:\script_ver\quarantine\under-review\qb-inventory\html\images\softdrink.png	7177	CE5ED116CD0230FAB696DA83331630D80B8F6B61AA4BBD66E1D2D4A9B2D5E711
C:\script_ver\quarantine\under-review\qb-inventory\html\images\sokka_pop.png	11136	640EE90E2A852E2A235C79AE913BF07E5EB70FDBDCF541FE737193C7D098DE4C
C:\script_ver\quarantine\under-review\qb-inventory\html\images\soulBadge.png	8182	8F6E678AB960F2C0F57E6856C64F772E246C121ADB1B9976E24C1923E5EE388C
C:\script_ver\quarantine\under-review\qb-inventory\html\images\sound.png	11154	4C46996B59F82AE31CB8342DE5B372A62C13913B3745FC3B4BC5F207C07FB216
C:\script_ver\quarantine\under-review\qb-inventory\html\images\spaceman.png	7959	AF40840046A64412C6D784A22ABD5EEE55F58CE05F5692E19D90D366C4BC7F5D
C:\script_ver\quarantine\under-review\qb-inventory\html\images\spaghetti.png	9790	BB90761C6C3FFCE8A3A9A8070F0133367987FCCE1EE0AF9199A3A3C7C029FBA2
C:\script_ver\quarantine\under-review\qb-inventory\html\images\sparetire.png	22569	AC83EF3706888A3CC008BF2BF461A29F4D5DEB4A187119D7DA8B6E3C34D65211
C:\script_ver\quarantine\under-review\qb-inventory\html\images\sparkplugs.png	22588	9D872C51E123386DDEE2D628312E1FC2251A8CBFC81FEC5950D5EC561B1190BD
C:\script_ver\quarantine\under-review\qb-inventory\html\images\spearow.png	46352	3947933048E17B1CD0373CA9E2D2B479D60BD8384B08D2B6D6D12269AAF0E289
C:\script_ver\quarantine\under-review\qb-inventory\html\images\spearow.webp	2292	8C2765F106746A0AF71DC63B6F191414AC650D927225C06078BC80D489F735CB
C:\script_ver\quarantine\under-review\qb-inventory\html\images\special-carbine.png	9029	426BF05A25DC228EE0C826618D0A65F0B8FA348AB4670AEC1EE538ED9125ABD1
C:\script_ver\quarantine\under-review\qb-inventory\html\images\specialcarbine.png	8075	677D192D92F256D70D1DF9EEDA0B845C56A60EB6F2A41F29A6411EDDD04FEB20
C:\script_ver\quarantine\under-review\qb-inventory\html\images\speedball.png	17397	105F6DCF44F95D8FC2B43BFD1F24B837B8D2295D2CC05FECB0ADBC7FB08B3DE8
C:\script_ver\quarantine\under-review\qb-inventory\html\images\spicymayo.png	63077	9B311F147D55846B36CA405AFD81AC8EA83A479762ABF47E3F097A1628D32B4E
C:\script_ver\quarantine\under-review\qb-inventory\html\images\spiderman.png	30909	F4B5EB4001FB1F077E654A0557300E5043A3C4B15AEB19D08E3734704A72417C
C:\script_ver\quarantine\under-review\qb-inventory\html\images\spikes.png	9114	DD3219CBEE85A3ED4EBBBD302F53FC2FE26C14DCD6AF7A0DB0FA2C93BD084E0E
C:\script_ver\quarantine\under-review\qb-inventory\html\images\spikestrip.png	92732	AC0B43F90FE2FF0E81FBB85677BCCBA47014C04D1E573F2A1131A6259F1886E1
C:\script_ver\quarantine\under-review\qb-inventory\html\images\splinter.png	13515	B5546F3A15294AF719DE4671C253F0638BD1F4F3AC224C7BEE2742D90BA9D8D4
C:\script_ver\quarantine\under-review\qb-inventory\html\images\spoiler.png	6607	47CF73B5E766BAA6178F6BBF8930489C39813A33EFC10F737F200236EA0DF9CD
C:\script_ver\quarantine\under-review\qb-inventory\html\images\sports_mat.png	6192	839887C4D6C40CFAFFBA7C62EB57AB947B6485518659F9CF64CF5A204BA22168
C:\script_ver\quarantine\under-review\qb-inventory\html\images\spray.png	6572	F015776CE539A3BBB607C38DF5FCE711ECB97361E70FCD7808B9FFA2553A13DD
C:\script_ver\quarantine\under-review\qb-inventory\html\images\spraycan.png	17046	FCD100670DF19C6074EC232F2DF1791447CFF51F8AB934A6EA56136F97FD469A
C:\script_ver\quarantine\under-review\qb-inventory\html\images\sprayremover.png	11905	4B2F26BE05D6F2BE602BCEA23E40BDC52D385591AB852436BD6EC8C7CA7A7FA4
C:\script_ver\quarantine\under-review\qb-inventory\html\images\spray_ballas.png	8298	4900E942C6136B1DE98D49CB457CFBE5298D682EF5D950F8A455E7C6ED4A2358
C:\script_ver\quarantine\under-review\qb-inventory\html\images\spray_cg.png	8477	8FC0DC53E2876AA5B573ACB004D6DCFB9BB4E37F9047A823E1972C1F132ABAE8
C:\script_ver\quarantine\under-review\qb-inventory\html\images\spray_gsf.png	9411	815AEA12F7E3603768F485D629E865577EF961BF973F461512039E5B28C2E8F0
C:\script_ver\quarantine\under-review\qb-inventory\html\images\spray_kingz.png	9241	CBA9EB6DA1E35B604E3F53D0BD47B9604A45227AC5901D02D562FF7EA9C242CC
C:\script_ver\quarantine\under-review\qb-inventory\html\images\spray_mandem.png	7246	94F9EC356359426071833F9CA1657C522889F8A7CC7EBC5C867F4A0B6E4318EC
C:\script_ver\quarantine\under-review\qb-inventory\html\images\spray_remover.png	11047	E620E97ED8CE66DDAE3BC8878D94A43F64030ADCDFCA59D9DED2FF2ED262D030
C:\script_ver\quarantine\under-review\qb-inventory\html\images\spray_vagos.png	9545	28E785D63B584356D8CE3606866D01CB2DB70457518AB1509C43C58D20780F1A
C:\script_ver\quarantine\under-review\qb-inventory\html\images\sprinkles.png	285337	1370986B928733750A4026D3F32B51D1CFBD6F9C16F9477D8AF3269153C73FAF
C:\script_ver\quarantine\under-review\qb-inventory\html\images\sprite.png	5665	6FA285D82A8672F8605D997E649856622704E70F1BA17743002916081AD45680
C:\script_ver\quarantine\under-review\qb-inventory\html\images\sprunk.png	21718	A99F95B69E4C389634C4190B393CACE3BE6C33049903B39CAEAFE571F2B9E394
C:\script_ver\quarantine\under-review\qb-inventory\html\images\sprunklight.png	22408	5123DC03CF6BB9D260DB48E1CCF619B3D6216CD811EF3BD92B634D8C2243C976
C:\script_ver\quarantine\under-review\qb-inventory\html\images\squid.png	22429	EDF5F9F7AC6C0927118BA5B1CB525A6027056174BB337AF4C2C84386CFE566EE
C:\script_ver\quarantine\under-review\qb-inventory\html\images\squirtle.png	15194	E94D80E9ABCDF87181BC21838B54F45F02E0D1A6912CBCFA8D7C37119521D584
C:\script_ver\quarantine\under-review\qb-inventory\html\images\ssilencer.png	4258	7451C8B44A5FF704D1AECB74333A74989CA33665E9D3B4DEEE700B99AA8C14B1
C:\script_ver\quarantine\under-review\qb-inventory\html\images\staff.png	12725	2AF62B85873D521EC3211EB736DC212D10C941942AB8FBE0EB57F4CB7CA16E26
C:\script_ver\quarantine\under-review\qb-inventory\html\images\stancerkit.png	43515	803DC8970793C3396023BAD356B1C8B920F7D8DE692CAA1F88B49F1BAD330862
C:\script_ver\quarantine\under-review\qb-inventory\html\images\standard_cpu.png	33268	819220FB0D8E35DC31BEC4387454CCC56ECB5354C220465B539269944CADE93C
C:\script_ver\quarantine\under-review\qb-inventory\html\images\stanley.png	10925	8D612C74E43C9062D945BDA5A078F849A16444FDECF141F0168B99CFBD02B077
C:\script_ver\quarantine\under-review\qb-inventory\html\images\starchild.png	12563	86EDDE049BEE884CB3E2681AD96099571377C39D47DA6C20C02583048D88BC5C
C:\script_ver\quarantine\under-review\qb-inventory\html\images\starmie.png	14422	D55E7122A64702AB0B7A23786E0BE458F462457804AF7C55AEE3764969F3D760
C:\script_ver\quarantine\under-review\qb-inventory\html\images\starry-night.png	7398	55044D13BCB888CE7395520BE62F3C404F61FBFC4B15FE105BA4A2AD063DEB4B
C:\script_ver\quarantine\under-review\qb-inventory\html\images\staryu.png	13696	29CB24E9A48A270E73FEBF1FFE75A1F177EDE0700862AEEB9F2A2E2BDA71130C
C:\script_ver\quarantine\under-review\qb-inventory\html\images\stashkey.png	5730	00549455272D050D8D625E3989CA71F75C0088BBCD40FACABF6DC49BE7EE2F0B
C:\script_ver\quarantine\under-review\qb-inventory\html\images\stashkey1.png	10223	89D16F30B552627F585CB56870148B245B47649AEF058DC906F7C7D12610FA5D
C:\script_ver\quarantine\under-review\qb-inventory\html\images\stashkeycar.png	5659	4C4C81AA16FA3856A4B0FD23CEBCD72D75A1414FC6B1FC2E529C341E9B5D85B3
C:\script_ver\quarantine\under-review\qb-inventory\html\images\steakburger.png	26164	AA02FA8F3BC2B9E5D9A6BA09F4E38A9CF71D4F0CF8B8EB6C411A834FAFE1653B
C:\script_ver\quarantine\under-review\qb-inventory\html\images\steakpie.png	48931	190EBC4C238733E526CA4A4F1F1ED4AF49D2AE815FF064874580FF69CDB76697
C:\script_ver\quarantine\under-review\qb-inventory\html\images\steel.png	9199	FB9A27F58B2044E4A561CE3186BAEA15804F67034F37320A55D7CDBF05476F3C
C:\script_ver\quarantine\under-review\qb-inventory\html\images\steelcan.png	12686	F3460A19FB72DE3DE57B67B1D34241DCA25686530888EDDCA94E505C54C78734
C:\script_ver\quarantine\under-review\qb-inventory\html\images\steventyler.png	13961	7D35F19FE0A90723AA74ED23A17A6FABAF9F5D3AB4DCC419215522EBACDEB0E3
C:\script_ver\quarantine\under-review\qb-inventory\html\images\stickybomb.png	3985	698E8400AD66E04355E87CE751FD10AADAEDA2C717D305F906481DC1232B6337
C:\script_ver\quarantine\under-review\qb-inventory\html\images\stickynote.png	13702	C421207E69873356238011AF94FA7A57D3A17320ECE759988B40ECE5BE52EDE3
C:\script_ver\quarantine\under-review\qb-inventory\html\images\stingray.png	7808	C50F2BC1FD427303F2C1125EC949FA55021C4AC73C7D4F1C939E0BC05AF9412D
C:\script_ver\quarantine\under-review\qb-inventory\html\images\sting_pop.png	10272	D8FC478BCFEE6567EA16836125F88CF4772E35626B1DA8C41DBB4346D1A6FA09
C:\script_ver\quarantine\under-review\qb-inventory\html\images\stock_suspension.png	13587	5C6D9653ACDD2EB52CEE7CEC2571B469248632FE6600C649D44B9FF2AD29D978
C:\script_ver\quarantine\under-review\qb-inventory\html\images\stolenart.png	8597	1C2F76233F101CF7BDC2BB72E275F165B4DFC7067C9B58B4140D580F978056CB
C:\script_ver\quarantine\under-review\qb-inventory\html\images\stolenshoes.png	14137	2B3F479E7CF2EEB505C07A6ECB35F6F1DC8327C408F9670EFFCDA6A6DCA68A85
C:\script_ver\quarantine\under-review\qb-inventory\html\images\stone.png	16728	B777D62C754F10E298F52926170CCCC786078FA42ACE2F9E315AD319F6DCA108
C:\script_ver\quarantine\under-review\qb-inventory\html\images\stopsign.png	6103	1229C984C88D2987289010B1C097E99918767B2D6E1218941793F6EC01FBF553
C:\script_ver\quarantine\under-review\qb-inventory\html\images\straightvodka.png	8102	1A91736F09F398DB8D39BC5E30C0B6B12E4A6A815C0D42DBE0DA6B5043074EF9
C:\script_ver\quarantine\under-review\qb-inventory\html\images\strawberry.png	26130	E804B48B98F531ABE48FD48AFCDA34CF38B2CDD0066209AE6226C3A03AB7E4B2
C:\script_ver\quarantine\under-review\qb-inventory\html\images\strawberryicecream.png	7134	9B099503CC75C6D0C2E3BC288F0BEBF9503C58725DFEAC249594D819196C721A
C:\script_ver\quarantine\under-review\qb-inventory\html\images\strawberryjuice.png	6774	2DDC77C775D9197EB100299D23748CC8819DACA2F4DFCDE82A10D5472016F8A8
C:\script_ver\quarantine\under-review\qb-inventory\html\images\strawdaquiri.png	19572	55EBF941F697A1121A73A39BC2712D526558DDE664BC0BEECB50B512D06FA4E0
C:\script_ver\quarantine\under-review\qb-inventory\html\images\strawmargarita.png	22377	679FE49A092C636AA4670687F3BBA68EDAB61CDEE5627002D65E224D05411A34
C:\script_ver\quarantine\under-review\qb-inventory\html\images\stun-gun.png	7032	9ABD20B4F7516A63ACDC79794C465031E0C42808F82D4D332B311B72C5747471
C:\script_ver\quarantine\under-review\qb-inventory\html\images\stungun.png	7191	162E8B33C5ABEFBFF6EAA3617565129B37052C05D60714BBD5E455EBB703FB9A
C:\script_ver\quarantine\under-review\qb-inventory\html\images\sub-ammo.png	23658	0736EDF7DCB2F76D84C6EA517A41C1875ADE7199035ED427A2ACA43ED4EDD0C3
C:\script_ver\quarantine\under-review\qb-inventory\html\images\sugar-cubes.png	10452	33335F5D6B435FAC4B8726345515D1830114645ED5D9A8962DC4811E46BAB836
C:\script_ver\quarantine\under-review\qb-inventory\html\images\sugar.png	17295	7AF189FB9030351D5034F738CA418066F84DF61BD41C89469B05AC373AD3DF54
C:\script_ver\quarantine\under-review\qb-inventory\html\images\suitcase.png	24865	715BCD56FD15496A3015803D4D51FDB644417A0C9D97CDEF3D14DF87F6D3665C
C:\script_ver\quarantine\under-review\qb-inventory\html\images\suki_pop.png	10384	63BB0BD1E7347789E264CFC7D029E96ECA7CBBEC0429C884DA996BE3DFEF40ED
C:\script_ver\quarantine\under-review\qb-inventory\html\images\sulfuricacid.png	12311	42D3CEE3790CC327DAE746348AD15C85247881792303AED2380C8BF981AABA36
C:\script_ver\quarantine\under-review\qb-inventory\html\images\sunfloweroil.png	4153	AEE9E2D48EEF39E4556DC060FBD6533397524963A3C4F85CA07314CCE3CACDFA
C:\script_ver\quarantine\under-review\qb-inventory\html\images\sunflowerseeds.png	12853	D67A1DEE7B82004A8BFF837D50C34273EB5B0E0C0D2B501D1205C2E132CD52C2
C:\script_ver\quarantine\under-review\qb-inventory\html\images\surgerypass.png	6215	BFCE13C750678A257778EA7D017F146596BFA987CCE08819E30E45EF47A2960B
C:\script_ver\quarantine\under-review\qb-inventory\html\images\surgical_gloves.png	86917	C3F31EC6F3A8196B36729B77821DD961C03D0594E08D42B3601A50B366B8B1C7
C:\script_ver\quarantine\under-review\qb-inventory\html\images\surgical_staple.png	112815	109E73029BA812981A200FF4183BCACD21C5590C4FFB0A8AC86BD398B21FC37B
C:\script_ver\quarantine\under-review\qb-inventory\html\images\surgical_tray.png	138953	EC030202DBE8D0242DF7924C9EB69E2B6C4E9CAAE784FF92CB5C0F23E492E898
C:\script_ver\quarantine\under-review\qb-inventory\html\images\surprisedonut.png	6840	2242904D7D7AC8F6DA95C94DC5A0D0D04C5BDF88105523C5C468A0102FE30C6C
C:\script_ver\quarantine\under-review\qb-inventory\html\images\sushi.png	10165	BCA203485809AA28733281595DAFBE6CEFE56310B9DAB02B914B93CDF8297192
C:\script_ver\quarantine\under-review\qb-inventory\html\images\sushimaking.png	291749	2E5965C7CE32582F42D8B88BAA1744FB6F51FFA2BA4FC2A1970AF6B46D14134F
C:\script_ver\quarantine\under-review\qb-inventory\html\images\sushirice.png	54554	25B95E828A077682B846CCDFC73A46F5AACD357C686894246950AE7893C4DAD9
C:\script_ver\quarantine\under-review\qb-inventory\html\images\sushiseaweed.png	141348	05B89CEB8E32212827F59CB9E002461D56D1431949B5656C8D06DDF63AB041A6
C:\script_ver\quarantine\under-review\qb-inventory\html\images\SUSLV1.png	18026	1F347CA63D5C4CF2D5C5F755DFC353DF0539451D5555611DE0DB5ADC91620D14
C:\script_ver\quarantine\under-review\qb-inventory\html\images\SUSLV2.png	18384	843CE871EBAE017576C7C295C9A09210C80496AE556A796A96F2026A7A076B62
C:\script_ver\quarantine\under-review\qb-inventory\html\images\SUSLV3.png	18529	5C16E402EE8992EE3E0437BFD2ACDCE6B92EE354AA495FB47A7402AE334D9366
C:\script_ver\quarantine\under-review\qb-inventory\html\images\SUSLV4.png	18222	3F2F0FC0F8C376C9B9B7A6B38C546081952DF5985D65C75F8CF7D095533D7A1D
C:\script_ver\quarantine\under-review\qb-inventory\html\images\suspension1.png	17950	F49A4B8B7E19A470E9C6E7C5E1301539A7345073DAB83EFB0DB70E7284846216
C:\script_ver\quarantine\under-review\qb-inventory\html\images\suspension2.png	17903	0D384F7E9B6F389622518C384A451619340FBB84E7AF1689587EA23BEEC720D9
C:\script_ver\quarantine\under-review\qb-inventory\html\images\suspension3.png	18267	AC12F6ECFE05731BDF6973EE5F47E3007C775D94651C5C6E396480D6DAE2AE66
C:\script_ver\quarantine\under-review\qb-inventory\html\images\suspension4.png	18374	B8852C6DD1CA784EBA12A1D8AC9A9D602702722ADC90ED27D4434EEC84D09EE4
C:\script_ver\quarantine\under-review\qb-inventory\html\images\suspension5.png	19154	569F1C19DBD8435C9888BA911763ADC28284B2A5C4CFE9875865A4403CC8EE03
C:\script_ver\quarantine\under-review\qb-inventory\html\images\SWAT.png	7789	92CA7741EF869DD1F32170641DCF285867B976DDDE5AE10D5F19DD0CA7AF955A
C:\script_ver\quarantine\under-review\qb-inventory\html\images\sweeper-shotgun.png	9651	F818EF360498BFDEC4B5F6D798C8E19AF9FB21C2B4347BC5ADFB1AF729EBFB7D
C:\script_ver\quarantine\under-review\qb-inventory\html\images\sweepershotgun.png	29467	C979148416C9CD92CCEFA062FA2615B31F022B20519712B3C8E3A818D1AAF559
C:\script_ver\quarantine\under-review\qb-inventory\html\images\switchblade - Copy.png	18345	567F0F82D7B959A7B055F0A3B3CA1CF0ED74D2899E5225B5E7A36B6403B71795
C:\script_ver\quarantine\under-review\qb-inventory\html\images\switchblade.png	18345	567F0F82D7B959A7B055F0A3B3CA1CF0ED74D2899E5225B5E7A36B6403B71795
C:\script_ver\quarantine\under-review\qb-inventory\html\images\syphoningkit.png	10613	5A85F93DE2683BBC5E2564C3763F9E8032B69F7FA2DF8B4F8A5C8FE53CDD28ED
C:\script_ver\quarantine\under-review\qb-inventory\html\images\syringe.png	27939	38A1A7092446468DF8ED31AF913C5BEE38BA442DD25337A3AE3AE2CF0E180540
C:\script_ver\quarantine\under-review\qb-inventory\html\images\tablet.png	26342	332E3B8697D02FFB90AC21334816ECFDB54AD8BF1719E87274D6ECA362093C09
C:\script_ver\quarantine\under-review\qb-inventory\html\images\tablete.png	4501	CA2CFAFBEFE5A85D163BBD0D9AAA9208AE1407FD8CCFCBE3CDC24FE11593C1D8
C:\script_ver\quarantine\under-review\qb-inventory\html\images\taco-bag.png	10489	EA8214F47D064F533E12E13266E13C56542C39A6E5FF926E1DF1EB5F36E022BD
C:\script_ver\quarantine\under-review\qb-inventory\html\images\taco-bleeder.png	15630	15FFC1135D71ACFD4DD8AD9FEFD3A25CE1A4CAB6F790CB75D08AE15C1A61B8E3
C:\script_ver\quarantine\under-review\qb-inventory\html\images\taco-box.png	6981	B9FA87F828A5B44498A0BB02E6029B63B2DCB663E1610AED221D06C610E63774
C:\script_ver\quarantine\under-review\qb-inventory\html\images\taco-bun.png	5793	FDA9CF3757850E017DB039C967FF0CBECE30517AA496C43E5A73C5937D3AF80E
C:\script_ver\quarantine\under-review\qb-inventory\html\images\taco-heartstopper.png	15630	15FFC1135D71ACFD4DD8AD9FEFD3A25CE1A4CAB6F790CB75D08AE15C1A61B8E3
C:\script_ver\quarantine\under-review\qb-inventory\html\images\taco-meat.png	12463	BEEE3312B453B7505E0EC8CA7125D6ACAC7E42ED9F9C2DE3B326A23DA6782D2B
C:\script_ver\quarantine\under-review\qb-inventory\html\images\taco-meatfree.png	7386	AD6624F7B0506249E0A0E690B040BDA8E68DC9D8EF0C6BB5D45DC13CCE9037C9
C:\script_ver\quarantine\under-review\qb-inventory\html\images\taco-moneyshot.png	9196	2B5D19B482B246AA72480F4EB5667930D6C40BF6F17CB2E18A0773B249119816
C:\script_ver\quarantine\under-review\qb-inventory\html\images\taco-murdermeal.png	7958	472633193CDE7407FF7A03076E6EE3AC3F488D238B1491D5A3A8B6B0F77B96A7
C:\script_ver\quarantine\under-review\qb-inventory\html\images\taco-raw.png	11589	24574975A3B9F406C86BD6FCCC3D1B646147EECF83DA207F79D52B5508CCAA00
C:\script_ver\quarantine\under-review\qb-inventory\html\images\taco-tomato.png	11679	8DA40BDD0F08321D175329282A55314FAA7668907BD538347781790FB899B8B0
C:\script_ver\quarantine\under-review\qb-inventory\html\images\taco-torpedo.png	12898	0BD8237066F00ED8DCDBFDD53B45CD99BB32345D021E0908E635F1D89AC39B42
C:\script_ver\quarantine\under-review\qb-inventory\html\images\taco.png	8009	ED43E8FF71D91476E1DD1933866B41A143D9B5955E1C463C1856CEB97623BA95
C:\script_ver\quarantine\under-review\qb-inventory\html\images\tacobag.png	10489	EA8214F47D064F533E12E13266E13C56542C39A6E5FF926E1DF1EB5F36E022BD
C:\script_ver\quarantine\under-review\qb-inventory\html\images\tacos.png	31349	7BD67A08FB75852DF15347B2800DBEF2B1AA5BCFA1FEA54424D7A66B9E3CC688
C:\script_ver\quarantine\under-review\qb-inventory\html\images\taiyaki.png	81871	3A79FA33C4ECA9CBD440B31848E58D83559F70EE928D3362D2FAF46F0A392FB4
C:\script_ver\quarantine\under-review\qb-inventory\html\images\tangela.jpg	18842	C6372B789135997F76435BC88870221C0B8C00A0E3D579647B7D449663964DF4
C:\script_ver\quarantine\under-review\qb-inventory\html\images\tangela.png	97087	C1F7FCE425FAA1FCA409FD9CE62F7DFF60CFC63E4BE8F608E205BDEB5C9FBC1E
C:\script_ver\quarantine\under-review\qb-inventory\html\images\tape.png	169947	B1DB4E657828130397993F4CDFAA64040710F84EE5A767A3078A235F04D0B52A
C:\script_ver\quarantine\under-review\qb-inventory\html\images\tapiocapearls.png	71036	95F9E1CA873B51EE4076A37AF0CC38384A43159A6512FA8369F7D776E0F52074
C:\script_ver\quarantine\under-review\qb-inventory\html\images\tapiokaballs.png	12824	70CE3C472C183ED453102E65C06301CA76AEF8E795B437D1369BCA9EAA72ECE3
C:\script_ver\quarantine\under-review\qb-inventory\html\images\target_dog_bullseye_pop.png	9032	C0B1110318BD106DBF752F2BCC1199754B5B347737FDB488038A90AE7197C1A2
C:\script_ver\quarantine\under-review\qb-inventory\html\images\taserammo.png	9508	CECB53E5AD5880744E29D339D1A571247672BC40D32C1F9C05FC66E9452732D0
C:\script_ver\quarantine\under-review\qb-inventory\html\images\taser_ammo.png	9508	CECB53E5AD5880744E29D339D1A571247672BC40D32C1F9C05FC66E9452732D0
C:\script_ver\quarantine\under-review\qb-inventory\html\images\tattoo_remover.png	11660	7CB1182EEFDC53F4C2A5022E97CD9B33BC0950B07DC407C1430D3A6C4420C466
C:\script_ver\quarantine\under-review\qb-inventory\html\images\tauros.png	45916	D29AEE2F3106BCE09B1397C1335B5803FFC07A547E751F14D573ECDF12B838D4
C:\script_ver\quarantine\under-review\qb-inventory\html\images\tauros.webp	2314	02294EB3CDEDC4AAD6A7453A2F4251250B8B8D726EF81922C727B7E0DCB23EF7
C:\script_ver\quarantine\under-review\qb-inventory\html\images\taxicard.png	8131	07B214AFA9789261C08F711FFDB45D549B421E456F2E9BDA825E670276443371
C:\script_ver\quarantine\under-review\qb-inventory\html\images\tea.png	9182	19929E534C71F66E7A6EBEBF24388D0C9E393C78390AF4A46E69E86F583929EC
C:\script_ver\quarantine\under-review\qb-inventory\html\images\teabag.png	36843	3C6767A8B5CF38E8FDE9B1B669EEF5494719B6A510562D2ED7D2A97F002C2CE7
C:\script_ver\quarantine\under-review\qb-inventory\html\images\tec9.png	7455	7C412866501600ED46BF2F43BBC875CB011137D0DE95526945F84ABFBC991C6E
C:\script_ver\quarantine\under-review\qb-inventory\html\images\teddibiase_pop.png	12736	A3FA9B5CD9B6F5E522B9A87CB5717795EE0382E7F1C6A1EB8E79F45BDFE542EC
C:\script_ver\quarantine\under-review\qb-inventory\html\images\teddy.png	11178	6A9A07EEB87A1A71AA8B5C50A2BDFC389F387468425DEC389D4186CAE744E64F
C:\script_ver\quarantine\under-review\qb-inventory\html\images\teddygummies.png	11396	18D864BF8CF3EF6CF099DA04E4B5BDD10973DDD72D2834CBE15B004E69EF6AFB
C:\script_ver\quarantine\under-review\qb-inventory\html\images\tennisball.png	34475	71FB26A6B722E3F30192977202DF2C06385D6B124EA33DC5AB5E78B53C31F842
C:\script_ver\quarantine\under-review\qb-inventory\html\images\tentacool.jpg	18418	FC6DA97BAC8D5BB2C17604D14D3427924D39CAEF64E134A4E9E1CE8A103315F0
C:\script_ver\quarantine\under-review\qb-inventory\html\images\tentacool.png	91599	B126BE02889466FCCCD2EB5277004450541D9E31BEBD2C1F75CD1AE4F57E917F
C:\script_ver\quarantine\under-review\qb-inventory\html\images\tentacruel.jpg	19092	C4E96B2F56AED1182265B17283B7D36418D1ECB1EB18E34CA781350AA6F8C69E
C:\script_ver\quarantine\under-review\qb-inventory\html\images\tentacruel.png	103498	12E8B93999EEE3950ED3096947AB5E91985093A90197E45B0E717877D1EBA1A4
C:\script_ver\quarantine\under-review\qb-inventory\html\images\teochewstingraybento.png	91101	720D04CA75BECE8B9BD3BAD9A3316BF1E01201E606127C3756CD51F4E303D81E
C:\script_ver\quarantine\under-review\qb-inventory\html\images\tequila.png	21122	FD139B60987C836AB55E389B29D1B3661CF21BB938E86F305A1439A46AD83E26
C:\script_ver\quarantine\under-review\qb-inventory\html\images\tequilashot.png	4840	213F9615A2C14A716A35023BE6895EF586900249D39B4D0498B926DBCA7D5E86
C:\script_ver\quarantine\under-review\qb-inventory\html\images\teriyakisauce.png	115783	FEDAAE6EBE786F20AE73397392AA26D8AFDE72D5635B9E6F42DE9FFD85DACA25
C:\script_ver\quarantine\under-review\qb-inventory\html\images\testlolxd.png	10145	90B53405A811F4F16EF0BD33D11A3F93C56D51F2EDA6124C6ED736B0A913DF7B
C:\script_ver\quarantine\under-review\qb-inventory\html\images\thecoyote_pop.png	7892	93AB64DBA1B22B2FC325F1B5C2EFCA02203AFCA1ECE065B90E8477004E4B8ABA
C:\script_ver\quarantine\under-review\qb-inventory\html\images\thecreeper_pop.png	15193	FF4F6012746148F8B66FE05A2EB71F421D613DFD3C5589C571BAF0A6F8039FBB
C:\script_ver\quarantine\under-review\qb-inventory\html\images\theheartbreakkid_pop.png	14595	73E9D17856D2865F5B7279B706E2EC5AD95DD22A4B69F284AAE43DD8E7C9A732
C:\script_ver\quarantine\under-review\qb-inventory\html\images\thermalpast.png	5690	77D933E7395C764115B3142616B05C96118B3315BAEC28885BB9A3F9ECBCA7CD
C:\script_ver\quarantine\under-review\qb-inventory\html\images\thermalvision.png	15582	C4CCF106869420C6E870BC30720003BB25027B7ABC7332B5CA9D117CF584B7DC
C:\script_ver\quarantine\under-review\qb-inventory\html\images\thermite.png	6836	82D32B262CE8FD4D10BED527A204AA3B37E13C16029B795B604C7532DA8F09E2
C:\script_ver\quarantine\under-review\qb-inventory\html\images\thermite_charge.png	18941	0B87764C0420D6E330CDAF4A667D13A2B00659CDB085A32DAA84E1694A0C7A1B
C:\script_ver\quarantine\under-review\qb-inventory\html\images\thermite_h.png	12298	ECDF666837CAFF752276DCEC4888DA0ADC19FB3C5F2CBDA374D0D3F66DF51CA1
C:\script_ver\quarantine\under-review\qb-inventory\html\images\therock_pop.png	13617	85E8387484C16B4962E453AFCA6B96401E504ECA7864CC1DDB882E705312F666
C:\script_ver\quarantine\under-review\qb-inventory\html\images\Thumbs.db	12288	C38DA7015C6046D2922D3753CDE5B883D5E652A0F26E20C5B91E68C5771665B9
C:\script_ver\quarantine\under-review\qb-inventory\html\images\thunderBadge.png	14274	ED1F6688F2C8490E78622AEB807FF365D84D51C991B18A601C28F685053F6182
C:\script_ver\quarantine\under-review\qb-inventory\html\images\tiana.png	9923	803CDDF46F424BE29B9DE5D3F1C80092B8A0505F808D5E690EC0D126DE891FFC
C:\script_ver\quarantine\under-review\qb-inventory\html\images\ticket.png	18463	1B140238DFC3F749EB2ABD6A2A01B489223FE3E214DA34DF15537BFB6002CA19
C:\script_ver\quarantine\under-review\qb-inventory\html\images\tinkerbell.png	9935	C86394241CE28D6DB1DC369247045E81E7CF7C60BA136006F416CBB140220EF8
C:\script_ver\quarantine\under-review\qb-inventory\html\images\tint_supplies.png	19175	CEC62101F7B5D8A14CA6B06090BECC7D8D39DEEC7235747E0A51E80F83A89902
C:\script_ver\quarantine\under-review\qb-inventory\html\images\tiramisu.png	22545	3FD890F89E5BFB9B7D656E084FA29C874A2C5E39C3FFC2CB247628C929182EFC
C:\script_ver\quarantine\under-review\qb-inventory\html\images\tire.png	9767	14396697D34A0954510A41B0E54251FCB66441A604C93DE458B3A27EAD71265B
C:\script_ver\quarantine\under-review\qb-inventory\html\images\tires.png	29767	E2B599B77B748724A090F160D1F8449156D8AAF5CB49B97A0E11EE11CDBFBB72
C:\script_ver\quarantine\under-review\qb-inventory\html\images\tissuebox.png	7903	CF7041DEE58A6F82B45F90492FDD2C2ED1A0AB76E65C84F3F515D5D550DAD1F3
C:\script_ver\quarantine\under-review\qb-inventory\html\images\toastbacon.png	24379	60B389D5B3D00D18D8902E4B4F3E841FA41B81B158938C4EC0F1ADD145D79E0B
C:\script_ver\quarantine\under-review\qb-inventory\html\images\tobacco_leaf.png	244644	CA5E94F7D9DC1896B32792FAEC8822F2CE395D88BEFF9927CAE05FA6B898C358
C:\script_ver\quarantine\under-review\qb-inventory\html\images\tofu.png	21377	1204D8C65F983D78595DEBBAAE09CB81531164B160C2578256FB7DF55FC305AE
C:\script_ver\quarantine\under-review\qb-inventory\html\images\togepi.png	15298	EFF95E5F6D4FEB0144AB373F1DF896D6ED22B319D24363B99AAAC4A41C2CEEE0
C:\script_ver\quarantine\under-review\qb-inventory\html\images\tomatoseed.png	8231	9DE65CE5AE1033A628EDDF93BBF3E36EE37CD2EBF0E2241D5207B11894E59268
C:\script_ver\quarantine\under-review\qb-inventory\html\images\tomergay_mask.png	6569	5977A21F4769629C1990358C271BEF085F4526F8855F2D788CB6AA87DC2672DD
C:\script_ver\quarantine\under-review\qb-inventory\html\images\toolbox.png	38193	4118A31BA0E7F398B9C42F1440AED0FC6957351FF28C9312B1B519BB1D04D984
C:\script_ver\quarantine\under-review\qb-inventory\html\images\toolkit.png	34325	7CFA31D81136FC851A18D57AF2F6FF4B653ACF12E54959DD967743E3904254E9
C:\script_ver\quarantine\under-review\qb-inventory\html\images\toph_pop.png	10160	29305FA1EAB22D33398783F1DC797CF3B1461E802F7EA199EA8572094B3829D4
C:\script_ver\quarantine\under-review\qb-inventory\html\images\torpedo.png	9102	05D36FEF268A65361491D2BD08CF71A591FF0603E8A9024309A76B152DD8FEBE
C:\script_ver\quarantine\under-review\qb-inventory\html\images\torso.png	42807	6D1A71304E21A11AC6B307300DAD36AF6C2E72862340EB3353878A802A8140B4
C:\script_ver\quarantine\under-review\qb-inventory\html\images\torta.png	9909	3500B3BED8D5E5B6F7E35A381466DA11DD5255E64A449F8C5208A741B3FB711F
C:\script_ver\quarantine\under-review\qb-inventory\html\images\tortilla-chips.png	20443	E6DC0C56762F909F33623ECA2AF67D1B476E8F365F9F32CFA6A17D0EFCC16B3B
C:\script_ver\quarantine\under-review\qb-inventory\html\images\tortilla.png	8009	ED43E8FF71D91476E1DD1933866B41A143D9B5955E1C463C1856CEB97623BA95
C:\script_ver\quarantine\under-review\qb-inventory\html\images\tortillas.png	11259	590C1A0D65411714ED6ED192D8B288779C5CDF212DA63633710BB54B00F2876E
C:\script_ver\quarantine\under-review\qb-inventory\html\images\tosti.png	9709	4D29FE42803B1640304103BAC577117A23CCFA95909C3A04B740AACBF74DD52F
C:\script_ver\quarantine\under-review\qb-inventory\html\images\tots.png	24683	ABA7E3D7CD698D237427A1C161382DB81EB4E39FBB0C7C9F8E4A74A9454936A0
C:\script_ver\quarantine\under-review\qb-inventory\html\images\towcard.png	6497	136E69DA50828157E9674AD385255A9C5B2B1C438F5BA6C3970E51D2DCF91B10
C:\script_ver\quarantine\under-review\qb-inventory\html\images\towingrope.png	13017	1A6AE178BFF86BAC41A3E957083380FC473D5605BC6348E9A25040075B4F832A
C:\script_ver\quarantine\under-review\qb-inventory\html\images\towing_rope.png	17690	84169CE62CFD979DB3AA8702C83AEDA93972F38D1BE6748B104F1EAED35821EE
C:\script_ver\quarantine\under-review\qb-inventory\html\images\toy.png	12876	5F800B7FE5291A3309FB8A91C2E8B28A059CABDC78A7344AC91D439579749AB3
C:\script_ver\quarantine\under-review\qb-inventory\html\images\toy_uwu_biker.png	10803	B891E3882FD7E4C8DDF37AD7795D46B837580713BA6C0C4CDFA1ADA160DFEE3B
C:\script_ver\quarantine\under-review\qb-inventory\html\images\toy_uwu_bsk.png	12009	02401D047801148D0F132D48D3771A5411BC72CE76007B91E156ADAAD74BD53C
C:\script_ver\quarantine\under-review\qb-inventory\html\images\toy_uwu_burglar.png	12834	ECF4BE3C09933593911AEE3839152440A0A65FF51FB5BBBAAF26B63DAD58D41D
C:\script_ver\quarantine\under-review\qb-inventory\html\images\toy_uwu_business.png	10298	9F2089F0B3377F60DEBA475599866CEF148D5D5EE04E6AD4266A5BEF5746100B
C:\script_ver\quarantine\under-review\qb-inventory\html\images\toy_uwu_doctor.png	11399	DFC24F5BC9121F2421B860B176A4D3671F7AB0251A542203C52386F2ACE0732B
C:\script_ver\quarantine\under-review\qb-inventory\html\images\toy_uwu_esb.png	11918	D3DDD834E2A64DC1DEC8AA67390ADA5A7D2E27A4CBE266B9AAEDB4261268049C
C:\script_ver\quarantine\under-review\qb-inventory\html\images\toy_uwu_esv.png	11892	DD42A82C69FBE34BB7C718569BD430A07AC2C168B4519688076D2FF98F8C9BBB
C:\script_ver\quarantine\under-review\qb-inventory\html\images\toy_uwu_fisher.png	12762	34448FFF63814E444E76035C0FBEACCA4F592C72E0CA357D0F3FD22C40442951
C:\script_ver\quarantine\under-review\qb-inventory\html\images\toy_uwu_gsf.png	12029	68E5A5B6E0F72D8FD5C68E15DC7210DF107947948BF461FC7F9DF7241F7152F8
C:\script_ver\quarantine\under-review\qb-inventory\html\images\toy_uwu_maid.png	9692	ED984EEE2C85D7972152143C80B60E502564D72304E89F79BD1371B75A92EAFE
C:\script_ver\quarantine\under-review\qb-inventory\html\images\toy_uwu_officer.png	12968	12B7CDBD0E78AB5D91C7C66402262ACDE9B46F6A9DC561EDFACBE8D59800FFB4
C:\script_ver\quarantine\under-review\qb-inventory\html\images\toy_uwu_package.png	12149	5A43056392B89ACA0608B3FDCB37522447AC483ADED0D5531F90503E9B0E4781
C:\script_ver\quarantine\under-review\qb-inventory\html\images\toy_uwu_ss.png	9328	5B48EEE25F8C77F0957B3952BC42AC66E707242E344B7348EDCD891446933F84
C:\script_ver\quarantine\under-review\qb-inventory\html\images\toy_uwu_wizard.png	14304	E8CC29785CD9D06B04290C53D2C3146922D6339AF34E6D18FBB7A51CC99D0836
C:\script_ver\quarantine\under-review\qb-inventory\html\images\toy_uwu_worker.png	11294	27E131F0A31DB517AD4DD8EEC3CA0807C6CC3E4EFE2640FC5DEE4B8198021765
C:\script_ver\quarantine\under-review\qb-inventory\html\images\tracker.png	14326	DAEF4C0F2E27F1AED395E64B69C0291A8A8846240F4E5BE69C42D9DF16FCBBBE
C:\script_ver\quarantine\under-review\qb-inventory\html\images\TRANSLV1.png	35754	13B27A47D7795F5EB41A7B708335301D1B3BB733E806712DA6F18262FEE33B99
C:\script_ver\quarantine\under-review\qb-inventory\html\images\TRANSLV2.png	36116	E76E25DE46D645034B0E8B0E185FFFA6FF1838F764DA35BED87AA3EF6F202B4A
C:\script_ver\quarantine\under-review\qb-inventory\html\images\TRANSLV3.png	36259	B5C53468BC5CC1D18DC80B52ACD5D466632B45C1D68D14F0BD562FA30660331A
C:\script_ver\quarantine\under-review\qb-inventory\html\images\transmission1.png	30995	AC45B07B5201E2CE342DB98F4B00771BAB8010F44519B4246396348EC976F330
C:\script_ver\quarantine\under-review\qb-inventory\html\images\transmission2.png	23247	EE3B83D90FED66B4513372C0888947F0792CF19FE038CA429A24BA6F0850C1AA
C:\script_ver\quarantine\under-review\qb-inventory\html\images\transmission3.png	21028	08B94440E07823B5386D31F0D6D84C9E78F0D5AC47A50076AEA45552D3DD0D6B
C:\script_ver\quarantine\under-review\qb-inventory\html\images\transmission4.png	25495	652DE3F36153E99F69757789AE8837C1277DF36B70F129E26D674C1AB017739A
C:\script_ver\quarantine\under-review\qb-inventory\html\images\transmission_parts_a.png	25171	26EC63B1B0EBFDEE75A3AA2B1C537D79D00EAE2F7628268AC2FF7209E406177E
C:\script_ver\quarantine\under-review\qb-inventory\html\images\transmission_parts_b.png	24766	9D4CDF72BB780F01CA5297CFA5FE1DB358CC190D9A5D1EC4C56AD81EA5232F50
C:\script_ver\quarantine\under-review\qb-inventory\html\images\transmission_parts_c.png	25137	D32203FD2BDF23C3B5D968AB3CDAD520EB95130B320913D2B6CD82D3973EE89B
C:\script_ver\quarantine\under-review\qb-inventory\html\images\transmission_parts_d.png	24584	5712115A65348ED9C3C0CE351BAB2D679F667C61775A9880CAB9C82B3278E9C1
C:\script_ver\quarantine\under-review\qb-inventory\html\images\transmission_parts_s.png	24908	F09F6BD3F1EF35E231C3EE47D1B7B05E91A5593877AB426CE025A98A2C450F6A
C:\script_ver\quarantine\under-review\qb-inventory\html\images\transmition.png	59370	1F04BE5CD56EA0D51A74129727CC4FB69AD8D6E26DD5681FDB6860F7C10EC50E
C:\script_ver\quarantine\under-review\qb-inventory\html\images\transponder.png	8946	DB1ADA672816C8768C0FC8BC2A747FA1D4AA016F95DFF94D68D2FA32E5BC0777
C:\script_ver\quarantine\under-review\qb-inventory\html\images\trash.png	4385	149BA3C639D197C113271B35A2CE8B8A14AFFDF4DF07F6D6479D7EDE903439B2
C:\script_ver\quarantine\under-review\qb-inventory\html\images\trasnmission.png	56760	31776F993940507CACE1C0AFCC22AAE8E33C433488C39861B2A6F49C8D9E1220
C:\script_ver\quarantine\under-review\qb-inventory\html\images\treasurekey.png	8815	8292547A370FC9912582EF4D4A8E9AB69164324F700BF63F7546283BC93FB023
C:\script_ver\quarantine\under-review\qb-inventory\html\images\treasuremap.png	513550	2050313DB6F5BB3BA83770D927E7C249FA1976AE58152A3419D1726F9222A87A
C:\script_ver\quarantine\under-review\qb-inventory\html\images\trimmed_weed.png	8670	C54469C278AF3117AF7AF8AB1760A07E4D5BC55C6F7605E81B42877BCEF1AC22
C:\script_ver\quarantine\under-review\qb-inventory\html\images\trimmed_weed1.png	8684	C1774BE25877270FF9494FD7F1346DF4FC73DF02E9071733CE2D5508A0390002
C:\script_ver\quarantine\under-review\qb-inventory\html\images\tripleburgerz.png	16369	8E84C577D4D08480F17661E07AFDCE541B39506278C625AB1D6C189560F414FE
C:\script_ver\quarantine\under-review\qb-inventory\html\images\tripleh_pop.png	12809	8CC03A0EEDD85D042EA873C5A3A9AEDBA7ADC93750076715AC3CBA933CB7EC0C
C:\script_ver\quarantine\under-review\qb-inventory\html\images\triplesec.png	19110	186C2FCDFA338BCDF8077192DDCADACD87593ADCCAFDAE7E1BB40E3A88844AD5
C:\script_ver\quarantine\under-review\qb-inventory\html\images\trishstratus_pop.png	8769	DA7E2FD70B1379B6966F04BF5A7D976E5506E57FCEAA6AA727F26937D2FA9526
C:\script_ver\quarantine\under-review\qb-inventory\html\images\trojanusb.png	10114	F2BB0020ECEBDB58D7F1287044D16AB95C47050F58B35F7B86F3845EC7154E8A
C:\script_ver\quarantine\under-review\qb-inventory\html\images\trojan_usb.png	5723	2D28E1E970BEB26940FBBC76C41F6A8DE1744983718CA190BBC85383B2F9332A
C:\script_ver\quarantine\under-review\qb-inventory\html\images\trophy.png	7995	73E41D21297054DF98CB9370FE646FB05589D767DF1EB98CC7F26E317EB5CB8B
C:\script_ver\quarantine\under-review\qb-inventory\html\images\trophyBadge.png	10975	ABBD915125302BC847537A6E2F8B69C01E95F054E809D711F6A9D385BB18EE26
C:\script_ver\quarantine\under-review\qb-inventory\html\images\trowel.png	97799	12E8692B1A5405B2FB18735634D5AEF03822FC941803CDC51422DBEC561BD9DD
C:\script_ver\quarantine\under-review\qb-inventory\html\images\trunk.png	45093	145E7E1C10C20DC9F1EB999146CFBA42F6815F70DAA294B4BC446E9B633E4632
C:\script_ver\quarantine\under-review\qb-inventory\html\images\tshirt.png	19630	74106D233A0DB0B40AD4E661555BFFF99BBBEDD4404EC88D1F3974D6D4600089
C:\script_ver\quarantine\under-review\qb-inventory\html\images\tuna.png	16026	5CC5A7DFB6E784CA2C93FCC15C7DFECB9827D6BEC1DF439985325B016B3F4CB0
C:\script_ver\quarantine\under-review\qb-inventory\html\images\tunasandwich.png	22842	1C432BCA64DD1D76571746B75EAD1D865916D60CCD30340C5B2F29C0D8EE9ED7
C:\script_ver\quarantine\under-review\qb-inventory\html\images\tuner.png	6503	12AA9BDB48119946FAA03D1C726776DB639AF0A1B4326AAAB5E996F2606B20DE
C:\script_ver\quarantine\under-review\qb-inventory\html\images\tunerchip.png	12710	0132EE6BED0971FED6CC0C2F25FAFBF04AED1B532D889AEB24B2A1F21960F73A
C:\script_ver\quarantine\under-review\qb-inventory\html\images\tunerlaptop.png	11393	B6C38A383DCC98316CA3B177600538456A6DFAC95EE81BD7EEA9E141550996D8
C:\script_ver\quarantine\under-review\qb-inventory\html\images\tupac.png	9213	DF3262F1AA4DD73E771C428638FA25218DFB3DAF4B0A04B95FAE09A691C4A9E9
C:\script_ver\quarantine\under-review\qb-inventory\html\images\tupac1.png	11114	4BB9066CBE7435EED11E2DAA52C955C3945D4B29701825CB157393AD4C332F09
C:\script_ver\quarantine\under-review\qb-inventory\html\images\tupac2.png	7469	D5880F8F70AD5A0DCA5DAEF81CE81B87FBFCC7AFFD5F43076512FCC703688758
C:\script_ver\quarantine\under-review\qb-inventory\html\images\turbo.png	27211	E4E9796221EE483B81D5DEE21B1CD96EE4F12B1CE814741F6E6A2FFAE5907FD5
C:\script_ver\quarantine\under-review\qb-inventory\html\images\turner_logo.png	11072	43AEDE3FF895A298CE93E01EE964EB1CC3650BEBE3A63F33E720614A64175FC8
C:\script_ver\quarantine\under-review\qb-inventory\html\images\turtlevan.png	16631	D56F68BE36C9680216B5E161A293308E029DBE1CD0075794550515E341EA4167
C:\script_ver\quarantine\under-review\qb-inventory\html\images\tv.png	4505	D672744413B18A9C5258E81700E9DFBBCA4734095140C39DCE4C8EF1D8C9738B
C:\script_ver\quarantine\under-review\qb-inventory\html\images\twerks_candy.png	18015	FD3A4143A09891B15CF949E10FEB9A9AD3AC735A663A3B2E004591BE820442DF
C:\script_ver\quarantine\under-review\qb-inventory\html\images\uconnectair.png	10711	F34F2F731024DFD6E7FA8E3F84F6A20582EEC5E72E7889765E4E25B7EA758AD9
C:\script_ver\quarantine\under-review\qb-inventory\html\images\umami.png	22902	89E4C51DBA110E0D36ED10D7B3B227B9E36B801E82A9977C85E703B85DFA52A8
C:\script_ver\quarantine\under-review\qb-inventory\html\images\umbrella.png	6120	77E10B229F3CA655043687FF80917866D03B060D38546F822D88DEF58936FB97
C:\script_ver\quarantine\under-review\qb-inventory\html\images\uncut_diamond.png	19998	EA9D1F9D2779FF72F306A3F402FE6C18F42785EBB091517FA5E224B91F92F8E4
C:\script_ver\quarantine\under-review\qb-inventory\html\images\uncut_emerald.png	20898	BBDBD7C6ED068D78B6465919BE5F29662F783AB7450960C68547285D12A27C60
C:\script_ver\quarantine\under-review\qb-inventory\html\images\uncut_ruby.png	17337	0AE9009BDB50410404E3CB8380F366C85827ED6C51C726F843D675B5E57BBE9E
C:\script_ver\quarantine\under-review\qb-inventory\html\images\uncut_sapphire.png	20452	13A5CFC7AFEE87196A133E12A9B976B029AB58C5CB703E39C555AF4750C74A38
C:\script_ver\quarantine\under-review\qb-inventory\html\images\underglow_controller.png	8928	BC80952D71A082658BBEF3C417C8AB1E6CCF099E165D632A94AD40AB9D72EBCF
C:\script_ver\quarantine\under-review\qb-inventory\html\images\undertakerspecial_pop.png	9256	E201F9263F15414DC2F2A39F95DC96E0FAFBD7316FACE859B924597E6FA684B3
C:\script_ver\quarantine\under-review\qb-inventory\html\images\undertaker_pop.png	11678	AD22BC2F4BDC429BDFA41AF933B46FE9BB16013A8DB3054FC1541E5F32F9A49C
C:\script_ver\quarantine\under-review\qb-inventory\html\images\underwear.png	7923	1CCE03E7AD8BDA351E8608E450DAF4BDA847CEE59FFA32F7D2431666706A77E5
C:\script_ver\quarantine\under-review\qb-inventory\html\images\usbdata.png	112040	7AA60F2A09FC1329E35F7C53987B6C1282458EB3BD6CA228695E385ACB5DA843
C:\script_ver\quarantine\under-review\qb-inventory\html\images\usbplugin.png	5723	2D28E1E970BEB26940FBBC76C41F6A8DE1744983718CA190BBC85383B2F9332A
C:\script_ver\quarantine\under-review\qb-inventory\html\images\usb_blue.png	29080	AF75FF8F622F6C0C6754AF9BFE8F8F13DF755E013F2822A4DDFDAB1D62A39F54
C:\script_ver\quarantine\under-review\qb-inventory\html\images\usb_device.png	28689	1BC0D20164CCB20E50E39FA77AE59DC78F0B427F05090C8238C0431D2B43B1F5
C:\script_ver\quarantine\under-review\qb-inventory\html\images\usb_gold.png	29308	609440E601EE4E4D32BA311994DF4E170BD1A86DB214617524373ED45A67CE3C
C:\script_ver\quarantine\under-review\qb-inventory\html\images\usb_green.png	29651	4E3B6E03C876C819B7AB18081FB0A7BA81E3D515823F33C1F0338561770EC15F
C:\script_ver\quarantine\under-review\qb-inventory\html\images\usb_grey.png	26534	E35760B3C87EAB15F86769364F8E5060E86284CFB999F0309A51084778561565
C:\script_ver\quarantine\under-review\qb-inventory\html\images\usb_red.png	29147	38B577C97E3E7E803B0B1BA9D36E27CB482755310770413A503BC450ED3BC1F3
C:\script_ver\quarantine\under-review\qb-inventory\html\images\use.png	1608	90F292F5855736A477EA4B6B89E84BA43A12F2796DC39CD94925F25D1234AE12
C:\script_ver\quarantine\under-review\qb-inventory\html\images\used-card.png	25100	8BE02BF51A7BDC75F604DB5747B51C79258131714F988361FCF6DF0A7DDB5E5A
C:\script_ver\quarantine\under-review\qb-inventory\html\images\usedbattery.png	8582	EC62B41F6E937F98E21228140C57CBFB17015AAF8130B0A6BE5D4AFAFD424231
C:\script_ver\quarantine\under-review\qb-inventory\html\images\uturnsign.png	19710	9FCCA2711954364105CC684B688140C04AA7D46E27089A7BB4A34D08D14A8EC2
C:\script_ver\quarantine\under-review\qb-inventory\html\images\uvlight.png	9820	FAA2D6263F415A951F163F90341322A1C88DDD2E11ED67C8FE14456AC780B3EA
C:\script_ver\quarantine\under-review\qb-inventory\html\images\uwubbessence.png	23888	35D3B5C6B57AB00B52682E69B0AA256C35BAD1D4D876E26E7B563CE1BD7F96B6
C:\script_ver\quarantine\under-review\qb-inventory\html\images\uwubentobox.png	14786	AABD3E5EF01A44F3C859EDF5DDED81E15836EA275A63A5C0A118A6DE0976FA57
C:\script_ver\quarantine\under-review\qb-inventory\html\images\uwubobatea.png	55517	8F7366A2A34B96C4C066C8E4F4193CA69507FFCC95EC40FD884B12E1279AE341
C:\script_ver\quarantine\under-review\qb-inventory\html\images\uwububbleteablueberry.png	13788	1842506D495721A79D0DFA5D300E2D5B0934A180708958D40F0A97778CB421F1
C:\script_ver\quarantine\under-review\qb-inventory\html\images\uwububbleteamint.png	13759	3D9B3C0222B05C7DF84D22B3B3FAAA4D227929381F44CFD5917C6696E05FB9F1
C:\script_ver\quarantine\under-review\qb-inventory\html\images\uwububbletearose.png	13679	57D79CC2F3DA938C9EF7705C1415014275CB8CE8CCDB8438F0785B435D9CAA09
C:\script_ver\quarantine\under-review\qb-inventory\html\images\uwubudhabowl.png	22544	107724F6310B4DF1823CAED84F3D96FDBEE685973D2395B597B8F3785DF4575F
C:\script_ver\quarantine\under-review\qb-inventory\html\images\uwucake.png	23559	F836942A4E259FB99702829B5343A5DBEF0B0D8BA06491566378EFE6FB5C3817
C:\script_ver\quarantine\under-review\qb-inventory\html\images\uwucakepopblue.png	45546	B607BB18EB03F8FDE5029EA9F4A477B547AB2A0B525C855FCC697AEF24F3F237
C:\script_ver\quarantine\under-review\qb-inventory\html\images\uwucakepopgreen.png	45871	76001386520C9634BFDB5B09239BF86E77DAA50285565455EA84331E7442165A
C:\script_ver\quarantine\under-review\qb-inventory\html\images\uwucakepoppink.png	45419	BAB90E6D4602F211379E64AE6A63DAB58525569AC19F08CD436BBDE3A594E15C
C:\script_ver\quarantine\under-review\qb-inventory\html\images\uwucakepopplain.png	36206	A03DA7432CA11B08B9C25D3598FEFC8CAD9FE3D1C78A9B2BA2A67B632F28B896
C:\script_ver\quarantine\under-review\qb-inventory\html\images\uwucakepops.png	31920	D00882378B4A6C46A0D90450F286770D2DC8674A034FE80AE719646B944C6249
C:\script_ver\quarantine\under-review\qb-inventory\html\images\uwuchocsandy.png	20695	96CC5FA825FD2CE0BE0F59577264B6CB02EA2AC64D752992B9FA523366A9D14D
C:\script_ver\quarantine\under-review\qb-inventory\html\images\uwucoffee.png	37247	CE95F2CEB8897243088B6AEEABD9CF4DBA73912C5828365E1A92D2790C17BE5E
C:\script_ver\quarantine\under-review\qb-inventory\html\images\uwucookie.png	16879	76C0B847455E9B0AED2320C2063E1CB07C13607EAC08ECDE79A487129A362390
C:\script_ver\quarantine\under-review\qb-inventory\html\images\uwucup.png	33331	95A80DE878784497E2D8F999F95431AF9041F008CF6A3E36AFB28944855D7A16
C:\script_ver\quarantine\under-review\qb-inventory\html\images\uwucupcake.png	24362	EF62DD3FE5DEFD283C67D925D04B2A56C68912EF813F000FA1C514D4F9A89702
C:\script_ver\quarantine\under-review\qb-inventory\html\images\uwudcupcake.png	15784	FBC389B7867E06E5A22195CE1498109FB9DF5EC690B8AD5FD9481005949AF3B5
C:\script_ver\quarantine\under-review\qb-inventory\html\images\uwudonut.png	20794	E5A94F9975648F89AA774751C6B1132A7CEA6AB15DFBF38583733723EAA56E67
C:\script_ver\quarantine\under-review\qb-inventory\html\images\uwuemptycup.png	49596	3741431D5E4EDD8E62F1909B062043F416917EF8E8BFF6D5AB7386848A4FC19B
C:\script_ver\quarantine\under-review\qb-inventory\html\images\uwugreentea.png	36921	C88D6BF5CFD0EF852F785F30F735081CF4105EB3CF2814E8F68237419A4CB111
C:\script_ver\quarantine\under-review\qb-inventory\html\images\uwulatte.png	23312	1DE2B91AD0BCA30E26EEFF23388D3500FA72B6E4005FE7CC2F02E3D0EF589EA3
C:\script_ver\quarantine\under-review\qb-inventory\html\images\uwumatchatea.png	13545	783A8D073301BFBD32FBA87074D8EFF4519EA9E3267A182E8199F4AA756C0365
C:\script_ver\quarantine\under-review\qb-inventory\html\images\uwumintessence.png	23815	2FC6D0A45EBDA7AA3C2B5468561AA0712A85BE3C301A704D776648D4843675E8
C:\script_ver\quarantine\under-review\qb-inventory\html\images\uwumisosoup.png	21407	040AE825AC18471FC9CFC081D4BFF70468FB0F68CA432C9D62628814F7C281B1
C:\script_ver\quarantine\under-review\qb-inventory\html\images\uwumocha.png	16936	E97575A8DDAB53BC6C35E204F8BC1B22DFE0668392B7AF894151DC51B47DA711
C:\script_ver\quarantine\under-review\qb-inventory\html\images\uwupancake.png	21008	AEBD9DCE82A4974409BDD370B10ACFF73B69C1EF72866A148F897E7AC79E5A15
C:\script_ver\quarantine\under-review\qb-inventory\html\images\uwupancake2.png	17958	08B31A9A30D67D20A0AFC95B13E40F8970DE636D4214064F61F2E5DB542ECC04
C:\script_ver\quarantine\under-review\qb-inventory\html\images\uwupizza.png	30197	8E6DFCD29739A41F1441E6FA501294BD23939059FD457C765312831355643D1C
C:\script_ver\quarantine\under-review\qb-inventory\html\images\uwurice.png	31341	9F766DA5EB61B99B60D6B89793DB0A5A36449390EFF18F123E7916C551FE5414
C:\script_ver\quarantine\under-review\qb-inventory\html\images\uwuroseessence.png	23960	A54C6F06F088F0E8ED1FAF446584B01893B6AB73D5ACD535A8DAFDFBD7E9C4F7
C:\script_ver\quarantine\under-review\qb-inventory\html\images\uwushushi.png	19397	23D59C22B783CAE8218C0A34CCF790A4C2BDB266D7F39EA8EB9375843F6AC2DA
C:\script_ver\quarantine\under-review\qb-inventory\html\images\uwuvanillasandy.png	13219	E751D2ACAFDF436E067DED9C105498C384085C6C28B81E03F77BB3A7A2436DD9
C:\script_ver\quarantine\under-review\qb-inventory\html\images\uwu_bubbletea.png	10774	535C8645E0BF1F06D77B4E2DD0D6F3240755E6E7B665344E4A69D15367FAE42C
C:\script_ver\quarantine\under-review\qb-inventory\html\images\uwu_toy1.png	20400	DBAF0F3E9859D73011C4EA5D519AC262DF0880427AD6ABE050A2F2917EFFAAF1
C:\script_ver\quarantine\under-review\qb-inventory\html\images\uwu_toy2.png	28200	21C98F2BFB66213476FD556964948454B1D7559F77E676A75ED29769D8C76DB9
C:\script_ver\quarantine\under-review\qb-inventory\html\images\uwu_toy3.png	26403	489AD2FB07288716E5116F4D6950F0D9BBB26D1A2758A48BFF3FF0E23DC205AA
C:\script_ver\quarantine\under-review\qb-inventory\html\images\uwu_toy4.png	22822	52D92C941E4CA25C417A8699B23CEA05B846FFB57731B7ED18A272B8B3E39F51
C:\script_ver\quarantine\under-review\qb-inventory\html\images\uzi.png	9069	6EE29FF9945F71D6E99320A8F571D919AFDEFF61826C8C882A3BC1EE5B869D24
C:\script_ver\quarantine\under-review\qb-inventory\html\images\uzi_extended.png	16275	9D590FC1597D8F6646640934882ADAD87EF8F37E3473814667F9E3160E455F82
C:\script_ver\quarantine\under-review\qb-inventory\html\images\uzi_extendedclip.png	16275	9D590FC1597D8F6646640934882ADAD87EF8F37E3473814667F9E3160E455F82
C:\script_ver\quarantine\under-review\qb-inventory\html\images\uzi_fold_stock.png	14250	D39813295A2FC0782B441A64F5F2324A2CA3A5D2BD1B61AD6BB87FE05EAB156B
C:\script_ver\quarantine\under-review\qb-inventory\html\images\uzi_wooden_stock.png	14384	BB09BB5FC63F8832C52F002FC70BBFF3CAE3C4C3DACF93EC2BE1118AB4587B2A
C:\script_ver\quarantine\under-review\qb-inventory\html\images\v10engine.png	28560	4A59154CDEE387F4C50064354ECFA297225ED82AE4C090E45587234BBA627DD0
C:\script_ver\quarantine\under-review\qb-inventory\html\images\v12engine.png	24764	F7D8571FB1CCE781F7AC2CE4331B30F1D2F33C9E7153220FF97F2032AC599784
C:\script_ver\quarantine\under-review\qb-inventory\html\images\v8engine.png	30979	AE5AF7DB6B4A1629C68BDE972E52AF2C5A68A068847C7EC3E224D03A7A7BA4D9
C:\script_ver\quarantine\under-review\qb-inventory\html\images\vacid.png	5872	DE2B1FF4FD9D81A5C720FB8DEF5AE05C76103D68ED6E65AEBDA611B28FAFED8B
C:\script_ver\quarantine\under-review\qb-inventory\html\images\vagos_chain.png	13529	2DB5EFA8C83A76051B0585EA0712D6F1CDF252000A0E536EC6D2B06705370570
C:\script_ver\quarantine\under-review\qb-inventory\html\images\vagos_joint.png	6352	5344C5AFB8917B4BDD234069D5932BD41156C3A0E436084ECA9EA9DF27843700
C:\script_ver\quarantine\under-review\qb-inventory\html\images\vangoghacai.png	5600	1C00AD5A91200B367449360B543FEBF39C91CB49BBC1EDC77D53F6DEB7D4EE03
C:\script_ver\quarantine\under-review\qb-inventory\html\images\vanil.png	4777	16D62E0D345DE455647450BBA2FC1C6202E24A286A7BDE9C3147F70068F83DC1
C:\script_ver\quarantine\under-review\qb-inventory\html\images\vanilla-coin.png	16187	919EF78D724DC4990114550DE7A2A4E16746A32C8DDF3B02C94E98720A07616C
C:\script_ver\quarantine\under-review\qb-inventory\html\images\vanillabean.png	22830	8C9DB9F5D30DA1CADB27021F8074E700BE41A2551C5ECA8CAD743E5F2C06E0C1
C:\script_ver\quarantine\under-review\qb-inventory\html\images\vape.png	2665	1E3C2473920F98D366E640CFAAF3016248500C1DCCD16051EDBF7F043C1C2339
C:\script_ver\quarantine\under-review\qb-inventory\html\images\vaporeon.png	50208	DB014A1B872B7789BF6227D7D64EDB424033F980870B31A06B63050828B6E77F
C:\script_ver\quarantine\under-review\qb-inventory\html\images\vaporeon.webp	2634	21FD2F5B05D91A3841909C059EA9182599AA7DE5D65D713481450209D6C383DB
C:\script_ver\quarantine\under-review\qb-inventory\html\images\var_helmet.png	32149	B9756EA6D854AD138CA02F0FD27578A0883F24105F788C570FD519BADFAAE494
C:\script_ver\quarantine\under-review\qb-inventory\html\images\var_usb.png	29979	0852FE9FA4837F334F3D33B2EE2BFBBFC2196E9A0051F9452673094FF42E83FF
C:\script_ver\quarantine\under-review\qb-inventory\html\images\vase.png	7518	17306E547B7CBF304028E17C77E67A9729D4494CD3C05BFB98BD1A413973E7D0
C:\script_ver\quarantine\under-review\qb-inventory\html\images\vegetariana.png	29980	4D32DC22A1A1124FAB0C9E26B421D6149972FD9D08C5E7BA1CF4ADF5CC3FF88B
C:\script_ver\quarantine\under-review\qb-inventory\html\images\veggiewrap.png	21508	5E5B27498F575C326382A29A4BC17C96FF32CA7ABEB49C1422480AA1A1F93D60
C:\script_ver\quarantine\under-review\qb-inventory\html\images\veggy-salad.png	8556	42271AF16679785D8885778D68BB793849279BA6838FBDC4412A8BBBEB705FDE
C:\script_ver\quarantine\under-review\qb-inventory\html\images\venomoth.jpg	6604	1CFEEE0F7958EB8E5B08B5B7C877A92DCF70CEF174624754FA55C589AE569156
C:\script_ver\quarantine\under-review\qb-inventory\html\images\venomoth.png	79438	43EAA1312077A6CCF75CF1A0D26E9E5FE52A061CE57AA7D86A42566E6EE05F8D
C:\script_ver\quarantine\under-review\qb-inventory\html\images\venonat.png	39962	C2117D5A9ED607009D4F9C7B7ECFCEE097783FB1B58C8DFB42A2F7E3546CF4E4
C:\script_ver\quarantine\under-review\qb-inventory\html\images\venonat.webp	2138	E2A9737781F61522E401E2BB9C296F51C50F7CB248B2D839DDE1DA3870072257
C:\script_ver\quarantine\under-review\qb-inventory\html\images\venusaur.png	14592	82C95FFAB4B77B19AA15DD27387AA1BDFB2D69E433EF5F7E0A076EFAED10E5BA
C:\script_ver\quarantine\under-review\qb-inventory\html\images\venusaurv.png	18481	0B9E9F3DDC6CFF22836FC94C8DF164377AEDAD3223947F6788F5DBBC7048EE11
C:\script_ver\quarantine\under-review\qb-inventory\html\images\venusaurvmax.png	20334	F05F9E5F33DFFF81CE5A35BB80B8FFA98F080BADE9664C32DA0E3E45418B6D57
C:\script_ver\quarantine\under-review\qb-inventory\html\images\victreebel.jpg	18590	D8F87CA3E8F86C120EC8DC685355ACE861DCE018F4135A0652D823983E498797
C:\script_ver\quarantine\under-review\qb-inventory\html\images\victreebel.png	89696	318C7D396820801005DC5A2076284A3EC29ABDE5AAFBF7FC2DEC9EC56B69A3D2
C:\script_ver\quarantine\under-review\qb-inventory\html\images\videorecord.png	23905	8650790CB1E5CED32852B8FDC40BC6D3DF2FC7DAB5FED34CA6888F1BBBB599F5
C:\script_ver\quarantine\under-review\qb-inventory\html\images\vileplume.jpg	6377	F037EDEEAADD5128E88CB3359167D46664FA491E0C7887DDD33E640F6EE754F9
C:\script_ver\quarantine\under-review\qb-inventory\html\images\vileplume.png	75062	235DC1BE74BF3D428C725F5CAED1448CEE55207C42F427BB9776731A1D64C5E5
C:\script_ver\quarantine\under-review\qb-inventory\html\images\vintage-pistol.png	6751	D4B313419E7D067BF671670F27B3F7DD355F726601E42426069BF70BF9653F46
C:\script_ver\quarantine\under-review\qb-inventory\html\images\vip.png	31648	F5336F08D743326C96A4BCC853BFB8E697AF2049A1CD12124705122C1B5167FD
C:\script_ver\quarantine\under-review\qb-inventory\html\images\vip1.png	6893	39AEFDBA8787A962F57B5CB99C70F3D6D787F97392B4FC9C6DBDB5FB2EDD30CD
C:\script_ver\quarantine\under-review\qb-inventory\html\images\visacard.png	14171	60C39E70BF02A43203A597174A8A641B2E540E9B4CAD2BFF2A448723D79EECED
C:\script_ver\quarantine\under-review\qb-inventory\html\images\viviancampbell.png	10094	FAE217CF9C6D006226D07101F06B85692A280375E512D433E57CEC0A2EFB220A
C:\script_ver\quarantine\under-review\qb-inventory\html\images\vmaxcharizard.jpg	7914	62DBFA9FFA6AA8A41C45A47618E9F6308FF528AE9A7AE8BCE2D75D87FE0ABEC6
C:\script_ver\quarantine\under-review\qb-inventory\html\images\vmaxcharizard.png	155341	60659319C5030D9473FC55C37EA2C8C040764490CE45027DD5EC2F371DE664D2
C:\script_ver\quarantine\under-review\qb-inventory\html\images\vmaxpikachu.jpg	6982	281A23B013F126CD3CFD72C2800726348B0A790838DB8F4D017DDF6778A632D2
C:\script_ver\quarantine\under-review\qb-inventory\html\images\vmaxpikachu.png	48785	51B93D12B2624C9E0851FEADCB7E1B90D251663E16F5AA604E231D4727E785A4
C:\script_ver\quarantine\under-review\qb-inventory\html\images\vodka.png	18403	A1C100A02DA34A11B8426652E062C0C280BDE3294880B0F696D6F20EE5A75A58
C:\script_ver\quarantine\under-review\qb-inventory\html\images\volcanoBadge.png	116740	C064E04006D938BA81744304E362C477C75A0E0E53F198E0A1AD58CADC71E99B
C:\script_ver\quarantine\under-review\qb-inventory\html\images\volcanoBadge.webp	2832	B1DE3A39101ED3C0C4E70426BEC85F6724A9300AC404D3DC20C9FA109E1ED7DE
C:\script_ver\quarantine\under-review\qb-inventory\html\images\voltorb.png	32444	4F0698727D153E46160D10F90214F8D17B4BC6C0B4071EF387853CC075805D7D
C:\script_ver\quarantine\under-review\qb-inventory\html\images\voltorb.webp	1980	494F2CB5AF3D84A04B25CAAF4C6E6F3BD2BD0EC82F6FF2FCA7F7FCAFDFCA8BAC
C:\script_ver\quarantine\under-review\qb-inventory\html\images\voodoo.png	17055	A9FCC9032D23E9F55FEDA63EDCE2DFEC249161AF8B87DC3060C3224E4668104B
C:\script_ver\quarantine\under-review\qb-inventory\html\images\vpn.png	7260	D2B97EA802DFF8F57978EA8AFC3E56104F8AB55698C57937A12A606C73C31EEE
C:\script_ver\quarantine\under-review\qb-inventory\html\images\vrheadset.png	15314	D573D7E72C2F06A771AFFEF735CC02B15E729C9EF74EE89C631C9A57291850F1
C:\script_ver\quarantine\under-review\qb-inventory\html\images\vulpix.png	14454	F3E2E4AAC778FC7530A948AB0020250D0AA3EEDF3C4E2E42FC2F7C1B9F43B67C
C:\script_ver\quarantine\under-review\qb-inventory\html\images\waffle.png	6798	8805172BD115DA4F40534E7E7FDF3B1F4D507BEBBF0FB4FE303C1E368D06FB50
C:\script_ver\quarantine\under-review\qb-inventory\html\images\walkingmansign.png	20566	BE03435F621203BBCB8555E171B53A13BD8F8E58CAEF7C71A1BB68E698AAF0F9
C:\script_ver\quarantine\under-review\qb-inventory\html\images\walkman.png	16628	8EA8685CBC2EA9DD39542509A1782F1187C1306724A885B09E98163663F28F17
C:\script_ver\quarantine\under-review\qb-inventory\html\images\walkstick.png	25853	6834EEB05AFBC3273D31422277D7F999A71E2B90C0FA61D477FBF169C23ADA7B
C:\script_ver\quarantine\under-review\qb-inventory\html\images\wallet.png	8503	A9CBD4DD690D22A1262E4BDE2992CAB9F7F77D090F9551D1EBEBF307E62AC48A
C:\script_ver\quarantine\under-review\qb-inventory\html\images\warpig.png	11447	284317AD53A645954F3825344EF0416F7206C41F1D8C50BE858BDBE520B9B9CC
C:\script_ver\quarantine\under-review\qb-inventory\html\images\wartortle.png	15459	D5FFFFFBB6C929CD0A62468D953B06E60E37A03DB4118FEA7F4151BCA7091618
C:\script_ver\quarantine\under-review\qb-inventory\html\images\wasabi_kitty_tee_plushie.png	21940	FE405E8752BD2C234ACA136F8DC49CC879B73AD63B8E551B2C9955B99E08429E
C:\script_ver\quarantine\under-review\qb-inventory\html\images\washedstone.png	19636	338DCE8444A1C9CDB48F32DFE2CC1297335BC8F61DD3FDBF1BB750AB8867FEC2
C:\script_ver\quarantine\under-review\qb-inventory\html\images\watch.png	10057	D5DF17F142A056C538B893E2B6F119A22C3A21C312641894C829083C792097BD
C:\script_ver\quarantine\under-review\qb-inventory\html\images\watches.png	132626	B019B669CAD385D679A894A2FDB019818C4EC02E3462DBABE37A7CFB6023B8DE
C:\script_ver\quarantine\under-review\qb-inventory\html\images\water.png	5827	E4F852422F75FEAEF7C8E72E3B712AAAE7EF7A74F86078EBC8290D2CCD2B0276
C:\script_ver\quarantine\under-review\qb-inventory\html\images\wateringcan.png	7972	1582AFFB2E8AF8C3836F5B4226386E8EEC87A2DA372D773D8713812D1BA905C9
C:\script_ver\quarantine\under-review\qb-inventory\html\images\watermelon.png	18975	E7D315D5B1A60FF80DC2306D22CAC4E612CA91CE6738F92BB7862416A9FE9B94
C:\script_ver\quarantine\under-review\qb-inventory\html\images\watermelonjuice.png	8187	9229E3BA36A040F4C7257578AA28A31EFA3E32B1B503E34B6021B4E47B326EFB
C:\script_ver\quarantine\under-review\qb-inventory\html\images\watermelonseeds.png	6365	34491E6C6EE69F8D9F088913E6D28AEF5C50BFCDE14A441DD1598E59B8B21CEE
C:\script_ver\quarantine\under-review\qb-inventory\html\images\water_bottle.png	5613	5CDB426D2E8157179D2FB6373A84B5FAB420F19320B8B0242B014AF13F5B4B89
C:\script_ver\quarantine\under-review\qb-inventory\html\images\wcard.png	13993	AF3E0370F2475E1886A6D4E55F2474E1F0511B396DA989C949546CCB39D00856
C:\script_ver\quarantine\under-review\qb-inventory\html\images\weapontint_army.png	14310	29B5031373A640F7CEB776CAB72E6B35392D7C2B4FAC6EC3B0544BD792106774
C:\script_ver\quarantine\under-review\qb-inventory\html\images\weapontint_black.png	14091	2900094E041DA2723EFE22176E8F1584EA9B3B20DD30348E11F3E518F2C3C2CC
C:\script_ver\quarantine\under-review\qb-inventory\html\images\weapontint_gold.png	14701	05E3B8B83776D582C31E036B102FA5C490DD804C97BB46CC5BBEB9B36E6753E7
C:\script_ver\quarantine\under-review\qb-inventory\html\images\weapontint_green.png	14532	B67CAE70A9183FB5B057A2F9552DD7A411417F0EBCD641BCCC854B17BF734EEF
C:\script_ver\quarantine\under-review\qb-inventory\html\images\weapontint_lspd.png	14502	DC3A4850C7BB2A2D12C183629DEC9F62A31172243453F3336922A926A97A5DDB
C:\script_ver\quarantine\under-review\qb-inventory\html\images\weapontint_orange.png	14437	00BD880193475A07F638C878F284884435268F9D4E6A8343CD29B055BCA63654
C:\script_ver\quarantine\under-review\qb-inventory\html\images\weapontint_pink.png	14566	74E9806EEDC6C2F2B27CCCED1141E521FBE76372D422CF8E3B9AF09F36073644
C:\script_ver\quarantine\under-review\qb-inventory\html\images\weapontint_plat.png	14071	BD5F1A89B6D56EF177D51FEEA3CBF6C8C99D51DA8F8C10B14B86E38EDBDE822D
C:\script_ver\quarantine\under-review\qb-inventory\html\images\weapon_advancedrifle.png	17570	DD4B7A0A25DCFF5541829212F686551932F89C7B201D4E6D04D3E1928BD29DA8
C:\script_ver\quarantine\under-review\qb-inventory\html\images\weapon_appistol.png	13539	3931FC405D841F0543AD246D55A7E974909B4FE491EDC703F6057CF42B425BE0
C:\script_ver\quarantine\under-review\qb-inventory\html\images\weapon_assaultrifle.png	12305	F77522C727CC2447758AB4836437F269E6E609340ADB907F9697207FF1E19ADC
C:\script_ver\quarantine\under-review\qb-inventory\html\images\weapon_assaultrifle2.png	11447	1C7CBA29285532BDB4B1F50D1BCDE67889687E825BB4E48E144814020D6D2A8E
C:\script_ver\quarantine\under-review\qb-inventory\html\images\weapon_assaultrifle_mk2.png	9611	DDDEC1B8694F33AE815C1FCB0B08A91AAFBC48CC7C9B2B566FBE3283B9CFCE18
C:\script_ver\quarantine\under-review\qb-inventory\html\images\weapon_assaultshotgun.png	11158	FCD65DDD8CC04DCC81481A408ACA3FCD112DFB01838B4C600F50067DAFC012ED
C:\script_ver\quarantine\under-review\qb-inventory\html\images\weapon_assaultsmg.png	13530	DB61D126D8CF237EC0D4857C4A8FEF1B77238C362469D989DFCDD46195BE4A33
C:\script_ver\quarantine\under-review\qb-inventory\html\images\weapon_autoshotgun.png	15447	85F8CF7420B521318CD6603C57B0302A600F47DB27C6921217DE9E1857A2D521
C:\script_ver\quarantine\under-review\qb-inventory\html\images\weapon_ball.png	22146	B95710137177C9641F4B540FC25C4C83B586041DFD7AFA4DA548FC1E397CD8CC
C:\script_ver\quarantine\under-review\qb-inventory\html\images\weapon_baseballbat.png	5797	DEB235034C8074C8DD86B63B910A820787D61ECED7A175A4FF1DB1CC0B380C0B
C:\script_ver\quarantine\under-review\qb-inventory\html\images\weapon_bat.png	17945	15C0FE3D65B979AAF691789FF8721D4E5BE62A6487EFA96253D8726D821479E9
C:\script_ver\quarantine\under-review\qb-inventory\html\images\weapon_battleaxe.png	11855	BB6EBC5C717969FAF0FF85B5E161F33981A7DE4084E2F06C9136B88CA41CE962
C:\script_ver\quarantine\under-review\qb-inventory\html\images\weapon_body.png	10455	D4AD065C62C3DE7A5B0867B14000760D6AD02E38B8BCF8A71D089011C2234CB0
C:\script_ver\quarantine\under-review\qb-inventory\html\images\weapon_bottle.png	5382	DC38AF01D8D165598B32428808AFAC095454F6B85857E71A0016D501F2A6A3AC
C:\script_ver\quarantine\under-review\qb-inventory\html\images\weapon_briefcase.png	10344	30761370A23702335F716DD420C1F11556EC6E084D47CDFD4F64155191E91444
C:\script_ver\quarantine\under-review\qb-inventory\html\images\weapon_briefcase2.png	10182	4E9E8508831DC2C2E0525AEEA59B94B94A5AE95D9E38CF6E44230ED9692ABEE3
C:\script_ver\quarantine\under-review\qb-inventory\html\images\weapon_browning.png	21008	7FDEDBCA7FC681B448A63CE73D7BF500E4D92B6A961E304809610114AF81033A
C:\script_ver\quarantine\under-review\qb-inventory\html\images\weapon_bullpuprifle.png	13348	38DE9D615C42AB463745825369D50DCBBAD9931793B56E21438EC803CDC96A28
C:\script_ver\quarantine\under-review\qb-inventory\html\images\weapon_bullpuprifle_mk2.png	13554	2C6DCFA42135040FAE219067A179F2CC87AC13A2F7E4472F82A8AE374F7C5DBC
C:\script_ver\quarantine\under-review\qb-inventory\html\images\weapon_bullpupshotgun.png	11327	47BB5BAB5A2800E446DCC23DD1548E1022FDDC4DBACF74C0F698D8C23A889267
C:\script_ver\quarantine\under-review\qb-inventory\html\images\weapon_bzgas.png	9514	6A81A634762BE04711A24D0CBAEA07928E684703A6F385C68239F88C5007ED55
C:\script_ver\quarantine\under-review\qb-inventory\html\images\weapon_c4.png	18050	DB4BE6CB9BEDCC6F6178DD553B8F99FE01361A1C8BA036EDF338562B4D371840
C:\script_ver\quarantine\under-review\qb-inventory\html\images\weapon_carbinerifle.png	11589	0CCBBAB2FC80EF0D91EBF9B7641482228F5EAECC0B3AAF1496D51A6D04AD00A2
C:\script_ver\quarantine\under-review\qb-inventory\html\images\weapon_carbinerifle_mk2.png	10706	06BA0401691EC8D044B56B4E3E2F6B382E608D2F1924ECA63553A86D3B878A29
C:\script_ver\quarantine\under-review\qb-inventory\html\images\weapon_ceramicpistol.png	16868	99461F4B79B756DBD3EF06651D1AF2CD2BCF17FC7D0AD70815D0D6EAA7731A3D
C:\script_ver\quarantine\under-review\qb-inventory\html\images\weapon_clip.png	7010	16792259766C04B9A1742F1263CD77EC435A638A5705050E955E877AC52F36D9
C:\script_ver\quarantine\under-review\qb-inventory\html\images\weapon_combatmg.png	11605	FD2E74F3D7F653F1FA50C6BEBD6341DD029F4C6387467DEFF1964E421ED299C1
C:\script_ver\quarantine\under-review\qb-inventory\html\images\weapon_combatmg_mk2.png	12821	96ED1D4DA8EAFDFFFDAAAEACD1F9118DFDA1C5AAF9678E1A0A932EFE6F5706AC
C:\script_ver\quarantine\under-review\qb-inventory\html\images\weapon_combatpdw.png	17556	BD8C876A7549203AFBF03A1FF00397FE830A1E7C4DB3F48B5BF688F7F31C2438
C:\script_ver\quarantine\under-review\qb-inventory\html\images\weapon_combatpistol.png	7122	FB13F43EA7BACFD3B1EB80F08683834FCDE7105F81A1A9533E0F8B750AA7D901
C:\script_ver\quarantine\under-review\qb-inventory\html\images\weapon_combatshotgun.png	7933	22C841AF74BB2C2FE24D0924615DF58231F50D83483594F3780589448B601006
C:\script_ver\quarantine\under-review\qb-inventory\html\images\weapon_compactlauncher.png	13582	4C0DD9BBADDA3634A796E2D892BAF8364B0EEBF473FF3446B87C3F9E7A3BC15C
C:\script_ver\quarantine\under-review\qb-inventory\html\images\weapon_compactrifle.png	150177	8CFB1163A0CCE39EF196F8DAEC8A8001116B32D21ADFB3C9758129066F1C5073
C:\script_ver\quarantine\under-review\qb-inventory\html\images\weapon_crowbar.png	7831	87D409162528918A4581A8FA530F469792B41AB480C913391FC2653DFEF569FE
C:\script_ver\quarantine\under-review\qb-inventory\html\images\weapon_dagger.png	8262	857BA72FF1757282E7EEAE03EF87EF642001ABDF11C279D2860B555F3663AA85
C:\script_ver\quarantine\under-review\qb-inventory\html\images\weapon_dbshotgun.png	10395	F8CA7FE68A9C8027217022C5A702094C5C9923B3FF65DB45BA4CBB303ABD0BE9
C:\script_ver\quarantine\under-review\qb-inventory\html\images\weapon_digiscanner.png	5154	CE8AEE35BF15807D50B89030D79B3F0A7A67F8FAF8DA9341177E3FF6B804F7C6
C:\script_ver\quarantine\under-review\qb-inventory\html\images\weapon_doubleaction.png	12409	4FE9BB271E88F557E5BE633C1DFC286486F101F8FCA503A01A0A6AFC2C61D214
C:\script_ver\quarantine\under-review\qb-inventory\html\images\weapon_dp9.png	22216	E4E868B40F11D155D22D2A0C861CEFFDDBD01AE44F6B6D004C45D61D5A58FE5A
C:\script_ver\quarantine\under-review\qb-inventory\html\images\weapon_dragunov.png	14201	B2186F3A915D794E3C7A65775B169036BB93B17CB805C69F181922DBF78EBFCE
C:\script_ver\quarantine\under-review\qb-inventory\html\images\weapon_fireext.png	8285	DBD9087F3B9BDD1C96AAF1AA9308A838790D3E9DE7D5DE20E3BA90EA1CD3908E
C:\script_ver\quarantine\under-review\qb-inventory\html\images\weapon_fireextinguisher.png	10725	0D5402A2FCA18F0B7E62520CDD1F92D1F284B95FFF415902DE1BAD355AEFDCFE
C:\script_ver\quarantine\under-review\qb-inventory\html\images\weapon_firework.png	8989	C4C6D312E0CC02C8D1FECA30539E796C88CE05BE1B9E707BCA18D47A4CA11333
C:\script_ver\quarantine\under-review\qb-inventory\html\images\weapon_fireworklauncher.png	9844	DAA754BF233695F671C24C7CC4ABB926B7F5A159F07C7F4F64B2AFCBD3EA0BAB
C:\script_ver\quarantine\under-review\qb-inventory\html\images\weapon_flare.png	4810	62FE739CF8F5CE70E67381F9058E09E631CB2840699B8B51EE54DEBF1FE75784
C:\script_ver\quarantine\under-review\qb-inventory\html\images\weapon_flaregun.png	15279	78F14452395E995A445D434A166228EC3DD2716F6A85EAFE1B57BAC134F9FD7A
C:\script_ver\quarantine\under-review\qb-inventory\html\images\weapon_flashbang.png	7277	607BD8261F465398BAF2EFFA903D6A4EDEE5095158398ADED6ED3E0853C4C764
C:\script_ver\quarantine\under-review\qb-inventory\html\images\weapon_flashlight.png	11030	0A5F0236E22D1650CD81A35226E11C55B981C312C13F377ED5AD009E5139D819
C:\script_ver\quarantine\under-review\qb-inventory\html\images\weapon_gadgetpistol.png	11371	2F7956537AEB08002FAAEF904DF5CFAB6FD3DFB672D5A2422518847F4E819292
C:\script_ver\quarantine\under-review\qb-inventory\html\images\weapon_garbagebag.png	20417	93E2AF45641CFEE7834ADC7AF1EB3F532EEE12C551973C3CC38D8C8B788377B9
C:\script_ver\quarantine\under-review\qb-inventory\html\images\weapon_gas.png	12821	A3C144A56B8C4655A91DF0F4372570AD5309C3262483905D94B8DB44D1B461CD
C:\script_ver\quarantine\under-review\qb-inventory\html\images\weapon_golfclub.png	6439	EDFCB784DBB47F7FB9B611F4C11061906F14BC2587AD30479873084E2E98405B
C:\script_ver\quarantine\under-review\qb-inventory\html\images\weapon_grenade.png	16877	3477FFF21A272020B60D51D814E6EABA7781C4FF0911BD925477AB75A9D06495
C:\script_ver\quarantine\under-review\qb-inventory\html\images\weapon_grenadelauncher.png	10880	CFA64CC0A6E7609898AF070D1CB187E9B9C82B6DB44D85CF7F2BD81D2B8CD13B
C:\script_ver\quarantine\under-review\qb-inventory\html\images\weapon_grenadelauncher_smoke.png	13424	B8B72E4F4A4EEFE726D5FF2F0EED789B81DE302FA573B48E2A3FF9B3F0F39BC6
C:\script_ver\quarantine\under-review\qb-inventory\html\images\weapon_gusenberg.png	68969	A2BC1187CF01C29DEC0D88652505E44BA606E6A2990511213BA39A8EB8495037
C:\script_ver\quarantine\under-review\qb-inventory\html\images\weapon_hammer.png	10198	46059E55D4381B40287216EEC6D457B147F5653321B381BA2B38CF88D4AFB4A1
C:\script_ver\quarantine\under-review\qb-inventory\html\images\weapon_handcuffs.png	7972	27A2CC5F00164001BAA733E219FC11F5717AEBE0F30E49EBC209B763CADCD3CB
C:\script_ver\quarantine\under-review\qb-inventory\html\images\weapon_hatchet.png	10022	EE2DB120F6CFC1B8020D2D34AE7988B66259EEB6B0C63CB565A28121B35C0D25
C:\script_ver\quarantine\under-review\qb-inventory\html\images\weapon_hazardcan.png	18186	4D38D5192881FD2607DC86A263CFF382DE26526663298D5B01BED8466A305A74
C:\script_ver\quarantine\under-review\qb-inventory\html\images\weapon_heavypistol.png	6541	0174561123827CE57C4799EE76347A0B466B71CB6CAF46A7181322875D0F6FD0
C:\script_ver\quarantine\under-review\qb-inventory\html\images\weapon_heavyshotgun.png	9310	827E3A2EC8C331E33AAB26BAC91F3D0CD85F1F21B71E4D4F7D084C5403F21EFF
C:\script_ver\quarantine\under-review\qb-inventory\html\images\weapon_heavysniper.png	7249	45E2A3F32820CDEB0037DA86A16E1ED2AED457C86579A87081E48348FDA47E64
C:\script_ver\quarantine\under-review\qb-inventory\html\images\weapon_heavysniper_mk2.png	8582	D3AC19B2F3E7790C45898D65DA639885E36DE24E37ABBBAE71ADD9BDF3479EF7
C:\script_ver\quarantine\under-review\qb-inventory\html\images\weapon_hominglauncher.png	9030	8996DCA9F2798D3DCC5F1166062D16CA116967CE19D5B3AA7E09C477ACB798EA
C:\script_ver\quarantine\under-review\qb-inventory\html\images\weapon_katana.png	9588	57911A47BEFEF95219384B7A150BBDE69D6E0D086FA0FB9F63F8D86424204BD4
C:\script_ver\quarantine\under-review\qb-inventory\html\images\weapon_katanas.png	8192	349C1AD84EEC4BDD09421F5659C875173D6480AA2D404D79155C98C18FE05E60
C:\script_ver\quarantine\under-review\qb-inventory\html\images\weapon_knife.png	4363	BC2D89C8FF14E5549C12A46C1DA6EC0E34E15110F800569FA32C6DC2F6F0C74D
C:\script_ver\quarantine\under-review\qb-inventory\html\images\weapon_knuckle.png	20869	B10F7AAA5FBC84840A3970CD79B49E3A70FD01C7D848BC07CC8278CD4D3F152E
C:\script_ver\quarantine\under-review\qb-inventory\html\images\weapon_license.png	30432	C6B088E893DE5B3E3596F66D71497E99EC6889010A8B47924EAAE645B9D8279E
C:\script_ver\quarantine\under-review\qb-inventory\html\images\weapon_loop.png	7981	D6C8199D103677A97256FEF943991D33AD6016869470C3170BD04FDC0A4165F7
C:\script_ver\quarantine\under-review\qb-inventory\html\images\weapon_m14.png	8122	B714E4DD29F5CA93AB074C0A4AE33C6B8E3470DF275A27D3C00B1C2C6135361D
C:\script_ver\quarantine\under-review\qb-inventory\html\images\weapon_machete.png	6249	D40CAA25F924BEBB966F62C6C38165DEAFBECD4F67EEBD519FBD8AD82D93CEAA
C:\script_ver\quarantine\under-review\qb-inventory\html\images\weapon_machinepistol.png	15152	ED52AF741235EAF9710D11FCE9E0D7D327BEF09BEDA394E7E8CADEE6E79BC9E1
C:\script_ver\quarantine\under-review\qb-inventory\html\images\weapon_marksmanpistol.png	11692	7009BD8BAB6ADC5E8D781F37ECFA9E769C0E5A8F727F380EAB36343D540AFAE5
C:\script_ver\quarantine\under-review\qb-inventory\html\images\weapon_marksmanrifle.png	8928	C67AD0E713D84C8B94307763F3730DFB77BBDF0E549D7DFD414BAEF883616B8E
C:\script_ver\quarantine\under-review\qb-inventory\html\images\weapon_marksmanrifle_mk2.png	8965	F138FDBF79C65DBFB5ACF662A9F1F7B07C88A31D0ECD6C38EAC1AEBE2E8672FD
C:\script_ver\quarantine\under-review\qb-inventory\html\images\weapon_mcx.png	11476	8F1AD291847B01BCB87BCA0745DEE93112EE6CFA4038D780F9C2ACBBBDFC8DE0
C:\script_ver\quarantine\under-review\qb-inventory\html\images\weapon_mg.png	11525	528820E5CA24B8045F138AD510BF6A4905E36BD9EED1B60F2A8B40DD8E409162
C:\script_ver\quarantine\under-review\qb-inventory\html\images\weapon_microsmg.png	14405	73D17D90087CF1CF4705555E55DCB38DC3AAE718B6E40C8FC6A7683F97FD4402
C:\script_ver\quarantine\under-review\qb-inventory\html\images\weapon_microsmg2.png	9069	6EE29FF9945F71D6E99320A8F571D919AFDEFF61826C8C882A3BC1EE5B869D24
C:\script_ver\quarantine\under-review\qb-inventory\html\images\weapon_microsmg3.png	9596	5EC5BE4F8553E77EB810AF82723B927BC6B84622EC8F94A798A64C857C086C98
C:\script_ver\quarantine\under-review\qb-inventory\html\images\weapon_militaryrifle.png	7206	A5C638C44960A432B62E6FEF032035EC39D257A4BD1D48D174A0A4EC66E1BC7C
C:\script_ver\quarantine\under-review\qb-inventory\html\images\weapon_minigun.png	10141	E15BA1EDF8CD5DB7B0AB712AE52FD9EAF41596E39ECB6297428061DEF069FA07
C:\script_ver\quarantine\under-review\qb-inventory\html\images\weapon_minismg.png	8602	DD11D5BF9C46111A9F8A59E734E4E467A1A3DC837F5F66BF85A95C9294B4322D
C:\script_ver\quarantine\under-review\qb-inventory\html\images\weapon_minismg2.png	21510	ECF92A15403145AB7B852E8BBEE9F614EC4B678F7E1B3007BD802F551ECA7AFB
C:\script_ver\quarantine\under-review\qb-inventory\html\images\weapon_molotov.png	8602	8D365F3D395D15217425FCC5F268EBB9182245CC5077379059FF51B1DBFFCEE2
C:\script_ver\quarantine\under-review\qb-inventory\html\images\weapon_musket.png	8526	BC49845C9AF136560D35AE089E29E5711F373BD4ECE306A9D8D664F467CE5462
C:\script_ver\quarantine\under-review\qb-inventory\html\images\weapon_navyrevolver.png	12435	BE46C50D80257C2C4A5554F6B5F404423A0D5CD8C36AFB74E8709A79B0DE60AF
C:\script_ver\quarantine\under-review\qb-inventory\html\images\weapon_nightstick.png	9403	593A666EB6F4EE932C773621B8F1D7A912E744EF0E672FD3E7797FA3973C61B8
C:\script_ver\quarantine\under-review\qb-inventory\html\images\weapon_part_1.png	9391	9024D25C02E9D8BA0E86D73336010BD1D96B6375FC0E191887AD7A91F1860F70
C:\script_ver\quarantine\under-review\qb-inventory\html\images\weapon_part_2.png	7537	164DECDE0836DC1338B0AA4F4E752DB054C20A35436DF483A7DFBDEEB752C29D
C:\script_ver\quarantine\under-review\qb-inventory\html\images\weapon_part_3.png	8013	A66971BFC2B5D1EF131DE68ED4E3E952EDD10438C05AB9CA2358786FC0452104
C:\script_ver\quarantine\under-review\qb-inventory\html\images\weapon_petrolcan.png	16369	4A039F416823FFA817B43FBFBE65C58427EAF2AD2939B1E166E01FD605CF5ADE
C:\script_ver\quarantine\under-review\qb-inventory\html\images\weapon_pipebomb.png	9502	F255A22DD082A322B1863C4D652DFAABB6E5CAC1CD57D554DCF87BA7FDA2E773
C:\script_ver\quarantine\under-review\qb-inventory\html\images\weapon_pistol.png	8499	8B3B20AAE5FEE2CF961499F63D0161AC5FA325F4E5F3FE426D81DB2D55DBBCAD
C:\script_ver\quarantine\under-review\qb-inventory\html\images\weapon_pistol50.png	38963	FF6E6B7DC8259D488E91916AFFAAC43F415C3A1943C4C3842AD1ADF35BD38E5D
C:\script_ver\quarantine\under-review\qb-inventory\html\images\weapon_pistol_mk2.png	15680	0FCF927118CFC3070D426CA01646526224096567AD6A600B60E7A6A505112085
C:\script_ver\quarantine\under-review\qb-inventory\html\images\weapon_poolcue.png	7746	2A1CAEF0D4E3B59868F79B4E6CE35989921C4DD5C3A9C31A9E58E279CA267D33
C:\script_ver\quarantine\under-review\qb-inventory\html\images\weapon_proximitymine.png	6654	D0D46DB1F74F34C4E680CE3B22D42385A24BD6B3BBED50BC4B1C91BD8A9F4677
C:\script_ver\quarantine\under-review\qb-inventory\html\images\weapon_proxmine.png	11099	C7D8E0E350395F4388EA3A8C44505B03F95622C034D26D0EEC8D58BC9386A4EF
C:\script_ver\quarantine\under-review\qb-inventory\html\images\weapon_pumpshotgun.png	7975	6F0D5F5E597BA9FEFCE963CF1497DEE95272543E7F448CE38C0CA5D5FD8D85FD
C:\script_ver\quarantine\under-review\qb-inventory\html\images\weapon_pumpshotgun_mk2.png	8206	B82C5F9C50C37B4C0C629DE6CFEFF2B9768AC55B9939ACC5C311B91F696FA2C7
C:\script_ver\quarantine\under-review\qb-inventory\html\images\weapon_railgun.png	9755	3E76D3B30CD614AAD6B40940D90F7D079806FB53153D4CBF89297FA3BBAFEAE3
C:\script_ver\quarantine\under-review\qb-inventory\html\images\weapon_raycarbine.png	11551	A1854E9495A1934E0332B19CBF7D485095B6C72BF6E8FB55097FF3B83CFEE16C
C:\script_ver\quarantine\under-review\qb-inventory\html\images\weapon_rayminigun.png	9510	2E046240A983D1EE040D32BF24346E90566EBFDF4D16302F93F87ED981CA03E8
C:\script_ver\quarantine\under-review\qb-inventory\html\images\weapon_raypistol.png	13840	22E1C08C1C7684D9AE8FCDA340BE04F15F04480B77C45CD288CC5E44E56B0853
C:\script_ver\quarantine\under-review\qb-inventory\html\images\weapon_remotesniper.png	11546	8B3518B9318A2A470E6292AF3A3F163D3581882A96BDE0E4E73CCCB50A52C099
C:\script_ver\quarantine\under-review\qb-inventory\html\images\weapon_revolver.png	12663	E6AD71DF6AA5632C9CB0DA0289E4C98A7D0B3F6F13271AFC803DD5862B6A5E74
C:\script_ver\quarantine\under-review\qb-inventory\html\images\weapon_revolver_mk2.png	13400	E8BD2C2A22B64EF45BFB8E9CDAC081213C6F254A8816FA82DB52DC365404FBE9
C:\script_ver\quarantine\under-review\qb-inventory\html\images\weapon_rpg.png	7368	5ADDCA3A62303E8B53A57908435DAD51950E7894464BC6E9E1567F745F2F0C3B
C:\script_ver\quarantine\under-review\qb-inventory\html\images\weapon_sawnoffshotgun.png	10799	43CEC13E118FB218A5BA6A769EC0C2911C128B494CCD2EF44CC930571529873B
C:\script_ver\quarantine\under-review\qb-inventory\html\images\weapon_sawoffshotgun.png	6589	E9446E9A13850EDEC7DF4FCB3696E4A68394306CBEBE5AF68D8BA0005A19C67C
C:\script_ver\quarantine\under-review\qb-inventory\html\images\weapon_shiv.png	6779	C6F7E4BB18DC5B64BDAE1887BD66E0BD50BF7727B18E64217C47A65246BABEF9
C:\script_ver\quarantine\under-review\qb-inventory\html\images\weapon_sledgeham.png	8070	E69ADB879C6007A7D6673719F3769390D0D494AB60755AEB38A859E089EFAD16
C:\script_ver\quarantine\under-review\qb-inventory\html\images\weapon_smg.png	18350	0105D6CBE0E8F04E9441F791F76F4768365F55ED054511D9E2392FE668CABD04
C:\script_ver\quarantine\under-review\qb-inventory\html\images\weapon_smg_mk2.png	19209	E4904043AEEE50D8AA34007FA24B12AB02E9B8A285E5A0BB67F6F28302CDEDB8
C:\script_ver\quarantine\under-review\qb-inventory\html\images\weapon_smokegrenade.png	3662	F2BFAD3ED00253EFE412ADA470883B1BFBCEF6135EB041C8923B75690D2DAD76
C:\script_ver\quarantine\under-review\qb-inventory\html\images\weapon_sniperrifle.png	7057	D3E94D4867DDE47B88380A375AAA994834691C255418C035548D07E2C1F8BE8C
C:\script_ver\quarantine\under-review\qb-inventory\html\images\WEAPON_SNIPERRIFLE2.png	6998	739FE702B9AFA739AFD01C525119AF6472CCBF577917067B429E76FBEEE6A983
C:\script_ver\quarantine\under-review\qb-inventory\html\images\weapon_snowball.png	19583	2B6C3E1BACF0087AF2E859C4387E3D86210E37CE1F0A846C7BB6D94BA732CD12
C:\script_ver\quarantine\under-review\qb-inventory\html\images\weapon_snspistol.png	9343	38C64A2F993ECDE2CAF15362C102F72B5D41D3E900ABBDAA0D2F299C1543E782
C:\script_ver\quarantine\under-review\qb-inventory\html\images\weapon_snspistol_mk2.png	15247	09DAE72F2AE7C62C6B228567B924B964A284E70644EA3C2CE47A98571EDF52F2
C:\script_ver\quarantine\under-review\qb-inventory\html\images\weapon_specialcarbine.png	12739	47F26761BAAF1C04F087EE5FAAB96A3B565C7CF1275A7E6E6E3F4B435F95C0BF
C:\script_ver\quarantine\under-review\qb-inventory\html\images\weapon_specialcarbine_mk2.png	8731	6BD61D4AB87C460942C1CBA3BF8C2ADA100DCDE8C8495753AB947CAB4B3023CB
C:\script_ver\quarantine\under-review\qb-inventory\html\images\weapon_stickybomb.png	10904	CC8FDDFA66C90C5A30CE7869C3AFD30D9C8D6E2FFDA82ACA5C4F5587DDA299D6
C:\script_ver\quarantine\under-review\qb-inventory\html\images\weapon_stone_hatchet.png	13090	87057CA0877F89F564A7CD46865DEA10BD1980E55CFF41B4D7D3078381B29AB0
C:\script_ver\quarantine\under-review\qb-inventory\html\images\weapon_stungun.png	7191	162E8B33C5ABEFBFF6EAA3617565129B37052C05D60714BBD5E455EBB703FB9A
C:\script_ver\quarantine\under-review\qb-inventory\html\images\weapon_switchblade.png	6475	4AEC57387E30A17A9B496B51076EF311D6D3643B78ECB9227E308B35D07B68A5
C:\script_ver\quarantine\under-review\qb-inventory\html\images\weapon_trigger.png	6537	48A405838FE4EB0F30FD6EBBB5F6B432545CC2AF2A284465A45EB7CC7C412934
C:\script_ver\quarantine\under-review\qb-inventory\html\images\weapon_uzi_foldstock.png	14250	D39813295A2FC0782B441A64F5F2324A2CA3A5D2BD1B61AD6BB87FE05EAB156B
C:\script_ver\quarantine\under-review\qb-inventory\html\images\weapon_uzi_woodstock.png	14384	BB09BB5FC63F8832C52F002FC70BBFF3CAE3C4C3DACF93EC2BE1118AB4587B2A
C:\script_ver\quarantine\under-review\qb-inventory\html\images\weapon_vintagepistol.png	8576	F19DE9253CB4307CC96F02804B7D0C56FDB10A095DDB72D0446714969D44AECA
C:\script_ver\quarantine\under-review\qb-inventory\html\images\weapon_wrench.png	9353	AAFC4247942FF9089F8A99D3779BB5AA3165E455A9A1E1E8675E362DDF2BD96F
C:\script_ver\quarantine\under-review\qb-inventory\html\images\wedding-ring.png	4911	5DCBA26D799906B9067B262760FC63D1FFB53F3F7601B8C263D4A1346BA1C32D
C:\script_ver\quarantine\under-review\qb-inventory\html\images\weed-baggie.png	8670	C54469C278AF3117AF7AF8AB1760A07E4D5BC55C6F7605E81B42877BCEF1AC22
C:\script_ver\quarantine\under-review\qb-inventory\html\images\weed-empty-bag.png	13705	7B02A7B3C9E4FBD99FB359E7785C0CC2F913274A459C753BD95C90A27C138A9E
C:\script_ver\quarantine\under-review\qb-inventory\html\images\weed-plant-seed.png	14448	FCBCB2FB7A7D9EF26EAD7BFDD408BCADA28C12F3DE401A0D02EB635C2653CD91
C:\script_ver\quarantine\under-review\qb-inventory\html\images\weed-seed.png	8744	907DEAAE04D09DE6D81FB5F83B4088CE5D1DCA9EB7C5338EE7530D3442BA2725
C:\script_ver\quarantine\under-review\qb-inventory\html\images\weed4g.png	8684	C1774BE25877270FF9494FD7F1346DF4FC73DF02E9071733CE2D5508A0390002
C:\script_ver\quarantine\under-review\qb-inventory\html\images\weedak47.png	75670	A2B898590A4F726A4FC54C55A55B6D5B031D26E34A63D42998BFFA85ACA44CC2
C:\script_ver\quarantine\under-review\qb-inventory\html\images\weedbaggie.png	8670	C54469C278AF3117AF7AF8AB1760A07E4D5BC55C6F7605E81B42877BCEF1AC22
C:\script_ver\quarantine\under-review\qb-inventory\html\images\weedburn.png	13981	ECBAE99D0F89501AD1CE7A66D4AF3274962FE04D8C6E615953F713AEE52CB5E6
C:\script_ver\quarantine\under-review\qb-inventory\html\images\weedkey.png	8840	B216B7206FDC352D14F4C9D8E759090B91F642E9DF9CF2E5B04CEFB26E4C5EAF
C:\script_ver\quarantine\under-review\qb-inventory\html\images\weedle.png	15283	B95B711CC011379CBEE8A7202AA2C43574739A0A16805840B875DD315CE45304
C:\script_ver\quarantine\under-review\qb-inventory\html\images\weedogkush.png	93953	E6EA1B39EF3FBB6E572F3D21A5E94DC39968EB86EBD6EC40DD433011B83B05AA
C:\script_ver\quarantine\under-review\qb-inventory\html\images\weedpackage.png	9166	F4B120CDC012B7359111B3579E202CB602EF145BA509268B01DA628A1F4E1A44
C:\script_ver\quarantine\under-review\qb-inventory\html\images\weedscissors.png	8361	42FF1F8A8D3189309C0D1E7EEA6DF754AE6AB48401A7A2FEA6CD7DDED0523D34
C:\script_ver\quarantine\under-review\qb-inventory\html\images\weedseed.png	5550	5785F5C3F972FB4FC7290188CBF2D585F19868B135A0815FDD5AD7C8573097C8
C:\script_ver\quarantine\under-review\qb-inventory\html\images\weedseeds.png	8744	907DEAAE04D09DE6D81FB5F83B4088CE5D1DCA9EB7C5338EE7530D3442BA2725
C:\script_ver\quarantine\under-review\qb-inventory\html\images\weedskunk.png	64718	234F809A1AC24D827134F1BE4CE37A301A2FAEC25851282273F7764801D39CF2
C:\script_ver\quarantine\under-review\qb-inventory\html\images\weed_ak47_cbd.png	37642	FA03BDC2C02A4635F457901C707F9F926AB64A14CD37511D3896FD5FD5BDC638
C:\script_ver\quarantine\under-review\qb-inventory\html\images\weed_ak47_cbd_joint.png	19110	15A08F1DC592DB4026B90B5F55051677B0B37AF413BEE82C0496221CBE1BDF34
C:\script_ver\quarantine\under-review\qb-inventory\html\images\weed_ak47_crop.png	69654	AFAB9DBC45CDFDDCCCD706B42C327CAB2FE03A5D684125A188DE8EA732717BA2
C:\script_ver\quarantine\under-review\qb-inventory\html\images\weed_baggie.png	8670	C54469C278AF3117AF7AF8AB1760A07E4D5BC55C6F7605E81B42877BCEF1AC22
C:\script_ver\quarantine\under-review\qb-inventory\html\images\weed_baggy.png	18249	30B8445F1CD8079629B3218EE8CD127FBB4F3AE88555F3B2959AFD16AB331966
C:\script_ver\quarantine\under-review\qb-inventory\html\images\weed_baggy_empty.png	16348	3F0E28BB0461479184C1DFC5669675F963BA855752C54D32468B0670E12A58FE
C:\script_ver\quarantine\under-review\qb-inventory\html\images\weed_batch.png	19930	AB290B5D28384FD30751EC6CDCC155B5B8987856F4F4496FA38E862F3FA9FC7F
C:\script_ver\quarantine\under-review\qb-inventory\html\images\weed_brick.png	8039	2F845E2DE8993B86731C7D687C4BB14A6A51724D7F5FFD8946FA63967C3BC8EE
C:\script_ver\quarantine\under-review\qb-inventory\html\images\weed_cured.png	21558	EFDBE698D68C2E25D29D49A57EDEDCB9F7597387AA238D5FD7AF75B49E6432F0
C:\script_ver\quarantine\under-review\qb-inventory\html\images\weed_nutrition.png	13151	8610DDCCDAD9B7F0737AFAD348F0EB74285843D95EAA079B46975DE73604CB9A
C:\script_ver\quarantine\under-review\qb-inventory\html\images\weed_og-kush_cbd.png	37596	5AA8FC2B8776FA94C085F56BA7EDD0F029D7387054DFC3D9090C35368747102D
C:\script_ver\quarantine\under-review\qb-inventory\html\images\weed_og-kush_cbd_joint.png	19124	A628FD13D3F069968520E5843DCB782B99C779BE72BF51A538061247929E0CD3
C:\script_ver\quarantine\under-review\qb-inventory\html\images\weed_og-kush_crop.png	57764	8BF8FE27F41C4885D2AE012C3F4CA111E269EEF4AC627499809D4459A7DDDE1E
C:\script_ver\quarantine\under-review\qb-inventory\html\images\weed_Oz.png	8670	C54469C278AF3117AF7AF8AB1760A07E4D5BC55C6F7605E81B42877BCEF1AC22
C:\script_ver\quarantine\under-review\qb-inventory\html\images\weed_pot.png	27867	4D289F98A4072F3110D15FBBB4BBC83DE5068A0E930EDA78CD5794E4821324C0
C:\script_ver\quarantine\under-review\qb-inventory\html\images\weed_seed.png	16505	4FC0331105A5A20DA6AED24765BAF401B1ED52213D7ED066CDF8DC75D6C112C4
C:\script_ver\quarantine\under-review\qb-inventory\html\images\weed_skunk_cbd.png	37901	E128E0866D1CFE59CE5E4233AA4E5EC2FA8E8B970174BBA82AD81CB576F36FA6
C:\script_ver\quarantine\under-review\qb-inventory\html\images\weed_skunk_cbd_joint.png	19204	A78D2F5C2C16AF5565EB67E9EE8D2B622C97D591A0B73D7A3C20F511163BE669
C:\script_ver\quarantine\under-review\qb-inventory\html\images\weed_skunk_crop.png	61606	9D40D94010803D94B0A368773983F6263839622215658ABD56CBAB7C6C932620
C:\script_ver\quarantine\under-review\qb-inventory\html\images\weed_water.png	36541	C13AD03FC4955578EF665D5BEDBBE05063A8C8A0E28C5AD1EECC505984A062BB
C:\script_ver\quarantine\under-review\qb-inventory\html\images\weed_white-widow_cbd.png	37994	92AFE0BBE99550F03ED780697ADE7C4FE3E93EA9C6438984D01FD92DFA6C31C8
C:\script_ver\quarantine\under-review\qb-inventory\html\images\weed_white-widow_cbd_joint.png	19071	B2E192B6811842928748808CBDB8D28681A78F2E35C6FF604DE393B5F2D0FEDF
C:\script_ver\quarantine\under-review\qb-inventory\html\images\weed_white-widow_crop.png	59863	976199A3E47AADD72D341C56B9F8E8538296224847484261DBEA19BB5565B017
C:\script_ver\quarantine\under-review\qb-inventory\html\images\weepinbell.jpg	18266	E668A2D97205DE24571980B1C25D6DB3139FE2FE80E34A3BD70878F2A311D48D
C:\script_ver\quarantine\under-review\qb-inventory\html\images\weepinbell.png	94029	94F9330F167B2FECBB206F86F323BFE5C987FCAAF81C116CA85F963B108FB955
C:\script_ver\quarantine\under-review\qb-inventory\html\images\weezing.jpg	18022	7C6AA3EA1FEB67A62E94DDFE72378AF2735AFC1274FCC5CD1F1D6B02E8847C9B
C:\script_ver\quarantine\under-review\qb-inventory\html\images\weezing.png	91608	6784E3BB83264FE3F643BC8E2C41B9852D9A738BBA04C13FF50FBB452AD09C21
C:\script_ver\quarantine\under-review\qb-inventory\html\images\weight.png	4090	7E89D56F676BF8D10DE3431BF4EB41195C2E2E1BD7658C697C7503F697312413
C:\script_ver\quarantine\under-review\qb-inventory\html\images\wet.png	14448	FCBCB2FB7A7D9EF26EAD7BFDD408BCADA28C12F3DE401A0D02EB635C2653CD91
C:\script_ver\quarantine\under-review\qb-inventory\html\images\wet_black_phone.png	10957	3B67004A2674596A98C8532A4456CB112DE9E7A2B7947EBCB2CC55C931F6BD33
C:\script_ver\quarantine\under-review\qb-inventory\html\images\wet_blue_phone.png	11093	7F6647BDCFAD676E47E02963D80B48DA01D43D980E57D2B69E62AD9701168F9C
C:\script_ver\quarantine\under-review\qb-inventory\html\images\wet_classic_phone.png	10435	41A02D5B84617311FD38B913FB6A3661DCA07E1F38A1BCA458760B7F3DD263B6
C:\script_ver\quarantine\under-review\qb-inventory\html\images\wet_gold_phone.png	11034	6CF2DE2682D24F458EC5DBFA611B43FEF5F71EEC2F8845BA4BA31BC10C1AF11C
C:\script_ver\quarantine\under-review\qb-inventory\html\images\wet_greenlight_phone.png	10058	F3C2EB1F2A03DA99DD1B857B34D14A10F9EBA876C685D87467B0F581989BD44E
C:\script_ver\quarantine\under-review\qb-inventory\html\images\wet_green_phone.png	10967	1559588C593761AAAA8B22E1178FC4E7273951A4B9745FA8243B7DCA134CF1DC
C:\script_ver\quarantine\under-review\qb-inventory\html\images\wet_pink_phone.png	10403	DA10FB1AE7BD4C04C6311437AC1AAAB0FF6FEDA52A72650135F2AC0EA0B15643
C:\script_ver\quarantine\under-review\qb-inventory\html\images\wet_red_phone.png	11310	C6E3092983ED1BF3EC464DBE522E5DB29BA54D7F479F745AEBC39DB1366E87B1
C:\script_ver\quarantine\under-review\qb-inventory\html\images\wet_white_phone.png	10589	DF5DE0AE87778B7368A7FEE035B7C7EF1A654A0A31F572170651D552A84466BE
C:\script_ver\quarantine\under-review\qb-inventory\html\images\wheatseed.png	8753	56919DECE0BAE8C9CACDFCFF5451DEDE22EBB2E4F97F905931EFF49ED3C3CBB2
C:\script_ver\quarantine\under-review\qb-inventory\html\images\wheel.png	99983	8F2A63455B3F1571CB60C5C8F0C8F5B9AACF6B5B67E71E41112C40F39265A0F0
C:\script_ver\quarantine\under-review\qb-inventory\html\images\wheelchair.png	18750	4A50248CC8942B98BB67DEA26D4B94855A73B9837E53DB3BDE04ACFB9DC3789F
C:\script_ver\quarantine\under-review\qb-inventory\html\images\whipcream.png	40989	363B29E6D07FC418B20880A02A97BE8088854A9F8DBB084951F61739AC70A5BB
C:\script_ver\quarantine\under-review\qb-inventory\html\images\whiskey.png	5434	2C3449D48C97467292E50CC2AFC22B99601FDFD16004716BF76C697212E9EDA8
C:\script_ver\quarantine\under-review\qb-inventory\html\images\white-chip.png	8139	38D4861DDC7FF2832A3DB9074990C8CD61FEBC8FC81C21E3D55CF1C4BBB83DFB
C:\script_ver\quarantine\under-review\qb-inventory\html\images\white-Sake.png	6343	ED586840DB9E0F0CF2A4AC7FAD6578258A3E924F489FC95823F2EF6DE549C0E0
C:\script_ver\quarantine\under-review\qb-inventory\html\images\white-widow.png	21973	1C4EB302D7F68753444591CAA3E9F340DB0F01961BF82D7A2A0819BB51DBDACC
C:\script_ver\quarantine\under-review\qb-inventory\html\images\whitechip.png	8139	38D4861DDC7FF2832A3DB9074990C8CD61FEBC8FC81C21E3D55CF1C4BBB83DFB
C:\script_ver\quarantine\under-review\qb-inventory\html\images\whitepaw.png	9818	4F9EA0279D2A4F16C254587B8E3D3DAE55F7BB1520B9A11F3F174945D4820C0C
C:\script_ver\quarantine\under-review\qb-inventory\html\images\whitepearl.png	4244	C6E3C1B144D7122C9B340C3CD5E4EBCAABD2D013B744A65ECA96E7C693D239FC
C:\script_ver\quarantine\under-review\qb-inventory\html\images\whitewidow.png	13682	08ECBC97A6519DC121A3D4E1E41E2234ED5285FC8A08CAF89C72E0D68216B5AE
C:\script_ver\quarantine\under-review\qb-inventory\html\images\whitewidowinovice.png	5217	731E62EC7A78124059495FD6262411FA1A4E021EC5EC92883ED9B0C48102A9CF
C:\script_ver\quarantine\under-review\qb-inventory\html\images\whitewine.png	4861	E0F52A36D7490274F016903D08B0C73B7C0C4A7ADEFDF828E1ED68816CF29250
C:\script_ver\quarantine\under-review\qb-inventory\html\images\white_phone.png	7879	202C8EC6F608C8FD4829B23271E83DA60CC071AFC4D27092C7412251D9FD46FC
C:\script_ver\quarantine\under-review\qb-inventory\html\images\wigglytuff.jpg	6474	B914DD5A9395B32252F76FBBECD7BCABB6B703051199CA737F962F454C066BE5
C:\script_ver\quarantine\under-review\qb-inventory\html\images\wigglytuff.png	71213	4F21228935DAA9FD9C4C2FC4AC020AE472720A7F1C711DCAE576461313384231
C:\script_ver\quarantine\under-review\qb-inventory\html\images\wine.png	11593	B9FE4D9D295A9B209921EF72B35963987D7EC4FEFE3CFADD3BC6D5497E5BE501
C:\script_ver\quarantine\under-review\qb-inventory\html\images\wings.png	10409	92A488E827F4FDC34AA5B88419587B0F797C05872F06D40EBB27312E27BA0BA2
C:\script_ver\quarantine\under-review\qb-inventory\html\images\winnerbelt.png	12229	2989C612954DB1FACB72CFF6427DF34B0BCB8769D2DE4CD442ABB47CF77099BB
C:\script_ver\quarantine\under-review\qb-inventory\html\images\wolverine.png	7335	4A5E5202161590CF728EB79C1BDF2D3F1CF56631DB71D0F309303B3914B9B411
C:\script_ver\quarantine\under-review\qb-inventory\html\images\woowoo.png	17953	BA14B1E5B0BA32243D937B2C985717D4CA8FD048D8FC894AB257E953688BDC95
C:\script_ver\quarantine\under-review\qb-inventory\html\images\wrappedgift.png	8775	D7DEB495C4FE054DAF2B085DFAADAA59A14C075C972AB38E7B663EF2097B1E41
C:\script_ver\quarantine\under-review\qb-inventory\html\images\wrench.png	6963	EC64FC2867ACBCA95E806E722C233A04EDAF7F4F250A68C2E15A4E3637D735E7
C:\script_ver\quarantine\under-review\qb-inventory\html\images\ws-bettaaspirin.png	7851	528B9A77D3BE09EB16F101A284D5D617120EA9DB6D828D04640545B3827DA130
C:\script_ver\quarantine\under-review\qb-inventory\html\images\ws-bettabandge.png	9991	50331C914DE3EAD9B782E8158788D5D28E203175B01FAE594591951E8D13E042
C:\script_ver\quarantine\under-review\qb-inventory\html\images\ws-bettamedbag.png	27209	CB057DD198F41EBF3871FE9390FB2807226516CDE9FAD31E07C7BCF2BA256805
C:\script_ver\quarantine\under-review\qb-inventory\html\images\ws-bettaxanax.png	7686	93F510702F2F9FD708A435BAD159B0F1B68E8ED3C90F0AF49D40B3F01EF448E7
C:\script_ver\quarantine\under-review\qb-inventory\html\images\ws-bettayod.png	7915	31604B2C74FCC21C7F8DC60D12433993EFB176F6BC8C579935053744997DF5CF
C:\script_ver\quarantine\under-review\qb-inventory\html\images\ws-centrum.png	10679	7F8E5351A10BFD9573C0FF189C2271E7D80006B780F0B5FFAC43A52966AF6348
C:\script_ver\quarantine\under-review\qb-inventory\html\images\wsballoon.png	31005	7D898695DC747E99FAB3BB36A4BD970DA89EB19798BB33451247EE4A3C00182A
C:\script_ver\quarantine\under-review\qb-inventory\html\images\wshat.png	5495	8009797595A047BF05B20E2F2E1AD8B2F9D91503AC1608FA95F008AC2F527016
C:\script_ver\quarantine\under-review\qb-inventory\html\images\ww2relic.png	17003	2F7E59AB0C6324BBCFB84CB74ECCF4CE59746982DF7169EB97334F14EF4CDEB0
C:\script_ver\quarantine\under-review\qb-inventory\html\images\xenons.png	54166	93FD171334AFB2FC010FBE1F99BA0B71E3BFC40B9ECAD1907E0CD552B21D7390
C:\script_ver\quarantine\under-review\qb-inventory\html\images\xtc_baggy.png	23729	2053D7B7B77EB11554ADC9A98152DEEBB84FD7387C9254307844FFC25BD35BAA
C:\script_ver\quarantine\under-review\qb-inventory\html\images\yakobotoy.png	13817	463BA14A1A7B222726F6CD395B962A6804B98077123734539613CA0C361210A2
C:\script_ver\quarantine\under-review\qb-inventory\html\images\yellow-slushy.png	5994	5EA483F86052BF561BE3C335D35A7E7B01C1E3F5388653645C25EDA7C1D6872E
C:\script_ver\quarantine\under-review\qb-inventory\html\images\yellowdongle.png	7469	A5649260AEA2FCD5AC5F934D54CBCDBA591320380AC3C3B985F1F528B99EF75B
C:\script_ver\quarantine\under-review\qb-inventory\html\images\yellowhulk.png	11095	A97379E1B222094F36E7492AB0E98FA42E56830EF87E0705BFDAF19D72AFF3D6
C:\script_ver\quarantine\under-review\qb-inventory\html\images\yellowpearl.png	4252	A8473BC2EC65717FBC7956C7C3364DE5D6477A610C56BC87FF4EA1DA8CE7AA58
C:\script_ver\quarantine\under-review\qb-inventory\html\images\yellowpurplehat.png	20241	31027B8566673B262756465777D220CEF4D95850848E6937261B999A6AC16F97
C:\script_ver\quarantine\under-review\qb-inventory\html\images\yellowskullring.png	19723	785E88E782291765E00A1C895F70EB88AEE73CE194BA8D385027AF5FD7E080B5
C:\script_ver\quarantine\under-review\qb-inventory\html\images\yogamat.png	13831	298A21F4879F7946C370990E2A26BAB7D2821DEEB2EAD72C7A77700BC7E3DA71
C:\script_ver\quarantine\under-review\qb-inventory\html\images\yosifontoy.png	13824	6FB5033699C78F0C6D6370D0BF7637665B0C6ADCC17C132EFCCEF45115EC2135
C:\script_ver\quarantine\under-review\qb-inventory\html\images\yukoncigs.png	11480	1444FDF390E7D8918D18115C195F7DE39713D8C8C60EF23AD21903987C2D2E81
C:\script_ver\quarantine\under-review\qb-inventory\html\images\zapdos.png	14922	4F77D0D7A7E2FFC8AD57D2A62749378B9B1B6808ACBC9FAB82F2375555E9E0C7
C:\script_ver\quarantine\under-review\qb-inventory\html\images\zionwilliamson_pop.png	8569	098127EBE3A35B1E435415D53B37FEFC33F06B3200E7CA9C3336CDAE059B53E3
C:\script_ver\quarantine\under-review\qb-inventory\html\images\ziptie.png	13190	347BAF7E8028E32E0FA7229A6EA9F9B22CE9088A595EDC4DE9E84469056270BE
C:\script_ver\quarantine\under-review\qb-inventory\html\images\zirapani.png	1983938	68147791094A5628009264D02ECD6A4D74FB4BE8F2641086642DA4846804F0D6
C:\script_ver\quarantine\under-review\qb-inventory\html\images\zorotoy.png	14127	250A11FA12E3487FF2094F9294F5AF5D6C4B586BFE636EA0BA12D54E942546A4
C:\script_ver\quarantine\under-review\qb-inventory\html\images\zubat.jpg	18186	8C61B4E78349B1B671F976D0AA86F1A23F174B659860959F841E1428B14667E0
C:\script_ver\quarantine\under-review\qb-inventory\html\images\zubat.png	91221	7BE9B1E9C1D7D202B70B45EA0BF625268B6A138D3C10451EA5D65D664DE9F63D
C:\script_ver\quarantine\under-review\qb-inventory\html\images\zuko_chase_pop.png	11058	B27A98478D0412C8B385436A360B35A43B0090DD263C3A896C109B9083FC351E
C:\script_ver\quarantine\under-review\qb-inventory\html\js\app.js	139769	8208F89D0E49AA2EDE757928FDED803BB6258DA0670164D70A76B9B5AD3E9CEC
C:\script_ver\quarantine\under-review\qb-inventory\server\main.lua	121146	1B459B4642E70326E7267C1013372577D673F7B66EAFD2CDE96D66F067701223
